geo,year,oil_refining_capacity
algeria,1965,54.22191781
algeria,1966,54.22191781
algeria,1967,54.22191781
algeria,1968,54.22191781
algeria,1969,54.22191781
algeria,1970,57.73630137
algeria,1971,57.73630137
algeria,1972,116.27589041
algeria,1973,116.27589041
algeria,1974,116.27589041
algeria,1975,116.27589041
algeria,1976,116.27589041
algeria,1977,116.27589041
algeria,1978,110
algeria,1979,134
algeria,1980,440
algeria,1981,440
algeria,1982,440
algeria,1983,440
algeria,1984,440
algeria,1985,440
algeria,1986,434
algeria,1987,434
algeria,1988,434
algeria,1989,434
algeria,1990,434
algeria,1991,434
algeria,1992,434
algeria,1993,434
algeria,1994,434
algeria,1995,434
algeria,1996,434
algeria,1997,434
algeria,1998,434
algeria,1999,434
algeria,2000,434
algeria,2001,434
algeria,2002,434
algeria,2003,434
algeria,2004,442.9729863
algeria,2005,442.9729863
algeria,2006,442.9729863
algeria,2007,442.9729863
algeria,2008,444.49923288
algeria,2009,554.26849315
algeria,2010,554.26849315
algeria,2011,652.35
algeria,2012,652.35
algeria,2013,646.551
algeria,2014,650.858
algeria,2015,650.858
algeria,2016,650.858
algeria,2017,651
argentina,1965,402.325
argentina,1966,414.2
argentina,1967,412.3
argentina,1968,423.7
argentina,1969,434.15
argentina,1970,437.69
argentina,1971,603.92035
argentina,1972,602
argentina,1973,624
argentina,1974,721
argentina,1975,684
argentina,1976,703
argentina,1977,655
argentina,1978,684
argentina,1979,684
argentina,1980,684
argentina,1981,684
argentina,1982,684
argentina,1983,677
argentina,1984,677
argentina,1985,677
argentina,1986,677
argentina,1987,679
argentina,1988,682
argentina,1989,681
argentina,1990,681
argentina,1991,685
argentina,1992,679
argentina,1993,679
argentina,1994,654
argentina,1995,639
argentina,1996,640
argentina,1997,644
argentina,1998,642
argentina,1999,618
argentina,2000,625
argentina,2001,613
argentina,2002,613
argentina,2003,615
argentina,2004,620
argentina,2005,615
argentina,2006,617
argentina,2007,628
argentina,2008,628
argentina,2009,625
argentina,2010,625
argentina,2011,625
argentina,2012,657
argentina,2013,657
argentina,2014,657
argentina,2015,657
argentina,2016,657
argentina,2017,657
australia,1965,462
australia,1966,455
australia,1967,496
australia,1968,543
australia,1969,554
australia,1970,603
australia,1971,624
australia,1972,640
australia,1973,686
australia,1974,689
australia,1975,702
australia,1976,691
australia,1977,715
australia,1978,715
australia,1979,730
australia,1980,723
australia,1981,725
australia,1982,725
australia,1983,725
australia,1984,723
australia,1985,670
australia,1986,659
australia,1987,647
australia,1988,660
australia,1989,662
australia,1990,662
australia,1991,677
australia,1992,694
australia,1993,703
australia,1994,708
australia,1995,730
australia,1996,751
australia,1997,793
australia,1998,810
australia,1999,828
australia,2000,828
australia,2001,815
australia,2002,829
australia,2003,756
australia,2004,763
australia,2005,718
australia,2006,693.8
australia,2007,732.9
australia,2008,733.9
australia,2009,733.9
australia,2010,739.6
australia,2011,742.4
australia,2012,663.4
australia,2013,662.4
australia,2014,536.15
australia,2015,443.1
australia,2016,451.75
australia,2017,453.95
austria,1965,80
austria,1966,80
austria,1967,80
austria,1968,80
austria,1969,80
austria,1970,151
austria,1971,151
austria,1972,151
austria,1973,221
austria,1974,221
austria,1975,221
austria,1976,291
austria,1977,291
austria,1978,291
austria,1979,291
austria,1980,291
austria,1981,291
austria,1982,201
austria,1983,201
austria,1984,201
austria,1985,201
austria,1986,201
austria,1987,201
austria,1988,201
austria,1989,201
austria,1990,201
austria,1991,201
austria,1992,201
austria,1993,201
austria,1994,201
austria,1995,201
austria,1996,201
austria,1997,201
austria,1998,201
austria,1999,201
austria,2000,201
austria,2001,201
austria,2002,201
austria,2003,201
austria,2004,200.82191781
austria,2005,200.82191781
austria,2006,200.82191781
austria,2007,200.82191781
austria,2008,200.82191781
austria,2009,200.82191781
austria,2010,200.82191781
austria,2011,192.7890411
austria,2012,192.7890411
austria,2013,192.7890411
austria,2014,192.7890411
austria,2015,192.7890411
austria,2016,192.7890411
austria,2017,192.7890411
azerbaijan,1980,600
azerbaijan,1981,720
azerbaijan,1982,720
azerbaijan,1983,720
azerbaijan,1984,720
azerbaijan,1985,720
azerbaijan,1986,720
azerbaijan,1987,720
azerbaijan,1988,720
azerbaijan,1989,720
azerbaijan,1990,720
azerbaijan,1991,650
azerbaijan,1992,490
azerbaijan,1993,450
azerbaijan,1994,430
azerbaijan,1995,405
azerbaijan,1996,285
azerbaijan,1997,285
azerbaijan,1998,285
azerbaijan,1999,285
azerbaijan,2000,285
azerbaijan,2001,205
azerbaijan,2002,205
azerbaijan,2003,205
azerbaijan,2004,205
azerbaijan,2005,205
azerbaijan,2006,205
azerbaijan,2007,205
azerbaijan,2008,205
azerbaijan,2009,205
azerbaijan,2010,205
azerbaijan,2011,205
azerbaijan,2012,205
azerbaijan,2013,205
azerbaijan,2014,205
azerbaijan,2015,205
azerbaijan,2016,205
azerbaijan,2017,205
bahrain,1965,205
bahrain,1966,205
bahrain,1967,205
bahrain,1968,205
bahrain,1969,205
bahrain,1970,205
bahrain,1971,205
bahrain,1972,250
bahrain,1973,250
bahrain,1974,250
bahrain,1975,250
bahrain,1976,250
bahrain,1977,250
bahrain,1978,260
bahrain,1979,260
bahrain,1980,260
bahrain,1981,260
bahrain,1982,260
bahrain,1983,260
bahrain,1984,260
bahrain,1985,260
bahrain,1986,260
bahrain,1987,260
bahrain,1988,260
bahrain,1989,260
bahrain,1990,260
bahrain,1991,260
bahrain,1992,260
bahrain,1993,260
bahrain,1994,260
bahrain,1995,260
bahrain,1996,260
bahrain,1997,260
bahrain,1998,260
bahrain,1999,260
bahrain,2000,260
bahrain,2001,260
bahrain,2002,260
bahrain,2003,260
bahrain,2004,260
bahrain,2005,260
bahrain,2006,260
bahrain,2007,260
bahrain,2008,260
bahrain,2009,260
bahrain,2010,260
bahrain,2011,260
bahrain,2012,260
bahrain,2013,260
bahrain,2014,260
bahrain,2015,260
bahrain,2016,260
bahrain,2017,260
bangladesh,1965,0
bangladesh,1966,0
bangladesh,1967,0
bangladesh,1968,0
bangladesh,1969,0
bangladesh,1970,0
bangladesh,1971,0
bangladesh,1972,31
bangladesh,1973,31
bangladesh,1974,30
bangladesh,1975,30
bangladesh,1976,31
bangladesh,1977,31
bangladesh,1978,31
bangladesh,1979,31
bangladesh,1980,31
bangladesh,1981,31
bangladesh,1982,31
bangladesh,1983,31
bangladesh,1984,31
bangladesh,1985,31
bangladesh,1986,31
bangladesh,1987,31
bangladesh,1988,31
bangladesh,1989,31
bangladesh,1990,31
bangladesh,1991,31
bangladesh,1992,31
bangladesh,1993,31
bangladesh,1994,31
bangladesh,1995,31
bangladesh,1996,31
bangladesh,1997,34
bangladesh,1998,35
bangladesh,1999,36
bangladesh,2000,36
bangladesh,2001,36
bangladesh,2002,36
bangladesh,2003,36
bangladesh,2004,36
bangladesh,2005,36
bangladesh,2006,36
bangladesh,2007,36
bangladesh,2008,36
bangladesh,2009,39
bangladesh,2010,39
bangladesh,2011,39
bangladesh,2012,40
bangladesh,2013,43
bangladesh,2014,43
bangladesh,2015,43
bangladesh,2016,43
bangladesh,2017,43
belarus,1980,780
belarus,1981,780
belarus,1982,780
belarus,1983,780
belarus,1984,780
belarus,1985,780
belarus,1986,780
belarus,1987,780
belarus,1988,780
belarus,1989,780
belarus,1990,780
belarus,1991,780
belarus,1992,780
belarus,1993,780
belarus,1994,780
belarus,1995,340
belarus,1996,340
belarus,1997,380
belarus,1998,500
belarus,1999,500
belarus,2000,500
belarus,2001,500
belarus,2002,500
belarus,2003,480
belarus,2004,460
belarus,2005,460
belarus,2006,460
belarus,2007,460
belarus,2008,460
belarus,2009,460
belarus,2010,460
belarus,2011,460
belarus,2012,460
belarus,2013,460
belarus,2014,460
belarus,2015,460
belarus,2016,460
belarus,2017,470
belgium,1965,335
belgium,1966,352
belgium,1967,502
belgium,1968,611
belgium,1969,692
belgium,1970,721
belgium,1971,837
belgium,1972,847
belgium,1973,865
belgium,1974,936
belgium,1975,978
belgium,1976,1113
belgium,1977,1082
belgium,1978,1076
belgium,1979,1076
belgium,1980,1060
belgium,1981,1060
belgium,1982,726
belgium,1983,726
belgium,1984,607
belgium,1985,569
belgium,1986,609
belgium,1987,676
belgium,1988,686
belgium,1989,693
belgium,1990,684
belgium,1991,662
belgium,1992,662
belgium,1993,662
belgium,1994,665
belgium,1995,669
belgium,1996,686
belgium,1997,689
belgium,1998,707
belgium,1999,709
belgium,2000,739
belgium,2001,758
belgium,2002,780
belgium,2003,776
belgium,2004,751
belgium,2005,756
belgium,2006,766
belgium,2007,781
belgium,2008,786
belgium,2009,786
belgium,2010,787
belgium,2011,788
belgium,2012,753
belgium,2013,776
belgium,2014,776
belgium,2015,776
belgium,2016,776
belgium,2017,776
brazil,1965,346.655
brazil,1966,351.88
brazil,1967,360.905
brazil,1968,439.28
brazil,1969,476.52
brazil,1970,525
brazil,1971,597
brazil,1972,756
brazil,1973,820
brazil,1974,981
brazil,1975,996
brazil,1976,990
brazil,1977,1110
brazil,1978,1202
brazil,1979,1202
brazil,1980,1393
brazil,1981,1394
brazil,1982,1423
brazil,1983,1435
brazil,1984,1435
brazil,1985,1435
brazil,1986,1435
brazil,1987,1435
brazil,1988,1404
brazil,1989,1440
brazil,1990,1440
brazil,1991,1445
brazil,1992,1444
brazil,1993,1429
brazil,1994,1473
brazil,1995,1481
brazil,1996,1481
brazil,1997,1749.81276932
brazil,1998,1768.03766451
brazil,1999,1795.58389067
brazil,2000,1849.36177253
brazil,2001,1849.36177253
brazil,2002,1853.54449667
brazil,2003,1915.38906081
brazil,2004,1925.718
brazil,2005,1941.851
brazil,2006,1942.007
brazil,2007,1964.105
brazil,2008,1976.504
brazil,2009,1991.741
brazil,2010,1991.741
brazil,2011,2013.795
brazil,2012,2004.235
brazil,2013,2096.852
brazil,2014,2238.378
brazil,2015,2281.4
brazil,2016,2288.869
brazil,2017,2285.07566362
bulgaria,1965,54
bulgaria,1966,63
bulgaria,1967,63
bulgaria,1968,74
bulgaria,1969,100
bulgaria,1970,131
bulgaria,1971,161
bulgaria,1972,170
bulgaria,1973,201
bulgaria,1974,231
bulgaria,1975,231
bulgaria,1976,240
bulgaria,1977,241
bulgaria,1978,277
bulgaria,1979,277
bulgaria,1980,277
bulgaria,1981,277
bulgaria,1982,277
bulgaria,1983,277
bulgaria,1984,277
bulgaria,1985,277
bulgaria,1986,277
bulgaria,1987,277
bulgaria,1988,277
bulgaria,1989,277
bulgaria,1990,277
bulgaria,1991,267
bulgaria,1992,257
bulgaria,1993,237
bulgaria,1994,237
bulgaria,1995,210
bulgaria,1996,210
bulgaria,1997,210
bulgaria,1998,120
bulgaria,1999,120
bulgaria,2000,120
bulgaria,2001,120
bulgaria,2002,120
bulgaria,2003,120
bulgaria,2004,180
bulgaria,2005,205
bulgaria,2006,205
bulgaria,2007,175
bulgaria,2008,175
bulgaria,2009,180
bulgaria,2010,195
bulgaria,2011,195
bulgaria,2012,195
bulgaria,2013,195
bulgaria,2014,195
bulgaria,2015,195
bulgaria,2016,195
bulgaria,2017,195
canada,1965,1089.14362841
canada,1966,1140.46848407
canada,1967,1238.52663357
canada,1968,1280.03938448
canada,1969,1344.32125028
canada,1970,1396.46378135
canada,1971,1651.58479493
canada,1972,1683.97732026
canada,1973,1846.06574313
canada,1974,2034.31977869
canada,1975,2089.3556227
canada,1976,2150.01455752
canada,1977,2152.97076857
canada,1978,2216.52930613
canada,1979,2231.54308438
canada,1980,2154.90174046
canada,1981,2160.37387581
canada,1982,2092.68293259
canada,1983,1873.35723195
canada,1984,1891.90588383
canada,1985,1879.95524342
canada,1986,1781.26811285
canada,1987,1882.59696393
canada,1988,1847.84575957
canada,1989,1885.22610482
canada,1990,1919.50557338
canada,1991,1903.05771828
canada,1992,1911.209313
canada,1993,1824.0954342
canada,1994,1831.68723577
canada,1995,1791.87273376
canada,1996,1806.93683049
canada,1997,1810.83651315
canada,1998,1844.45555158
canada,1999,1861.18644816
canada,2000,1860.58891614
canada,2001,1917.29155999
canada,2002,1922.63789913
canada,2003,1958.61561658
canada,2004,1915.2473715
canada,2005,1895.93765252
canada,2006,1914.21584254
canada,2007,1906.67435946
canada,2008,1951.42007309
canada,2009,1976.08871083
canada,2010,1913.18431358
canada,2011,2004.53560488
canada,2012,2014.85281444
canada,2013,1929.44155441
canada,2014,1929.44155441
canada,2015,1930.78949385
canada,2016,1933.70796604
canada,2017,1968.32708437
chile,1965,79.42
chile,1966,86.45
chile,1967,86.45
chile,1968,85.5
chile,1969,86.45
chile,1970,105.45
chile,1971,129.2
chile,1972,124
chile,1973,124
chile,1974,124
chile,1975,149
chile,1976,140
chile,1977,130
chile,1978,138
chile,1979,138
chile,1980,138
chile,1981,148
chile,1982,148
chile,1983,148
chile,1984,148
chile,1985,148
chile,1986,148
chile,1987,148
chile,1988,148
chile,1989,148
chile,1990,148
chile,1991,148
chile,1992,148
chile,1993,150
chile,1994,162
chile,1995,163
chile,1996,181
chile,1997,201
chile,1998,201
chile,1999,201
chile,2000,201
chile,2001,201
chile,2002,218
chile,2003,238
chile,2004,238
chile,2005,238
chile,2006,234
chile,2007,242
chile,2008,242
chile,2009,242
chile,2010,242
chile,2011,250
chile,2012,254
chile,2013,254
chile,2014,258
chile,2015,258
chile,2016,258
chile,2017,258
china,1965,221
china,1966,291
china,1967,291
china,1968,423
china,1969,494
china,1970,554
china,1971,703
china,1972,801
china,1973,934
china,1974,1125
china,1975,1215
china,1976,1442
china,1977,1607
china,1978,1578
china,1979,1600
china,1980,1805
china,1981,1810
china,1982,2000
china,1983,2048
china,1984,2053
china,1985,2149
china,1986,2169
china,1987,2229
china,1988,2343
china,1989,2470
china,1990,2892
china,1991,2892
china,1992,3044
china,1993,3334
china,1994,3567
china,1995,4014
china,1996,4226
china,1997,4559
china,1998,4592
china,1999,5401
china,2000,5407
china,2001,5643
china,2002,6305
china,2003,6663
china,2004,7065
china,2005,7745.1290274
china,2006,8508.25231507
china,2007,8737.18930137
china,2008,9670.48908219
china,2009,10615.61727397
china,2010,11604.24349315
china,2011,12296.39631507
china,2012,12962.22138356
china,2013,13593.70590411
china,2014,14534.25535616
china,2015,14305.89071233
china,2016,14176.92287671
china,2017,14512.69712329
colombia,1965,95
colombia,1966,122.55
colombia,1967,122.55
colombia,1968,132.05
colombia,1969,130.53
colombia,1970,131.1
colombia,1971,164.6825
colombia,1972,172
colombia,1973,166
colombia,1974,172
colombia,1975,172
colombia,1976,165
colombia,1977,165
colombia,1978,166
colombia,1979,176
colombia,1980,191
colombia,1981,191
colombia,1982,201
colombia,1983,212
colombia,1984,212
colombia,1985,212
colombia,1986,217
colombia,1987,227
colombia,1988,227
colombia,1989,227
colombia,1990,245
colombia,1991,253
colombia,1992,253
colombia,1993,253
colombia,1994,253
colombia,1995,275
colombia,1996,289
colombia,1997,306
colombia,1998,306
colombia,1999,313
colombia,2000,323
colombia,2001,323
colombia,2002,324
colombia,2003,311
colombia,2004,311
colombia,2005,311
colombia,2006,324
colombia,2007,324
colombia,2008,326
colombia,2009,336
colombia,2010,336
colombia,2011,336
colombia,2012,336
colombia,2013,336
colombia,2014,336
colombia,2015,421
colombia,2016,421
colombia,2017,421
curacao,1986,320
curacao,1987,320
curacao,1988,320
curacao,1989,320
curacao,1990,320
curacao,1991,320
curacao,1992,320
curacao,1993,320
curacao,1994,320
curacao,1995,320
curacao,1996,320
curacao,1997,320
curacao,1998,320
curacao,1999,320
curacao,2000,320
curacao,2001,320
curacao,2002,320
curacao,2003,320
curacao,2004,320
curacao,2005,320
curacao,2006,320
curacao,2007,320
curacao,2008,320
curacao,2009,320
curacao,2010,320
curacao,2011,320
curacao,2012,320
curacao,2013,320
curacao,2014,320
curacao,2015,320
curacao,2016,320
curacao,2017,320
czech_republic,1965,24
czech_republic,1966,24
czech_republic,1967,58
czech_republic,1968,58
czech_republic,1969,58
czech_republic,1970,58
czech_republic,1971,58
czech_republic,1972,58
czech_republic,1973,58
czech_republic,1974,120
czech_republic,1975,120
czech_republic,1976,120
czech_republic,1977,120
czech_republic,1978,120
czech_republic,1979,120
czech_republic,1980,120
czech_republic,1981,120
czech_republic,1982,177
czech_republic,1983,177
czech_republic,1984,177
czech_republic,1985,177
czech_republic,1986,177
czech_republic,1987,177
czech_republic,1988,177
czech_republic,1989,177
czech_republic,1990,177
czech_republic,1991,177
czech_republic,1992,177
czech_republic,1993,177
czech_republic,1994,177
czech_republic,1995,177
czech_republic,1996,177
czech_republic,1997,177
czech_republic,1998,200
czech_republic,1999,200
czech_republic,2000,200
czech_republic,2001,200
czech_republic,2002,200
czech_republic,2003,193
czech_republic,2004,193
czech_republic,2005,193.39150685
czech_republic,2006,193.39150685
czech_republic,2007,193.39150685
czech_republic,2008,193.39150685
czech_republic,2009,193.39150685
czech_republic,2010,193.39150685
czech_republic,2011,193.39150685
czech_republic,2012,174.71506849
czech_republic,2013,174.71506849
czech_republic,2014,174.71506849
czech_republic,2015,174.71506849
czech_republic,2016,174.71506849
czech_republic,2017,174.71506849
denmark,1965,53.08125
denmark,1966,113
denmark,1967,127
denmark,1968,162
denmark,1969,179
denmark,1970,189
denmark,1971,216
denmark,1972,222
denmark,1973,227
denmark,1974,220
denmark,1975,226
denmark,1976,226
denmark,1977,221
denmark,1978,220
denmark,1979,220
denmark,1980,220
denmark,1981,220
denmark,1982,185
denmark,1983,185
denmark,1984,174
denmark,1985,175
denmark,1986,175
denmark,1987,175
denmark,1988,174
denmark,1989,193
denmark,1990,193
denmark,1991,193
denmark,1992,180
denmark,1993,185
denmark,1994,185
denmark,1995,221
denmark,1996,234
denmark,1997,178
denmark,1998,178
denmark,1999,184
denmark,2000,184
denmark,2001,184
denmark,2002,189
denmark,2003,189
denmark,2004,188
denmark,2005,188.77260274
denmark,2006,188.77260274
denmark,2007,188.77260274
denmark,2008,188.77260274
denmark,2009,188.77260274
denmark,2010,188.77260274
denmark,2011,180.73972603
denmark,2012,180.73972603
denmark,2013,180.73972603
denmark,2014,180
denmark,2015,180
denmark,2016,180
denmark,2017,180.54794521
ecuador,1965,18.05
ecuador,1966,11.4
ecuador,1967,19
ecuador,1968,35.15
ecuador,1969,31.35
ecuador,1970,33.535
ecuador,1971,34.2
ecuador,1972,34.5
ecuador,1973,34.5
ecuador,1974,34.5
ecuador,1975,39.375
ecuador,1976,44.4
ecuador,1977,102.1
ecuador,1978,102.1
ecuador,1979,102.1
ecuador,1980,102.1
ecuador,1981,102.1
ecuador,1982,102.1
ecuador,1983,102.1
ecuador,1984,102.1
ecuador,1985,102.1
ecuador,1986,102.1
ecuador,1987,146.5
ecuador,1988,146.5
ecuador,1989,146.5
ecuador,1990,146.5
ecuador,1991,146.5
ecuador,1992,147
ecuador,1993,147
ecuador,1994,147
ecuador,1995,157
ecuador,1996,157
ecuador,1997,157
ecuador,1998,177
ecuador,1999,177
ecuador,2000,177
ecuador,2001,177
ecuador,2002,177
ecuador,2003,177
ecuador,2004,177
ecuador,2005,177
ecuador,2006,177
ecuador,2007,175
ecuador,2008,175
ecuador,2009,175
ecuador,2010,175
ecuador,2011,175
ecuador,2012,175
ecuador,2013,175
ecuador,2014,175
ecuador,2015,175
ecuador,2016,175
ecuador,2017,175
egypt,1965,180.73972603
egypt,1966,180.73972603
egypt,1967,136.15726027
egypt,1968,130.53424658
egypt,1969,80.32876712
egypt,1970,175.39786301
egypt,1971,175.39786301
egypt,1972,175.39786301
egypt,1973,175.39786301
egypt,1974,175.39786301
egypt,1975,200.82191781
egypt,1976,222.91232877
egypt,1977,293.2
egypt,1978,314
egypt,1979,314
egypt,1980,324
egypt,1981,361
egypt,1982,386
egypt,1983,386
egypt,1984,433
egypt,1985,433
egypt,1986,443
egypt,1987,523
egypt,1988,576
egypt,1989,583
egypt,1990,583
egypt,1991,583
egypt,1992,592
egypt,1993,633
egypt,1994,633
egypt,1995,633
egypt,1996,645
egypt,1997,645
egypt,1998,645
egypt,1999,645
egypt,2000,654
egypt,2001,770
egypt,2002,810
egypt,2003,810
egypt,2004,810
egypt,2005,810
egypt,2006,810
egypt,2007,810
egypt,2008,810
egypt,2009,810
egypt,2010,810
egypt,2011,810
egypt,2012,810
egypt,2013,810
egypt,2014,810
egypt,2015,810
egypt,2016,810
egypt,2017,810
finland,1965,60
finland,1966,84
finland,1967,110
finland,1968,130
finland,1969,185
finland,1970,185
finland,1971,193
finland,1972,196
finland,1973,201
finland,1974,201
finland,1975,201
finland,1976,300
finland,1977,301
finland,1978,301
finland,1979,301
finland,1980,300
finland,1981,301
finland,1982,249
finland,1983,241
finland,1984,240
finland,1985,241
finland,1986,241
finland,1987,241
finland,1988,240
finland,1989,201
finland,1990,201
finland,1991,201
finland,1992,200
finland,1993,201
finland,1994,241
finland,1995,241
finland,1996,250
finland,1997,251
finland,1998,261
finland,1999,261
finland,2000,261
finland,2001,261
finland,2002,261
finland,2003,261
finland,2004,260
finland,2005,261.06849315
finland,2006,261.06849315
finland,2007,261.06849315
finland,2008,261.06849315
finland,2009,261.06849315
finland,2010,261.06849315
finland,2011,261.06849315
finland,2012,261.06849315
finland,2013,261.06849315
finland,2014,261.06849315
finland,2015,261.06849315
finland,2016,261.06849315
finland,2017,261.06849315
france,1965,1411
france,1966,1590
france,1967,1683
france,1968,1949
france,1969,2113
france,1970,2339
france,1971,2431
france,1972,2902
france,1973,3090
france,1974,3402
france,1975,3404
france,1976,3438
france,1977,3439
france,1978,3395
france,1979,3351
france,1980,3326
france,1981,3179
france,1982,2831
france,1983,2378
france,1984,2194
france,1985,2184
france,1986,1919
france,1987,1927
france,1988,1815
france,1989,1699
france,1990,1699
france,1991,1699
france,1992,1711
france,1993,1687
france,1994,1697
france,1995,1728
france,1996,1749
france,1997,1872
france,1998,1918
france,1999,1933
france,2000,1984
france,2001,1961
france,2002,1987
france,2003,1967
france,2004,1982.29306849
france,2005,1978.21638356
france,2006,1959.27887671
france,2007,1961.96989041
france,2008,1970.60523288
france,2009,1842
france,2010,1702.20673973
france,2011,1610.17005479
france,2012,1512.77142466
france,2013,1374.92726027
france,2014,1374.92726027
france,2015,1374.92726027
france,2016,1245.09589041
france,2017,1245.09589041
germany,1965,1747
germany,1966,1911
germany,1967,2324
germany,1968,2436
germany,1969,2502
germany,1970,2643
germany,1971,2773
germany,1972,2918
germany,1973,3192
germany,1974,3268
germany,1975,3461
germany,1976,3452
germany,1977,3505
germany,1978,3603
germany,1979,3492
germany,1980,3422
germany,1981,3333
germany,1982,2976
germany,1983,2735
germany,1984,2553
germany,1985,2198
germany,1986,2158
germany,1987,2061
germany,1988,2077
germany,1989,2018
germany,1990,2024
germany,1991,2209
germany,1992,2219
germany,1993,2248
germany,1994,2272
germany,1995,2104
germany,1996,2098
germany,1997,2170
germany,1998,2206
germany,1999,2240
germany,2000,2262
germany,2001,2274
germany,2002,2286
germany,2003,2304
germany,2004,2320.09561644
germany,2005,2322.10383562
germany,2006,2390.38328767
germany,2007,2390.38328767
germany,2008,2366.28465753
germany,2009,2362.26821918
germany,2010,2091.15863014
germany,2011,2077.48265753
germany,2012,2096.52057534
germany,2013,2061.13575342
germany,2014,2076.61912329
germany,2015,2049.48808219
germany,2016,2051.49630137
germany,2017,2068.86739726
greece,1965,37
greece,1966,89
greece,1967,91
greece,1968,90
greece,1969,97
greece,1970,97
greece,1971,105
greece,1972,125
greece,1973,314
greece,1974,411
greece,1975,420
greece,1976,407
greece,1977,407
greece,1978,413
greece,1979,418
greece,1980,443
greece,1981,443
greece,1982,443
greece,1983,403
greece,1984,403
greece,1985,403
greece,1986,403
greece,1987,403
greece,1988,403
greece,1989,403
greece,1990,403
greece,1991,403
greece,1992,295
greece,1993,295
greece,1994,385
greece,1995,403
greece,1996,403
greece,1997,403
greece,1998,403
greece,1999,403
greece,2000,412
greece,2001,412
greece,2002,412
greece,2003,412
greece,2004,412
greece,2005,418
greece,2006,425
greece,2007,425
greece,2008,425
greece,2009,425
greece,2010,490
greece,2011,495
greece,2012,498
greece,2013,498
greece,2014,498
greece,2015,528
greece,2016,528
greece,2017,528
hungary,1965,90
hungary,1966,99
hungary,1967,105
hungary,1968,115
hungary,1969,125
hungary,1970,134
hungary,1971,137
hungary,1972,150
hungary,1973,165
hungary,1974,177
hungary,1975,201
hungary,1976,204
hungary,1977,221
hungary,1978,251
hungary,1979,291
hungary,1980,290
hungary,1981,291
hungary,1982,291
hungary,1983,285
hungary,1984,221
hungary,1985,221
hungary,1986,221
hungary,1987,221
hungary,1988,221
hungary,1989,221
hungary,1990,221
hungary,1991,221
hungary,1992,221
hungary,1993,221
hungary,1994,221
hungary,1995,221
hungary,1996,221
hungary,1997,221
hungary,1998,221
hungary,1999,221
hungary,2000,221
hungary,2001,221
hungary,2002,165
hungary,2003,165
hungary,2004,165
hungary,2005,165
hungary,2006,165
hungary,2007,165
hungary,2008,165
hungary,2009,165
hungary,2010,165
hungary,2011,165
hungary,2012,165
hungary,2013,165
hungary,2014,165
hungary,2015,165
hungary,2016,165
hungary,2017,165
india,1965,231
india,1966,329
india,1967,320.15
india,1968,366.7
india,1969,423.7
india,1970,411.635
india,1971,415.15
india,1972,489
india,1973,499
india,1974,555
india,1975,564
india,1976,568
india,1977,564
india,1978,626
india,1979,557
india,1980,557
india,1981,557
india,1982,753
india,1983,779
india,1984,705
india,1985,867
india,1986,991
india,1987,1059
india,1988,1051
india,1989,1080
india,1990,1122
india,1991,1122
india,1992,1041
india,1993,1069
india,1994,1072
india,1995,1133
india,1996,1210
india,1997,1236
india,1998,1356
india,1999,2190
india,2000,2219
india,2001,2261
india,2002,2303.03870644
india,2003,2292.87129356
india,2004,2558.40644773
india,2005,2558.40644773
india,2006,2871.70484584
india,2007,2983.31
india,2008,2992.05870644
india,2009,3574.44236849
india,2010,3703.3083874
india,2011,3794.57871581
india,2012,4278.82837803
india,2013,4319.02515416
india,2014,4319.02515416
india,2015,4307.20258065
india,2016,4620.26451613
india,2017,4971.6316129
indonesia,1965,225.15
indonesia,1966,228.95
indonesia,1967,238.45
indonesia,1968,238.45
indonesia,1969,243.2
indonesia,1970,269.8
indonesia,1971,342.95
indonesia,1972,342.95
indonesia,1973,342.95
indonesia,1974,342.95
indonesia,1975,342.95
indonesia,1976,449.35
indonesia,1977,449.35
indonesia,1978,427.5
indonesia,1979,427.5
indonesia,1980,426.55
indonesia,1981,424.65
indonesia,1982,424.65
indonesia,1983,424.65
indonesia,1984,814.15
indonesia,1985,823.65
indonesia,1986,823.65
indonesia,1987,823.65
indonesia,1988,822.7
indonesia,1989,822.7
indonesia,1990,822.7
indonesia,1991,822.7
indonesia,1992,822.7
indonesia,1993,822.7
indonesia,1994,941.45
indonesia,1995,941.45
indonesia,1996,941.45
indonesia,1997,1007.95
indonesia,1998,1041.2
indonesia,1999,1070.65
indonesia,2000,1070.65
indonesia,2001,1070.65
indonesia,2002,1004.15
indonesia,2003,1004.15
indonesia,2004,1004.15
indonesia,2005,1004.15
indonesia,2006,1004.15
indonesia,2007,1094.4
indonesia,2008,1094.4
indonesia,2009,1099.245
indonesia,2010,1099.245
indonesia,2011,1099.245
indonesia,2012,1099.245
indonesia,2013,1099.245
indonesia,2014,1099.245
indonesia,2015,1110.645
indonesia,2016,1110.645
indonesia,2017,1110.645
iran,1965,467
iran,1966,524
iran,1967,524
iran,1968,594
iran,1969,594
iran,1970,594
iran,1971,605
iran,1972,605
iran,1973,660
iran,1974,690
iran,1975,810
iran,1976,810
iran,1977,1050
iran,1978,1081
iran,1979,1086
iran,1980,590
iran,1981,590
iran,1982,590
iran,1983,632
iran,1984,680
iran,1985,685
iran,1986,685
iran,1987,780
iran,1988,790
iran,1989,860
iran,1990,880
iran,1991,995
iran,1992,1045
iran,1993,1220
iran,1994,1255
iran,1995,1315
iran,1996,1315
iran,1997,1436
iran,1998,1597
iran,1999,1647
iran,2000,1647
iran,2001,1647
iran,2002,1647
iran,2003,1692
iran,2004,1692
iran,2005,1692
iran,2006,1772
iran,2007,1772
iran,2008,1805
iran,2009,1860
iran,2010,1860
iran,2011,1860
iran,2012,1952
iran,2013,1985
iran,2014,1985
iran,2015,1985
iran,2016,1985
iran,2017,2105
iraq,1965,79
iraq,1966,82
iraq,1967,82
iraq,1968,103
iraq,1969,103
iraq,1970,103
iraq,1971,109
iraq,1972,115
iraq,1973,115
iraq,1974,186
iraq,1975,186
iraq,1976,186
iraq,1977,186
iraq,1978,210
iraq,1979,302
iraq,1980,319
iraq,1981,191
iraq,1982,278
iraq,1983,430
iraq,1984,520
iraq,1985,520
iraq,1986,530
iraq,1987,530
iraq,1988,530
iraq,1989,580
iraq,1990,600
iraq,1991,370
iraq,1992,578
iraq,1993,628
iraq,1994,628
iraq,1995,648
iraq,1996,658
iraq,1997,708
iraq,1998,708
iraq,1999,718
iraq,2000,718
iraq,2001,718
iraq,2002,718
iraq,2003,718
iraq,2004,718
iraq,2005,728
iraq,2006,743
iraq,2007,738
iraq,2008,738
iraq,2009,853
iraq,2010,914
iraq,2011,935
iraq,2012,971
iraq,2013,823
iraq,2014,931
iraq,2015,903
iraq,2016,919
iraq,2017,919
ireland,1965,45.6
ireland,1966,45.6
ireland,1967,49.4
ireland,1968,51.3
ireland,1969,52.25
ireland,1970,52.25
ireland,1971,52.25
ireland,1972,58
ireland,1973,58
ireland,1974,56
ireland,1975,56
ireland,1976,56
ireland,1977,56
ireland,1978,56
ireland,1979,56
ireland,1980,56
ireland,1981,56
ireland,1982,56
ireland,1983,56
ireland,1984,56
ireland,1985,56
ireland,1986,56
ireland,1987,56
ireland,1988,56
ireland,1989,56
ireland,1990,56
ireland,1991,56
ireland,1992,56
ireland,1993,56
ireland,1994,56
ireland,1995,56
ireland,1996,56
ireland,1997,58
ireland,1998,65
ireland,1999,66
ireland,2000,75
ireland,2001,75
ireland,2002,75
ireland,2003,75
ireland,2004,75
ireland,2005,75
ireland,2006,75
ireland,2007,75
ireland,2008,75
ireland,2009,75
ireland,2010,75
ireland,2011,75
ireland,2012,75
ireland,2013,75
ireland,2014,75
ireland,2015,75
ireland,2016,75
ireland,2017,75
israel,1965,87
israel,1966,95
israel,1967,109
israel,1968,109
israel,1969,102
israel,1970,125
israel,1971,133
israel,1972,147
israel,1973,212
israel,1974,201
israel,1975,181
israel,1976,201
israel,1977,201
israel,1978,194
israel,1979,194
israel,1980,194
israel,1981,194
israel,1982,194
israel,1983,200
israel,1984,210
israel,1985,270
israel,1986,270
israel,1987,270
israel,1988,270
israel,1989,270
israel,1990,270
israel,1991,270
israel,1992,270
israel,1993,270
israel,1994,270
israel,1995,270
israel,1996,270
israel,1997,270
israel,1998,270
israel,1999,270
israel,2000,270
israel,2001,270
israel,2002,270
israel,2003,270
israel,2004,270
israel,2005,270
israel,2006,270
israel,2007,272
israel,2008,275
israel,2009,275
israel,2010,280
israel,2011,292
israel,2012,292
israel,2013,294
israel,2014,301
israel,2015,301
israel,2016,301
israel,2017,301
italy,1965,1560
italy,1966,2198
italy,1967,2564
italy,1968,2625
italy,1969,2738
italy,1970,2939
italy,1971,3539
italy,1972,3628
italy,1973,3792
italy,1974,3889
italy,1975,4343
italy,1976,4343
italy,1977,4270
italy,1978,3803
italy,1979,3201
italy,1980,3101
italy,1981,3036
italy,1982,2795
italy,1983,2777
italy,1984,2738
italy,1985,2585
italy,1986,2586
italy,1987,2591
italy,1988,2475
italy,1989,2474
italy,1990,2528
italy,1991,2535
italy,1992,2455
italy,1993,2359
italy,1994,2359
italy,1995,2359
italy,1996,2344
italy,1997,2345
italy,1998,2385
italy,1999,2485
italy,2000,2485
italy,2001,2485
italy,2002,2485
italy,2003,2485
italy,2004,2497
italy,2005,2515
italy,2006,2526
italy,2007,2377
italy,2008,2396
italy,2009,2396
italy,2010,2396
italy,2011,2276
italy,2012,2098
italy,2013,1861
italy,2014,1900
italy,2015,1900
italy,2016,1900
italy,2017,1900
japan,1965,1917
japan,1966,2102
japan,1967,2214
japan,1968,2613
japan,1969,3029
japan,1970,3504
japan,1971,3904
japan,1972,4635
japan,1973,5140
japan,1974,5377
japan,1975,5567
japan,1976,5643
japan,1977,5643
japan,1978,5643
japan,1979,5643
japan,1980,5643
japan,1981,5643
japan,1982,5643
japan,1983,4724
japan,1984,4724
japan,1985,4724
japan,1986,4619
japan,1987,4461
japan,1988,4324
japan,1989,4324
japan,1990,4324
japan,1991,4505
japan,1992,4636
japan,1993,4802
japan,1994,4862
japan,1995,5006
japan,1996,5006
japan,1997,5056
japan,1998,5144
japan,1999,5087
japan,2000,5010
japan,2001,4704.9795
japan,2002,4727.7795
japan,2003,4645.1295
japan,2004,4531.1295
japan,2005,4531.1295
japan,2006,4588.4278
japan,2007,4650.1778
japan,2008,4650.1778
japan,2009,4629.7528
japan,2010,4290.6028
japan,2011,4274.2628
japan,2012,4253.57085
japan,2013,4122.715
japan,2014,3749.365
japan,2015,3720.865
japan,2016,3600.215
japan,2017,3342.86
kazakhstan,1980,220
kazakhstan,1981,220
kazakhstan,1982,220
kazakhstan,1983,220
kazakhstan,1984,220
kazakhstan,1985,360
kazakhstan,1986,360
kazakhstan,1987,360
kazakhstan,1988,360
kazakhstan,1989,360
kazakhstan,1990,360
kazakhstan,1991,330
kazakhstan,1992,330
kazakhstan,1993,330
kazakhstan,1994,330
kazakhstan,1995,330
kazakhstan,1996,330
kazakhstan,1997,330
kazakhstan,1998,330
kazakhstan,1999,330
kazakhstan,2000,330
kazakhstan,2001,330
kazakhstan,2002,330
kazakhstan,2003,330
kazakhstan,2004,330
kazakhstan,2005,330
kazakhstan,2006,330
kazakhstan,2007,330
kazakhstan,2008,330
kazakhstan,2009,330
kazakhstan,2010,330
kazakhstan,2011,330
kazakhstan,2012,330
kazakhstan,2013,350
kazakhstan,2014,350
kazakhstan,2015,350
kazakhstan,2016,350
kazakhstan,2017,360
kuwait,1965,342
kuwait,1966,360
kuwait,1967,360
kuwait,1968,440
kuwait,1969,469
kuwait,1970,469
kuwait,1971,541
kuwait,1972,523
kuwait,1973,523
kuwait,1974,523
kuwait,1975,563
kuwait,1976,577
kuwait,1977,577
kuwait,1978,579
kuwait,1979,579
kuwait,1980,579
kuwait,1981,554
kuwait,1982,534
kuwait,1983,534
kuwait,1984,704
kuwait,1985,584
kuwait,1986,684
kuwait,1987,844
kuwait,1988,844
kuwait,1989,844
kuwait,1990,280
kuwait,1991,140
kuwait,1992,380
kuwait,1993,464
kuwait,1994,764
kuwait,1995,824
kuwait,1996,854
kuwait,1997,906
kuwait,1998,926
kuwait,1999,926
kuwait,2000,680
kuwait,2001,764
kuwait,2002,814
kuwait,2003,914
kuwait,2004,936
kuwait,2005,936
kuwait,2006,936
kuwait,2007,936
kuwait,2008,936
kuwait,2009,936
kuwait,2010,936
kuwait,2011,936
kuwait,2012,936
kuwait,2013,936
kuwait,2014,936
kuwait,2015,936
kuwait,2016,936
kuwait,2017,736
lithuania,1980,0
lithuania,1981,0
lithuania,1982,0
lithuania,1983,0
lithuania,1984,0
lithuania,1985,240
lithuania,1986,240
lithuania,1987,240
lithuania,1988,240
lithuania,1989,240
lithuania,1990,240
lithuania,1991,240
lithuania,1992,240
lithuania,1993,240
lithuania,1994,240
lithuania,1995,240
lithuania,1996,240
lithuania,1997,240
lithuania,1998,240
lithuania,1999,240
lithuania,2000,240
lithuania,2001,240
lithuania,2002,240
lithuania,2003,240
lithuania,2004,240.98630137
lithuania,2005,240.98630137
lithuania,2006,240.98630137
lithuania,2007,240.98630137
lithuania,2008,240.98630137
lithuania,2009,240.98630137
lithuania,2010,240.98630137
lithuania,2011,240.98630137
lithuania,2012,240.98630137
lithuania,2013,240.98630137
lithuania,2014,240.98630137
lithuania,2015,240.98630137
lithuania,2016,240.98630137
lithuania,2017,240.98630137
malaysia,1965,118
malaysia,1966,123
malaysia,1967,124
malaysia,1968,120
malaysia,1969,124
malaysia,1970,125
malaysia,1971,125
malaysia,1972,123
malaysia,1973,123
malaysia,1974,182
malaysia,1975,143
malaysia,1976,168
malaysia,1977,140
malaysia,1978,143
malaysia,1979,158
malaysia,1980,172
malaysia,1981,175
malaysia,1982,175
malaysia,1983,205
malaysia,1984,205
malaysia,1985,209
malaysia,1986,213
malaysia,1987,213
malaysia,1988,213
malaysia,1989,220
malaysia,1990,230
malaysia,1991,235
malaysia,1992,235
malaysia,1993,240
malaysia,1994,350
malaysia,1995,365
malaysia,1996,376
malaysia,1997,376
malaysia,1998,476
malaysia,1999,491
malaysia,2000,572
malaysia,2001,559
malaysia,2002,524
malaysia,2003,527
malaysia,2004,527
malaysia,2005,522
malaysia,2006,528
malaysia,2007,534
malaysia,2008,568
malaysia,2009,572
malaysia,2010,582
malaysia,2011,601
malaysia,2012,606
malaysia,2013,612
malaysia,2014,612
malaysia,2015,612
malaysia,2016,618
malaysia,2017,625
mexico,1965,417
mexico,1966,417
mexico,1967,457
mexico,1968,525
mexico,1969,525
mexico,1970,562
mexico,1971,562
mexico,1972,594
mexico,1973,722
mexico,1974,722
mexico,1975,746
mexico,1976,822
mexico,1977,822
mexico,1978,991
mexico,1979,1091
mexico,1980,1226
mexico,1981,1221
mexico,1982,1215
mexico,1983,1218
mexico,1984,1269
mexico,1985,1263
mexico,1986,1280
mexico,1987,1462
mexico,1988,1462
mexico,1989,1627
mexico,1990,1627
mexico,1991,1447.8
mexico,1992,1447.8
mexico,1993,1444
mexico,1994,1444
mexico,1995,1444
mexico,1996,1444
mexico,1997,1448.75
mexico,1998,1448.75
mexico,1999,1448.75
mexico,2000,1481.05
mexico,2001,1481.05
mexico,2002,1463
mexico,2003,1463
mexico,2004,1463
mexico,2005,1463
mexico,2006,1463
mexico,2007,1463
mexico,2008,1463
mexico,2009,1463
mexico,2010,1463
mexico,2011,1605.5
mexico,2012,1605.5
mexico,2013,1605.5
mexico,2014,1521.9
mexico,2015,1521.9
mexico,2016,1521.9
mexico,2017,1545.65
morocco,1965,34.13972603
morocco,1966,34.13972603
morocco,1967,34.13972603
morocco,1968,34.13972603
morocco,1969,34.13972603
morocco,1970,34.13972603
morocco,1971,34.13972603
morocco,1972,40.16438356
morocco,1973,48.19726027
morocco,1974,78.32054795
morocco,1975,78.32054795
morocco,1976,78.32054795
morocco,1977,78.32054795
morocco,1978,74
morocco,1979,154
morocco,1980,154
morocco,1981,154
morocco,1982,154
morocco,1983,154
morocco,1984,154
morocco,1985,154
morocco,1986,154
morocco,1987,154
morocco,1988,154
morocco,1989,154
morocco,1990,154
morocco,1991,154
morocco,1992,154
morocco,1993,154
morocco,1994,154
morocco,1995,154
morocco,1996,154
morocco,1997,154
morocco,1998,154
morocco,1999,154
morocco,2000,154
morocco,2001,154
morocco,2002,154
morocco,2003,154
morocco,2004,154
morocco,2005,154
morocco,2006,154
morocco,2007,155.6369863
morocco,2008,130.53424658
morocco,2009,130.53424658
morocco,2010,130.53424658
morocco,2011,130.53424658
morocco,2012,200.82191781
morocco,2013,200.82191781
morocco,2014,200.82191781
morocco,2015,200.82191781
morocco,2016,200.82191781
morocco,2017,200.82191781
netherlands,1965,614
netherlands,1966,659
netherlands,1967,773
netherlands,1968,846
netherlands,1969,1319
netherlands,1970,1348
netherlands,1971,1587
netherlands,1972,1826
netherlands,1973,1826
netherlands,1974,1841
netherlands,1975,1985
netherlands,1976,2031
netherlands,1977,1869
netherlands,1978,1850
netherlands,1979,1850
netherlands,1980,1852
netherlands,1981,1705
netherlands,1982,1625
netherlands,1983,1504
netherlands,1984,1500
netherlands,1985,1478
netherlands,1986,1456
netherlands,1987,1363
netherlands,1988,1359
netherlands,1989,1367
netherlands,1990,1207
netherlands,1991,1225
netherlands,1992,1254
netherlands,1993,1197
netherlands,1994,1197
netherlands,1995,1257
netherlands,1996,1234
netherlands,1997,1261
netherlands,1998,1261
netherlands,1999,1277
netherlands,2000,1277
netherlands,2001,1278
netherlands,2002,1281.5
netherlands,2003,1281.5
netherlands,2004,1283.5
netherlands,2005,1273.9
netherlands,2006,1273.886
netherlands,2007,1236.28
netherlands,2008,1279.58
netherlands,2009,1279.58
netherlands,2010,1273.929
netherlands,2011,1276.229
netherlands,2012,1274.331
netherlands,2013,1274.331
netherlands,2014,1274.331
netherlands,2015,1292.75
netherlands,2016,1292.75
netherlands,2017,1293.75
netherlands_antilles,1965,703
netherlands_antilles,1966,755.25
netherlands_antilles,1967,755.25
netherlands_antilles,1968,755.25
netherlands_antilles,1969,798
netherlands_antilles,1970,797
netherlands_antilles,1971,797
netherlands_antilles,1972,945
netherlands_antilles,1973,980
netherlands_antilles,1974,849
netherlands_antilles,1975,810
netherlands_antilles,1976,802
netherlands_antilles,1977,842
netherlands_antilles,1978,842
netherlands_antilles,1979,792
netherlands_antilles,1980,782
netherlands_antilles,1981,782
netherlands_antilles,1982,782
netherlands_antilles,1983,761
netherlands_antilles,1984,620
netherlands_antilles,1985,320
new_zealand,1965,61
new_zealand,1966,61
new_zealand,1967,61
new_zealand,1968,61
new_zealand,1969,61
new_zealand,1970,61
new_zealand,1971,61
new_zealand,1972,61
new_zealand,1973,61
new_zealand,1974,61
new_zealand,1975,61
new_zealand,1976,61
new_zealand,1977,61
new_zealand,1978,61
new_zealand,1979,61
new_zealand,1980,61
new_zealand,1981,61
new_zealand,1982,61
new_zealand,1983,61
new_zealand,1984,61
new_zealand,1985,61
new_zealand,1986,61
new_zealand,1987,88
new_zealand,1988,88
new_zealand,1989,88
new_zealand,1990,88
new_zealand,1991,88
new_zealand,1992,88
new_zealand,1993,88
new_zealand,1994,88
new_zealand,1995,88
new_zealand,1996,97
new_zealand,1997,97
new_zealand,1998,96
new_zealand,1999,96
new_zealand,2000,96
new_zealand,2001,101
new_zealand,2002,104
new_zealand,2003,104
new_zealand,2004,104
new_zealand,2005,102
new_zealand,2006,102.41917808
new_zealand,2007,102.62
new_zealand,2008,102.62
new_zealand,2009,135.605
new_zealand,2010,135.605
new_zealand,2011,135.605
new_zealand,2012,135.605
new_zealand,2013,135.605
new_zealand,2014,135.605
new_zealand,2015,135.605
new_zealand,2016,135.605
new_zealand,2017,135.605
nigeria,1965,32.13150685
nigeria,1966,32.13150685
nigeria,1967,33.33643836
nigeria,1968,42.17260274
nigeria,1969,42.17260274
nigeria,1970,55.2260274
nigeria,1971,60.24657534
nigeria,1972,60.24657534
nigeria,1973,60.24657534
nigeria,1974,60.24657534
nigeria,1975,60.24657534
nigeria,1976,60.24657534
nigeria,1977,60.24657534
nigeria,1978,160
nigeria,1979,160
nigeria,1980,210
nigeria,1981,210
nigeria,1982,260
nigeria,1983,260
nigeria,1984,260
nigeria,1985,261
nigeria,1986,270
nigeria,1987,270
nigeria,1988,275
nigeria,1989,385
nigeria,1990,385
nigeria,1991,385
nigeria,1992,385
nigeria,1993,385
nigeria,1994,240
nigeria,1995,310
nigeria,1996,385
nigeria,1997,275
nigeria,1998,275
nigeria,1999,355
nigeria,2000,270
nigeria,2001,395
nigeria,2002,340
nigeria,2003,335
nigeria,2004,250
nigeria,2005,345
nigeria,2006,150
nigeria,2007,150
nigeria,2008,250
nigeria,2009,110
nigeria,2010,211
nigeria,2011,336
nigeria,2012,342
nigeria,2013,342
nigeria,2014,345
nigeria,2015,345
nigeria,2016,345
nigeria,2017,345
norway,1965,60
norway,1966,60
norway,1967,98
norway,1968,107
norway,1969,117
norway,1970,194
norway,1971,161
norway,1972,173
norway,1973,168
norway,1974,168
norway,1975,259
norway,1976,259
norway,1977,264
norway,1978,260
norway,1979,260
norway,1980,250
norway,1981,240
norway,1982,240
norway,1983,240
norway,1984,240
norway,1985,240
norway,1986,240
norway,1987,240
norway,1988,210
norway,1989,260
norway,1990,291
norway,1991,288
norway,1992,288
norway,1993,288
norway,1994,288
norway,1995,298
norway,1996,308
norway,1997,308
norway,1998,310
norway,1999,323
norway,2000,305
norway,2001,307
norway,2002,316
norway,2003,316
norway,2004,316
norway,2005,316
norway,2006,316
norway,2007,316
norway,2008,316
norway,2009,316
norway,2010,316
norway,2011,329
norway,2012,342
norway,2013,342
norway,2014,342
norway,2015,342
norway,2016,342
norway,2017,342
oman,1965,0
oman,1966,0
oman,1967,0
oman,1968,0
oman,1969,0
oman,1970,0
oman,1971,0
oman,1972,0
oman,1973,0
oman,1974,0
oman,1975,0
oman,1976,0
oman,1977,0
oman,1978,0
oman,1979,0
oman,1980,0
oman,1981,0
oman,1982,50
oman,1983,50
oman,1984,50
oman,1985,50
oman,1986,70
oman,1987,80
oman,1988,80
oman,1989,80
oman,1990,80
oman,1991,80
oman,1992,80
oman,1993,80
oman,1994,80
oman,1995,80
oman,1996,80
oman,1997,80
oman,1998,80
oman,1999,80
oman,2000,80
oman,2001,82
oman,2002,85
oman,2003,85
oman,2004,85
oman,2005,85
oman,2006,201
oman,2007,216
oman,2008,222
oman,2009,222
oman,2010,222
oman,2011,222
oman,2012,222
oman,2013,222
oman,2014,222
oman,2015,222
oman,2016,222
oman,2017,304
other_africa,1965,216.73506849
other_africa,1966,244.41972603
other_africa,1967,251.12082192
other_africa,1968,287.02684932
other_africa,1969,287.06794521
other_africa,1970,298.08260274
other_africa,1971,309.73027397
other_africa,1972,320.47424658
other_africa,1973,375.80246575
other_africa,1974,446.2909589
other_africa,1975,477.41835616
other_africa,1976,553.12821918
other_africa,1977,571.20219178
other_africa,1978,604
other_africa,1979,604
other_africa,1980,621
other_africa,1981,621
other_africa,1982,636
other_africa,1983,633
other_africa,1984,820
other_africa,1985,855
other_africa,1986,872
other_africa,1987,887
other_africa,1988,887
other_africa,1989,887
other_africa,1990,877
other_africa,1991,877
other_africa,1992,877
other_africa,1993,881
other_africa,1994,873
other_africa,1995,873
other_africa,1996,875
other_africa,1997,823
other_africa,1998,843
other_africa,1999,825
other_africa,2000,859
other_africa,2001,889
other_africa,2002,889
other_africa,2003,889
other_africa,2004,877
other_africa,2005,886
other_africa,2006,958
other_africa,2007,958
other_africa,2008,958
other_africa,2009,958
other_africa,2010,959
other_africa,2011,780
other_africa,2012,910
other_africa,2013,930
other_africa,2014,930
other_africa,2015,930
other_africa,2016,930
other_africa,2017,910
other_asia_pacific,1965,24.7
other_asia_pacific,1966,24.7
other_asia_pacific,1967,24.7
other_asia_pacific,1968,24.7
other_asia_pacific,1969,62.7
other_asia_pacific,1970,62.7
other_asia_pacific,1971,62.7
other_asia_pacific,1972,93
other_asia_pacific,1973,93
other_asia_pacific,1974,96
other_asia_pacific,1975,96
other_asia_pacific,1976,96
other_asia_pacific,1977,136
other_asia_pacific,1978,134
other_asia_pacific,1979,142
other_asia_pacific,1980,178
other_asia_pacific,1981,192
other_asia_pacific,1982,217
other_asia_pacific,1983,226
other_asia_pacific,1984,226
other_asia_pacific,1985,183
other_asia_pacific,1986,183
other_asia_pacific,1987,184
other_asia_pacific,1988,185
other_asia_pacific,1989,185
other_asia_pacific,1990,185
other_asia_pacific,1991,187
other_asia_pacific,1992,187
other_asia_pacific,1993,187
other_asia_pacific,1994,187
other_asia_pacific,1995,145
other_asia_pacific,1996,145
other_asia_pacific,1997,145
other_asia_pacific,1998,145
other_asia_pacific,1999,145
other_asia_pacific,2000,143
other_asia_pacific,2001,143
other_asia_pacific,2002,137
other_asia_pacific,2003,138
other_asia_pacific,2004,171
other_asia_pacific,2005,170.19315068
other_asia_pacific,2006,170.19315068
other_asia_pacific,2007,170.19315068
other_asia_pacific,2008,172.19315068
other_asia_pacific,2009,177
other_asia_pacific,2010,177
other_asia_pacific,2011,178.466
other_asia_pacific,2012,178.466
other_asia_pacific,2013,184.33
other_asia_pacific,2014,191.33
other_asia_pacific,2015,191.33
other_asia_pacific,2016,191.33
other_asia_pacific,2017,191.33
other_cis,1965,0
other_cis,1966,0
other_cis,1967,0
other_cis,1968,0
other_cis,1969,0
other_cis,1970,0
other_cis,1971,0
other_cis,1972,0
other_cis,1973,0
other_cis,1974,0
other_cis,1975,0
other_cis,1976,0
other_cis,1977,0
other_cis,1978,0
other_cis,1979,0
other_cis,1980,0
other_cis,1981,0
other_cis,1982,0
other_cis,1983,0
other_cis,1984,0
other_cis,1985,0
other_cis,1986,0
other_cis,1987,0
other_cis,1988,0
other_cis,1989,0
other_cis,1990,0
other_cis,1991,0
other_cis,1992,0
other_cis,1993,0
other_cis,1994,0
other_cis,1995,0
other_cis,1996,10
other_cis,1997,10
other_cis,1998,10
other_cis,1999,10
other_cis,2000,10
other_cis,2001,10
other_cis,2002,10
other_cis,2003,10
other_cis,2004,10
other_cis,2005,10
other_cis,2006,10
other_cis,2007,10
other_cis,2008,10
other_cis,2009,10
other_cis,2010,14
other_cis,2011,10
other_cis,2012,10
other_cis,2013,11
other_cis,2014,28
other_cis,2015,37
other_cis,2016,37
other_cis,2017,37
other_europe,1965,64.2
other_europe,1966,75.6
other_europe,1967,75.6
other_europe,1968,169.2
other_europe,1969,189.15
other_europe,1970,245.9
other_europe,1971,308.6
other_europe,1972,327
other_europe,1973,330
other_europe,1974,337
other_europe,1975,337
other_europe,1976,314
other_europe,1977,358
other_europe,1978,404
other_europe,1979,554
other_europe,1980,624
other_europe,1981,624
other_europe,1982,674
other_europe,1983,674
other_europe,1984,674
other_europe,1985,694
other_europe,1986,749
other_europe,1987,749
other_europe,1988,750
other_europe,1989,752
other_europe,1990,752
other_europe,1991,675
other_europe,1992,596
other_europe,1993,598
other_europe,1994,600
other_europe,1995,600
other_europe,1996,601
other_europe,1997,605
other_europe,1998,554
other_europe,1999,544
other_europe,2000,477
other_europe,2001,482
other_europe,2002,447
other_europe,2003,447
other_europe,2004,420
other_europe,2005,420
other_europe,2006,401
other_europe,2007,401
other_europe,2008,398
other_europe,2009,420
other_europe,2010,420
other_europe,2011,404
other_europe,2012,426
other_europe,2013,376
other_europe,2014,376
other_europe,2015,376
other_europe,2016,376
other_europe,2017,376
other_middle_east,1965,217.9
other_middle_east,1966,231.2
other_middle_east,1967,229.3
other_middle_east,1968,232.15
other_middle_east,1969,267.9
other_middle_east,1970,292.6
other_middle_east,1971,283.65
other_middle_east,1972,280
other_middle_east,1973,281
other_middle_east,1974,294
other_middle_east,1975,361
other_middle_east,1976,364
other_middle_east,1977,328
other_middle_east,1978,342
other_middle_east,1979,345
other_middle_east,1980,465
other_middle_east,1981,513
other_middle_east,1982,513
other_middle_east,1983,520
other_middle_east,1984,520
other_middle_east,1985,520
other_middle_east,1986,530
other_middle_east,1987,530
other_middle_east,1988,530
other_middle_east,1989,493
other_middle_east,1990,483
other_middle_east,1991,498
other_middle_east,1992,478
other_middle_east,1993,478
other_middle_east,1994,478
other_middle_east,1995,478
other_middle_east,1996,478
other_middle_east,1997,478
other_middle_east,1998,483
other_middle_east,1999,496
other_middle_east,2000,496
other_middle_east,2001,496
other_middle_east,2002,496
other_middle_east,2003,496
other_middle_east,2004,496
other_middle_east,2005,496
other_middle_east,2006,496
other_middle_east,2007,496
other_middle_east,2008,496
other_middle_east,2009,496
other_middle_east,2010,496
other_middle_east,2011,496
other_middle_east,2012,496
other_middle_east,2013,382
other_middle_east,2014,382
other_middle_east,2015,382
other_middle_east,2016,382
other_middle_east,2017,496
other_s_cent_america,1965,396.34
other_s_cent_america,1966,471.865
other_s_cent_america,1967,505.4
other_s_cent_america,1968,550.525
other_s_cent_america,1969,687.325
other_s_cent_america,1970,965.35
other_s_cent_america,1971,1164.1
other_s_cent_america,1972,1346.51
other_s_cent_america,1973,1856.85
other_s_cent_america,1974,1854.85
other_s_cent_america,1975,2004.85
other_s_cent_america,1976,1998.85
other_s_cent_america,1977,2033.85
other_s_cent_america,1978,2018
other_s_cent_america,1979,2020
other_s_cent_america,1980,2023
other_s_cent_america,1981,1988
other_s_cent_america,1982,1675
other_s_cent_america,1983,1667
other_s_cent_america,1984,1597
other_s_cent_america,1985,1197
other_s_cent_america,1986,1197
other_s_cent_america,1987,1198
other_s_cent_america,1988,1185
other_s_cent_america,1989,1307
other_s_cent_america,1990,1377
other_s_cent_america,1991,1445
other_s_cent_america,1992,1460
other_s_cent_america,1993,1410
other_s_cent_america,1994,1344
other_s_cent_america,1995,1184
other_s_cent_america,1996,1208
other_s_cent_america,1997,1133
other_s_cent_america,1998,1114
other_s_cent_america,1999,1150
other_s_cent_america,2000,1109
other_s_cent_america,2001,1133
other_s_cent_america,2002,1112
other_s_cent_america,2003,1143
other_s_cent_america,2004,1151
other_s_cent_america,2005,1144
other_s_cent_america,2006,1150
other_s_cent_america,2007,1192
other_s_cent_america,2008,1176
other_s_cent_america,2009,900
other_s_cent_america,2010,901
other_s_cent_america,2011,1013
other_s_cent_america,2012,356
other_s_cent_america,2013,361
other_s_cent_america,2014,376
other_s_cent_america,2015,384
other_s_cent_america,2016,384
other_s_cent_america,2017,384
pakistan,1965,52
pakistan,1966,62
pakistan,1967,62
pakistan,1968,62
pakistan,1969,62
pakistan,1970,62
pakistan,1971,62
pakistan,1972,62
pakistan,1973,62
pakistan,1974,62
pakistan,1975,62
pakistan,1976,62
pakistan,1977,96
pakistan,1978,96
pakistan,1979,96
pakistan,1980,113
pakistan,1981,113
pakistan,1982,113
pakistan,1983,113
pakistan,1984,113
pakistan,1985,113
pakistan,1986,113
pakistan,1987,113
pakistan,1988,113
pakistan,1989,113
pakistan,1990,129
pakistan,1991,129
pakistan,1992,129
pakistan,1993,129
pakistan,1994,132
pakistan,1995,132
pakistan,1996,131
pakistan,1997,132
pakistan,1998,131
pakistan,1999,134
pakistan,2000,134
pakistan,2001,226.52712329
pakistan,2002,226.52712329
pakistan,2003,227.53123288
pakistan,2004,255.64630137
pakistan,2005,268.95322353
pakistan,2006,270.91852707
pakistan,2007,270.91852707
pakistan,2008,273.529212
pakistan,2009,272.52510241
pakistan,2010,277.34482844
pakistan,2011,276.54154077
pakistan,2012,275.13578734
pakistan,2013,389.80510241
pakistan,2014,389.80510241
pakistan,2015,388.71492055
pakistan,2016,389.26698
pakistan,2017,401.18128249
peru,1965,60.04
peru,1966,60.42
peru,1967,85.5
peru,1968,98.42
peru,1969,87.4
peru,1970,87.4
peru,1971,100.32
peru,1972,101
peru,1973,107
peru,1974,130
peru,1975,130
peru,1976,116
peru,1977,171
peru,1978,170
peru,1979,170
peru,1980,171
peru,1981,176
peru,1982,186
peru,1983,186
peru,1984,187
peru,1985,187
peru,1986,187
peru,1987,187
peru,1988,187
peru,1989,187
peru,1990,187
peru,1991,187
peru,1992,187
peru,1993,189
peru,1994,189
peru,1995,189
peru,1996,189
peru,1997,189
peru,1998,189
peru,1999,192
peru,2000,198
peru,2001,198
peru,2002,198
peru,2003,198
peru,2004,223
peru,2005,223
peru,2006,223
peru,2007,223
peru,2008,230
peru,2009,252
peru,2010,252
peru,2011,252
peru,2012,252
peru,2013,253
peru,2014,253
peru,2015,253
peru,2016,253
peru,2017,253
philippines,1965,102
philippines,1966,109
philippines,1967,171
philippines,1968,187
philippines,1969,195
philippines,1970,199
philippines,1971,206
philippines,1972,275
philippines,1973,275
philippines,1974,275
philippines,1975,275
philippines,1976,246
philippines,1977,246
philippines,1978,257
philippines,1979,257
philippines,1980,256
philippines,1981,276
philippines,1982,291
philippines,1983,291
philippines,1984,291
philippines,1985,291
philippines,1986,291
philippines,1987,291
philippines,1988,291
philippines,1989,291
philippines,1990,291
philippines,1991,291
philippines,1992,291
philippines,1993,291
philippines,1994,301
philippines,1995,366
philippines,1996,369
philippines,1997,389
philippines,1998,394
philippines,1999,396
philippines,2000,398
philippines,2001,398
philippines,2002,398
philippines,2003,335
philippines,2004,280
philippines,2005,280
philippines,2006,275.5
philippines,2007,269.8
philippines,2008,269.8
philippines,2009,266.95
philippines,2010,264.1
philippines,2011,261.25
philippines,2012,261.25
philippines,2013,269.8
philippines,2014,270.75
philippines,2015,270.75
philippines,2016,270.75
philippines,2017,270.94
poland,1965,86
poland,1966,86
poland,1967,86
poland,1968,161
poland,1969,161
poland,1970,161
poland,1971,201
poland,1972,241
poland,1973,241
poland,1974,241
poland,1975,311
poland,1976,320
poland,1977,351
poland,1978,361
poland,1979,361
poland,1980,361
poland,1981,361
poland,1982,361
poland,1983,361
poland,1984,361
poland,1985,361
poland,1986,361
poland,1987,361
poland,1988,361
poland,1989,361
poland,1990,361
poland,1991,335
poland,1992,335
poland,1993,335
poland,1994,341
poland,1995,341
poland,1996,341
poland,1997,361
poland,1998,372
poland,1999,378
poland,2000,384
poland,2001,386
poland,2002,482
poland,2003,482
poland,2004,484.78410959
poland,2005,506.91468493
poland,2006,497.65679452
poland,2007,493.45961644
poland,2008,492.45550685
poland,2009,491.04975342
poland,2010,560.47389041
poland,2011,579.57205479
poland,2012,581.7610137
poland,2013,581.7610137
poland,2014,581.7610137
poland,2015,581.37945205
poland,2016,581.37945205
poland,2017,559.12838356
portugal,1965,24
portugal,1966,24
portugal,1967,24
portugal,1968,24
portugal,1969,64
portugal,1970,80
portugal,1971,80
portugal,1972,80
portugal,1973,131
portugal,1974,131
portugal,1975,191
portugal,1976,191
portugal,1977,191
portugal,1978,241
portugal,1979,201
portugal,1980,201
portugal,1981,201
portugal,1982,291
portugal,1983,291
portugal,1984,291
portugal,1985,291
portugal,1986,291
portugal,1987,291
portugal,1988,291
portugal,1989,291
portugal,1990,291
portugal,1991,291
portugal,1992,291
portugal,1993,291
portugal,1994,291
portugal,1995,291
portugal,1996,291
portugal,1997,291
portugal,1998,291
portugal,1999,291
portugal,2000,291
portugal,2001,306
portugal,2002,306
portugal,2003,306
portugal,2004,306
portugal,2005,306.49441096
portugal,2006,306.49441096
portugal,2007,306.49441096
portugal,2008,306.49441096
portugal,2009,306.49441096
portugal,2010,306.49441096
portugal,2011,306.49441096
portugal,2012,330
portugal,2013,330
portugal,2014,330
portugal,2015,330
portugal,2016,330
portugal,2017,330
qatar,1965,0.95
qatar,1966,0.95
qatar,1967,0.95
qatar,1968,0.95
qatar,1969,0.95
qatar,1970,0.95
qatar,1971,0.95
qatar,1972,1
qatar,1973,1
qatar,1974,7
qatar,1975,7
qatar,1976,9
qatar,1977,10
qatar,1978,11
qatar,1979,11
qatar,1980,13
qatar,1981,13
qatar,1982,12
qatar,1983,63
qatar,1984,56
qatar,1985,56
qatar,1986,62
qatar,1987,62
qatar,1988,62
qatar,1989,62
qatar,1990,62
qatar,1991,60
qatar,1992,60
qatar,1993,58
qatar,1994,58
qatar,1995,62
qatar,1996,62
qatar,1997,62
qatar,1998,62
qatar,1999,62
qatar,2000,62
qatar,2001,62
qatar,2002,137
qatar,2003,137
qatar,2004,137
qatar,2005,137
qatar,2006,137
qatar,2007,137
qatar,2008,137
qatar,2009,283
qatar,2010,283
qatar,2011,283
qatar,2012,283
qatar,2013,283
qatar,2014,283
qatar,2015,283
qatar,2016,429
qatar,2017,429
romania,1965,241
romania,1966,241
romania,1967,281
romania,1968,280
romania,1969,301
romania,1970,321
romania,1971,337
romania,1972,336
romania,1973,372
romania,1974,402
romania,1975,402
romania,1976,471
romania,1977,510
romania,1978,538
romania,1979,583
romania,1980,618
romania,1981,618
romania,1982,618
romania,1983,618
romania,1984,618
romania,1985,618
romania,1986,618
romania,1987,618
romania,1988,678
romania,1989,698
romania,1990,698
romania,1991,698
romania,1992,597
romania,1993,567
romania,1994,532
romania,1995,532
romania,1996,528
romania,1997,525
romania,1998,512
romania,1999,438
romania,2000,391
romania,2001,461
romania,2002,421
romania,2003,419
romania,2004,378
romania,2005,389
romania,2006,389
romania,2007,389
romania,2008,358.02531507
romania,2009,283.09865753
romania,2010,246.79005479
romania,2011,228.89682192
romania,2012,213.53394521
romania,2013,235.44361644
romania,2014,228.4550137
romania,2015,238.97808219
romania,2016,255.92745205
romania,2017,246.56915068
russian_federation,1980,6857
russian_federation,1981,6857
russian_federation,1982,7027
russian_federation,1983,7067
russian_federation,1984,7067
russian_federation,1985,7127
russian_federation,1986,7193
russian_federation,1987,7193
russian_federation,1988,7193
russian_federation,1989,7193
russian_federation,1990,7193
russian_federation,1991,7193
russian_federation,1992,6541
russian_federation,1993,6466
russian_federation,1994,6124
russian_federation,1995,6117
russian_federation,1996,6065
russian_federation,1997,5722
russian_federation,1998,5593
russian_federation,1999,5531
russian_federation,2000,5516
russian_federation,2001,5536
russian_federation,2002,5444
russian_federation,2003,5313
russian_federation,2004,5316
russian_federation,2005,5398
russian_federation,2006,5514
russian_federation,2007,5471
russian_federation,2008,5387
russian_federation,2009,5425
russian_federation,2010,5563
russian_federation,2011,5721
russian_federation,2012,5816
russian_federation,2013,6279
russian_federation,2014,6407
russian_federation,2015,6513
russian_federation,2016,6583
russian_federation,2017,6584
saudi_arabia,1965,303
saudi_arabia,1966,335
saudi_arabia,1967,335
saudi_arabia,1968,347
saudi_arabia,1969,347
saudi_arabia,1970,676
saudi_arabia,1971,676
saudi_arabia,1972,676
saudi_arabia,1973,676
saudi_arabia,1974,676
saudi_arabia,1975,703
saudi_arabia,1976,703
saudi_arabia,1977,703
saudi_arabia,1978,645
saudi_arabia,1979,690
saudi_arabia,1980,700
saudi_arabia,1981,820
saudi_arabia,1982,820
saudi_arabia,1983,1010
saudi_arabia,1984,1260
saudi_arabia,1985,1510
saudi_arabia,1986,1540
saudi_arabia,1987,1565
saudi_arabia,1988,1565
saudi_arabia,1989,1915
saudi_arabia,1990,1860
saudi_arabia,1991,1645
saudi_arabia,1992,1660
saudi_arabia,1993,1670
saudi_arabia,1994,1683
saudi_arabia,1995,1692
saudi_arabia,1996,1699
saudi_arabia,1997,1704
saudi_arabia,1998,1762
saudi_arabia,1999,1808
saudi_arabia,2000,1798
saudi_arabia,2001,1810
saudi_arabia,2002,1814
saudi_arabia,2003,2054
saudi_arabia,2004,2079
saudi_arabia,2005,2107
saudi_arabia,2006,2107
saudi_arabia,2007,2107
saudi_arabia,2008,2107
saudi_arabia,2009,2109
saudi_arabia,2010,2109
saudi_arabia,2011,2107
saudi_arabia,2012,2107
saudi_arabia,2013,2507
saudi_arabia,2014,2899
saudi_arabia,2015,2899
saudi_arabia,2016,2899
saudi_arabia,2017,2821
singapore,1965,50
singapore,1966,79
singapore,1967,162
singapore,1968,170
singapore,1969,180
singapore,1970,288
singapore,1971,303
singapore,1972,490
singapore,1973,700
singapore,1974,956
singapore,1975,923
singapore,1976,918
singapore,1977,918
singapore,1978,958
singapore,1979,960
singapore,1980,1063
singapore,1981,1063
singapore,1982,1073
singapore,1983,1083
singapore,1984,1083
singapore,1985,1043
singapore,1986,973
singapore,1987,903
singapore,1988,881
singapore,1989,891
singapore,1990,933
singapore,1991,1031
singapore,1992,1056
singapore,1993,1098
singapore,1994,1133
singapore,1995,1175
singapore,1996,1175
singapore,1997,1200
singapore,1998,1220
singapore,1999,690
singapore,2000,1340
singapore,2001,1365
singapore,2002,1393
singapore,2003,1393
singapore,2004,1406
singapore,2005,1420
singapore,2006,1422
singapore,2007,1427
singapore,2008,1427
singapore,2009,1427
singapore,2010,1427
singapore,2011,1427
singapore,2012,1422
singapore,2013,1414
singapore,2014,1514
singapore,2015,1514
singapore,2016,1514
singapore,2017,1514
slovakia,1965,68
slovakia,1966,72
slovakia,1967,84
slovakia,1968,94
slovakia,1969,114
slovakia,1970,118
slovakia,1971,145
slovakia,1972,151
slovakia,1973,159
slovakia,1974,159
slovakia,1975,151
slovakia,1976,149
slovakia,1977,143
slovakia,1978,200
slovakia,1979,200
slovakia,1980,200
slovakia,1981,200
slovakia,1982,200
slovakia,1983,200
slovakia,1984,200
slovakia,1985,200
slovakia,1986,200
slovakia,1987,200
slovakia,1988,200
slovakia,1989,200
slovakia,1990,180
slovakia,1991,180
slovakia,1992,180
slovakia,1993,180
slovakia,1994,180
slovakia,1995,150
slovakia,1996,115
slovakia,1997,115
slovakia,1998,115
slovakia,1999,115
slovakia,2000,120
slovakia,2001,122
slovakia,2002,122
slovakia,2003,122
slovakia,2004,122
slovakia,2005,122
slovakia,2006,122
slovakia,2007,122
slovakia,2008,122
slovakia,2009,122
slovakia,2010,122
slovakia,2011,122
slovakia,2012,122
slovakia,2013,122
slovakia,2014,122
slovakia,2015,122
slovakia,2016,122
slovakia,2017,122
south_africa,1965,305
south_africa,1966,395
south_africa,1967,395
south_africa,1968,395
south_africa,1969,395
south_africa,1970,395
south_africa,1971,473
south_africa,1972,473
south_africa,1973,473
south_africa,1974,473
south_africa,1975,473
south_africa,1976,473
south_africa,1977,473
south_africa,1978,473
south_africa,1979,491
south_africa,1980,491
south_africa,1981,491
south_africa,1982,491
south_africa,1983,388
south_africa,1984,324
south_africa,1985,324
south_africa,1986,324
south_africa,1987,324
south_africa,1988,324
south_africa,1989,324
south_africa,1990,324
south_africa,1991,324
south_africa,1992,324
south_africa,1993,380
south_africa,1994,451
south_africa,1995,461
south_africa,1996,464
south_africa,1997,466
south_africa,1998,466
south_africa,1999,476
south_africa,2000,481
south_africa,2001,486
south_africa,2002,505
south_africa,2003,514
south_africa,2004,517
south_africa,2005,520
south_africa,2006,520
south_africa,2007,520
south_africa,2008,520
south_africa,2009,520
south_africa,2010,520
south_africa,2011,520
south_africa,2012,520
south_africa,2013,520
south_africa,2014,520
south_africa,2015,520
south_africa,2016,520
south_africa,2017,520
south_korea,1965,33
south_korea,1966,38
south_korea,1967,57
south_korea,1968,114
south_korea,1969,171
south_korea,1970,209
south_korea,1971,257
south_korea,1972,380
south_korea,1973,380
south_korea,1974,418
south_korea,1975,418
south_korea,1976,418
south_korea,1977,380
south_korea,1978,551
south_korea,1979,551
south_korea,1980,608
south_korea,1981,750.5
south_korea,1982,750.5
south_korea,1983,750.5
south_korea,1984,750.5
south_korea,1985,750.5
south_korea,1986,750.5
south_korea,1987,750.5
south_korea,1988,750.5
south_korea,1989,798
south_korea,1990,798
south_korea,1991,983.25
south_korea,1992,1591.25
south_korea,1993,1591.25
south_korea,1994,1615
south_korea,1995,1727.1
south_korea,1996,2316.1
south_korea,1997,2316.1
south_korea,1998,2316.1
south_korea,1999,2316.1
south_korea,2000,2316.1
south_korea,2001,2316.1
south_korea,2002,2316.1
south_korea,2003,2316.1
south_korea,2004,2598.25
south_korea,2005,2598.25
south_korea,2006,2633.4
south_korea,2007,2679
south_korea,2008,2712.25
south_korea,2009,2745.5
south_korea,2010,2774
south_korea,2011,2864.25
south_korea,2012,2877.55
south_korea,2013,2877.55
south_korea,2014,3122.65
south_korea,2015,3122.65
south_korea,2016,3246.15
south_korea,2017,3246.15
spain,1965,311
spain,1966,341
spain,1967,482
spain,1968,511
spain,1969,723
spain,1970,894
spain,1971,894
spain,1972,894
spain,1973,894
spain,1974,964
spain,1975,994
spain,1976,1212
spain,1977,1275
spain,1978,1362
spain,1979,1372
spain,1980,1392
spain,1981,1422
spain,1982,1427
spain,1983,1402
spain,1984,1372
spain,1985,1312
spain,1986,1312
spain,1987,1312
spain,1988,1312
spain,1989,1287
spain,1990,1267
spain,1991,1272
spain,1992,1272
spain,1993,1277
spain,1994,1282
spain,1995,1308
spain,1996,1324
spain,1997,1312
spain,1998,1312
spain,1999,1326
spain,2000,1330
spain,2001,1330
spain,2002,1330
spain,2003,1347
spain,2004,1372
spain,2005,1377
spain,2006,1361.57260274
spain,2007,1361.57260274
spain,2008,1361.57260274
spain,2009,1361.57260274
spain,2010,1421.41753425
spain,2011,1541.91068493
spain,2012,1546.32876712
spain,2013,1546.32876712
spain,2014,1546.32876712
spain,2015,1562.39452055
spain,2016,1562.39452055
spain,2017,1562.39452055
sweden,1965,98
sweden,1966,153
sweden,1967,153
sweden,1968,253
sweden,1969,253
sweden,1970,253
sweden,1971,253
sweden,1972,253
sweden,1973,253
sweden,1974,253
sweden,1975,253
sweden,1976,420
sweden,1977,420
sweden,1978,426
sweden,1979,441
sweden,1980,471
sweden,1981,471
sweden,1982,451
sweden,1983,451
sweden,1984,444
sweden,1985,436
sweden,1986,436
sweden,1987,436
sweden,1988,436
sweden,1989,436
sweden,1990,436
sweden,1991,436
sweden,1992,436
sweden,1993,436
sweden,1994,436
sweden,1995,436
sweden,1996,436
sweden,1997,436
sweden,1998,436
sweden,1999,436
sweden,2000,454
sweden,2001,454
sweden,2002,454
sweden,2003,454
sweden,2004,454
sweden,2005,454
sweden,2006,454
sweden,2007,454
sweden,2008,454
sweden,2009,454
sweden,2010,454
sweden,2011,454
sweden,2012,454
sweden,2013,454
sweden,2014,454
sweden,2015,454
sweden,2016,454
sweden,2017,454
switzerland,1965,42.75
switzerland,1966,93
switzerland,1967,97.5
switzerland,1968,97.5
switzerland,1969,103.45
switzerland,1970,99.4
switzerland,1971,102.25
switzerland,1972,120
switzerland,1973,140
switzerland,1974,138
switzerland,1975,138
switzerland,1976,137
switzerland,1977,137
switzerland,1978,132
switzerland,1979,132
switzerland,1980,132
switzerland,1981,132
switzerland,1982,132
switzerland,1983,132
switzerland,1984,132
switzerland,1985,132
switzerland,1986,132
switzerland,1987,132
switzerland,1988,132
switzerland,1989,60
switzerland,1990,80
switzerland,1991,132
switzerland,1992,132
switzerland,1993,132
switzerland,1994,132
switzerland,1995,132
switzerland,1996,132
switzerland,1997,132
switzerland,1998,132
switzerland,1999,132
switzerland,2000,132
switzerland,2001,132
switzerland,2002,132
switzerland,2003,136
switzerland,2004,140
switzerland,2005,140
switzerland,2006,140
switzerland,2007,140
switzerland,2008,140
switzerland,2009,140
switzerland,2010,140
switzerland,2011,140
switzerland,2012,106
switzerland,2013,140
switzerland,2014,140
switzerland,2015,68
switzerland,2016,68
switzerland,2017,68
taiwan,1965,46
taiwan,1966,50
taiwan,1967,50
taiwan,1968,103
taiwan,1969,103
taiwan,1970,103
taiwan,1971,122
taiwan,1972,193
taiwan,1973,193
taiwan,1974,288
taiwan,1975,274
taiwan,1976,369
taiwan,1977,464
taiwan,1978,447
taiwan,1979,447
taiwan,1980,542
taiwan,1981,542
taiwan,1982,542
taiwan,1983,542
taiwan,1984,542
taiwan,1985,570
taiwan,1986,570
taiwan,1987,570
taiwan,1988,570
taiwan,1989,570
taiwan,1990,570
taiwan,1991,570
taiwan,1992,570
taiwan,1993,570
taiwan,1994,570
taiwan,1995,732
taiwan,1996,732
taiwan,1997,732
taiwan,1998,732
taiwan,1999,732
taiwan,2000,732
taiwan,2001,874
taiwan,2002,1159
taiwan,2003,1159
taiwan,2004,1159
taiwan,2005,1159
taiwan,2006,1140
taiwan,2007,1197
taiwan,2008,1197
taiwan,2009,1197
taiwan,2010,1197
taiwan,2011,1197
taiwan,2012,1197
taiwan,2013,1197
taiwan,2014,1197
taiwan,2015,988
taiwan,2016,988
taiwan,2017,1083
thailand,1965,45
thailand,1966,45
thailand,1967,45
thailand,1968,45
thailand,1969,63
thailand,1970,122
thailand,1971,122
thailand,1972,153
thailand,1973,153
thailand,1974,153
thailand,1975,153
thailand,1976,153
thailand,1977,153
thailand,1978,166
thailand,1979,171
thailand,1980,177
thailand,1981,177
thailand,1982,177
thailand,1983,177
thailand,1984,177
thailand,1985,166
thailand,1986,179
thailand,1987,179
thailand,1988,179
thailand,1989,222.28
thailand,1990,222.28
thailand,1991,222.28
thailand,1992,409.7
thailand,1993,449.9
thailand,1994,476.7
thailand,1995,476.7
thailand,1996,817.5
thailand,1997,866.5
thailand,1998,883.5
thailand,1999,898.5
thailand,2000,898.5
thailand,2001,1063.5
thailand,2002,1067.5
thailand,2003,1067.5
thailand,2004,1067.5
thailand,2005,1077.5
thailand,2006,1099.5
thailand,2007,1099.5
thailand,2008,1164.5
thailand,2009,1235.5
thailand,2010,1229.5
thailand,2011,1229.5
thailand,2012,1229.5
thailand,2013,1236.5
thailand,2014,1251.5
thailand,2015,1251.5
thailand,2016,1234.5
thailand,2017,1234.5
total_africa,1965,822.96794521
total_africa,1966,940.65260274
total_africa,1967,903.97616438
total_africa,1968,943.09534247
total_africa,1969,892.9309589
total_africa,1970,1015.58252055
total_africa,1971,1110.25073973
total_africa,1972,1185.5589589
total_africa,1973,1248.92005479
total_africa,1974,1349.53183562
total_africa,1975,1406.08328767
total_africa,1976,1503.88356164
total_africa,1977,1592.24520548
total_africa,1978,1735
total_africa,1979,1857
total_africa,1980,2240
total_africa,1981,2277
total_africa,1982,2367
total_africa,1983,2261
total_africa,1984,2431
total_africa,1985,2467
total_africa,1986,2497
total_africa,1987,2592
total_africa,1988,2650
total_africa,1989,2767
total_africa,1990,2757
total_africa,1991,2757
total_africa,1992,2766
total_africa,1993,2867
total_africa,1994,2785
total_africa,1995,2865
total_africa,1996,2957
total_africa,1997,2797
total_africa,1998,2817
total_africa,1999,2889
total_africa,2000,2852
total_africa,2001,3128
total_africa,2002,3132
total_africa,2003,3136
total_africa,2004,3050.9729863
total_africa,2005,3157.9729863
total_africa,2006,3034.9729863
total_africa,2007,3036.6099726
total_africa,2008,3113.03347945
total_africa,2009,3082.80273973
total_africa,2010,3184.80273973
total_africa,2011,3228.88424658
total_africa,2012,3435.17191781
total_africa,2013,3449.37291781
total_africa,2014,3456.67991781
total_africa,2015,3456.67991781
total_africa,2016,3456.67991781
total_africa,2017,3436.82191781
total_asia_pacific,1965,3587.85
total_asia_pacific,1966,3997.65
total_asia_pacific,1967,4316.3
total_asia_pacific,1968,5070.85
total_asia_pacific,1969,5765.6
total_asia_pacific,1970,6574.135
total_asia_pacific,1971,7309.8
total_asia_pacific,1972,8768.95
total_asia_pacific,1973,9672.95
total_asia_pacific,1974,10609.95
total_asia_pacific,1975,10825.95
total_asia_pacific,1976,11315.35
total_asia_pacific,1977,11603.35
total_asia_pacific,1978,11833.5
total_asia_pacific,1979,11831.5
total_asia_pacific,1980,12355.55
total_asia_pacific,1981,12540.15
total_asia_pacific,1982,12976.15
total_asia_pacific,1983,12180.15
total_asia_pacific,1984,12498.65
total_asia_pacific,1985,12651.15
total_asia_pacific,1986,12626.15
total_asia_pacific,1987,12542.15
total_asia_pacific,1988,12503.2
total_asia_pacific,1989,12768.98
total_asia_pacific,1990,13300.98
total_asia_pacific,1991,13787.23
total_asia_pacific,1992,14825.65
total_asia_pacific,1993,15405.85
total_asia_pacific,1994,16034.15
total_asia_pacific,1995,17062.25
total_asia_pacific,1996,18324.05
total_asia_pacific,1997,18939.55
total_asia_pacific,1998,19374.8
total_asia_pacific,1999,20519.25
total_asia_pacific,2000,21208.25
total_asia_pacific,2001,21584.75662329
total_asia_pacific,2002,22538.09532973
total_asia_pacific,2003,22672.28202644
total_asia_pacific,2004,23537.0822491
total_asia_pacific,2005,24201.71134934
total_asia_pacific,2006,25355.26581674
total_asia_pacific,2007,25995.00877912
total_asia_pacific,2008,27074.91795132
total_asia_pacific,2009,28880.03754488
total_asia_pacific,2010,29698.54950899
total_asia_pacific,2011,30575.49537164
total_asia_pacific,2012,31638.77239893
total_asia_pacific,2013,32315.68116068
total_asia_pacific,2014,33124.68061274
total_asia_pacific,2015,32564.25321352
total_asia_pacific,2016,32753.39937284
total_asia_pacific,2017,33303.49001868
total_cis,1965,4518.49315068
total_cis,1966,4779.56164384
total_cis,1967,5060.71232877
total_cis,1968,5341.8630137
total_cis,1969,5623.01369863
total_cis,1970,6104.98630137
total_cis,1971,6526.71232877
total_cis,1972,6827.94520548
total_cis,1973,7229.5890411
total_cis,1974,8032.87671233
total_cis,1975,8434.52054795
total_cis,1976,9036.98630137
total_cis,1977,9840.2739726
total_cis,1978,9762
total_cis,1979,9942
total_cis,1980,9895
total_cis,1981,10015
total_cis,1982,10225.69863014
total_cis,1983,10425.69863014
total_cis,1984,10425.69863014
total_cis,1985,10625.69863014
total_cis,1986,10691.69863014
total_cis,1987,10691.69863014
total_cis,1988,10691.69863014
total_cis,1989,10691.69863014
total_cis,1990,10631.69863014
total_cis,1991,10612.02739726
total_cis,1992,9800.02739726
total_cis,1993,9685.02739726
total_cis,1994,9173.02739726
total_cis,1995,8701.02739726
total_cis,1996,8539.02739726
total_cis,1997,8293.02739726
total_cis,1998,8284.02739726
total_cis,1999,8222.02739726
total_cis,2000,8015.02739726
total_cis,2001,7795.02739726
total_cis,2002,7671.02739726
total_cis,2003,7460.02739726
total_cis,2004,7443.02739726
total_cis,2005,7411.02739726
total_cis,2006,7527.02739726
total_cis,2007,7485.02739726
total_cis,2008,7441.02739726
total_cis,2009,7495.02739726
total_cis,2010,7529.02739726
total_cis,2011,7683.02739726
total_cis,2012,7552.02739726
total_cis,2013,8050.02739726
total_cis,2014,8173.02739726
total_cis,2015,8308.10958904
total_cis,2016,8378.10958904
total_cis,2017,8399.10958904
total_europe,1965,8675.63125
total_europe,1966,10232.2
total_europe,1967,11761.5
total_europe,1968,13001
total_europe,1969,14664.85
total_europe,1970,15862.55
total_europe,1971,17376.1
total_europe,1972,18593
total_europe,1973,20031
total_europe,1974,21031
total_europe,1975,22104
total_europe,1976,22890
total_europe,1977,22784
total_europe,1978,22581
total_europe,1979,22075
total_europe,1980,21987
total_europe,1981,21465
total_europe,1982,19973
total_europe,1983,18802
total_europe,1984,18058
total_europe,1985,17619
total_europe,1986,17442
total_europe,1987,17474
total_europe,1988,17288
total_europe,1989,17095
total_europe,1990,17020
total_europe,1991,17131
total_europe,1992,16805
total_europe,1993,16627
total_europe,1994,16794
total_europe,1995,16732
total_europe,1996,16765
total_europe,1997,16897
total_europe,1998,16961
total_europe,1999,17013
total_europe,2000,17036
total_europe,2001,17132
total_europe,2002,17190.5
total_europe,2003,17224.5
total_europe,2004,17202.04265753
total_europe,2005,17257.11671233
total_europe,2006,17306.82512329
total_europe,2007,17087.64720548
total_europe,2008,17112.538
total_europe,2009,16860.29624658
total_europe,2010,16617.70286301
total_europe,2011,16516.04582192
total_europe,2012,15961.79193151
total_europe,2013,15552.35754795
total_europe,2014,15438.45505479
total_europe,2015,15413.95027397
total_europe,2016,15192.62443836
total_europe,2017,15179.93410959
total_middle_east,1965,1701.85
total_middle_east,1966,1833.15
total_middle_east,1967,1845.25
total_middle_east,1968,2031.1
total_middle_east,1969,2088.85
total_middle_east,1970,2465.55
total_middle_east,1971,2553.6
total_middle_east,1972,2597
total_middle_east,1973,2718
total_middle_east,1974,2827
total_middle_east,1975,3061
total_middle_east,1976,3115
total_middle_east,1977,3320
total_middle_east,1978,3337
total_middle_east,1979,3482
total_middle_east,1980,3135
total_middle_east,1981,3270
total_middle_east,1982,3386
total_middle_east,1983,3879
total_middle_east,1984,4440
total_middle_east,1985,4635
total_middle_east,1986,4811
total_middle_east,1987,5101
total_middle_east,1988,5111
total_middle_east,1989,5544
total_middle_east,1990,4960
total_middle_east,1991,4510
total_middle_east,1992,5013
total_middle_east,1993,5343
total_middle_east,1994,5696
total_middle_east,1995,5849
total_middle_east,1996,5949
total_middle_east,1997,6183
total_middle_east,1998,6368
total_middle_east,1999,6607
total_middle_east,2000,6641
total_middle_east,2001,6783
total_middle_east,2002,6952
total_middle_east,2003,7246
total_middle_east,2004,7293
total_middle_east,2005,7331
total_middle_east,2006,7542
total_middle_east,2007,7559
total_middle_east,2008,7656
total_middle_east,2009,7994
total_middle_east,2010,8060
total_middle_east,2011,8096
total_middle_east,2012,8229
total_middle_east,2013,8402
total_middle_east,2014,8925
total_middle_east,2015,9318
total_middle_east,2016,9480
total_middle_east,2017,9518
total_north_america,1965,11896.14362841
total_north_america,1966,12217.46848407
total_north_america,1967,13045.52663357
total_north_america,1968,13505.03938448
total_north_america,1969,13889.32125028
total_north_america,1970,14818.46378135
total_north_america,1971,15503.58479493
total_north_america,1972,15917.97732026
total_north_america,1973,16928.06574313
total_north_america,1974,17716.31977869
total_north_america,1975,18075.3556227
total_north_america,1976,19372.01455752
total_north_america,1977,20024.97076857
total_north_america,1978,20647.52930613
total_north_america,1979,21312.54308438
total_north_america,1980,22000.90174046
total_north_america,1981,21271.37387581
total_north_america,1982,20167.68293259
total_north_america,1983,19231.35723195
total_north_america,1984,18820.90588383
total_north_america,1985,18602.95524342
total_north_america,1986,18631.26811285
total_north_america,1987,19264.59696393
total_north_america,1988,18959.84575957
total_north_america,1989,19082.22610482
total_north_america,1990,19226.50557338
total_north_america,1991,19050.85771828
total_north_america,1992,18479.009313
total_north_america,1993,18298.0954342
total_north_america,1994,18709.68723577
total_north_america,1995,18568.87273376
total_north_america,1996,18702.93683049
total_north_america,1997,18970.58651315
total_north_america,1998,19554.20555158
total_north_america,1999,19821.93644816
total_north_america,2000,19936.63891614
total_north_america,2001,20183.34155999
total_north_america,2002,20142.63789913
total_north_america,2003,20315.61561658
total_north_america,2004,20503.1173715
total_north_america,2005,20697.75165252
total_north_america,2006,20820.70784254
total_north_america,2007,20963.52135946
total_north_america,2008,21085.97007309
total_north_america,2009,21022.87871083
total_north_america,2010,21112.55431358
total_north_america,2011,20932.21360488
total_north_america,2012,21444.01181444
total_north_america,2013,21459.57155441
total_north_america,2014,21340.34155441
total_north_america,2015,21767.68949385
total_north_america,2016,22076.60796604
total_north_america,2017,22080.97708437
total_s_cent_america,1965,3561.83
total_s_cent_america,1966,3799.015
total_s_cent_america,1967,3969.355
total_s_cent_america,1968,4171.875
total_s_cent_america,1969,4422.725
total_s_cent_america,1970,4807.525
total_s_cent_america,1971,5321.42285
total_s_cent_america,1972,6005.01
total_s_cent_america,1973,6636.35
total_s_cent_america,1974,6796.35
total_s_cent_america,1975,6886.225
total_s_cent_america,1976,6860.25
total_s_cent_america,1977,7109.95
total_s_cent_america,1978,7129.1
total_s_cent_america,1979,7091.1
total_s_cent_america,1980,7203.1
total_s_cent_america,1981,7164.1
total_s_cent_america,1982,6864.1
total_s_cent_america,1983,6786.1
total_s_cent_america,1984,6531.1
total_s_cent_america,1985,5821.1
total_s_cent_america,1986,5769.1
total_s_cent_america,1987,5826.5
total_s_cent_america,1988,5785.5
total_s_cent_america,1989,5942.5
total_s_cent_america,1990,6003.5
total_s_cent_america,1991,6065.5
total_s_cent_america,1992,6080
total_s_cent_america,1993,6019
total_s_cent_america,1994,5984
total_s_cent_america,1995,5860
total_s_cent_america,1996,5842
total_s_cent_america,1997,6076.81276932
total_s_cent_america,1998,6097.03766451
total_s_cent_america,1999,6157.58389067
total_s_cent_america,2000,6236.36177253
total_s_cent_america,2001,6248.36177253
total_s_cent_america,2002,6249.54449667
total_s_cent_america,2003,6351.38906081
total_s_cent_america,2004,6414.718
total_s_cent_america,2005,6425.851
total_s_cent_america,2006,6446.007
total_s_cent_america,2007,6536.105
total_s_cent_america,2008,6541.504
total_s_cent_america,2009,6309.741
total_s_cent_america,2010,6310.741
total_s_cent_america,2011,6452.795
total_s_cent_america,2012,5822.235
total_s_cent_america,2013,5920.852
total_s_cent_america,2014,6081.378
total_s_cent_america,2015,6217.4
total_s_cent_america,2016,6224.869
total_s_cent_america,2017,6221.07566362
total_world,1965,34764.7659743
total_world,1966,37799.69773065
total_world,1967,40902.62012672
total_world,1968,44064.82274065
total_world,1969,47347.29090782
total_world,1970,51648.79260327
total_world,1971,55701.47071342
total_world,1972,59895.44148465
total_world,1973,64464.87483902
total_world,1974,68363.02832664
total_world,1975,70793.13445832
total_world,1976,74093.48442053
total_world,1977,76274.78994665
total_world,1978,77025.12930613
total_world,1979,77591.14308438
total_world,1980,78816.55174046
total_world,1981,78002.62387581
total_world,1982,75959.63156272
total_world,1983,73565.30586209
total_world,1984,73205.35451397
total_world,1985,72421.90387356
total_world,1986,72468.21674298
total_world,1987,73491.94559407
total_world,1988,72989.24438971
total_world,1989,73891.40473496
total_world,1990,73899.68420351
total_world,1991,73913.61511554
total_world,1992,73768.68671027
total_world,1993,74244.97283146
total_world,1994,75175.86463303
total_world,1995,75638.15013102
total_world,1996,77079.01422775
total_world,1997,78156.97667973
total_world,1998,79456.07061336
total_world,1999,81229.79773609
total_world,2000,81925.27808593
total_world,2001,82854.48735307
total_world,2002,83875.80512278
total_world,2003,84405.81410109
total_world,2004,85443.96066169
total_world,2005,86482.43109775
total_world,2006,88032.80616613
total_world,2007,88662.91971392
total_world,2008,90024.99090112
total_world,2009,91644.78363927
total_world,2010,92513.37782256
total_world,2011,93484.46144228
total_world,2012,94083.01045995
total_world,2013,95149.86257811
total_world,2014,96539.56253701
total_world,2015,97046.08248819
total_world,2016,97562.29028408
total_world,2017,98139.40838311
trinidad_tobago,1965,341
trinidad_tobago,1966,390
trinidad_tobago,1967,405
trinidad_tobago,1968,430
trinidad_tobago,1969,433
trinidad_tobago,1970,436
trinidad_tobago,1971,436
trinidad_tobago,1972,450
trinidad_tobago,1973,450
trinidad_tobago,1974,456
trinidad_tobago,1975,456
trinidad_tobago,1976,456
trinidad_tobago,1977,456
trinidad_tobago,1978,436
trinidad_tobago,1979,436
trinidad_tobago,1980,436
trinidad_tobago,1981,436
trinidad_tobago,1982,410
trinidad_tobago,1983,355
trinidad_tobago,1984,310
trinidad_tobago,1985,300
trinidad_tobago,1986,300
trinidad_tobago,1987,300
trinidad_tobago,1988,300
trinidad_tobago,1989,300
trinidad_tobago,1990,273
trinidad_tobago,1991,240
trinidad_tobago,1992,240
trinidad_tobago,1993,240
trinidad_tobago,1994,240
trinidad_tobago,1995,240
trinidad_tobago,1996,165
trinidad_tobago,1997,165
trinidad_tobago,1998,165
trinidad_tobago,1999,165
trinidad_tobago,2000,165
trinidad_tobago,2001,165
trinidad_tobago,2002,165
trinidad_tobago,2003,165
trinidad_tobago,2004,165
trinidad_tobago,2005,165
trinidad_tobago,2006,165
trinidad_tobago,2007,165
trinidad_tobago,2008,165
trinidad_tobago,2009,165
trinidad_tobago,2010,165
trinidad_tobago,2011,165
trinidad_tobago,2012,165
trinidad_tobago,2013,165
trinidad_tobago,2014,165
trinidad_tobago,2015,165
trinidad_tobago,2016,165
trinidad_tobago,2017,165
turkey,1965,96
turkey,1966,96
turkey,1967,120
turkey,1968,120
turkey,1969,204
turkey,1970,204
turkey,1971,204
turkey,1972,280
turkey,1973,281
turkey,1974,281
turkey,1975,281
turkey,1976,280
turkey,1977,311
turkey,1978,320
turkey,1979,350
turkey,1980,366
turkey,1981,366
turkey,1982,466
turkey,1983,466
turkey,1984,466
turkey,1985,466
turkey,1986,579
turkey,1987,703
turkey,1988,703
turkey,1989,703
turkey,1990,703
turkey,1991,708
turkey,1992,713
turkey,1993,713
turkey,1994,713
turkey,1995,713
turkey,1996,713
turkey,1997,713
turkey,1998,713
turkey,1999,713
turkey,2000,713
turkey,2001,713
turkey,2002,713
turkey,2003,713
turkey,2004,613
turkey,2005,613
turkey,2006,613
turkey,2007,613
turkey,2008,613
turkey,2009,613
turkey,2010,613
turkey,2011,596
turkey,2012,596
turkey,2013,596
turkey,2014,596
turkey,2015,596
turkey,2016,596
turkey,2017,596
turkmenistan,1980,130
turkmenistan,1981,130
turkmenistan,1982,170.69863014
turkmenistan,1983,170.69863014
turkmenistan,1984,170.69863014
turkmenistan,1985,170.69863014
turkmenistan,1986,170.69863014
turkmenistan,1987,170.69863014
turkmenistan,1988,170.69863014
turkmenistan,1989,170.69863014
turkmenistan,1990,170.69863014
turkmenistan,1991,251.02739726
turkmenistan,1992,251.02739726
turkmenistan,1993,251.02739726
turkmenistan,1994,251.02739726
turkmenistan,1995,251.02739726
turkmenistan,1996,251.02739726
turkmenistan,1997,251.02739726
turkmenistan,1998,251.02739726
turkmenistan,1999,251.02739726
turkmenistan,2000,251.02739726
turkmenistan,2001,251.02739726
turkmenistan,2002,251.02739726
turkmenistan,2003,251.02739726
turkmenistan,2004,251.02739726
turkmenistan,2005,251.02739726
turkmenistan,2006,251.02739726
turkmenistan,2007,251.02739726
turkmenistan,2008,251.02739726
turkmenistan,2009,251.02739726
turkmenistan,2010,251.02739726
turkmenistan,2011,251.02739726
turkmenistan,2012,251.02739726
turkmenistan,2013,251.02739726
turkmenistan,2014,251.02739726
turkmenistan,2015,271.10958904
turkmenistan,2016,271.10958904
turkmenistan,2017,271.10958904
ukraine,1980,1133
ukraine,1981,1133
ukraine,1982,1133
ukraine,1983,1293
ukraine,1984,1293
ukraine,1985,1293
ukraine,1986,1293
ukraine,1987,1293
ukraine,1988,1293
ukraine,1989,1293
ukraine,1990,1233
ukraine,1991,1233
ukraine,1992,1233
ukraine,1993,1233
ukraine,1994,1083
ukraine,1995,1083
ukraine,1996,1083
ukraine,1997,1083
ukraine,1998,1083
ukraine,1999,1083
ukraine,2000,891
ukraine,2001,731
ukraine,2002,699
ukraine,2003,639
ukraine,2004,639
ukraine,2005,525
ukraine,2006,525
ukraine,2007,526
ukraine,2008,566
ukraine,2009,582
ukraine,2010,474
ukraine,2011,474
ukraine,2012,248
ukraine,2013,262
ukraine,2014,240
ukraine,2015,240
ukraine,2016,240
ukraine,2017,240
united_arab_emirates,1965,0
united_arab_emirates,1966,0
united_arab_emirates,1967,0
united_arab_emirates,1968,0
united_arab_emirates,1969,0
united_arab_emirates,1970,0
united_arab_emirates,1971,0
united_arab_emirates,1972,0
united_arab_emirates,1973,0
united_arab_emirates,1974,0
united_arab_emirates,1975,0
united_arab_emirates,1976,15
united_arab_emirates,1977,15
united_arab_emirates,1978,15
united_arab_emirates,1979,15
united_arab_emirates,1980,15
united_arab_emirates,1981,135
united_arab_emirates,1982,135
united_arab_emirates,1983,180
united_arab_emirates,1984,180
united_arab_emirates,1985,180
united_arab_emirates,1986,180
united_arab_emirates,1987,180
united_arab_emirates,1988,180
united_arab_emirates,1989,180
united_arab_emirates,1990,185
united_arab_emirates,1991,192
united_arab_emirates,1992,202
united_arab_emirates,1993,215
united_arab_emirates,1994,220
united_arab_emirates,1995,220
united_arab_emirates,1996,273
united_arab_emirates,1997,279
united_arab_emirates,1998,220
united_arab_emirates,1999,340
united_arab_emirates,2000,630
united_arab_emirates,2001,674
united_arab_emirates,2002,711
united_arab_emirates,2003,620
united_arab_emirates,2004,620
united_arab_emirates,2005,620
united_arab_emirates,2006,620
united_arab_emirates,2007,625
united_arab_emirates,2008,680
united_arab_emirates,2009,700
united_arab_emirates,2010,700
united_arab_emirates,2011,705
united_arab_emirates,2012,710
united_arab_emirates,2013,710
united_arab_emirates,2014,726
united_arab_emirates,2015,1147
united_arab_emirates,2016,1147
united_arab_emirates,2017,1147
united_kingdom,1965,1474
united_kingdom,1966,1683
united_kingdom,1967,1731
united_kingdom,1968,1957
united_kingdom,1969,2195
united_kingdom,1970,2305
united_kingdom,1971,2450
united_kingdom,1972,2487
united_kingdom,1973,2852
united_kingdom,1974,2984
united_kingdom,1975,2940
united_kingdom,1976,2916
united_kingdom,1977,2801
united_kingdom,1978,2681
united_kingdom,1979,2677
united_kingdom,1980,2614
united_kingdom,1981,2518
united_kingdom,1982,2281
united_kingdom,1983,2022
united_kingdom,1984,1919
united_kingdom,1985,1864
united_kingdom,1986,1805
united_kingdom,1987,1823
united_kingdom,1988,1814
united_kingdom,1989,1827
united_kingdom,1990,1850
united_kingdom,1991,1827
united_kingdom,1992,1837
united_kingdom,1993,1844
united_kingdom,1994,1866
united_kingdom,1995,1844
united_kingdom,1996,1873
united_kingdom,1997,1823
united_kingdom,1998,1848
united_kingdom,1999,1777
united_kingdom,2000,1778
united_kingdom,2001,1769
united_kingdom,2002,1785
united_kingdom,2003,1813
united_kingdom,2004,1847.56164384
united_kingdom,2005,1819.44657534
united_kingdom,2006,1835.51232877
united_kingdom,2007,1819.44657534
united_kingdom,2008,1827.47945205
united_kingdom,2009,1757.19178082
united_kingdom,2010,1757.19178082
united_kingdom,2011,1787.31506849
united_kingdom,2012,1526.24657534
united_kingdom,2013,1498.13150685
united_kingdom,2014,1337.4739726
united_kingdom,2015,1337.4739726
united_kingdom,2016,1227.02191781
united_kingdom,2017,1227.02191781
us,1965,10390
us,1966,10660
us,1967,11350
us,1968,11700
us,1969,12020
us,1970,12860
us,1971,13290
us,1972,13640
us,1973,14360
us,1974,14960
us,1975,15240
us,1976,16400
us,1977,17050
us,1978,17440
us,1979,17990
us,1980,18620
us,1981,17890
us,1982,16860
us,1983,16140
us,1984,15660
us,1985,15460
us,1986,15570
us,1987,15920
us,1988,15650
us,1989,15570
us,1990,15680
us,1991,15700
us,1992,15120
us,1993,15030
us,1994,15434
us,1995,15333
us,1996,15452
us,1997,15711
us,1998,16261
us,1999,16512
us,2000,16595
us,2001,16785
us,2002,16757
us,2003,16894
us,2004,17124.87
us,2005,17338.814
us,2006,17443.492
us,2007,17593.847
us,2008,17671.55
us,2009,17583.79
us,2010,17736.37
us,2011,17322.178
us,2012,17823.659
us,2013,17924.63
us,2014,17889
us,2015,18315
us,2016,18621
us,2017,18567
ussr,1965,4518.49315068
ussr,1966,4779.56164384
ussr,1967,5060.71232877
ussr,1968,5341.8630137
ussr,1969,5623.01369863
ussr,1970,6104.98630137
ussr,1971,6526.71232877
ussr,1972,6827.94520548
ussr,1973,7229.5890411
ussr,1974,8032.87671233
ussr,1975,8434.52054795
ussr,1976,9036.98630137
ussr,1977,9840.2739726
ussr,1978,9762
ussr,1979,9942
uzbekistan,1980,175
uzbekistan,1981,175
uzbekistan,1982,175
uzbekistan,1983,175
uzbekistan,1984,175
uzbekistan,1985,175
uzbekistan,1986,175
uzbekistan,1987,175
uzbekistan,1988,175
uzbekistan,1989,175
uzbekistan,1990,175
uzbekistan,1991,175
uzbekistan,1992,175
uzbekistan,1993,175
uzbekistan,1994,175
uzbekistan,1995,175
uzbekistan,1996,175
uzbekistan,1997,232
uzbekistan,1998,232
uzbekistan,1999,232
uzbekistan,2000,232
uzbekistan,2001,232
uzbekistan,2002,232
uzbekistan,2003,232
uzbekistan,2004,232
uzbekistan,2005,232
uzbekistan,2006,232
uzbekistan,2007,232
uzbekistan,2008,232
uzbekistan,2009,232
uzbekistan,2010,232
uzbekistan,2011,232
uzbekistan,2012,232
uzbekistan,2013,232
uzbekistan,2014,232
uzbekistan,2015,232
uzbekistan,2016,232
uzbekistan,2017,232
venezuela,1965,1120
venezuela,1966,1135
venezuela,1967,1217
venezuela,1968,1222
venezuela,1969,1258
venezuela,1970,1289
venezuela,1971,1295
venezuela,1972,1474
venezuela,1973,1474
venezuela,1974,1474
venezuela,1975,1445
venezuela,1976,1445
venezuela,1977,1445
venezuela,1978,1371
venezuela,1979,1371
venezuela,1980,1283
venezuela,1981,1263
venezuela,1982,1253
venezuela,1983,1243
venezuela,1984,1243
venezuela,1985,1243
venezuela,1986,1186
venezuela,1987,1186
venezuela,1988,1186
venezuela,1989,1186
venezuela,1990,1186
venezuela,1991,1196
venezuela,1992,1202
venezuela,1993,1202
venezuela,1994,1202
venezuela,1995,1212
venezuela,1996,1212
venezuela,1997,1212
venezuela,1998,1215
venezuela,1999,1226
venezuela,2000,1269
venezuela,2001,1269
venezuela,2002,1269
venezuela,2003,1269
venezuela,2004,1284
venezuela,2005,1291
venezuela,2006,1294
venezuela,2007,1303
venezuela,2008,1303
venezuela,2009,1303
venezuela,2010,1303
venezuela,2011,1303
venezuela,2012,1303
venezuela,2013,1303
venezuela,2014,1303
venezuela,2015,1303
venezuela,2016,1303
venezuela,2017,1303
vietnam,1965,0
vietnam,1966,0
vietnam,1967,0
vietnam,1968,0
vietnam,1969,0
vietnam,1970,0
vietnam,1971,0
vietnam,1972,0
vietnam,1973,0
vietnam,1974,0
vietnam,1975,0
vietnam,1976,0
vietnam,1977,0
vietnam,1978,0
vietnam,1979,0
vietnam,1980,0
vietnam,1981,0
vietnam,1982,0
vietnam,1983,0
vietnam,1984,0
vietnam,1985,0
vietnam,1986,0
vietnam,1987,0
vietnam,1988,1
vietnam,1989,1
vietnam,1990,1
vietnam,1991,1
vietnam,1992,0
vietnam,1993,0
vietnam,1994,0
vietnam,1995,0
vietnam,1996,0
vietnam,1997,0
vietnam,1998,3
vietnam,1999,8
vietnam,2000,8
vietnam,2001,8
vietnam,2002,8
vietnam,2003,8
vietnam,2004,11
vietnam,2005,11
vietnam,2006,11
vietnam,2007,11
vietnam,2008,11
vietnam,2009,159
vietnam,2010,159
vietnam,2011,159
vietnam,2012,159
vietnam,2013,159
vietnam,2014,159
vietnam,2015,159
vietnam,2016,163
vietnam,2017,167
