geo,year,gas_proved_reserves_history
algeria,1980,3.7210
algeria,1981,3.6780
algeria,1982,3.6130
algeria,1983,3.5310
algeria,1984,3.4420
algeria,1985,3.3490
algeria,1986,3.2590
algeria,1987,3.1630
algeria,1988,3.2340
algeria,1989,3.2500
algeria,1990,3.3000
algeria,1991,3.6260
algeria,1992,3.6500
algeria,1993,3.7000
algeria,1994,2.9630
algeria,1995,3.6900
algeria,1996,3.7000
algeria,1997,4.0770
algeria,1998,4.0770
algeria,1999,4.5200
algeria,2000,4.5230
algeria,2001,4.5230
algeria,2002,4.5230
algeria,2003,4.5450
algeria,2004,4.5450
algeria,2005,4.5042
algeria,2006,4.5042
algeria,2007,4.5040
algeria,2008,4.5040
algeria,2009,4.5040
algeria,2010,4.5040
algeria,2011,4.5040
algeria,2012,4.5039
algeria,2013,4.5039
algeria,2014,4.5040
algeria,2015,4.5040
argentina,1980,0.64100
argentina,1981,0.64800
argentina,1982,0.69200
argentina,1983,0.67900
argentina,1984,0.66800
argentina,1985,0.68100
argentina,1986,0.67100
argentina,1987,0.69300
argentina,1988,0.77300
argentina,1989,0.67100
argentina,1990,0.66000
argentina,1991,0.64300
argentina,1992,0.54100
argentina,1993,0.51700
argentina,1994,0.53500
argentina,1995,0.61900
argentina,1996,0.64200
argentina,1997,0.68400
argentina,1998,0.68700
argentina,1999,0.72900
argentina,2000,0.77800
argentina,2001,0.76400
argentina,2002,0.66400
argentina,2003,0.61200
argentina,2004,0.54200
argentina,2005,0.43900
argentina,2006,0.44600
argentina,2007,0.44197
argentina,2008,0.39853
argentina,2009,0.37868
argentina,2010,0.35871
argentina,2011,0.33251
argentina,2012,0.31551
argentina,2013,0.32826
argentina,2014,0.33222
argentina,2015,0.33222
australia,1980,0.17216
australia,1981,0.43411
australia,1982,0.60902
australia,1983,0.59762
australia,1984,0.65463
australia,1985,0.67363
australia,1986,0.85700
australia,1987,1.0157
australia,1988,0.98146
australia,1989,0.90736
australia,1990,0.88075
australia,1991,0.90261
australia,1992,0.95581
australia,1993,0.94251
australia,1994,1.2275
australia,1995,1.2009
australia,1996,1.2922
australia,1997,1.4195
australia,1998,1.8898
australia,1999,1.8898
australia,2000,2.0931
australia,2001,2.5339
australia,2002,2.4019
australia,2003,2.2628
australia,2004,2.2067
australia,2005,2.2362
australia,2006,2.2559
australia,2007,2.1783
australia,2008,3.3415
australia,2009,3.3539
australia,2010,3.4833
australia,2011,3.4714
australia,2012,3.4714
australia,2013,3.4714
australia,2014,3.4714
australia,2015,3.4714
azerbaijan,1997,0.57096
azerbaijan,1998,0.57096
azerbaijan,1999,0.86225
azerbaijan,2000,0.86225
azerbaijan,2001,0.86225
azerbaijan,2002,0.86225
azerbaijan,2003,0.86225
azerbaijan,2004,0.86225
azerbaijan,2005,0.86225
azerbaijan,2006,0.86225
azerbaijan,2007,0.86901
azerbaijan,2008,0.91905
azerbaijan,2009,0.88592
azerbaijan,2010,0.88900
azerbaijan,2011,0.88900
azerbaijan,2012,0.88900
azerbaijan,2013,0.87788
azerbaijan,2014,1.1662
azerbaijan,2015,1.1483
bahrain,1980,0.23300
bahrain,1981,0.22500
bahrain,1982,0.22200
bahrain,1983,0.21800
bahrain,1984,0.21400
bahrain,1985,0.20900
bahrain,1986,0.20400
bahrain,1987,0.19800
bahrain,1988,0.19000
bahrain,1989,0.18300
bahrain,1990,0.17700
bahrain,1991,0.17300
bahrain,1992,0.16700
bahrain,1993,0.15900
bahrain,1994,0.15300
bahrain,1995,0.14700
bahrain,1996,0.14200
bahrain,1997,0.14200
bahrain,1998,0.14200
bahrain,1999,0.11800
bahrain,2000,0.11000
bahrain,2001,0.11000
bahrain,2002,0.11000
bahrain,2003,0.092000
bahrain,2004,0.090000
bahrain,2005,0.090000
bahrain,2006,0.090000
bahrain,2007,0.085000
bahrain,2008,0.090000
bahrain,2009,0.23163
bahrain,2010,0.21895
bahrain,2011,0.21895
bahrain,2012,0.19932
bahrain,2013,0.19051
bahrain,2014,0.18126
bahrain,2015,0.17206
bangladesh,1980,0.28600
bangladesh,1981,0.31700
bangladesh,1982,0.33900
bangladesh,1983,0.31100
bangladesh,1984,0.35300
bangladesh,1985,0.35300
bangladesh,1986,0.35400
bangladesh,1987,0.35400
bangladesh,1988,0.35000
bangladesh,1989,0.72500
bangladesh,1990,0.72500
bangladesh,1991,0.72000
bangladesh,1992,0.30300
bangladesh,1993,0.29700
bangladesh,1994,0.30100
bangladesh,1995,0.27200
bangladesh,1996,0.30000
bangladesh,1997,0.29700
bangladesh,1998,0.29700
bangladesh,1999,0.32300
bangladesh,2000,0.30600
bangladesh,2001,0.34000
bangladesh,2002,0.34000
bangladesh,2003,0.43300
bangladesh,2004,0.42200
bangladesh,2005,0.40700
bangladesh,2006,0.38300
bangladesh,2007,0.37400
bangladesh,2008,0.34400
bangladesh,2009,0.36400
bangladesh,2010,0.35400
bangladesh,2011,0.34900
bangladesh,2012,0.27572
bangladesh,2013,0.25321
bangladesh,2014,0.23215
bangladesh,2015,0.23215
bolivia,1980,0.12200
bolivia,1981,0.15400
bolivia,1982,0.14600
bolivia,1983,0.13400
bolivia,1984,0.12500
bolivia,1985,0.12900
bolivia,1986,0.13700
bolivia,1987,0.14200
bolivia,1988,0.14700
bolivia,1989,0.11600
bolivia,1990,0.11300
bolivia,1991,0.11600
bolivia,1992,0.12000
bolivia,1993,0.11800
bolivia,1994,0.10800
bolivia,1995,0.12700
bolivia,1996,0.10800
bolivia,1997,0.11800
bolivia,1998,0.15000
bolivia,1999,0.51800
bolivia,2000,0.67500
bolivia,2001,0.77500
bolivia,2002,0.81300
bolivia,2003,0.78200
bolivia,2004,0.75700
bolivia,2005,0.75606
bolivia,2006,0.74000
bolivia,2007,0.71000
bolivia,2008,0.71000
bolivia,2009,0.28147
bolivia,2010,0.28100
bolivia,2011,0.28100
bolivia,2012,0.31715
bolivia,2013,0.29733
bolivia,2014,0.28100
bolivia,2015,0.28100
brazil,1980,0.052205
brazil,1981,0.059100
brazil,1982,0.070920
brazil,1983,0.080770
brazil,1984,0.082740
brazil,1985,0.091605
brazil,1986,0.094560
brazil,1987,0.10343
brazil,1988,0.10736
brazil,1989,0.11426
brazil,1990,0.11327
brazil,1991,0.12214
brazil,1992,0.13101
brazil,1993,0.13495
brazil,1994,0.14381
brazil,1995,0.15169
brazil,1996,0.15563
brazil,1997,0.22458
brazil,1998,0.22261
brazil,1999,0.22753
brazil,2000,0.21768
brazil,2001,0.21654
brazil,2002,0.24088
brazil,2003,0.24166
brazil,2004,0.32119
brazil,2005,0.30180
brazil,2006,0.34268
brazil,2007,0.35952
brazil,2008,0.35877
brazil,2009,0.36159
brazil,2010,0.41666
brazil,2011,0.45251
brazil,2012,0.45230
brazil,2013,0.45129
brazil,2014,0.46403
brazil,2015,0.42351
brunei,1980,0.20700
brunei,1981,0.21200
brunei,1982,0.22100
brunei,1983,0.21800
brunei,1984,0.23800
brunei,1985,0.23800
brunei,1986,0.34000
brunei,1987,0.33100
brunei,1988,0.32200
brunei,1989,0.31700
brunei,1990,0.33100
brunei,1991,0.39600
brunei,1992,0.40000
brunei,1993,0.40000
brunei,1994,0.40000
brunei,1995,0.40000
brunei,1996,0.40000
brunei,1997,0.39100
brunei,1998,0.38200
brunei,1999,0.37400
brunei,2000,0.36600
brunei,2001,0.35600
brunei,2002,0.35000
brunei,2003,0.34500
brunei,2004,0.34300
brunei,2005,0.34000
brunei,2006,0.33100
brunei,2007,0.34300
brunei,2008,0.32100
brunei,2009,0.30900
brunei,2010,0.30124
brunei,2011,0.28800
brunei,2012,0.28800
brunei,2013,0.27600
brunei,2014,0.27600
brunei,2015,0.27600
canada,1980,2.4920
canada,1981,2.5630
canada,1982,2.5910
canada,1983,2.6130
canada,1984,2.8090
canada,1985,2.7840
canada,1986,2.7460
canada,1987,2.6930
canada,1988,2.6710
canada,1989,2.7320
canada,1990,2.7250
canada,1991,2.7110
canada,1992,2.6720
canada,1993,2.2320
canada,1994,1.8980
canada,1995,1.9290
canada,1996,1.9420
canada,1997,1.8090
canada,1998,1.7480
canada,1999,1.7190
canada,2000,1.6830
canada,2001,1.6940
canada,2002,1.6640
canada,2003,1.6030
canada,2004,1.6000
canada,2005,1.6326
canada,2006,1.6397
canada,2007,1.6338
canada,2008,1.7542
canada,2009,1.7275
canada,2010,1.9770
canada,2011,1.9205
canada,2012,1.9995
canada,2013,2.0277
canada,2014,1.9871
canada,2015,1.9871
china,1980,0.72611
china,1981,0.72260
china,1982,0.88759
china,1983,0.90206
china,1984,0.91931
china,1985,0.90092
china,1986,0.89369
china,1987,0.92365
china,1988,0.95268
china,1989,1.0567
china,1990,1.0321
china,1991,1.0350
china,1992,1.4453
china,1993,1.7261
china,1994,1.7251
china,1995,1.7251
china,1996,1.2092
china,1997,1.1988
china,1998,1.4122
china,1999,1.4122
china,2000,1.4122
china,2001,1.4131
china,2002,1.3100
china,2003,1.3804
china,2004,1.4962
china,2005,1.5855
china,2006,1.7393
china,2007,2.3299
china,2008,2.7786
china,2009,2.9402
china,2010,2.8161
china,2011,3.0025
china,2012,3.2187
china,2013,3.4592
china,2014,3.6662
china,2015,3.8413
colombia,1980,0.12200
colombia,1981,0.12200
colombia,1982,0.12000
colombia,1983,0.11300
colombia,1984,0.10900
colombia,1985,0.10700
colombia,1986,0.11300
colombia,1987,0.097000
colombia,1988,0.12700
colombia,1989,0.10900
colombia,1990,0.10100
colombia,1991,0.099000
colombia,1992,0.18500
colombia,1993,0.21100
colombia,1994,0.21400
colombia,1995,0.21700
colombia,1996,0.21700
colombia,1997,0.19600
colombia,1998,0.19600
colombia,1999,0.18800
colombia,2000,0.12900
colombia,2001,0.12800
colombia,2002,0.12000
colombia,2003,0.11400
colombia,2004,0.11900
colombia,2005,0.11300
colombia,2006,0.12300
colombia,2007,0.12496
colombia,2008,0.12414
colombia,2009,0.13414
colombia,2010,0.15305
colombia,2011,0.15469
colombia,2012,0.16217
colombia,2013,0.15597
colombia,2014,0.13473
colombia,2015,0.13473
denmark,1980,0.082000
denmark,1981,0.082000
denmark,1982,0.082000
denmark,1983,0.098000
denmark,1984,0.10300
denmark,1985,0.091000
denmark,1986,0.071000
denmark,1987,0.070000
denmark,1988,0.079000
denmark,1989,0.10800
denmark,1990,0.099000
denmark,1991,0.10100
denmark,1992,0.12900
denmark,1993,0.12600
denmark,1994,0.12400
denmark,1995,0.12000
denmark,1996,0.11400
denmark,1997,0.11100
denmark,1998,0.10400
denmark,1999,0.14200
denmark,2000,0.14400
denmark,2001,0.14100
denmark,2002,0.12900
denmark,2003,0.13600
denmark,2004,0.13200
denmark,2005,0.12200
denmark,2006,0.12000
denmark,2007,0.069000
denmark,2008,0.055000
denmark,2009,0.064000
denmark,2010,0.052000
denmark,2011,0.043000
denmark,2012,0.038000
denmark,2013,0.037000
denmark,2014,0.035000
denmark,2015,0.031000
egypt,1980,0.084000
egypt,1981,0.083000
egypt,1982,0.20300
egypt,1983,0.20000
egypt,1984,0.23500
egypt,1985,0.25500
egypt,1986,0.29000
egypt,1987,0.30700
egypt,1988,0.32900
egypt,1989,0.35100
egypt,1990,0.37900
egypt,1991,0.39600
egypt,1992,0.43600
egypt,1993,0.59500
egypt,1994,0.63100
egypt,1995,0.64500
egypt,1996,0.84900
egypt,1997,0.92700
egypt,1998,1.0200
egypt,1999,1.2230
egypt,2000,1.4330
egypt,2001,1.5570
egypt,2002,1.6570
egypt,2003,1.7248
egypt,2004,1.8700
egypt,2005,1.8950
egypt,2006,2.0470
egypt,2007,2.0700
egypt,2008,2.1500
egypt,2009,2.1900
egypt,2010,2.2100
egypt,2011,2.1900
egypt,2012,2.0400
egypt,2013,1.8463
egypt,2014,1.8463
egypt,2015,1.8463
germany,1980,0.22260
germany,1981,0.20832
germany,1982,0.20244
germany,1983,0.26880
germany,1984,0.25704
germany,1985,0.24864
germany,1986,0.32088
germany,1987,0.31584
germany,1988,0.30492
germany,1989,0.29484
germany,1990,0.18228
germany,1991,0.16380
germany,1992,0.16632
germany,1993,0.16632
germany,1994,0.18648
germany,1995,0.20175
germany,1996,0.20582
germany,1997,0.19232
germany,1998,0.19165
germany,1999,0.22682
germany,2000,0.22170
germany,2001,0.21378
germany,2002,0.20194
germany,2003,0.18220
germany,2004,0.16901
germany,2005,0.15700
germany,2006,0.13684
germany,2007,0.12457
germany,2008,0.10601
germany,2009,0.082572
germany,2010,0.073248
germany,2011,0.066780
germany,2012,0.059640
germany,2013,0.052500
germany,2014,0.043008
germany,2015,0.038976
india,1980,0.34300
india,1981,0.41100
india,1982,0.42000
india,1983,0.46200
india,1984,0.47800
india,1985,0.48000
india,1986,0.54100
india,1987,0.55200
india,1988,0.60000
india,1989,0.68600
india,1990,0.70000
india,1991,0.73000
india,1992,0.73500
india,1993,0.71800
india,1994,0.70200
india,1995,0.67611
india,1996,0.64131
india,1997,0.69226
india,1998,0.67476
india,1999,0.64796
india,2000,0.75981
india,2001,0.76295
india,2002,0.75071
india,2003,0.85400
india,2004,0.92300
india,2005,1.1010
india,2006,1.0750
india,2007,1.0550
india,2008,1.0900
india,2009,1.1153
india,2010,1.1486
india,2011,1.2781
india,2012,1.3302
india,2013,1.3548
india,2014,1.4271
india,2015,1.4885
indonesia,1980,0.82200
indonesia,1981,0.86367
indonesia,1982,0.96000
indonesia,1983,1.1893
indonesia,1984,1.6990
indonesia,1985,1.9822
indonesia,1986,2.2650
indonesia,1987,2.3670
indonesia,1988,2.5606
indonesia,1989,2.5527
indonesia,1990,2.8636
indonesia,1991,1.8400
indonesia,1992,1.8200
indonesia,1993,1.8200
indonesia,1994,1.8200
indonesia,1995,1.9500
indonesia,1996,2.0500
indonesia,1997,2.1520
indonesia,1998,2.1810
indonesia,1999,2.6200
indonesia,2000,2.6820
indonesia,2001,2.6030
indonesia,2002,2.5570
indonesia,2003,2.5570
indonesia,2004,2.7690
indonesia,2005,2.4780
indonesia,2006,2.6320
indonesia,2007,3.0019
indonesia,2008,3.1848
indonesia,2009,3.0695
indonesia,2010,2.9651
indonesia,2011,2.9651
indonesia,2012,2.9265
indonesia,2013,2.8753
indonesia,2014,2.8390
indonesia,2015,2.8390
iran,1980,14.101
iran,1981,14.085
iran,1982,14.069
iran,1983,14.045
iran,1984,14.016
iran,1985,13.986
iran,1986,13.955
iran,1987,13.922
iran,1988,14.200
iran,1989,17.000
iran,1990,17.003
iran,1991,19.800
iran,1992,20.700
iran,1993,20.700
iran,1994,20.764
iran,1995,19.350
iran,1996,23.000
iran,1997,23.000
iran,1998,24.100
iran,1999,25.000
iran,2000,26.000
iran,2001,26.100
iran,2002,26.690
iran,2003,27.570
iran,2004,27.500
iran,2005,27.580
iran,2006,26.850
iran,2007,28.130
iran,2008,29.610
iran,2009,29.610
iran,2010,33.090
iran,2011,33.620
iran,2012,33.780
iran,2013,34.020
iran,2014,34.020
iran,2015,34.020
iraq,1980,0.77740
iraq,1981,0.77315
iraq,1982,0.81563
iraq,1983,0.82120
iraq,1984,0.81800
iraq,1985,0.82120
iraq,1986,0.82119
iraq,1987,1.0000
iraq,1988,2.6900
iraq,1989,3.1150
iraq,1990,3.1070
iraq,1991,3.1000
iraq,1992,3.1000
iraq,1993,3.1000
iraq,1994,3.1150
iraq,1995,3.3600
iraq,1996,3.3600
iraq,1997,3.1880
iraq,1998,3.1880
iraq,1999,3.2850
iraq,2000,3.1090
iraq,2001,3.1090
iraq,2002,3.1900
iraq,2003,3.1700
iraq,2004,3.1700
iraq,2005,3.1700
iraq,2006,3.1700
iraq,2007,3.1700
iraq,2008,3.1700
iraq,2009,3.1700
iraq,2010,3.1715
iraq,2011,3.5877
iraq,2012,3.5877
iraq,2013,3.5877
iraq,2014,3.6940
iraq,2015,3.6940
israel,1980,0.0030000
israel,1981,0.0020000
israel,1982,0.0010000
israel,1983,0.0010000
israel,1984,0.0010000
israel,1985,0.0010000
israel,1986,0.0010000
israel,1987,0.0010000
israel,1988,0.0010000
israel,1989,0.0010000
israel,1990,0.0010000
israel,1991,0.0010000
israel,1992,0.0010000
israel,1993,0.0010000
israel,1994,0.0010000
israel,1995,0.0010000
israel,1996,0.0010000
israel,1997,0.0010000
israel,1998,0.0010000
israel,1999,0.0020000
israel,2000,0.045000
israel,2001,0.045000
israel,2002,0.045000
israel,2003,0.047000
israel,2004,0.047000
israel,2005,0.045000
israel,2006,0.045000
israel,2007,0.044000
israel,2008,0.044000
israel,2009,0.090000
israel,2010,0.20200
israel,2011,0.20200
israel,2012,0.20200
israel,2013,0.19499
israel,2014,0.19004
israel,2015,0.18123
italy,1980,0.14667
italy,1981,0.16408
italy,1982,0.16500
italy,1983,0.21633
italy,1984,0.22917
italy,1985,0.23833
italy,1986,0.24292
italy,1987,0.27500
italy,1988,0.29975
italy,1989,0.30158
italy,1990,0.29517
italy,1991,0.33733
italy,1992,0.27592
italy,1993,0.26767
italy,1994,0.27317
italy,1995,0.27225
italy,1996,0.25483
italy,1997,0.25117
italy,1998,0.24292
italy,1999,0.19067
italy,2000,0.18242
italy,2001,0.16775
italy,2002,0.15767
italy,2003,0.12375
italy,2004,0.11425
italy,2005,0.10692
italy,2006,0.086301
italy,2007,0.076818
italy,2008,0.064027
italy,2009,0.058276
italy,2010,0.060516
italy,2011,0.057146
italy,2012,0.054473
italy,2013,0.051519
italy,2014,0.049237
italy,2015,0.045029
kazakhstan,1997,1.2688
kazakhstan,1998,1.2688
kazakhstan,1999,1.2443
kazakhstan,2000,1.2443
kazakhstan,2001,1.2443
kazakhstan,2002,1.2849
kazakhstan,2003,1.2849
kazakhstan,2004,1.2849
kazakhstan,2005,1.2849
kazakhstan,2006,1.2917
kazakhstan,2007,1.3187
kazakhstan,2008,1.3187
kazakhstan,2009,1.3187
kazakhstan,2010,1.3170
kazakhstan,2011,1.1913
kazakhstan,2012,0.82456
kazakhstan,2013,0.94132
kazakhstan,2014,0.93602
kazakhstan,2015,0.93602
kuwait,1980,1.0540
kuwait,1981,1.0460
kuwait,1982,1.0400
kuwait,1983,1.0360
kuwait,1984,1.0378
kuwait,1985,1.0365
kuwait,1986,1.1670
kuwait,1987,1.2050
kuwait,1988,1.3780
kuwait,1989,1.4000
kuwait,1990,1.5180
kuwait,1991,1.5110
kuwait,1992,1.4950
kuwait,1993,1.4920
kuwait,1994,1.4993
kuwait,1995,1.4940
kuwait,1996,1.4890
kuwait,1997,1.4900
kuwait,1998,1.4820
kuwait,1999,1.4820
kuwait,2000,1.5570
kuwait,2001,1.5570
kuwait,2002,1.5570
kuwait,2003,1.5720
kuwait,2004,1.5720
kuwait,2005,1.5720
kuwait,2006,1.7800
kuwait,2007,1.7840
kuwait,2008,1.7840
kuwait,2009,1.7840
kuwait,2010,1.7840
kuwait,2011,1.7840
kuwait,2012,1.7840
kuwait,2013,1.7840
kuwait,2014,1.7840
kuwait,2015,1.7840
libya,1980,0.68500
libya,1981,0.66500
libya,1982,0.65300
libya,1983,0.64000
libya,1984,0.62800
libya,1985,0.62600
libya,1986,0.72800
libya,1987,0.72700
libya,1988,0.82700
libya,1989,1.2180
libya,1990,1.2080
libya,1991,1.3090
libya,1992,1.2990
libya,1993,1.2890
libya,1994,1.3100
libya,1995,1.3130
libya,1996,1.3110
libya,1997,1.3140
libya,1998,1.3150
libya,1999,1.3150
libya,2000,1.3140
libya,2001,1.3140
libya,2002,1.5030
libya,2003,1.4910
libya,2004,1.4910
libya,2005,1.3160
libya,2006,1.4200
libya,2007,1.5400
libya,2008,1.5400
libya,2009,1.5490
libya,2010,1.4950
libya,2011,1.5470
libya,2012,1.5490
libya,2013,1.5060
libya,2014,1.5049
libya,2015,1.5049
malaysia,1980,0.85000
malaysia,1981,1.3700
malaysia,1982,1.3850
malaysia,1983,1.4000
malaysia,1984,1.3900
malaysia,1985,1.4940
malaysia,1986,1.5010
malaysia,1987,1.4870
malaysia,1988,1.4870
malaysia,1989,1.6140
malaysia,1990,1.6400
malaysia,1991,1.6740
malaysia,1992,1.7370
malaysia,1993,1.8250
malaysia,1994,1.9260
malaysia,1995,2.2710
malaysia,1996,2.4000
malaysia,1997,2.4640
malaysia,1998,2.4100
malaysia,1999,2.4760
malaysia,2000,2.3370
malaysia,2001,2.4800
malaysia,2002,2.5200
malaysia,2003,2.4640
malaysia,2004,2.4640
malaysia,2005,2.4800
malaysia,2006,2.4800
malaysia,2007,2.3824
malaysia,2008,2.3807
malaysia,2009,1.1350
malaysia,2010,1.0816
malaysia,2011,1.1067
malaysia,2012,1.0721
malaysia,2013,1.0783
malaysia,2014,1.1693
malaysia,2015,1.1693
mexico,1980,1.8270
mexico,1981,2.1340
mexico,1982,2.1340
mexico,1983,2.1810
mexico,1984,2.1720
mexico,1985,2.1670
mexico,1986,2.1460
mexico,1987,2.1190
mexico,1988,2.0780
mexico,1989,2.0600
mexico,1990,2.0250
mexico,1991,2.0090
mexico,1992,1.9830
mexico,1993,1.9730
mexico,1994,1.9370
mexico,1995,1.9160
mexico,1996,1.8100
mexico,1997,1.7970
mexico,1998,0.85100
mexico,1999,0.86100
mexico,2000,0.83500
mexico,2001,0.79700
mexico,2002,0.42400
mexico,2003,0.42100
mexico,2004,0.41900
mexico,2005,0.40800
mexico,2006,0.38796
mexico,2007,0.37300
mexico,2008,0.35900
mexico,2009,0.33884
mexico,2010,0.35380
mexico,2011,0.36057
mexico,2012,0.35999
mexico,2013,0.34752
mexico,2014,0.32415
mexico,2015,0.32415
myanmar,1980,0.093000
myanmar,1981,0.14600
myanmar,1982,0.14600
myanmar,1983,0.24500
myanmar,1984,0.26000
myanmar,1985,0.26800
myanmar,1986,0.26800
myanmar,1987,0.26800
myanmar,1988,0.26700
myanmar,1989,0.26600
myanmar,1990,0.26500
myanmar,1991,0.27800
myanmar,1992,0.27800
myanmar,1993,0.26800
myanmar,1994,0.26800
myanmar,1995,0.26800
myanmar,1996,0.28200
myanmar,1997,0.28300
myanmar,1998,0.28500
myanmar,1999,0.28700
myanmar,2000,0.28700
myanmar,2001,0.34500
myanmar,2002,0.44500
myanmar,2003,0.40500
myanmar,2004,0.48500
myanmar,2005,0.53800
myanmar,2006,0.53800
myanmar,2007,0.49441
myanmar,2008,0.34530
myanmar,2009,0.33272
myanmar,2010,0.22110
myanmar,2011,0.22110
myanmar,2012,0.28317
myanmar,2013,0.52754
myanmar,2014,0.52839
myanmar,2015,0.52839
netherlands,1980,1.9008
netherlands,1981,1.8358
netherlands,1982,1.7877
netherlands,1983,1.7564
netherlands,1984,1.7184
netherlands,1985,1.6838
netherlands,1986,1.6509
netherlands,1987,1.6129
netherlands,1988,1.5850
netherlands,1989,1.5749
netherlands,1990,1.7843
netherlands,1991,1.7615
netherlands,1992,1.7404
netherlands,1993,1.6973
netherlands,1994,1.6864
netherlands,1995,1.6484
netherlands,1996,1.6298
netherlands,1997,1.6441
netherlands,1998,1.5985
netherlands,1999,1.5504
netherlands,2000,1.5006
netherlands,2001,1.4676
netherlands,2002,1.4263
netherlands,2003,1.3638
netherlands,2004,1.3275
netherlands,2005,1.2751
netherlands,2006,1.2152
netherlands,2007,1.1738
netherlands,2008,1.1358
netherlands,2009,1.1738
netherlands,2010,1.1012
netherlands,2011,1.0387
netherlands,2012,0.80644
netherlands,2013,0.75747
netherlands,2014,0.67471
netherlands,2015,0.67471
nigeria,1980,1.1611
nigeria,1981,1.1470
nigeria,1982,1.3850
nigeria,1983,1.3700
nigeria,1984,1.3550
nigeria,1985,1.3400
nigeria,1986,2.4000
nigeria,1987,2.4070
nigeria,1988,2.4760
nigeria,1989,2.8320
nigeria,1990,2.8400
nigeria,1991,3.4000
nigeria,1992,3.7162
nigeria,1993,3.6830
nigeria,1994,3.4500
nigeria,1995,3.4740
nigeria,1996,3.4750
nigeria,1997,3.4830
nigeria,1998,3.5120
nigeria,1999,3.5120
nigeria,2000,4.1060
nigeria,2001,4.6330
nigeria,2002,4.9970
nigeria,2003,5.0550
nigeria,2004,5.2290
nigeria,2005,5.1520
nigeria,2006,5.2070
nigeria,2007,5.2920
nigeria,2008,5.2920
nigeria,2009,5.2920
nigeria,2010,5.1100
nigeria,2011,5.1540
nigeria,2012,5.1180
nigeria,2013,5.1110
nigeria,2014,5.1110
nigeria,2015,5.1110
norway,1980,0.38800
norway,1981,0.37200
norway,1982,0.34500
norway,1983,0.40700
norway,1984,0.38000
norway,1985,0.54540
norway,1986,0.45280
norway,1987,1.2469
norway,1988,1.7320
norway,1989,1.7300
norway,1990,1.6801
norway,1991,1.2737
norway,1992,1.3808
norway,1993,1.3548
norway,1994,1.3458
norway,1995,1.3522
norway,1996,1.4800
norway,1997,1.1730
norway,1998,1.1720
norway,1999,1.2470
norway,2000,1.2590
norway,2001,2.1890
norway,2002,2.1170
norway,2003,2.4610
norway,2004,2.3860
norway,2005,2.3580
norway,2006,2.3020
norway,2007,2.3130
norway,2008,2.2150
norway,2009,2.0460
norway,2010,2.0420
norway,2011,2.0700
norway,2012,2.0900
norway,2013,2.0490
norway,2014,1.9220
norway,2015,1.8569
oman,1980,0.081000
oman,1981,0.078000
oman,1982,0.083000
oman,1983,0.16500
oman,1984,0.21500
oman,1985,0.21800
oman,1986,0.22900
oman,1987,0.27200
oman,1988,0.28300
oman,1989,0.27900
oman,1990,0.28000
oman,1991,0.093000
oman,1992,0.15000
oman,1993,0.20000
oman,1994,0.25600
oman,1995,0.45300
oman,1996,0.61700
oman,1997,0.54200
oman,1998,0.56800
oman,1999,0.83000
oman,2000,0.85900
oman,2001,0.94600
oman,2002,0.94600
oman,2003,0.99000
oman,2004,0.99500
oman,2005,0.99500
oman,2006,0.98000
oman,2007,0.98000
oman,2008,0.95000
oman,2009,0.52924
oman,2010,0.52018
oman,2011,0.51480
oman,2012,0.50461
oman,2013,0.70537
oman,2014,0.68810
oman,2015,0.68810
other_africa,1980,0.33800
other_africa,1981,0.34000
other_africa,1982,0.43200
other_africa,1983,0.54600
other_africa,1984,0.55500
other_africa,1985,0.59200
other_africa,1986,0.72400
other_africa,1987,0.79000
other_africa,1988,0.81800
other_africa,1989,0.82400
other_africa,1990,0.82600
other_africa,1991,0.78100
other_africa,1992,0.79200
other_africa,1993,0.74700
other_africa,1994,0.77700
other_africa,1995,0.80800
other_africa,1996,0.83300
other_africa,1997,0.82000
other_africa,1998,0.84400
other_africa,1999,0.87000
other_africa,2000,1.0880
other_africa,2001,1.1070
other_africa,2002,1.0800
other_africa,2003,1.0372
other_africa,2004,1.0572
other_africa,2005,1.1954
other_africa,2006,1.1929
other_africa,2007,1.2097
other_africa,2008,1.1670
other_africa,2009,1.2258
other_africa,2010,1.2225
other_africa,2011,1.2461
other_africa,2012,1.2343
other_africa,2013,1.2217
other_africa,2014,1.1563
other_africa,2015,1.0979
other_asia_pacific,1980,0.24300
other_asia_pacific,1981,0.24600
other_asia_pacific,1982,0.23600
other_asia_pacific,1983,0.23500
other_asia_pacific,1984,0.23200
other_asia_pacific,1985,0.25400
other_asia_pacific,1986,0.23400
other_asia_pacific,1987,0.22800
other_asia_pacific,1988,0.26900
other_asia_pacific,1989,0.25900
other_asia_pacific,1990,0.29000
other_asia_pacific,1991,0.31900
other_asia_pacific,1992,0.32500
other_asia_pacific,1993,0.32900
other_asia_pacific,1994,0.34800
other_asia_pacific,1995,0.40600
other_asia_pacific,1996,0.40000
other_asia_pacific,1997,0.41200
other_asia_pacific,1998,0.40900
other_asia_pacific,1999,0.34000
other_asia_pacific,2000,0.33800
other_asia_pacific,2001,0.38500
other_asia_pacific,2002,0.38500
other_asia_pacific,2003,0.42372
other_asia_pacific,2004,0.42550
other_asia_pacific,2005,0.41299
other_asia_pacific,2006,0.41224
other_asia_pacific,2007,0.34322
other_asia_pacific,2008,0.33113
other_asia_pacific,2009,0.29766
other_asia_pacific,2010,0.28776
other_asia_pacific,2011,0.28353
other_asia_pacific,2012,0.27207
other_asia_pacific,2013,0.29503
other_asia_pacific,2014,0.28690
other_asia_pacific,2015,0.28169
other_europe_eurasia,1980,0.32600
other_europe_eurasia,1981,0.34000
other_europe_eurasia,1982,0.34900
other_europe_eurasia,1983,0.37000
other_europe_eurasia,1984,0.37300
other_europe_eurasia,1985,0.36600
other_europe_eurasia,1986,0.35900
other_europe_eurasia,1987,0.35200
other_europe_eurasia,1988,0.34700
other_europe_eurasia,1989,0.35000
other_europe_eurasia,1990,0.34660
other_europe_eurasia,1991,0.33344
other_europe_eurasia,1992,0.33344
other_europe_eurasia,1993,0.30570
other_europe_eurasia,1994,0.26284
other_europe_eurasia,1995,0.26648
other_europe_eurasia,1996,0.21925
other_europe_eurasia,1997,0.24670
other_europe_eurasia,1998,0.21833
other_europe_eurasia,1999,0.25414
other_europe_eurasia,2000,0.23195
other_europe_eurasia,2001,0.23278
other_europe_eurasia,2002,0.21975
other_europe_eurasia,2003,0.21255
other_europe_eurasia,2004,0.21283
other_europe_eurasia,2005,0.21831
other_europe_eurasia,2006,0.21431
other_europe_eurasia,2007,0.22964
other_europe_eurasia,2008,0.21926
other_europe_eurasia,2009,0.21125
other_europe_eurasia,2010,0.20706
other_europe_eurasia,2011,0.21628
other_europe_eurasia,2012,0.21524
other_europe_eurasia,2013,0.20817
other_europe_eurasia,2014,0.20048
other_europe_eurasia,2015,0.19691
other_middle_east,1980,0.0000
other_middle_east,1981,0.0000
other_middle_east,1982,0.0000
other_middle_east,1983,0.0000
other_middle_east,1984,0.0000
other_middle_east,1985,0.0000
other_middle_east,1986,0.0000
other_middle_east,1987,0.028000
other_middle_east,1988,0.028000
other_middle_east,1989,0.011000
other_middle_east,1990,0.015000
other_middle_east,1991,0.0050000
other_middle_east,1992,0.0050000
other_middle_east,1993,0.0050000
other_middle_east,1994,0.0050000
other_middle_east,1995,0.0050000
other_middle_east,1996,0.0050000
other_middle_east,1997,0.0050000
other_middle_east,1998,0.0050000
other_middle_east,1999,0.0070000
other_middle_east,2000,0.0070000
other_middle_east,2001,0.0070000
other_middle_east,2002,0.0070000
other_middle_east,2003,0.0060000
other_middle_east,2004,0.0060000
other_middle_east,2005,0.0060000
other_middle_east,2006,0.0050000
other_middle_east,2007,0.0050000
other_middle_east,2008,0.0050000
other_middle_east,2009,0.0060000
other_middle_east,2010,0.0060000
other_middle_east,2011,0.0060000
other_middle_east,2012,0.0060000
other_middle_east,2013,0.0060000
other_middle_east,2014,0.0060315
other_middle_east,2015,0.0060315
other_s_cent_america,1980,0.16479
other_s_cent_america,1981,0.15879
other_s_cent_america,1982,0.15466
other_s_cent_america,1983,0.16366
other_s_cent_america,1984,0.15838
other_s_cent_america,1985,0.15338
other_s_cent_america,1986,0.15210
other_s_cent_america,1987,0.15110
other_s_cent_america,1988,0.14982
other_s_cent_america,1989,0.16653
other_s_cent_america,1990,0.16325
other_s_cent_america,1991,0.16097
other_s_cent_america,1992,0.16169
other_s_cent_america,1993,0.15941
other_s_cent_america,1994,0.15713
other_s_cent_america,1995,0.15184
other_s_cent_america,1996,0.14656
other_s_cent_america,1997,0.14600
other_s_cent_america,1998,0.14272
other_s_cent_america,1999,0.14200
other_s_cent_america,2000,0.12200
other_s_cent_america,2001,0.12100
other_s_cent_america,2002,0.12000
other_s_cent_america,2003,0.072000
other_s_cent_america,2004,0.066300
other_s_cent_america,2005,0.066300
other_s_cent_america,2006,0.064760
other_s_cent_america,2007,0.067560
other_s_cent_america,2008,0.067050
other_s_cent_america,2009,0.066680
other_s_cent_america,2010,0.062015
other_s_cent_america,2011,0.061100
other_s_cent_america,2012,0.060000
other_s_cent_america,2013,0.059000
other_s_cent_america,2014,0.062900
other_s_cent_america,2015,0.062987
pakistan,1980,0.45000
pakistan,1981,0.46500
pakistan,1982,0.48100
pakistan,1983,0.51000
pakistan,1984,0.52000
pakistan,1985,0.62300
pakistan,1986,0.63500
pakistan,1987,0.62600
pakistan,1988,0.65100
pakistan,1989,0.65000
pakistan,1990,0.64200
pakistan,1991,0.75600
pakistan,1992,0.63700
pakistan,1993,0.65100
pakistan,1994,0.59200
pakistan,1995,0.59600
pakistan,1996,0.58900
pakistan,1997,0.59500
pakistan,1998,0.61200
pakistan,1999,0.70200
pakistan,2000,0.67700
pakistan,2001,0.74500
pakistan,2002,0.76000
pakistan,2003,0.79000
pakistan,2004,0.79800
pakistan,2005,0.85200
pakistan,2006,0.84700
pakistan,2007,0.79800
pakistan,2008,0.72659
pakistan,2009,0.69358
pakistan,2010,0.65736
pakistan,2011,0.65153
pakistan,2012,0.64351
pakistan,2013,0.57874
pakistan,2014,0.54256
pakistan,2015,0.54256
papua_new_guinea,1980,0.0000
papua_new_guinea,1981,0.0000
papua_new_guinea,1982,0.0000
papua_new_guinea,1983,0.0000
papua_new_guinea,1984,0.0000
papua_new_guinea,1985,0.00011323
papua_new_guinea,1986,0.00031139
papua_new_guinea,1987,0.00060863
papua_new_guinea,1988,0.00090587
papua_new_guinea,1989,0.0015994
papua_new_guinea,1990,0.0017056
papua_new_guinea,1991,0.0028592
papua_new_guinea,1992,0.0030856
papua_new_guinea,1993,0.0038783
papua_new_guinea,1994,0.0030290
papua_new_guinea,1995,0.0030290
papua_new_guinea,1996,0.0030290
papua_new_guinea,1997,0.0030290
papua_new_guinea,1998,0.0030290
papua_new_guinea,1999,0.0030290
papua_new_guinea,2000,0.0030290
papua_new_guinea,2001,0.0030299
papua_new_guinea,2002,0.0028685
papua_new_guinea,2003,0.0027269
papua_new_guinea,2004,0.0025768
papua_new_guinea,2005,0.0024239
papua_new_guinea,2006,0.0022795
papua_new_guinea,2007,0.0021436
papua_new_guinea,2008,0.0019963
papua_new_guinea,2009,0.15542
papua_new_guinea,2010,0.15526
papua_new_guinea,2011,0.15511
papua_new_guinea,2012,0.15496
papua_new_guinea,2013,0.15480
papua_new_guinea,2014,0.15128
papua_new_guinea,2015,0.14126
peru,1980,0.032000
peru,1981,0.032000
peru,1982,0.027000
peru,1983,0.026000
peru,1984,0.025000
peru,1985,0.027000
peru,1986,0.055000
peru,1987,0.34000
peru,1988,0.34000
peru,1989,0.34000
peru,1990,0.33900
peru,1991,0.34300
peru,1992,0.32600
peru,1993,0.33200
peru,1994,0.34000
peru,1995,0.20100
peru,1996,0.20100
peru,1997,0.19800
peru,1998,0.24700
peru,1999,0.24700
peru,2000,0.24700
peru,2001,0.24700
peru,2002,0.24700
peru,2003,0.24700
peru,2004,0.32500
peru,2005,0.33400
peru,2006,0.33158
peru,2007,0.33471
peru,2008,0.33986
peru,2009,0.33986
peru,2010,0.35288
peru,2011,0.35962
peru,2012,0.43540
peru,2013,0.42608
peru,2014,0.41416
peru,2015,0.41416
poland,1980,0.094118
poland,1981,0.090498
poland,1982,0.087783
poland,1983,0.085068
poland,1984,0.082353
poland,1985,0.086878
poland,1986,0.14932
poland,1987,0.14751
poland,1988,0.15475
poland,1989,0.14842
poland,1990,0.14389
poland,1991,0.13846
poland,1992,0.14299
poland,1993,0.14027
poland,1994,0.14027
poland,1995,0.13846
poland,1996,0.13484
poland,1997,0.14027
poland,1998,0.12760
poland,1999,0.13213
poland,2000,0.10769
poland,2001,0.10407
poland,2002,0.10498
poland,2003,0.099548
poland,2004,0.098643
poland,2005,0.095928
poland,2006,0.10226
poland,2007,0.10446
poland,2008,0.10531
poland,2009,0.11044
poland,2010,0.10916
poland,2011,0.10686
poland,2012,0.10292
poland,2013,0.098271
poland,2014,0.094515
poland,2015,0.094515
qatar,1980,2.8000
qatar,1981,2.8300
qatar,1982,3.1450
qatar,1983,3.4000
qatar,1984,4.2800
qatar,1985,4.4400
qatar,1986,4.4400
qatar,1987,4.4400
qatar,1988,4.6210
qatar,1989,4.6200
qatar,1990,4.6150
qatar,1991,6.4280
qatar,1992,6.7130
qatar,1993,7.0700
qatar,1994,7.0700
qatar,1995,8.5000
qatar,1996,8.5000
qatar,1997,8.5000
qatar,1998,10.900
qatar,1999,11.157
qatar,2000,14.443
qatar,2001,25.783
qatar,2002,25.783
qatar,2003,25.343
qatar,2004,25.361
qatar,2005,25.636
qatar,2006,25.543
qatar,2007,25.465
qatar,2008,25.365
qatar,2009,25.322
qatar,2010,25.047
qatar,2011,25.047
qatar,2012,24.888
qatar,2013,24.678
qatar,2014,24.528
qatar,2015,24.528
romania,1980,0.30000
romania,1981,0.28000
romania,1982,0.25500
romania,1983,0.23000
romania,1984,0.21000
romania,1985,0.27000
romania,1986,0.23500
romania,1987,0.19800
romania,1988,0.16500
romania,1989,0.13300
romania,1990,0.10500
romania,1991,0.48100
romania,1992,0.46600
romania,1993,0.44500
romania,1994,0.42500
romania,1995,0.40700
romania,1996,0.38900
romania,1997,0.37400
romania,1998,0.36000
romania,1999,0.34800
romania,2000,0.33500
romania,2001,0.32200
romania,2002,0.31100
romania,2003,0.30500
romania,2004,0.29500
romania,2005,0.62800
romania,2006,0.62800
romania,2007,0.62800
romania,2008,0.61700
romania,2009,0.60600
romania,2010,0.59509
romania,2011,0.10900
romania,2012,0.10200
romania,2013,0.10200
romania,2014,0.11000
romania,2015,0.11000
russian_federation,1991,31.305
russian_federation,1992,32.061
russian_federation,1993,32.065
russian_federation,1994,31.857
russian_federation,1995,31.115
russian_federation,1996,30.857
russian_federation,1997,30.988
russian_federation,1998,30.800
russian_federation,1999,30.418
russian_federation,2000,30.608
russian_federation,2001,30.798
russian_federation,2002,31.305
russian_federation,2003,31.178
russian_federation,2004,31.051
russian_federation,2005,31.178
russian_federation,2006,31.178
russian_federation,2007,31.305
russian_federation,2008,31.368
russian_federation,2009,31.431
russian_federation,2010,31.495
russian_federation,2011,31.811
russian_federation,2012,31.978
russian_federation,2013,32.259
russian_federation,2014,32.356
russian_federation,2015,32.271
saudi_arabia,1980,3.1832
saudi_arabia,1981,3.3461
saudi_arabia,1982,3.4322
saudi_arabia,1983,3.5440
saudi_arabia,1984,3.6080
saudi_arabia,1985,3.6870
saudi_arabia,1986,4.0210
saudi_arabia,1987,4.1895
saudi_arabia,1988,5.0200
saudi_arabia,1989,5.2184
saudi_arabia,1990,5.2227
saudi_arabia,1991,5.2206
saudi_arabia,1992,5.2488
saudi_arabia,1993,5.2488
saudi_arabia,1994,5.2600
saudi_arabia,1995,5.5445
saudi_arabia,1996,5.6933
saudi_arabia,1997,5.8820
saudi_arabia,1998,6.0680
saudi_arabia,1999,6.1460
saudi_arabia,2000,6.3010
saudi_arabia,2001,6.4556
saudi_arabia,2002,6.6460
saudi_arabia,2003,6.7540
saudi_arabia,2004,6.7570
saudi_arabia,2005,6.8220
saudi_arabia,2006,7.0730
saudi_arabia,2007,7.3044
saudi_arabia,2008,7.4473
saudi_arabia,2009,7.7928
saudi_arabia,2010,7.9004
saudi_arabia,2011,8.0023
saudi_arabia,2012,8.0646
saudi_arabia,2013,8.1666
saudi_arabia,2014,8.3252
saudi_arabia,2015,8.3252
syria,1980,0.090000
syria,1981,0.090000
syria,1982,0.10300
syria,1983,0.10400
syria,1984,0.10400
syria,1985,0.12400
syria,1986,0.14200
syria,1987,0.12500
syria,1988,0.11300
syria,1989,0.15700
syria,1990,0.18200
syria,1991,0.20000
syria,1992,0.20000
syria,1993,0.22700
syria,1994,0.23500
syria,1995,0.23500
syria,1996,0.23500
syria,1997,0.23800
syria,1998,0.23800
syria,1999,0.24100
syria,2000,0.24100
syria,2001,0.24100
syria,2002,0.25000
syria,2003,0.29000
syria,2004,0.29000
syria,2005,0.29000
syria,2006,0.29000
syria,2007,0.28400
syria,2008,0.27000
syria,2009,0.28500
syria,2010,0.28500
syria,2011,0.28500
syria,2012,0.28500
syria,2013,0.28500
syria,2014,0.28500
syria,2015,0.28500
thailand,1980,0.29200
thailand,1981,0.40200
thailand,1982,0.35000
thailand,1983,0.16800
thailand,1984,0.21000
thailand,1985,0.21800
thailand,1986,0.20400
thailand,1987,0.18400
thailand,1988,0.19500
thailand,1989,0.22900
thailand,1990,0.22400
thailand,1991,0.24600
thailand,1992,0.23100
thailand,1993,0.18100
thailand,1994,0.17500
thailand,1995,0.17600
thailand,1996,0.19600
thailand,1997,0.20500
thailand,1998,0.42000
thailand,1999,0.34500
thailand,2000,0.36000
thailand,2001,0.37800
thailand,2002,0.44100
thailand,2003,0.41800
thailand,2004,0.35400
thailand,2005,0.30400
thailand,2006,0.33100
thailand,2007,0.31715
thailand,2008,0.33980
thailand,2009,0.31233
thailand,2010,0.29959
thailand,2011,0.28490
thailand,2012,0.25595
thailand,2013,0.23828
thailand,2014,0.21950
thailand,2015,0.21950
total_africa,1980,5.9891
total_africa,1981,5.9130
total_africa,1982,6.2860
total_africa,1983,6.2870
total_africa,1984,6.2150
total_africa,1985,6.1620
total_africa,1986,7.4010
total_africa,1987,7.3940
total_africa,1988,7.6840
total_africa,1989,8.4750
total_africa,1990,8.5530
total_africa,1991,9.5120
total_africa,1992,9.8932
total_africa,1993,10.014
total_africa,1994,9.1310
total_africa,1995,9.9300
total_africa,1996,10.168
total_africa,1997,10.621
total_africa,1998,10.768
total_africa,1999,11.440
total_africa,2000,12.464
total_africa,2001,13.134
total_africa,2002,13.760
total_africa,2003,13.853
total_africa,2004,14.192
total_africa,2005,14.063
total_africa,2006,14.371
total_africa,2007,14.616
total_africa,2008,14.653
total_africa,2009,14.761
total_africa,2010,14.541
total_africa,2011,14.641
total_africa,2012,14.445
total_africa,2013,14.189
total_africa,2014,14.122
total_africa,2015,14.064
total_asia_pacific,1980,4.4843
total_asia_pacific,1981,5.5894
total_asia_pacific,1982,6.0346
total_asia_pacific,1983,6.2380
total_asia_pacific,1984,6.9540
total_asia_pacific,1985,7.4849
total_asia_pacific,1986,8.0930
total_asia_pacific,1987,8.3369
total_asia_pacific,1988,8.6367
total_asia_pacific,1989,9.2644
total_asia_pacific,1990,9.6102
total_asia_pacific,1991,8.9145
total_asia_pacific,1992,8.9762
total_asia_pacific,1993,9.2675
total_asia_pacific,1994,9.6217
total_asia_pacific,1995,10.091
total_asia_pacific,1996,9.9337
total_asia_pacific,1997,10.283
total_asia_pacific,1998,11.146
total_asia_pacific,1999,11.590
total_asia_pacific,2000,11.791
total_asia_pacific,2001,12.538
total_asia_pacific,2002,12.494
total_asia_pacific,2003,12.556
total_asia_pacific,2004,12.909
total_asia_pacific,2005,12.957
total_asia_pacific,2006,13.247
total_asia_pacific,2007,14.097
total_asia_pacific,2008,15.743
total_asia_pacific,2009,14.761
total_asia_pacific,2010,14.388
total_asia_pacific,2011,14.674
total_asia_pacific,2012,14.810
total_asia_pacific,2013,15.180
total_asia_pacific,2014,15.427
total_asia_pacific,2015,15.648
total_europe_eurasia,1980,23.755
total_europe_eurasia,1981,24.815
total_europe_eurasia,1982,25.296
total_europe_eurasia,1983,26.144
total_europe_eurasia,1984,26.995
total_europe_eurasia,1985,28.623
total_europe_eurasia,1986,29.172
total_europe_eurasia,1987,30.346
total_europe_eurasia,1988,31.230
total_europe_eurasia,1989,36.979
total_europe_eurasia,1990,38.506
total_europe_eurasia,1991,38.742
total_europe_eurasia,1992,39.590
total_europe_eurasia,1993,40.456
total_europe_eurasia,1994,40.641
total_europe_eurasia,1995,40.167
total_europe_eurasia,1996,39.808
total_europe_eurasia,1997,41.867
total_europe_eurasia,1998,41.493
total_europe_eurasia,1999,41.526
total_europe_eurasia,2000,41.642
total_europe_eurasia,2001,42.608
total_europe_eurasia,2002,42.960
total_europe_eurasia,2003,43.013
total_europe_eurasia,2004,42.682
total_europe_eurasia,2005,42.972
total_europe_eurasia,2006,42.765
total_europe_eurasia,2007,42.771
total_europe_eurasia,2008,47.619
total_europe_eurasia,2009,47.392
total_europe_eurasia,2010,50.136
total_europe_eurasia,2011,57.100
total_europe_eurasia,2012,56.648
total_europe_eurasia,2013,56.869
total_europe_eurasia,2014,56.974
total_europe_eurasia,2015,56.778
total_middle_east,1980,24.693
total_middle_east,1981,25.004
total_middle_east,1982,25.884
total_middle_east,1983,26.383
total_middle_east,1984,27.402
total_middle_east,1985,27.671
total_middle_east,1986,30.411
total_middle_east,1987,31.177
total_middle_east,1988,34.343
total_middle_east,1989,37.832
total_middle_east,1990,37.989
total_middle_east,1991,42.648
total_middle_east,1992,43.899
total_middle_east,1993,44.322
total_middle_east,1994,45.459
total_middle_east,1995,45.272
total_middle_east,1996,49.150
total_middle_east,1997,49.375
total_middle_east,1998,53.012
total_middle_east,1999,54.587
total_middle_east,2000,58.990
total_middle_east,2001,70.735
total_middle_east,2002,71.602
total_middle_east,2003,72.205
total_middle_east,2004,72.195
total_middle_east,2005,72.645
total_middle_east,2006,72.591
total_middle_east,2007,74.012
total_middle_east,2008,75.149
total_middle_east,2009,75.234
total_middle_east,2010,78.631
total_middle_east,2011,79.662
total_middle_east,2012,79.686
total_middle_east,2013,79.990
total_middle_east,2014,80.061
total_middle_east,2015,80.041
total_north_america,1980,9.9546
total_north_america,1981,10.409
total_north_america,1982,10.431
total_north_america,1983,10.464
total_north_america,1984,10.573
total_north_america,1985,10.427
total_north_america,1986,10.317
total_north_america,1987,10.113
total_north_america,1988,9.5069
total_north_america,1989,9.5242
total_north_america,1990,9.5453
total_north_america,1991,9.4507
total_north_america,1992,9.3277
total_north_america,1993,8.8041
total_north_america,1994,8.4743
total_north_america,1995,8.5214
total_north_america,1996,8.4660
total_north_america,1997,8.3412
total_north_america,1998,7.2441
total_north_america,1999,7.3204
total_north_america,2000,7.5422
total_north_america,2001,7.6860
total_north_america,2002,7.3817
total_north_america,2003,7.3771
total_north_america,2004,7.4704
total_north_america,2005,7.8281
total_north_america,2006,8.0049
total_north_america,2007,8.7385
total_north_america,2008,9.0411
total_north_america,2009,9.7829
total_north_america,2010,10.957
total_north_america,2011,11.741
total_north_america,2012,11.082
total_north_america,2013,11.954
total_north_america,2014,12.752
total_north_america,2015,12.752
total_s_cent_america,1980,2.6934
total_s_cent_america,1981,2.8790
total_s_cent_america,1982,3.0158
total_s_cent_america,1983,3.0758
total_s_cent_america,1984,3.1454
total_s_cent_america,1985,3.2408
total_s_cent_america,1986,4.1537
total_s_cent_america,1987,4.6675
total_s_cent_america,1988,4.7942
total_s_cent_america,1989,4.7955
total_s_cent_america,1990,5.1705
total_s_cent_america,1991,5.3039
total_s_cent_america,1992,5.3907
total_s_cent_america,1993,5.3954
total_s_cent_america,1994,5.7490
total_s_cent_america,1995,5.8812
total_s_cent_america,1996,5.9777
total_s_cent_america,1997,6.2044
total_s_cent_america,1998,6.3528
total_s_cent_america,1999,6.8090
total_s_cent_america,2000,6.8781
total_s_cent_america,2001,7.0075
total_s_cent_america,2002,6.9749
total_s_cent_america,2003,6.8197
total_s_cent_america,2004,6.9519
total_s_cent_america,2005,6.8518
total_s_cent_america,2006,7.2357
total_s_cent_america,2007,7.3599
total_s_cent_america,2008,7.4168
total_s_cent_america,2009,7.0359
total_s_cent_america,2010,7.5300
total_s_cent_america,2011,7.5452
total_s_cent_america,2012,7.6752
total_s_cent_america,2013,7.6455
total_s_cent_america,2014,7.6319
total_s_cent_america,2015,7.5915
total_world,1980,71.569
total_world,1981,74.610
total_world,1982,76.948
total_world,1983,78.592
total_world,1984,81.284
total_world,1985,83.608
total_world,1986,89.548
total_world,1987,92.035
total_world,1988,96.195
total_world,1989,106.87
total_world,1990,109.37
total_world,1991,114.57
total_world,1992,117.08
total_world,1993,118.26
total_world,1994,119.08
total_world,1995,119.86
total_world,1996,123.50
total_world,1997,126.69
total_world,1998,130.02
total_world,1999,133.27
total_world,2000,139.31
total_world,2001,153.71
total_world,2002,155.17
total_world,2003,155.82
total_world,2004,156.40
total_world,2005,157.32
total_world,2006,158.21
total_world,2007,161.59
total_world,2008,169.62
total_world,2009,168.97
total_world,2010,176.18
total_world,2011,185.36
total_world,2012,184.35
total_world,2013,185.83
total_world,2014,186.97
total_world,2015,186.87
trinidad_tobago,1980,0.29700
trinidad_tobago,1981,0.34000
trinidad_tobago,1982,0.33400
trinidad_tobago,1983,0.31700
trinidad_tobago,1984,0.31100
trinidad_tobago,1985,0.31700
trinidad_tobago,1986,0.30900
trinidad_tobago,1987,0.30300
trinidad_tobago,1988,0.29400
trinidad_tobago,1989,0.28600
trinidad_tobago,1990,0.25200
trinidad_tobago,1991,0.23800
trinidad_tobago,1992,0.23300
trinidad_tobago,1993,0.23000
trinidad_tobago,1994,0.28600
trinidad_tobago,1995,0.34900
trinidad_tobago,1996,0.45600
trinidad_tobago,1997,0.51700
trinidad_tobago,1998,0.56000
trinidad_tobago,1999,0.60500
trinidad_tobago,2000,0.55700
trinidad_tobago,2001,0.57600
trinidad_tobago,2002,0.58900
trinidad_tobago,2003,0.53200
trinidad_tobago,2004,0.53200
trinidad_tobago,2005,0.53000
trinidad_tobago,2006,0.48000
trinidad_tobago,2007,0.48130
trinidad_tobago,2008,0.43523
trinidad_tobago,2009,0.40822
trinidad_tobago,2010,0.38114
trinidad_tobago,2011,0.37540
trinidad_tobago,2012,0.37112
trinidad_tobago,2013,0.34660
trinidad_tobago,2014,0.32573
trinidad_tobago,2015,0.32573
turkmenistan,1997,2.3654
turkmenistan,1998,2.2594
turkmenistan,1999,2.3328
turkmenistan,2000,2.3328
turkmenistan,2001,2.3328
turkmenistan,2002,2.3328
turkmenistan,2003,2.3328
turkmenistan,2004,2.3328
turkmenistan,2005,2.3328
turkmenistan,2006,2.3328
turkmenistan,2007,2.3328
turkmenistan,2008,7.3409
turkmenistan,2009,7.3409
turkmenistan,2010,10.165
turkmenistan,2011,17.479
turkmenistan,2012,17.479
turkmenistan,2013,17.479
turkmenistan,2014,17.479
turkmenistan,2015,17.479
ukraine,1997,0.66612
ukraine,1998,0.71370
ukraine,1999,0.70736
ukraine,2000,0.70419
ukraine,2001,0.70419
ukraine,2002,0.70419
ukraine,2003,0.70101
ukraine,2004,0.70419
ukraine,2005,0.69784
ukraine,2006,0.69656
ukraine,2007,0.69656
ukraine,2008,0.68303
ukraine,2009,0.66951
ukraine,2010,0.65500
ukraine,2011,0.65400
ukraine,2012,0.64273
ukraine,2013,0.62924
ukraine,2014,0.61624
ukraine,2015,0.60407
united_arab_emirates,1980,2.3700
united_arab_emirates,1981,2.5290
united_arab_emirates,1982,2.9730
united_arab_emirates,1983,3.0490
united_arab_emirates,1984,3.1080
united_arab_emirates,1985,3.1480
united_arab_emirates,1986,5.4142
united_arab_emirates,1987,5.6840
united_arab_emirates,1988,5.6630
united_arab_emirates,1989,5.6500
united_arab_emirates,1990,5.6230
united_arab_emirates,1991,5.7930
united_arab_emirates,1992,5.7950
united_arab_emirates,1993,5.7950
united_arab_emirates,1994,6.7770
united_arab_emirates,1995,5.8590
united_arab_emirates,1996,5.7840
united_arab_emirates,1997,6.0630
united_arab_emirates,1998,5.9960
united_arab_emirates,1999,5.9950
united_arab_emirates,2000,5.9940
united_arab_emirates,2001,6.0580
united_arab_emirates,2002,6.0540
united_arab_emirates,2003,6.0470
united_arab_emirates,2004,6.0830
united_arab_emirates,2005,6.1150
united_arab_emirates,2006,6.4410
united_arab_emirates,2007,6.4370
united_arab_emirates,2008,6.0900
united_arab_emirates,2009,6.0910
united_arab_emirates,2010,6.0910
united_arab_emirates,2011,6.0910
united_arab_emirates,2012,6.0910
united_arab_emirates,2013,6.0910
united_arab_emirates,2014,6.0910
united_arab_emirates,2015,6.0910
united_kingdom,1980,0.73900
united_kingdom,1981,0.66400
united_kingdom,1982,0.63300
united_kingdom,1983,0.71200
united_kingdom,1984,0.72500
united_kingdom,1985,0.64800
united_kingdom,1986,0.63400
united_kingdom,1987,0.64400
united_kingdom,1988,0.59000
united_kingdom,1989,0.56000
united_kingdom,1990,0.54500
united_kingdom,1991,0.54000
united_kingdom,1992,0.61000
united_kingdom,1993,0.63000
united_kingdom,1994,0.66000
united_kingdom,1995,0.70000
united_kingdom,1996,0.76000
united_kingdom,1997,0.76500
united_kingdom,1998,0.75500
united_kingdom,1999,0.76000
united_kingdom,2000,0.73500
united_kingdom,2001,0.65500
united_kingdom,2002,0.63000
united_kingdom,2003,0.59000
united_kingdom,2004,0.53100
united_kingdom,2005,0.48100
united_kingdom,2006,0.41200
united_kingdom,2007,0.34300
united_kingdom,2008,0.29200
united_kingdom,2009,0.25600
united_kingdom,2010,0.25259
united_kingdom,2011,0.24603
united_kingdom,2012,0.24400
united_kingdom,2013,0.24100
united_kingdom,2014,0.20600
united_kingdom,2015,0.20600
us,1980,5.6356
us,1981,5.7124
us,1982,5.7062
us,1983,5.6704
us,1984,5.5915
us,1985,5.4756
us,1986,5.4251
us,1987,5.3012
us,1988,4.7579
us,1989,4.7322
us,1990,4.7953
us,1991,4.7307
us,1992,4.6727
us,1993,4.5991
us,1994,4.6393
us,1995,4.6764
us,1996,4.7140
us,1997,4.7352
us,1998,4.6451
us,1999,4.7404
us,2000,5.0242
us,2001,5.1950
us,2002,5.2937
us,2003,5.3531
us,2004,5.4514
us,2005,5.7875
us,2006,5.9773
us,2007,6.7317
us,2008,6.9279
us,2009,7.7166
us,2010,8.6260
us,2011,9.4597
us,2012,8.7226
us,2013,9.5786
us,2014,10.441
us,2015,10.441
ussr,1980,19.556
ussr,1981,20.778
ussr,1982,21.389
ussr,1983,22.001
ussr,1984,22.917
ussr,1985,24.445
ussr,1986,25.056
ussr,1987,25.484
ussr,1988,25.973
ussr,1989,31.779
ussr,1990,33.325
ussr,1991,2.3073
ussr,1992,2.2843
ussr,1993,3.2583
ussr,1994,3.6795
ussr,1995,3.9457
ussr,1996,3.7636
uzbekistan,1997,1.1102
uzbekistan,1998,1.1102
uzbekistan,1999,1.1102
uzbekistan,2000,1.1736
uzbekistan,2001,1.1736
uzbekistan,2002,1.1736
uzbekistan,2003,1.1800
uzbekistan,2004,1.1800
uzbekistan,2005,1.1736
uzbekistan,2006,1.1869
uzbekistan,2007,1.1869
uzbekistan,2008,1.1801
uzbekistan,2009,1.1375
uzbekistan,2010,1.1220
uzbekistan,2011,1.1220
uzbekistan,2012,1.1220
uzbekistan,2013,1.0859
uzbekistan,2014,1.0859
uzbekistan,2015,1.0859
venezuela,1980,1.2624
venezuela,1981,1.3651
venezuela,1982,1.4712
venezuela,1983,1.5623
venezuela,1984,1.6663
venezuela,1985,1.7348
venezuela,1986,2.6220
venezuela,1987,2.8380
venezuela,1988,2.8560
venezuela,1989,2.9927
venezuela,1990,3.4290
venezuela,1991,3.5818
venezuela,1992,3.6930
venezuela,1993,3.6930
venezuela,1994,3.9650
venezuela,1995,4.0647
venezuela,1996,4.0515
venezuela,1997,4.1208
venezuela,1998,4.1475
venezuela,1999,4.1524
venezuela,2000,4.1524
venezuela,2001,4.1800
venezuela,2002,4.1810
venezuela,2003,4.2190
venezuela,2004,4.2894
venezuela,2005,4.3116
venezuela,2006,4.7076
venezuela,2007,4.8399
venezuela,2008,4.9832
venezuela,2009,5.0652
venezuela,2010,5.5245
venezuela,2011,5.5284
venezuela,2012,5.5616
venezuela,2013,5.5809
venezuela,2014,5.6172
venezuela,2015,5.6172
vietnam,1980,0.0000
vietnam,1981,0.0000
vietnam,1982,0.0000
vietnam,1983,0.0000
vietnam,1984,0.0000
vietnam,1985,0.0000
vietnam,1986,0.0000
vietnam,1987,0.0000
vietnam,1988,0.0000
vietnam,1989,0.0000
vietnam,1990,0.015000
vietnam,1991,0.015000
vietnam,1992,0.10600
vietnam,1993,0.10600
vietnam,1994,0.13400
vietnam,1995,0.14700
vietnam,1996,0.17100
vietnam,1997,0.17000
vietnam,1998,0.17000
vietnam,1999,0.17000
vietnam,2000,0.17000
vietnam,2001,0.19300
vietnam,2002,0.23000
vietnam,2003,0.22000
vietnam,2004,0.22000
vietnam,2005,0.22000
vietnam,2006,0.22000
vietnam,2007,0.47745
vietnam,2008,0.55702
vietnam,2009,0.68207
vietnam,2010,0.61711
vietnam,2011,0.61711
vietnam,2012,0.61711
vietnam,2013,0.61711
vietnam,2014,0.61711
vietnam,2015,0.61711
yemen,1980,0.0000
yemen,1981,0.0000
yemen,1982,0.0000
yemen,1983,0.0000
yemen,1984,0.0000
yemen,1985,0.0000
yemen,1986,0.017000
yemen,1987,0.11300
yemen,1988,0.15600
yemen,1989,0.19800
yemen,1990,0.24500
yemen,1991,0.32387
yemen,1992,0.32387
yemen,1993,0.32387
yemen,1994,0.32387
yemen,1995,0.32387
yemen,1996,0.32387
yemen,1997,0.32387
yemen,1998,0.32387
yemen,1999,0.32387
yemen,2000,0.32387
yemen,2001,0.32387
yemen,2002,0.32387
yemen,2003,0.32387
yemen,2004,0.32387
yemen,2005,0.32387
yemen,2006,0.32387
yemen,2007,0.32387
yemen,2008,0.32387
yemen,2009,0.32290
yemen,2010,0.31510
yemen,2011,0.30335
yemen,2012,0.29387
yemen,2013,0.28095
yemen,2014,0.26886
yemen,2015,0.26627
