geo,year,wind_consumption_twh
algeria,1965,0.0
algeria,1966,0.0
algeria,1967,0.0
algeria,1968,0.0
algeria,1969,0.0
algeria,1970,0.0
algeria,1971,0.0
algeria,1972,0.0
algeria,1973,0.0
algeria,1974,0.0
algeria,1975,0.0
algeria,1976,0.0
algeria,1977,0.0
algeria,1978,0.0
algeria,1979,0.0
algeria,1980,0.0
algeria,1981,0.0
algeria,1982,0.0
algeria,1983,0.0
algeria,1984,0.0
algeria,1985,0.0
algeria,1986,0.0
algeria,1987,0.0
algeria,1988,0.0
algeria,1989,0.0
algeria,1990,0.0
algeria,1991,0.0
algeria,1992,0.0
algeria,1993,0.0
algeria,1994,0.0
algeria,1995,0.0
algeria,1996,0.0
algeria,1997,0.0
algeria,1998,0.0
algeria,1999,0.0
algeria,2000,0.0
algeria,2001,0.0
algeria,2002,0.0
algeria,2003,0.0
algeria,2004,0.0
algeria,2005,0.0
algeria,2006,0.0
algeria,2007,0.0
algeria,2008,0.0
algeria,2009,0.0
algeria,2010,0.0
algeria,2011,0.0
algeria,2012,0.0
algeria,2013,0.0
algeria,2014,0.013
argentina,1965,0.0
argentina,1966,0.0
argentina,1967,0.0
argentina,1968,0.0
argentina,1969,0.0
argentina,1970,0.0
argentina,1971,0.0
argentina,1972,0.0
argentina,1973,0.0
argentina,1974,0.0
argentina,1975,0.0
argentina,1976,0.0
argentina,1977,0.0
argentina,1978,0.0
argentina,1979,0.0
argentina,1980,0.0
argentina,1981,0.0
argentina,1982,0.0
argentina,1983,0.0
argentina,1984,0.0
argentina,1985,0.0
argentina,1986,0.0
argentina,1987,0.0
argentina,1988,0.0
argentina,1989,0.0
argentina,1990,0.0
argentina,1991,0.0
argentina,1992,0.0
argentina,1993,0.0
argentina,1994,0.0
argentina,1995,0.0
argentina,1996,0.009618
argentina,1997,0.014592
argentina,1998,0.032541
argentina,1999,0.034781
argentina,2000,0.034758
argentina,2001,0.049361
argentina,2002,0.073405
argentina,2003,0.077954
argentina,2004,0.072445
argentina,2005,0.075381
argentina,2006,0.069639
argentina,2007,0.0615927
argentina,2008,0.0419511
argentina,2009,0.036832
argentina,2010,0.025352
argentina,2011,0.01181818181818
argentina,2012,0.35171717171717
argentina,2013,0.45111111111111
argentina,2014,0.61949494949494
australia,1965,0.0
australia,1966,0.0
australia,1967,0.0
australia,1968,0.0
australia,1969,0.0
australia,1970,0.0
australia,1971,0.0
australia,1972,0.0
australia,1973,0.0
australia,1974,0.0
australia,1975,0.0
australia,1976,0.0
australia,1977,0.0
australia,1978,0.0
australia,1979,0.0
australia,1980,0.0
australia,1981,0.0
australia,1982,0.0
australia,1983,0.0
australia,1984,0.0
australia,1985,0.0
australia,1986,0.0
australia,1987,0.0
australia,1988,0.0
australia,1989,0.0
australia,1990,0.0
australia,1991,0.0
australia,1992,0.0
australia,1993,0.002
australia,1994,0.006
australia,1995,0.007
australia,1996,0.007
australia,1997,0.008
australia,1998,0.018
australia,1999,0.043
australia,2000,0.134
australia,2001,0.287
australia,2002,0.534
australia,2003,0.704
australia,2004,0.795
australia,2005,1.29899999999999
australia,2006,2.16199999999999
australia,2007,2.85199999999999
australia,2008,3.45799999999999
australia,2009,4.43799999999998
australia,2010,5.42899999999998
australia,2011,5.95999999999998
australia,2012,7.72499999999997
australia,2013,9.25899999999996
australia,2014,10.2449999999999
austria,1965,0.0
austria,1966,0.0
austria,1967,0.0
austria,1968,0.0
austria,1969,0.0
austria,1970,0.0
austria,1971,0.0
austria,1972,0.0
austria,1973,0.0
austria,1974,0.0
austria,1975,0.0
austria,1976,0.0
austria,1977,0.0
austria,1978,0.0
austria,1979,0.0
austria,1980,0.0
austria,1981,0.0
austria,1982,0.0
austria,1983,0.0
austria,1984,0.0
austria,1985,0.0
austria,1986,0.0
austria,1987,0.0
austria,1988,0.0
austria,1989,0.0
austria,1990,0.0
austria,1991,0.0
austria,1992,0.0
austria,1993,0.0
austria,1994,0.0
austria,1995,0.001
austria,1996,0.005
austria,1997,0.02
austria,1998,0.045
austria,1999,0.051
austria,2000,0.067
austria,2001,0.172
austria,2002,0.203
austria,2003,0.366
austria,2004,0.924
austria,2005,1.33139999999999
austria,2006,1.75159999999999
austria,2007,2.03709999999999
austria,2008,2.01079999999999
austria,2009,1.95404016813174
austria,2010,2.06391373604184
austria,2011,1.93623636014215
austria,2012,2.46218637975631
austria,2013,3.15132226188728
austria,2014,3.87097268957723
azerbaijan,1985,0.0
azerbaijan,1986,0.0
azerbaijan,1987,0.0
azerbaijan,1988,0.0
azerbaijan,1989,0.0
azerbaijan,1990,0.0
azerbaijan,1991,0.0
azerbaijan,1992,0.0
azerbaijan,1993,0.0
azerbaijan,1994,0.0
azerbaijan,1995,0.0
azerbaijan,1996,0.0
azerbaijan,1997,0.0
azerbaijan,1998,0.0
azerbaijan,1999,0.0
azerbaijan,2000,0.0
azerbaijan,2001,0.0
azerbaijan,2002,0.0
azerbaijan,2003,0.0
azerbaijan,2004,0.0
azerbaijan,2005,0.0
azerbaijan,2006,0.0
azerbaijan,2007,0.0
azerbaijan,2008,0.0
azerbaijan,2009,0.0021
azerbaijan,2010,0.0005
azerbaijan,2011,0.0
azerbaijan,2012,0.0
azerbaijan,2013,0.0008
azerbaijan,2014,0.0079
bangladesh,1965,0.0
bangladesh,1966,0.0
bangladesh,1967,0.0
bangladesh,1968,0.0
bangladesh,1969,0.0
bangladesh,1970,0.0
bangladesh,1971,0.0
bangladesh,1972,0.0
bangladesh,1973,0.0
bangladesh,1974,0.0
bangladesh,1975,0.0
bangladesh,1976,0.0
bangladesh,1977,0.0
bangladesh,1978,0.0
bangladesh,1979,0.0
bangladesh,1980,0.0
bangladesh,1981,0.0
bangladesh,1982,0.0
bangladesh,1983,0.0
bangladesh,1984,0.0
bangladesh,1985,0.0
bangladesh,1986,0.0
bangladesh,1987,0.0
bangladesh,1988,0.0
bangladesh,1989,0.0
bangladesh,1990,0.0
bangladesh,1991,0.0
bangladesh,1992,0.0
bangladesh,1993,0.0
bangladesh,1994,0.0
bangladesh,1995,0.0
bangladesh,1996,0.0
bangladesh,1997,0.0
bangladesh,1998,0.0
bangladesh,1999,0.0
bangladesh,2000,0.0
bangladesh,2001,0.0
bangladesh,2002,0.0
bangladesh,2003,0.0
bangladesh,2004,0.0
bangladesh,2005,0.0010101010101
bangladesh,2006,0.0020202020202
bangladesh,2007,0.0020202020202
bangladesh,2008,0.0020202020202
bangladesh,2009,0.0020202020202
bangladesh,2010,0.0020202020202
bangladesh,2011,0.0020202020202
bangladesh,2012,0.00202573682026
bangladesh,2013,0.0020202020202
bangladesh,2014,0.0020202020202
belarus,1985,0.0
belarus,1986,0.0
belarus,1987,0.0
belarus,1988,0.0
belarus,1989,0.0
belarus,1990,0.0
belarus,1991,0.0
belarus,1992,0.0
belarus,1993,0.0
belarus,1994,0.0
belarus,1995,0.0
belarus,1996,0.0
belarus,1997,0.0
belarus,1998,0.0
belarus,1999,0.0
belarus,2000,0.0
belarus,2001,0.0
belarus,2002,0.0
belarus,2003,0.0
belarus,2004,0.0010101010101
belarus,2005,0.001
belarus,2006,0.001
belarus,2007,0.001
belarus,2008,0.001
belarus,2009,0.001
belarus,2010,0.001
belarus,2011,0.004
belarus,2012,0.006
belarus,2013,0.008
belarus,2014,0.008
belgium,1965,0.0
belgium,1966,0.0
belgium,1967,0.0
belgium,1968,0.0
belgium,1969,0.0
belgium,1970,0.0
belgium,1971,0.0
belgium,1972,0.0
belgium,1973,0.0
belgium,1974,0.0
belgium,1975,0.0
belgium,1976,0.0
belgium,1977,0.0
belgium,1978,0.0
belgium,1979,0.0
belgium,1980,0.0
belgium,1981,0.0
belgium,1982,0.0
belgium,1983,0.0
belgium,1984,0.0
belgium,1985,0.0
belgium,1986,0.0
belgium,1987,0.006
belgium,1988,0.008
belgium,1989,0.007
belgium,1990,0.007
belgium,1991,0.008
belgium,1992,0.009
belgium,1993,0.008
belgium,1994,0.009
belgium,1995,0.009
belgium,1996,0.008
belgium,1997,0.008
belgium,1998,0.011
belgium,1999,0.013
belgium,2000,0.016
belgium,2001,0.037
belgium,2002,0.057
belgium,2003,0.088
belgium,2004,0.142
belgium,2005,0.227
belgium,2006,0.366
belgium,2007,0.491
belgium,2008,0.637
belgium,2009,0.996
belgium,2010,1.29199999999999
belgium,2011,2.31199999999999
belgium,2012,2.75099999999999
belgium,2013,3.63499999999999
belgium,2014,4.51130362579572
brazil,1965,0.0
brazil,1966,0.0
brazil,1967,0.0
brazil,1968,0.0
brazil,1969,0.0
brazil,1970,0.0
brazil,1971,0.0
brazil,1972,0.0
brazil,1973,0.0
brazil,1974,0.0
brazil,1975,0.0
brazil,1976,0.0
brazil,1977,0.0
brazil,1978,0.0
brazil,1979,0.0
brazil,1980,0.0
brazil,1981,0.0
brazil,1982,0.0
brazil,1983,0.0
brazil,1984,0.0
brazil,1985,0.0
brazil,1986,0.0
brazil,1987,0.0
brazil,1988,0.0
brazil,1989,0.0
brazil,1990,0.0
brazil,1991,0.0
brazil,1992,0.0
brazil,1993,0.0
brazil,1994,0.0
brazil,1995,0.0
brazil,1996,0.002
brazil,1997,0.004
brazil,1998,0.005
brazil,1999,0.002
brazil,2000,0.001
brazil,2001,0.0349
brazil,2002,0.061
brazil,2003,0.061
brazil,2004,0.061
brazil,2005,0.0929
brazil,2006,0.237
brazil,2007,0.559
brazil,2008,1.183
brazil,2009,1.44599999999999
brazil,2010,2.17699999999999
brazil,2011,2.70499999999999
brazil,2012,4.91799999999998
brazil,2013,6.46499999999998
brazil,2014,11.9459999999999
bulgaria,1965,0.0
bulgaria,1966,0.0
bulgaria,1967,0.0
bulgaria,1968,0.0
bulgaria,1969,0.0
bulgaria,1970,0.0
bulgaria,1971,0.0
bulgaria,1972,0.0
bulgaria,1973,0.0
bulgaria,1974,0.0
bulgaria,1975,0.0
bulgaria,1976,0.0
bulgaria,1977,0.0
bulgaria,1978,0.0
bulgaria,1979,0.0
bulgaria,1980,0.0
bulgaria,1981,0.0
bulgaria,1982,0.0
bulgaria,1983,0.0
bulgaria,1984,0.0
bulgaria,1985,0.0
bulgaria,1986,0.0
bulgaria,1987,0.0
bulgaria,1988,0.0
bulgaria,1989,0.0
bulgaria,1990,0.0
bulgaria,1991,0.0
bulgaria,1992,0.0
bulgaria,1993,0.0
bulgaria,1994,0.0
bulgaria,1995,0.0
bulgaria,1996,0.0
bulgaria,1997,0.0
bulgaria,1998,0.0
bulgaria,1999,0.0
bulgaria,2000,0.0
bulgaria,2001,0.0
bulgaria,2002,0.0
bulgaria,2003,0.0
bulgaria,2004,0.001
bulgaria,2005,0.005
bulgaria,2006,0.02
bulgaria,2007,0.047
bulgaria,2008,0.122
bulgaria,2009,0.237
bulgaria,2010,0.68617
bulgaria,2011,0.86062
bulgaria,2012,1.22115
bulgaria,2013,1.37233999999999
bulgaria,2014,1.42997827999999
canada,1965,0.0
canada,1966,0.0
canada,1967,0.0
canada,1968,0.0
canada,1969,0.0
canada,1970,0.0
canada,1971,0.0
canada,1972,0.0
canada,1973,0.0
canada,1974,0.0
canada,1975,0.0
canada,1976,0.0
canada,1977,0.0
canada,1978,0.0
canada,1979,0.0
canada,1980,0.0
canada,1981,0.0
canada,1982,0.0
canada,1983,0.0
canada,1984,0.0
canada,1985,0.001
canada,1986,0.001
canada,1987,0.001
canada,1988,0.001
canada,1989,0.001
canada,1990,0.00191919191919
canada,1991,0.00191919191919
canada,1992,0.00287878787879
canada,1993,0.03070707070707
canada,1994,0.05565656565657
canada,1995,0.05661616161616
canada,1996,0.05949494949495
canada,1997,0.05949494949495
canada,1998,0.05949494949495
canada,1999,0.162
canada,2000,0.264
canada,2001,0.329
canada,2002,0.405
canada,2003,0.69
canada,2004,0.945
canada,2005,1.55199999999999
canada,2006,2.44799999999999
canada,2007,2.97720599999999
canada,2008,3.75062899999999
canada,2009,6.57523499999997
canada,2010,8.63694999999997
canada,2011,10.0866879999999
canada,2012,11.1983729999999
canada,2013,11.4786839999999
canada,2014,11.3045531215595
chile,1965,0.0
chile,1966,0.0
chile,1967,0.0
chile,1968,0.0
chile,1969,0.0
chile,1970,0.0
chile,1971,0.0
chile,1972,0.0
chile,1973,0.0
chile,1974,0.0
chile,1975,0.0
chile,1976,0.0
chile,1977,0.0
chile,1978,0.0
chile,1979,0.0
chile,1980,0.0
chile,1981,0.0
chile,1982,0.0
chile,1983,0.0
chile,1984,0.0
chile,1985,0.0
chile,1986,0.0
chile,1987,0.0
chile,1988,0.0
chile,1989,0.0
chile,1990,0.0
chile,1991,0.0
chile,1992,0.0
chile,1993,0.0
chile,1994,0.0
chile,1995,0.0
chile,1996,0.0
chile,1997,0.0
chile,1998,0.0
chile,1999,0.0
chile,2000,0.0
chile,2001,0.00707070707071
chile,2002,0.00707070707071
chile,2003,0.00707070707071
chile,2004,0.005
chile,2005,0.007
chile,2006,0.007
chile,2007,0.0112
chile,2008,0.037
chile,2009,0.078206867
chile,2010,0.332135807
chile,2011,0.331633005
chile,2012,0.390126812
chile,2013,0.545075566
chile,2014,1.41790149399999
china,1965,0.0
china,1966,0.0
china,1967,0.0
china,1968,0.0
china,1969,0.0
china,1970,0.0
china,1971,0.0
china,1972,0.0
china,1973,0.0
china,1974,0.0
china,1975,0.0
china,1976,0.0
china,1977,0.0
china,1978,0.0
china,1979,0.0
china,1980,0.0
china,1981,0.0
china,1982,0.0
china,1983,0.0
china,1984,0.0
china,1985,0.0
china,1986,0.0
china,1987,0.0
china,1988,0.0
china,1989,0.0
china,1990,0.0020202020202
china,1991,0.00909090909091
china,1992,0.13131313131313
china,1993,0.21212121212121
china,1994,0.38383838383838
china,1995,0.61616161616161
china,1996,0.09393939393939
china,1997,0.1979797979798
china,1998,0.35555555555555
china,1999,0.47373737373737
china,2000,0.58989898989898
china,2001,0.71919191919191
china,2002,0.83737373737373
china,2003,0.99696969696969
china,2004,1.27777777777776
china,2005,1.94606060606058
china,2006,3.71181818181814
china,2007,5.47929292929286
china,2008,13.0999999999999
china,2009,27.5999999999999
china,2010,44.6219999999998
china,2011,70.3309999999997
china,2012,95.9779999999996
china,2013,141.199999999999
china,2014,158.426399999999
china_hong_kong_sar,1965,0.0
china_hong_kong_sar,1966,0.0
china_hong_kong_sar,1967,0.0
china_hong_kong_sar,1968,0.0
china_hong_kong_sar,1969,0.0
china_hong_kong_sar,1970,0.0
china_hong_kong_sar,1971,0.0
china_hong_kong_sar,1972,0.0
china_hong_kong_sar,1973,0.0
china_hong_kong_sar,1974,0.0
china_hong_kong_sar,1975,0.0
china_hong_kong_sar,1976,0.0
china_hong_kong_sar,1977,0.0
china_hong_kong_sar,1978,0.0
china_hong_kong_sar,1979,0.0
china_hong_kong_sar,1980,0.0
china_hong_kong_sar,1981,0.0
china_hong_kong_sar,1982,0.0
china_hong_kong_sar,1983,0.0
china_hong_kong_sar,1984,0.0
china_hong_kong_sar,1985,0.0
china_hong_kong_sar,1986,0.0
china_hong_kong_sar,1987,0.0
china_hong_kong_sar,1988,0.0
china_hong_kong_sar,1989,0.0
china_hong_kong_sar,1990,0.0
china_hong_kong_sar,1991,0.0
china_hong_kong_sar,1992,0.0
china_hong_kong_sar,1993,0.0
china_hong_kong_sar,1994,0.0
china_hong_kong_sar,1995,0.0
china_hong_kong_sar,1996,0.0
china_hong_kong_sar,1997,0.0
china_hong_kong_sar,1998,0.0
china_hong_kong_sar,1999,0.0
china_hong_kong_sar,2000,0.0
china_hong_kong_sar,2001,0.0
china_hong_kong_sar,2002,0.0
china_hong_kong_sar,2003,0.0
china_hong_kong_sar,2004,0.0
china_hong_kong_sar,2005,0.0
china_hong_kong_sar,2006,0.000694
china_hong_kong_sar,2007,0.000865
china_hong_kong_sar,2008,0.000807
china_hong_kong_sar,2009,0.001099
china_hong_kong_sar,2010,0.001041
china_hong_kong_sar,2011,0.000868
china_hong_kong_sar,2012,0.001053
china_hong_kong_sar,2013,0.000836
china_hong_kong_sar,2014,0.0009
colombia,1965,0.0
colombia,1966,0.0
colombia,1967,0.0
colombia,1968,0.0
colombia,1969,0.0
colombia,1970,0.0
colombia,1971,0.0
colombia,1972,0.0
colombia,1973,0.0
colombia,1974,0.0
colombia,1975,0.0
colombia,1976,0.0
colombia,1977,0.0
colombia,1978,0.0
colombia,1979,0.0
colombia,1980,0.0
colombia,1981,0.0
colombia,1982,0.0
colombia,1983,0.0
colombia,1984,0.0
colombia,1985,0.0
colombia,1986,0.0
colombia,1987,0.0
colombia,1988,0.0
colombia,1989,0.0
colombia,1990,0.0
colombia,1991,0.0
colombia,1992,0.0
colombia,1993,0.0
colombia,1994,0.0
colombia,1995,0.0
colombia,1996,0.0
colombia,1997,0.0
colombia,1998,0.0
colombia,1999,0.0
colombia,2000,0.0
colombia,2001,0.0
colombia,2002,0.0
colombia,2003,0.0
colombia,2004,0.0507
colombia,2005,0.0496
colombia,2006,0.063
colombia,2007,0.0499
colombia,2008,0.0539
colombia,2009,0.0577
colombia,2010,0.0386
colombia,2011,0.0413
colombia,2012,0.0549
colombia,2013,0.0576
colombia,2014,0.07023029788
czech_republic,1965,0.0
czech_republic,1966,0.0
czech_republic,1967,0.0
czech_republic,1968,0.0
czech_republic,1969,0.0
czech_republic,1970,0.0
czech_republic,1971,0.0
czech_republic,1972,0.0
czech_republic,1973,0.0
czech_republic,1974,0.0
czech_republic,1975,0.0
czech_republic,1976,0.0
czech_republic,1977,0.0
czech_republic,1978,0.0
czech_republic,1979,0.0
czech_republic,1980,0.0
czech_republic,1981,0.0
czech_republic,1982,0.0
czech_republic,1983,0.0
czech_republic,1984,0.0
czech_republic,1985,0.0
czech_republic,1986,0.0
czech_republic,1987,0.0
czech_republic,1988,0.0
czech_republic,1989,0.0
czech_republic,1990,0.0
czech_republic,1991,0.0
czech_republic,1992,0.0
czech_republic,1993,0.0
czech_republic,1994,0.0
czech_republic,1995,0.0
czech_republic,1996,0.0
czech_republic,1997,0.0
czech_republic,1998,0.0
czech_republic,1999,0.0
czech_republic,2000,0.0
czech_republic,2001,0.0
czech_republic,2002,0.002
czech_republic,2003,0.004
czech_republic,2004,0.01
czech_republic,2005,0.021
czech_republic,2006,0.049
czech_republic,2007,0.125
czech_republic,2008,0.245
czech_republic,2009,0.288
czech_republic,2010,0.335
czech_republic,2011,0.397
czech_republic,2012,0.4173
czech_republic,2013,0.4783
czech_republic,2014,0.4765
denmark,1965,0.0
denmark,1966,0.0
denmark,1967,0.0
denmark,1968,0.0
denmark,1969,0.0
denmark,1970,0.0
denmark,1971,0.0
denmark,1972,0.0
denmark,1973,0.0
denmark,1974,0.0
denmark,1975,0.0
denmark,1976,0.0
denmark,1977,0.0
denmark,1978,0.0030303030303
denmark,1979,0.00606060606061
denmark,1980,0.01060606060606
denmark,1981,0.01060606060606
denmark,1982,0.01868686868687
denmark,1983,0.02737373737374
denmark,1984,0.03353535353535
denmark,1985,0.05191919191919
denmark,1986,0.12686868686869
denmark,1987,0.17555555555555
denmark,1988,0.29464646464646
denmark,1989,0.43272727272727
denmark,1990,0.61646464646464
denmark,1991,0.74757575757575
denmark,1992,0.92464646464645
denmark,1993,1.04464646464645
denmark,1994,1.14848484848484
denmark,1995,1.18919191919191
denmark,1996,1.23929292929291
denmark,1997,1.95353535353533
denmark,1998,2.84848484848481
denmark,1999,3.05959595959592
denmark,2000,4.28383838383833
denmark,2001,4.3494949494949
denmark,2002,4.92626262626257
denmark,2003,5.61717171717165
denmark,2004,6.64949494949487
denmark,2005,6.680808080808
denmark,2006,6.1696969696969
denmark,2007,7.24343434343426
denmark,2008,6.99797979797972
denmark,2009,6.78888888888881
denmark,2010,7.88830512727263
denmark,2011,9.87291344393928
denmark,2012,10.3736645677069
denmark,2013,11.2356299329675
denmark,2014,13.2106096629271
ecuador,1965,0.0
ecuador,1966,0.0
ecuador,1967,0.0
ecuador,1968,0.0
ecuador,1969,0.0
ecuador,1970,0.0
ecuador,1971,0.0
ecuador,1972,0.0
ecuador,1973,0.0
ecuador,1974,0.0
ecuador,1975,0.0
ecuador,1976,0.0
ecuador,1977,0.0
ecuador,1978,0.0
ecuador,1979,0.0
ecuador,1980,0.0
ecuador,1981,0.0
ecuador,1982,0.0
ecuador,1983,0.0
ecuador,1984,0.0
ecuador,1985,0.0
ecuador,1986,0.0
ecuador,1987,0.0
ecuador,1988,0.0
ecuador,1989,0.0
ecuador,1990,0.0
ecuador,1991,0.0
ecuador,1992,0.0
ecuador,1993,0.0
ecuador,1994,0.0
ecuador,1995,0.0
ecuador,1996,0.0
ecuador,1997,0.0
ecuador,1998,0.0
ecuador,1999,0.0
ecuador,2000,0.0
ecuador,2001,0.0
ecuador,2002,0.0
ecuador,2003,0.0
ecuador,2004,0.0
ecuador,2005,0.0
ecuador,2006,0.0
ecuador,2007,0.00096
ecuador,2008,0.00268
ecuador,2009,0.0032
ecuador,2010,0.00343
ecuador,2011,0.00334
ecuador,2012,0.0024
ecuador,2013,0.0567
ecuador,2014,0.07974
egypt,1965,0.0
egypt,1966,0.0
egypt,1967,0.0
egypt,1968,0.0
egypt,1969,0.0
egypt,1970,0.0
egypt,1971,0.0
egypt,1972,0.0
egypt,1973,0.0
egypt,1974,0.0
egypt,1975,0.0
egypt,1976,0.0
egypt,1977,0.0
egypt,1978,0.0
egypt,1979,0.0
egypt,1980,0.0
egypt,1981,0.0
egypt,1982,0.0
egypt,1983,0.0
egypt,1984,0.0
egypt,1985,0.0
egypt,1986,0.0
egypt,1987,0.0
egypt,1988,0.0
egypt,1989,0.0
egypt,1990,0.0
egypt,1991,0.0
egypt,1992,0.0
egypt,1993,0.0
egypt,1994,0.0
egypt,1995,0.0
egypt,1996,0.0
egypt,1997,0.0
egypt,1998,0.0
egypt,1999,0.02323232323232
egypt,2000,0.13131313131313
egypt,2001,0.1755
egypt,2002,0.2125
egypt,2003,0.286
egypt,2004,0.4455
egypt,2005,0.5375
egypt,2006,0.605
egypt,2007,0.657
egypt,2008,0.922
egypt,2009,1.029
egypt,2010,1.309
egypt,2011,1.50499999999999
egypt,2012,1.50912328767123
egypt,2013,1.61678442028985
egypt,2014,1.81036231884057
finland,1965,0.0
finland,1966,0.0
finland,1967,0.0
finland,1968,0.0
finland,1969,0.0
finland,1970,0.0
finland,1971,0.0
finland,1972,0.0
finland,1973,0.0
finland,1974,0.0
finland,1975,0.0
finland,1976,0.0
finland,1977,0.0
finland,1978,0.0
finland,1979,0.0
finland,1980,0.0
finland,1981,0.0
finland,1982,0.0
finland,1983,0.0
finland,1984,0.0
finland,1985,0.0
finland,1986,0.0
finland,1987,0.0
finland,1988,0.0
finland,1989,0.0
finland,1990,0.0
finland,1991,0.0
finland,1992,0.0020202020202
finland,1993,0.0040404040404
finland,1994,0.00707070707071
finland,1995,0.01111111111111
finland,1996,0.01111111111111
finland,1997,0.01717171717172
finland,1998,0.02323232323232
finland,1999,0.04949494949495
finland,2000,0.07777777777778
finland,2001,0.07070707070707
finland,2002,0.06363636363636
finland,2003,0.09292929292929
finland,2004,0.12121212121212
finland,2005,0.16969696969697
finland,2006,0.15454545454545
finland,2007,0.18989898989899
finland,2008,0.26363636363636
finland,2009,0.27979797979798
finland,2010,0.29696969696969
finland,2011,0.48585858585858
finland,2012,0.49898989898989
finland,2013,0.78181818181817
finland,2014,1.12424242424241
france,1965,0.0
france,1966,0.0
france,1967,0.0
france,1968,0.0
france,1969,0.0
france,1970,0.0
france,1971,0.0
france,1972,0.0
france,1973,0.0
france,1974,0.0
france,1975,0.0
france,1976,0.0
france,1977,0.0
france,1978,0.0
france,1979,0.0
france,1980,0.0
france,1981,0.0
france,1982,0.0
france,1983,0.0
france,1984,0.0
france,1985,0.0
france,1986,0.0
france,1987,0.0
france,1988,0.0
france,1989,0.0
france,1990,0.000271526
france,1991,0.000489604
france,1992,0.000489604
france,1993,0.00240218
france,1994,0.004704
france,1995,0.0047142
france,1996,0.0074302
france,1997,0.0111284
france,1998,0.0194972
france,1999,0.03694443
france,2000,0.07736
france,2001,0.1311
france,2002,0.2691
france,2003,0.3912
france,2004,0.596
france,2005,0.96377
france,2006,2.18887999999999
france,2007,4.06009999999999
france,2008,5.70999999999998
france,2009,7.59499999999997
france,2010,9.41199999999997
france,2011,11.6239999999999
france,2012,14.2999499999999
france,2013,15.2096699999999
france,2014,16.1684099999999
germany,1965,0.0
germany,1966,0.0
germany,1967,0.0
germany,1968,0.0
germany,1969,0.0
germany,1970,0.0
germany,1971,0.0
germany,1972,0.0
germany,1973,0.0
germany,1974,0.0
germany,1975,0.0
germany,1976,0.0
germany,1977,0.0
germany,1978,0.0
germany,1979,0.0
germany,1980,0.0
germany,1981,0.0
germany,1982,0.0
germany,1983,0.0
germany,1984,0.0
germany,1985,0.0
germany,1986,0.001
germany,1987,0.002
germany,1988,0.008
germany,1989,0.026
germany,1990,0.071
germany,1991,0.1
germany,1992,0.275
germany,1993,0.6
germany,1994,0.909
germany,1995,1.49999999999999
germany,1996,2.03199999999999
germany,1997,2.96599999999999
germany,1998,4.48899999999998
germany,1999,5.52799999999998
germany,2000,7.54999999999997
germany,2001,10.5089999999999
germany,2002,15.7859999999999
germany,2003,18.7129999999999
germany,2004,25.5089999999999
germany,2005,27.2289999999998
germany,2006,30.7099999999998
germany,2007,39.7129999999998
germany,2008,40.5739999999998
germany,2009,38.6479999999998
germany,2010,37.7929999999998
germany,2011,48.8829999999998
germany,2012,50.6699999999998
germany,2013,51.7079999999998
germany,2014,55.9699999999997
greece,1965,0.0
greece,1966,0.0
greece,1967,0.0
greece,1968,0.0
greece,1969,0.0
greece,1970,0.0
greece,1971,0.0
greece,1972,0.0
greece,1973,0.0
greece,1974,0.0
greece,1975,0.0
greece,1976,0.0
greece,1977,0.0
greece,1978,0.0
greece,1979,0.0
greece,1980,0.0
greece,1981,0.0
greece,1982,0.0
greece,1983,0.0
greece,1984,0.0
greece,1985,0.0
greece,1986,0.0
greece,1987,0.001
greece,1988,0.001
greece,1989,0.001
greece,1990,0.002
greece,1991,0.002
greece,1992,0.008
greece,1993,0.047
greece,1994,0.037
greece,1995,0.034
greece,1996,0.036
greece,1997,0.037
greece,1998,0.073
greece,1999,0.162
greece,2000,0.451
greece,2001,0.756
greece,2002,0.651
greece,2003,1.021
greece,2004,1.121
greece,2005,1.266
greece,2006,1.69899999999999
greece,2007,1.81799999999999
greece,2008,2.24199999999999
greece,2009,2.54299999999999
greece,2010,2.71399999999999
greece,2011,3.31499999999999
greece,2012,3.84999999999999
greece,2013,4.13899999999998
greece,2014,4.19999999999998
hungary,1965,0.0
hungary,1966,0.0
hungary,1967,0.0
hungary,1968,0.0
hungary,1969,0.0
hungary,1970,0.0
hungary,1971,0.0
hungary,1972,0.0
hungary,1973,0.0
hungary,1974,0.0
hungary,1975,0.0
hungary,1976,0.0
hungary,1977,0.0
hungary,1978,0.0
hungary,1979,0.0
hungary,1980,0.0
hungary,1981,0.0
hungary,1982,0.0
hungary,1983,0.0
hungary,1984,0.0
hungary,1985,0.0
hungary,1986,0.0
hungary,1987,0.0
hungary,1988,0.0
hungary,1989,0.0
hungary,1990,0.0
hungary,1991,0.0
hungary,1992,0.0
hungary,1993,0.0
hungary,1994,0.0
hungary,1995,0.0
hungary,1996,0.0
hungary,1997,0.0
hungary,1998,0.0
hungary,1999,0.0
hungary,2000,0.0
hungary,2001,0.001
hungary,2002,0.001
hungary,2003,0.004
hungary,2004,0.006
hungary,2005,0.01
hungary,2006,0.043
hungary,2007,0.11
hungary,2008,0.205
hungary,2009,0.331
hungary,2010,0.527
hungary,2011,0.626
hungary,2012,0.771181
hungary,2013,0.71751
hungary,2014,0.657
india,1965,0.0
india,1966,0.0
india,1967,0.0
india,1968,0.0
india,1969,0.0
india,1970,0.0
india,1971,0.0
india,1972,0.0
india,1973,0.0
india,1974,0.0
india,1975,0.0
india,1976,0.0
india,1977,0.0
india,1978,0.0
india,1979,0.0
india,1980,0.0
india,1981,0.0
india,1982,0.0
india,1983,0.0
india,1984,0.0
india,1985,0.0
india,1986,0.0
india,1987,0.0
india,1988,0.0
india,1989,0.0
india,1990,0.03030303030303
india,1991,0.11291
india,1992,0.08847
india,1993,0.09477
india,1994,0.19128
india,1995,0.49647
india,1996,0.87838
india,1997,0.988
india,1998,1.079
india,1999,1.44599999999999
india,2000,1.58199999999999
india,2001,2.08499999999999
india,2002,2.08499999999999
india,2003,2.60447999999999
india,2004,5.22542999999998
india,2005,5.99099999999998
india,2006,9.54699999999997
india,2007,11.4129999999999
india,2008,13.3339999999999
india,2009,18.1869999999999
india,2010,21.7398124999999
india,2011,26.3694374999998
india,2012,31.1950445624998
india,2013,34.7753240458922
india,2014,38.4219617690171
indonesia,1965,0.0
indonesia,1966,0.0
indonesia,1967,0.0
indonesia,1968,0.0
indonesia,1969,0.0
indonesia,1970,0.0
indonesia,1971,0.0
indonesia,1972,0.0
indonesia,1973,0.0
indonesia,1974,0.0
indonesia,1975,0.0
indonesia,1976,0.0
indonesia,1977,0.0
indonesia,1978,0.0
indonesia,1979,0.0
indonesia,1980,0.0
indonesia,1981,0.0
indonesia,1982,0.0
indonesia,1983,0.0
indonesia,1984,0.0
indonesia,1985,0.0
indonesia,1986,0.0
indonesia,1987,0.0
indonesia,1988,0.0
indonesia,1989,0.0
indonesia,1990,0.0
indonesia,1991,0.0
indonesia,1992,0.0
indonesia,1993,0.0
indonesia,1994,0.0
indonesia,1995,0.0
indonesia,1996,0.0
indonesia,1997,0.0
indonesia,1998,0.0
indonesia,1999,0.0
indonesia,2000,0.0
indonesia,2001,0.0
indonesia,2002,0.0
indonesia,2003,0.0
indonesia,2004,0.0
indonesia,2005,0.0
indonesia,2006,0.0
indonesia,2007,2e-05
indonesia,2008,0.00027
indonesia,2009,0.00367
indonesia,2010,0.003636
indonesia,2011,0.00469
indonesia,2012,0.00461
indonesia,2013,0.0014
indonesia,2014,0.0014
iran,1965,0.0
iran,1966,0.0
iran,1967,0.0
iran,1968,0.0
iran,1969,0.0
iran,1970,0.0
iran,1971,0.0
iran,1972,0.0
iran,1973,0.0
iran,1974,0.0
iran,1975,0.0
iran,1976,0.0
iran,1977,0.0
iran,1978,0.0
iran,1979,0.0
iran,1980,0.0
iran,1981,0.0
iran,1982,0.0
iran,1983,0.0
iran,1984,0.0
iran,1985,0.0
iran,1986,0.0
iran,1987,0.0
iran,1988,0.0
iran,1989,0.0
iran,1990,0.0
iran,1991,0.0
iran,1992,0.0
iran,1993,0.0
iran,1994,0.0
iran,1995,0.0
iran,1996,0.0
iran,1997,0.0
iran,1998,0.0
iran,1999,0.0
iran,2000,0.0
iran,2001,0.0
iran,2002,0.0
iran,2003,0.0
iran,2004,0.004
iran,2005,0.062
iran,2006,0.082
iran,2007,0.127
iran,2008,0.1979797979798
iran,2009,0.22727272727272
iran,2010,0.16464646464646
iran,2011,0.27696969696969
iran,2012,0.20909090909091
iran,2013,0.26756138670073
iran,2014,0.31577064556572
israel,1965,0.0
israel,1966,0.0
israel,1967,0.0
israel,1968,0.0
israel,1969,0.0
israel,1970,0.0
israel,1971,0.0
israel,1972,0.0
israel,1973,0.0
israel,1974,0.0
israel,1975,0.0
israel,1976,0.0
israel,1977,0.0
israel,1978,0.0
israel,1979,0.0
israel,1980,0.0
israel,1981,0.0
israel,1982,0.0
israel,1983,0.0
israel,1984,0.0
israel,1985,0.0
israel,1986,0.0
israel,1987,0.0
israel,1988,0.0
israel,1989,0.0
israel,1990,0.0
israel,1991,0.0
israel,1992,0.0
israel,1993,0.0
israel,1994,0.0
israel,1995,0.0
israel,1996,0.0
israel,1997,0.0
israel,1998,0.0
israel,1999,0.0
israel,2000,0.0
israel,2001,0.01010101010101
israel,2002,0.01010101010101
israel,2003,0.01111111111111
israel,2004,0.01010101010101
israel,2005,0.01050505050505
israel,2006,0.00191919191919
israel,2007,0.0010101010101
israel,2008,0.00858585858586
israel,2009,0.00909090909091
israel,2010,0.00808080808081
israel,2011,0.00707070707071
israel,2012,0.00606060606061
israel,2013,0.00706518739306
israel,2014,0.00706518739306
italy,1965,0.0
italy,1966,0.0
italy,1967,0.0
italy,1968,0.0
italy,1969,0.0
italy,1970,0.0
italy,1971,0.0
italy,1972,0.0
italy,1973,0.0
italy,1974,0.0
italy,1975,0.0
italy,1976,0.0
italy,1977,0.0
italy,1978,0.0
italy,1979,0.0
italy,1980,0.0
italy,1981,0.0
italy,1982,0.0
italy,1983,0.0
italy,1984,0.0
italy,1985,0.0
italy,1986,0.0
italy,1987,0.0
italy,1988,0.0
italy,1989,0.002
italy,1990,0.00191919191919
italy,1991,0.00287878787879
italy,1992,0.00191919191919
italy,1993,0.00383838383838
italy,1994,0.00671717171717
italy,1995,0.00863636363636
italy,1996,0.03166666666667
italy,1997,0.118
italy,1998,0.232
italy,1999,0.403
italy,2000,0.563
italy,2001,1.179
italy,2002,1.40399999999999
italy,2003,1.45799999999999
italy,2004,1.84699999999999
italy,2005,2.34299999999999
italy,2006,2.97099999999999
italy,2007,4.03399999999998
italy,2008,4.86099999999998
italy,2009,6.54299999999998
italy,2010,9.12589999999996
italy,2011,9.85639999999996
italy,2012,13.4070999999999
italy,2013,14.8969999999999
italy,2014,15.0519287999999
japan,1965,0.0
japan,1966,0.0
japan,1967,0.0
japan,1968,0.0
japan,1969,0.0
japan,1970,0.0
japan,1971,0.0
japan,1972,0.0
japan,1973,0.0
japan,1974,0.0
japan,1975,0.0
japan,1976,0.0
japan,1977,0.0
japan,1978,0.0
japan,1979,0.0
japan,1980,0.0
japan,1981,0.0
japan,1982,0.0
japan,1983,0.0
japan,1984,0.0
japan,1985,0.0
japan,1986,0.0
japan,1987,0.0
japan,1988,0.0
japan,1989,0.0
japan,1990,0.0
japan,1991,0.0
japan,1992,0.0
japan,1993,0.0009595959596
japan,1994,0.0009595959596
japan,1995,0.0009595959596
japan,1996,0.00191919191919
japan,1997,0.0009595959596
japan,1998,0.00707070707071
japan,1999,0.03636363636364
japan,2000,0.109
japan,2001,0.252
japan,2002,0.413
japan,2003,0.832
japan,2004,1.43999999999999
japan,2005,1.90999999999999
japan,2006,2.13499999999999
japan,2007,2.73999999999999
japan,2008,2.94499999999999
japan,2009,3.42730229899999
japan,2010,3.92572906299999
japan,2011,4.45904099999998
japan,2012,4.72741699999998
japan,2013,5.13316906799998
japan,2014,5.07017095612207
kazakhstan,1985,0.0
kazakhstan,1986,0.0
kazakhstan,1987,0.0
kazakhstan,1988,0.0
kazakhstan,1989,0.0
kazakhstan,1990,0.0
kazakhstan,1991,0.0
kazakhstan,1992,0.0
kazakhstan,1993,0.0
kazakhstan,1994,0.0
kazakhstan,1995,0.0
kazakhstan,1996,0.0
kazakhstan,1997,0.0
kazakhstan,1998,0.0
kazakhstan,1999,0.0
kazakhstan,2000,0.0
kazakhstan,2001,0.0
kazakhstan,2002,0.0
kazakhstan,2003,0.0
kazakhstan,2004,0.0
kazakhstan,2005,0.0
kazakhstan,2006,0.0010101010101
kazakhstan,2007,0.0010101010101
kazakhstan,2008,0.0010101010101
kazakhstan,2009,0.0010101010101
kazakhstan,2010,0.0010101010101
kazakhstan,2011,0.0010101010101
kazakhstan,2012,0.0030303030303
kazakhstan,2013,0.00302202351383
kazakhstan,2014,0.00302202351383
kuwait,1965,0.0
kuwait,1966,0.0
kuwait,1967,0.0
kuwait,1968,0.0
kuwait,1969,0.0
kuwait,1970,0.0
kuwait,1971,0.0
kuwait,1972,0.0
kuwait,1973,0.0
kuwait,1974,0.0
kuwait,1975,0.0
kuwait,1976,0.0
kuwait,1977,0.0
kuwait,1978,0.0
kuwait,1979,0.0
kuwait,1980,0.0
kuwait,1981,0.0
kuwait,1982,0.0
kuwait,1983,0.0
kuwait,1984,0.0
kuwait,1985,0.0
kuwait,1986,0.0
kuwait,1987,0.0
kuwait,1988,0.0
kuwait,1989,0.0
kuwait,1990,0.0
kuwait,1991,0.0
kuwait,1992,0.0
kuwait,1993,0.0
kuwait,1994,0.0
kuwait,1995,0.0
kuwait,1996,0.0
kuwait,1997,0.0
kuwait,1998,0.0
kuwait,1999,0.0
kuwait,2000,0.0
kuwait,2001,0.0
kuwait,2002,0.0
kuwait,2003,0.0
kuwait,2004,0.0
kuwait,2005,0.0
kuwait,2006,0.0
kuwait,2007,0.0
kuwait,2008,0.0
kuwait,2009,0.0
kuwait,2010,0.0
kuwait,2011,0.0
kuwait,2012,0.0
kuwait,2013,0.0
kuwait,2014,0.0
lithuania,1985,0.0
lithuania,1986,0.0
lithuania,1987,0.0
lithuania,1988,0.0
lithuania,1989,0.0
lithuania,1990,0.0
lithuania,1991,0.0
lithuania,1992,0.0
lithuania,1993,0.0
lithuania,1994,0.0
lithuania,1995,0.0
lithuania,1996,0.0
lithuania,1997,0.0
lithuania,1998,0.0
lithuania,1999,0.0
lithuania,2000,0.0
lithuania,2001,0.0
lithuania,2002,0.0
lithuania,2003,0.0
lithuania,2004,0.0012
lithuania,2005,0.0018
lithuania,2006,0.0137
lithuania,2007,0.1061
lithuania,2008,0.1311
lithuania,2009,0.1577
lithuania,2010,0.224
lithuania,2011,0.475
lithuania,2012,0.5401
lithuania,2013,0.6027
lithuania,2014,0.636
malaysia,1965,0.0
malaysia,1966,0.0
malaysia,1967,0.0
malaysia,1968,0.0
malaysia,1969,0.0
malaysia,1970,0.0
malaysia,1971,0.0
malaysia,1972,0.0
malaysia,1973,0.0
malaysia,1974,0.0
malaysia,1975,0.0
malaysia,1976,0.0
malaysia,1977,0.0
malaysia,1978,0.0
malaysia,1979,0.0
malaysia,1980,0.0
malaysia,1981,0.0
malaysia,1982,0.0
malaysia,1983,0.0
malaysia,1984,0.0
malaysia,1985,0.0
malaysia,1986,0.0
malaysia,1987,0.0
malaysia,1988,0.0
malaysia,1989,0.0
malaysia,1990,0.0
malaysia,1991,0.0
malaysia,1992,0.0
malaysia,1993,0.0
malaysia,1994,0.0
malaysia,1995,0.0
malaysia,1996,0.0
malaysia,1997,0.0
malaysia,1998,0.0
malaysia,1999,0.0
malaysia,2000,0.0
malaysia,2001,0.0
malaysia,2002,0.0
malaysia,2003,0.0
malaysia,2004,0.0
malaysia,2005,0.0
malaysia,2006,0.0
malaysia,2007,0.0
malaysia,2008,0.0
malaysia,2009,0.0
malaysia,2010,0.0
malaysia,2011,0.0
malaysia,2012,0.0
malaysia,2013,0.0
malaysia,2014,0.0
mexico,1965,0.0
mexico,1966,0.0
mexico,1967,0.0
mexico,1968,0.0
mexico,1969,0.0
mexico,1970,0.0
mexico,1971,0.0
mexico,1972,0.0
mexico,1973,0.0
mexico,1974,0.0
mexico,1975,0.0
mexico,1976,0.0
mexico,1977,0.0
mexico,1978,0.0
mexico,1979,0.0
mexico,1980,0.0
mexico,1981,0.0
mexico,1982,0.0
mexico,1983,0.0
mexico,1984,0.0
mexico,1985,0.0
mexico,1986,0.0
mexico,1987,0.0
mexico,1988,0.0
mexico,1989,0.0
mexico,1990,0.0010101010101
mexico,1991,0.0010101010101
mexico,1992,0.0010101010101
mexico,1993,0.0010101010101
mexico,1994,0.0050505050505
mexico,1995,0.00707070707071
mexico,1996,0.00606060606061
mexico,1997,0.01212121212121
mexico,1998,0.01515151515151
mexico,1999,0.01717171717172
mexico,2000,0.01919191919192
mexico,2001,0.01818181818182
mexico,2002,0.02121212121212
mexico,2003,0.01919191919192
mexico,2004,0.02020202020202
mexico,2005,0.01919191919192
mexico,2006,0.05959595959596
mexico,2007,0.26464646464646
mexico,2008,0.27171717171717
mexico,2009,0.60202020202019
mexico,2010,1.25151515151514
mexico,2011,1.64799999999999
mexico,2012,3.64399999999999
mexico,2013,5.59899999999998
mexico,2014,7.19551485714283
netherlands,1965,0.0
netherlands,1966,0.0
netherlands,1967,0.0
netherlands,1968,0.0
netherlands,1969,0.0
netherlands,1970,0.0
netherlands,1971,0.0
netherlands,1972,0.0
netherlands,1973,0.0
netherlands,1974,0.0
netherlands,1975,0.0
netherlands,1976,0.0
netherlands,1977,0.0
netherlands,1978,0.0
netherlands,1979,0.0
netherlands,1980,0.0
netherlands,1981,0.0
netherlands,1982,0.0
netherlands,1983,0.0
netherlands,1984,0.0
netherlands,1985,0.0
netherlands,1986,0.001
netherlands,1987,0.002
netherlands,1988,0.016
netherlands,1989,0.023
netherlands,1990,0.056
netherlands,1991,0.088
netherlands,1992,0.147
netherlands,1993,0.174
netherlands,1994,0.238
netherlands,1995,0.317
netherlands,1996,0.437
netherlands,1997,0.475
netherlands,1998,0.64
netherlands,1999,0.645
netherlands,2000,0.829
netherlands,2001,0.825
netherlands,2002,0.947
netherlands,2003,1.31999999999999
netherlands,2004,1.87099999999999
netherlands,2005,2.06699999999999
netherlands,2006,2.73399999999999
netherlands,2007,3.43799999999999
netherlands,2008,4.25999999999998
netherlands,2009,4.58099999999998
netherlands,2010,3.99299999999998
netherlands,2011,5.10017099999998
netherlands,2012,4.98182899999998
netherlands,2013,5.62714799999998
netherlands,2014,5.80599999999998
new_zealand,1965,0.0
new_zealand,1966,0.0
new_zealand,1967,0.0
new_zealand,1968,0.0
new_zealand,1969,0.0
new_zealand,1970,0.0
new_zealand,1971,0.0
new_zealand,1972,0.0
new_zealand,1973,0.0
new_zealand,1974,0.0
new_zealand,1975,0.0
new_zealand,1976,0.0
new_zealand,1977,0.0
new_zealand,1978,0.0
new_zealand,1979,0.0
new_zealand,1980,0.0
new_zealand,1981,0.0
new_zealand,1982,0.0
new_zealand,1983,0.0
new_zealand,1984,0.0
new_zealand,1985,0.0
new_zealand,1986,0.0
new_zealand,1987,0.0
new_zealand,1988,0.0
new_zealand,1989,0.0
new_zealand,1990,0.0
new_zealand,1991,0.0
new_zealand,1992,0.00069090909091
new_zealand,1993,0.00098585858586
new_zealand,1994,0.0010101010101
new_zealand,1995,0.0010101010101
new_zealand,1996,0.00832626262626
new_zealand,1997,0.01359355555556
new_zealand,1998,0.0220696969697
new_zealand,1999,0.03899292929293
new_zealand,2000,0.12020808080808
new_zealand,2001,0.13898787878788
new_zealand,2002,0.15548315959596
new_zealand,2003,0.1464773060606
new_zealand,2004,0.36145172171717
new_zealand,2005,0.61434126464646
new_zealand,2006,0.62217180989898
new_zealand,2007,0.92979966363635
new_zealand,2008,1.05837027954544
new_zealand,2009,1.47664679077502
new_zealand,2010,1.63385565630881
new_zealand,2011,1.95193971604926
new_zealand,2012,2.07587010846522
new_zealand,2013,2.01985869430836
new_zealand,2014,2.20978960038148
norway,1965,0.0
norway,1966,0.0
norway,1967,0.0
norway,1968,0.0
norway,1969,0.0
norway,1970,0.0
norway,1971,0.0
norway,1972,0.0
norway,1973,0.0
norway,1974,0.0
norway,1975,0.0
norway,1976,0.0
norway,1977,0.0
norway,1978,0.0
norway,1979,0.0
norway,1980,0.0
norway,1981,0.0
norway,1982,0.0
norway,1983,0.0
norway,1984,0.0
norway,1985,0.0
norway,1986,0.0
norway,1987,0.0
norway,1988,0.0
norway,1989,0.0
norway,1990,0.0
norway,1991,0.0
norway,1992,0.0
norway,1993,0.0
norway,1994,0.0
norway,1995,0.0
norway,1996,0.0
norway,1997,0.0
norway,1998,0.0
norway,1999,0.014276
norway,2000,0.030199
norway,2001,0.028758
norway,2002,0.038903
norway,2003,0.219796
norway,2004,0.259519
norway,2005,0.50703
norway,2006,0.673144
norway,2007,0.900841
norway,2008,0.916944
norway,2009,0.980501
norway,2010,0.894909
norway,2011,1.293291
norway,2012,1.55597499999999
norway,2013,1.89415399999999
norway,2014,2.21629699999999
other_africa,1965,0.0
other_africa,1966,0.0
other_africa,1967,0.0
other_africa,1968,0.0
other_africa,1969,0.0
other_africa,1970,0.0
other_africa,1971,0.0
other_africa,1972,0.0
other_africa,1973,0.0
other_africa,1974,0.0
other_africa,1975,0.0
other_africa,1976,0.0
other_africa,1977,0.0
other_africa,1978,0.0
other_africa,1979,0.0
other_africa,1980,0.0
other_africa,1981,0.0
other_africa,1982,0.0
other_africa,1983,0.0
other_africa,1984,0.0
other_africa,1985,0.0
other_africa,1986,0.0
other_africa,1987,0.0
other_africa,1988,0.0
other_africa,1989,0.0
other_africa,1990,0.0
other_africa,1991,0.0
other_africa,1992,0.0
other_africa,1993,0.0
other_africa,1994,0.0
other_africa,1995,0.0
other_africa,1996,0.0
other_africa,1997,0.0
other_africa,1998,0.0
other_africa,1999,0.0
other_africa,2000,0.0236
other_africa,2001,0.09251616161616
other_africa,2002,0.2309
other_africa,2003,0.2472
other_africa,2004,0.25882245181098
other_africa,2005,0.26522245181098
other_africa,2006,0.247436181487
other_africa,2007,0.347536181487
other_africa,2008,0.361836181487
other_africa,2009,0.51964524209306
other_africa,2010,0.83635634310316
other_africa,2011,0.89157874411326
other_africa,2012,1.21100977322222
other_africa,2013,1.95702526665783
other_africa,2014,3.17372300173867
other_asia_pacific,1965,0.0
other_asia_pacific,1966,0.0
other_asia_pacific,1967,0.0
other_asia_pacific,1968,0.0
other_asia_pacific,1969,0.0
other_asia_pacific,1970,0.0
other_asia_pacific,1971,0.0
other_asia_pacific,1972,0.0
other_asia_pacific,1973,0.0
other_asia_pacific,1974,0.0
other_asia_pacific,1975,0.0
other_asia_pacific,1976,0.0
other_asia_pacific,1977,0.0
other_asia_pacific,1978,0.0
other_asia_pacific,1979,0.0
other_asia_pacific,1980,0.0
other_asia_pacific,1981,0.0
other_asia_pacific,1982,0.0
other_asia_pacific,1983,0.0
other_asia_pacific,1984,0.0
other_asia_pacific,1985,0.0
other_asia_pacific,1986,0.0
other_asia_pacific,1987,0.0
other_asia_pacific,1988,0.0
other_asia_pacific,1989,0.0
other_asia_pacific,1990,0.0
other_asia_pacific,1991,0.0
other_asia_pacific,1992,0.0
other_asia_pacific,1993,0.0
other_asia_pacific,1994,0.0
other_asia_pacific,1995,0.0
other_asia_pacific,1996,0.0020202020202
other_asia_pacific,1997,0.0050505050505
other_asia_pacific,1998,0.00606060606061
other_asia_pacific,1999,0.00906060606061
other_asia_pacific,2000,0.01047070707071
other_asia_pacific,2001,0.01057070707071
other_asia_pacific,2002,0.01172080808081
other_asia_pacific,2003,0.00846060606061
other_asia_pacific,2004,0.01314141414141
other_asia_pacific,2005,0.02268242424242
other_asia_pacific,2006,0.03264343434343
other_asia_pacific,2007,0.04614444444444
other_asia_pacific,2008,0.04019963636364
other_asia_pacific,2009,0.04316054545455
other_asia_pacific,2010,0.09202954545454
other_asia_pacific,2011,0.13106574747475
other_asia_pacific,2012,0.18816912121212
other_asia_pacific,2013,0.27438770811944
other_asia_pacific,2014,0.32720223505278
other_europe_eurasia,1965,0.0
other_europe_eurasia,1966,0.0
other_europe_eurasia,1967,0.0
other_europe_eurasia,1968,0.0
other_europe_eurasia,1969,0.0
other_europe_eurasia,1970,0.0
other_europe_eurasia,1971,0.0
other_europe_eurasia,1972,0.0
other_europe_eurasia,1973,0.0
other_europe_eurasia,1974,0.0
other_europe_eurasia,1975,0.0
other_europe_eurasia,1976,0.0
other_europe_eurasia,1977,0.0
other_europe_eurasia,1978,0.0
other_europe_eurasia,1979,0.0
other_europe_eurasia,1980,0.0
other_europe_eurasia,1981,0.0
other_europe_eurasia,1982,0.0
other_europe_eurasia,1983,0.0
other_europe_eurasia,1984,0.0
other_europe_eurasia,1985,0.0
other_europe_eurasia,1986,0.0
other_europe_eurasia,1987,0.0
other_europe_eurasia,1988,0.0
other_europe_eurasia,1989,0.0
other_europe_eurasia,1990,0.0
other_europe_eurasia,1991,0.0
other_europe_eurasia,1992,0.0
other_europe_eurasia,1993,0.0004
other_europe_eurasia,1994,0.0006
other_europe_eurasia,1995,0.0006
other_europe_eurasia,1996,0.0016
other_europe_eurasia,1997,0.00534
other_europe_eurasia,1998,0.00711
other_europe_eurasia,1999,0.01974
other_europe_eurasia,2000,0.02924
other_europe_eurasia,2001,0.02724
other_europe_eurasia,2002,0.03747888888889
other_europe_eurasia,2003,0.08326805555556
other_europe_eurasia,2004,0.10585388888889
other_europe_eurasia,2005,0.17380277777778
other_europe_eurasia,2006,0.21724138888889
other_europe_eurasia,2007,0.26234211111111
other_europe_eurasia,2008,0.30684488888889
other_europe_eurasia,2009,0.38012794444444
other_europe_eurasia,2010,0.568767889
other_europe_eurasia,2011,0.835576
other_europe_eurasia,2012,1.148453389
other_europe_eurasia,2013,1.44247194399999
other_europe_eurasia,2014,1.71937799999999
other_middle_east,1965,0.0
other_middle_east,1966,0.0
other_middle_east,1967,0.0
other_middle_east,1968,0.0
other_middle_east,1969,0.0
other_middle_east,1970,0.0
other_middle_east,1971,0.0
other_middle_east,1972,0.0
other_middle_east,1973,0.0
other_middle_east,1974,0.0
other_middle_east,1975,0.0
other_middle_east,1976,0.0
other_middle_east,1977,0.0
other_middle_east,1978,0.0
other_middle_east,1979,0.0
other_middle_east,1980,0.0
other_middle_east,1981,0.0
other_middle_east,1982,0.0
other_middle_east,1983,0.0
other_middle_east,1984,0.0
other_middle_east,1985,0.0
other_middle_east,1986,0.0
other_middle_east,1987,0.0
other_middle_east,1988,0.0
other_middle_east,1989,0.0
other_middle_east,1990,0.001
other_middle_east,1991,0.001
other_middle_east,1992,0.001
other_middle_east,1993,0.001
other_middle_east,1994,0.001
other_middle_east,1995,0.001
other_middle_east,1996,0.001
other_middle_east,1997,0.003
other_middle_east,1998,0.003
other_middle_east,1999,0.003
other_middle_east,2000,0.003
other_middle_east,2001,0.003
other_middle_east,2002,0.003
other_middle_east,2003,0.003
other_middle_east,2004,0.003
other_middle_east,2005,0.003
other_middle_east,2006,0.003
other_middle_east,2007,0.003
other_middle_east,2008,0.0040101010101
other_middle_east,2009,0.0050202020202
other_middle_east,2010,0.0050202020202
other_middle_east,2011,0.00552525252525
other_middle_east,2012,0.00553217102532
other_middle_east,2013,0.00552525252525
other_middle_east,2014,0.00552525252525
other_s_cent_america,1965,0.0
other_s_cent_america,1966,0.0
other_s_cent_america,1967,0.0
other_s_cent_america,1968,0.0
other_s_cent_america,1969,0.0
other_s_cent_america,1970,0.0
other_s_cent_america,1971,0.0
other_s_cent_america,1972,0.0
other_s_cent_america,1973,0.0
other_s_cent_america,1974,0.0
other_s_cent_america,1975,0.0
other_s_cent_america,1976,0.0
other_s_cent_america,1977,0.0
other_s_cent_america,1978,0.0
other_s_cent_america,1979,0.0
other_s_cent_america,1980,0.0
other_s_cent_america,1981,0.0
other_s_cent_america,1982,0.0
other_s_cent_america,1983,0.0
other_s_cent_america,1984,0.0
other_s_cent_america,1985,0.0
other_s_cent_america,1986,0.0
other_s_cent_america,1987,0.0
other_s_cent_america,1988,0.0
other_s_cent_america,1989,0.0
other_s_cent_america,1990,0.0
other_s_cent_america,1991,0.0
other_s_cent_america,1992,0.0
other_s_cent_america,1993,0.00171717171717
other_s_cent_america,1994,0.00777777777778
other_s_cent_america,1995,0.00777777777778
other_s_cent_america,1996,0.03067117108081
other_s_cent_america,1997,0.08783368212121
other_s_cent_america,1998,0.08138014848172
other_s_cent_america,1999,0.11682780284172
other_s_cent_america,2000,0.22672655654747
other_s_cent_america,2001,0.23117167744747
other_s_cent_america,2002,0.31616285204848
other_s_cent_america,2003,0.34262788390404
other_s_cent_america,2004,0.36985827072424
other_s_cent_america,2005,0.33693937692626
other_s_cent_america,2006,0.41188989452727
other_s_cent_america,2007,0.38113406883737
other_s_cent_america,2008,0.35265296267576
other_s_cent_america,2009,0.68880544098787
other_s_cent_america,2010,0.89041214933535
other_s_cent_america,2011,0.90362762626262
other_s_cent_america,2012,1.6430143234063
other_s_cent_america,2013,2.02819120972002
other_s_cent_america,2014,3.35111736389673
pakistan,1965,0.0
pakistan,1966,0.0
pakistan,1967,0.0
pakistan,1968,0.0
pakistan,1969,0.0
pakistan,1970,0.0
pakistan,1971,0.0
pakistan,1972,0.0
pakistan,1973,0.0
pakistan,1974,0.0
pakistan,1975,0.0
pakistan,1976,0.0
pakistan,1977,0.0
pakistan,1978,0.0
pakistan,1979,0.0
pakistan,1980,0.0
pakistan,1981,0.0
pakistan,1982,0.0
pakistan,1983,0.0
pakistan,1984,0.0
pakistan,1985,0.0
pakistan,1986,0.0
pakistan,1987,0.0
pakistan,1988,0.0
pakistan,1989,0.0
pakistan,1990,0.0
pakistan,1991,0.0
pakistan,1992,0.0
pakistan,1993,0.0
pakistan,1994,0.0
pakistan,1995,0.0
pakistan,1996,0.0
pakistan,1997,0.0
pakistan,1998,0.0
pakistan,1999,0.0
pakistan,2000,0.0
pakistan,2001,0.0
pakistan,2002,0.0
pakistan,2003,0.0
pakistan,2004,0.0
pakistan,2005,0.0
pakistan,2006,0.0
pakistan,2007,0.0
pakistan,2008,0.0
pakistan,2009,0.01010101010101
pakistan,2010,0.01010101010101
pakistan,2011,0.01818181818182
pakistan,2012,0.01818181818182
pakistan,2013,0.0475073313783
pakistan,2014,0.10615835777126
peru,1965,0.0
peru,1966,0.0
peru,1967,0.0
peru,1968,0.0
peru,1969,0.0
peru,1970,0.0
peru,1971,0.0
peru,1972,0.0
peru,1973,0.0
peru,1974,0.0
peru,1975,0.0
peru,1976,0.0
peru,1977,0.0
peru,1978,0.0
peru,1979,0.0
peru,1980,0.0
peru,1981,0.0
peru,1982,0.0
peru,1983,0.0
peru,1984,0.0
peru,1985,0.0
peru,1986,0.0
peru,1987,0.0
peru,1988,0.0
peru,1989,0.0
peru,1990,0.0
peru,1991,0.0
peru,1992,0.0
peru,1993,0.0
peru,1994,0.0
peru,1995,0.0
peru,1996,0.004
peru,1997,0.006
peru,1998,0.006
peru,1999,0.006
peru,2000,0.008
peru,2001,0.012
peru,2002,0.012
peru,2003,0.012
peru,2004,0.012
peru,2005,0.012
peru,2006,0.012
peru,2007,0.012
peru,2008,0.012
peru,2009,0.012
peru,2010,0.012
peru,2011,0.012
peru,2012,0.01203287671233
peru,2013,0.012
peru,2014,0.25631426
philippines,1965,0.0
philippines,1966,0.0
philippines,1967,0.0
philippines,1968,0.0
philippines,1969,0.0
philippines,1970,0.0
philippines,1971,0.0
philippines,1972,0.0
philippines,1973,0.0
philippines,1974,0.0
philippines,1975,0.0
philippines,1976,0.0
philippines,1977,0.0
philippines,1978,0.0
philippines,1979,0.0
philippines,1980,0.0
philippines,1981,0.0
philippines,1982,0.0
philippines,1983,0.0
philippines,1984,0.0
philippines,1985,0.0
philippines,1986,0.0
philippines,1987,0.0
philippines,1988,0.0
philippines,1989,0.0
philippines,1990,0.0
philippines,1991,0.0
philippines,1992,0.0
philippines,1993,0.0
philippines,1994,0.0
philippines,1995,0.0
philippines,1996,0.0
philippines,1997,0.0
philippines,1998,0.0
philippines,1999,0.0
philippines,2000,0.0
philippines,2001,0.0
philippines,2002,0.0
philippines,2003,0.0
philippines,2004,0.0
philippines,2005,0.01746
philippines,2006,0.053235
philippines,2007,0.057842
philippines,2008,0.061386
philippines,2009,0.064428
philippines,2010,0.061716769
philippines,2011,0.088203869
philippines,2012,0.075339
philippines,2013,0.065655
philippines,2014,0.065655
poland,1965,0.0
poland,1966,0.0
poland,1967,0.0
poland,1968,0.0
poland,1969,0.0
poland,1970,0.0
poland,1971,0.0
poland,1972,0.0
poland,1973,0.0
poland,1974,0.0
poland,1975,0.0
poland,1976,0.0
poland,1977,0.0
poland,1978,0.0
poland,1979,0.0
poland,1980,0.0
poland,1981,0.0
poland,1982,0.0
poland,1983,0.0
poland,1984,0.0
poland,1985,0.0
poland,1986,0.0
poland,1987,0.0
poland,1988,0.0
poland,1989,0.0
poland,1990,0.0
poland,1991,0.0
poland,1992,0.0
poland,1993,0.0
poland,1994,0.0
poland,1995,0.001
poland,1996,0.0
poland,1997,0.002
poland,1998,0.004
poland,1999,0.004
poland,2000,0.005
poland,2001,0.014
poland,2002,0.061
poland,2003,0.124
poland,2004,0.142
poland,2005,0.135
poland,2006,0.256
poland,2007,0.522
poland,2008,0.837
poland,2009,1.077
poland,2010,1.66399999999999
poland,2011,3.20499999999999
poland,2012,4.74699999999998
poland,2013,6.00399999999998
poland,2014,7.66799999999997
portugal,1965,0.0
portugal,1966,0.0
portugal,1967,0.0
portugal,1968,0.0
portugal,1969,0.0
portugal,1970,0.0
portugal,1971,0.0
portugal,1972,0.0
portugal,1973,0.0
portugal,1974,0.0
portugal,1975,0.0
portugal,1976,0.0
portugal,1977,0.0
portugal,1978,0.0
portugal,1979,0.0
portugal,1980,0.0
portugal,1981,0.0
portugal,1982,0.0
portugal,1983,0.0
portugal,1984,0.0
portugal,1985,0.0
portugal,1986,0.0
portugal,1987,0.0
portugal,1988,0.0
portugal,1989,0.001
portugal,1990,0.0009595959596
portugal,1991,0.0009595959596
portugal,1992,0.00383838383838
portugal,1993,0.01055555555556
portugal,1994,0.01631313131313
portugal,1995,0.01535353535354
portugal,1996,0.02015151515151
portugal,1997,0.03646464646465
portugal,1998,0.08585858585858
portugal,1999,0.1180303030303
portugal,2000,0.16161616161616
portugal,2001,0.24545454545454
portugal,2002,0.341
portugal,2003,0.468
portugal,2004,0.787
portugal,2005,1.7409999999999899
portugal,2006,2.92599999999999
portugal,2007,4.03599999999998
portugal,2008,5.75699999999998
portugal,2009,7.57699999999997
portugal,2010,9.18199999999996
portugal,2011,9.16199999999997
portugal,2012,10.2599999999999
portugal,2013,12.0149999999999
portugal,2014,12.0989999999999
qatar,1965,0.0
qatar,1966,0.0
qatar,1967,0.0
qatar,1968,0.0
qatar,1969,0.0
qatar,1970,0.0
qatar,1971,0.0
qatar,1972,0.0
qatar,1973,0.0
qatar,1974,0.0
qatar,1975,0.0
qatar,1976,0.0
qatar,1977,0.0
qatar,1978,0.0
qatar,1979,0.0
qatar,1980,0.0
qatar,1981,0.0
qatar,1982,0.0
qatar,1983,0.0
qatar,1984,0.0
qatar,1985,0.0
qatar,1986,0.0
qatar,1987,0.0
qatar,1988,0.0
qatar,1989,0.0
qatar,1990,0.0
qatar,1991,0.0
qatar,1992,0.0
qatar,1993,0.0
qatar,1994,0.0
qatar,1995,0.0
qatar,1996,0.0
qatar,1997,0.0
qatar,1998,0.0
qatar,1999,0.0
qatar,2000,0.0
qatar,2001,0.0
qatar,2002,0.0
qatar,2003,0.0
qatar,2004,0.0
qatar,2005,0.0
qatar,2006,0.0
qatar,2007,0.0
qatar,2008,0.0
qatar,2009,0.0
qatar,2010,0.0
qatar,2011,0.0
qatar,2012,0.0
qatar,2013,0.0
qatar,2014,0.0
republic_of_ireland,1965,0.0
republic_of_ireland,1966,0.0
republic_of_ireland,1967,0.0
republic_of_ireland,1968,0.0
republic_of_ireland,1969,0.0
republic_of_ireland,1970,0.0
republic_of_ireland,1971,0.0
republic_of_ireland,1972,0.0
republic_of_ireland,1973,0.0
republic_of_ireland,1974,0.0
republic_of_ireland,1975,0.0
republic_of_ireland,1976,0.0
republic_of_ireland,1977,0.0
republic_of_ireland,1978,0.0
republic_of_ireland,1979,0.0
republic_of_ireland,1980,0.0
republic_of_ireland,1981,0.0
republic_of_ireland,1982,0.0
republic_of_ireland,1983,0.0
republic_of_ireland,1984,0.0
republic_of_ireland,1985,0.0
republic_of_ireland,1986,0.0
republic_of_ireland,1987,0.0
republic_of_ireland,1988,0.0
republic_of_ireland,1989,0.0
republic_of_ireland,1990,0.0
republic_of_ireland,1991,0.0
republic_of_ireland,1992,0.0
republic_of_ireland,1993,0.0116
republic_of_ireland,1994,0.0233
republic_of_ireland,1995,0.0116
republic_of_ireland,1996,0.0116
republic_of_ireland,1997,0.0465
republic_of_ireland,1998,0.1744
republic_of_ireland,1999,0.186
republic_of_ireland,2000,0.2442
republic_of_ireland,2001,0.3372
republic_of_ireland,2002,0.3837
republic_of_ireland,2003,0.4535
republic_of_ireland,2004,0.6512
republic_of_ireland,2005,1.1163
republic_of_ireland,2006,1.61629999999999
republic_of_ireland,2007,1.95349999999999
republic_of_ireland,2008,2.40699999999999
republic_of_ireland,2009,2.95349999999999
republic_of_ireland,2010,2.80699999999999
republic_of_ireland,2011,4.38375599999998
republic_of_ireland,2012,4.01165999999998
republic_of_ireland,2013,4.54155081211582
republic_of_ireland,2014,5.13957599999998
romania,1965,0.0
romania,1966,0.0
romania,1967,0.0
romania,1968,0.0
romania,1969,0.0
romania,1970,0.0
romania,1971,0.0
romania,1972,0.0
romania,1973,0.0
romania,1974,0.0
romania,1975,0.0
romania,1976,0.0
romania,1977,0.0
romania,1978,0.0
romania,1979,0.0
romania,1980,0.0
romania,1981,0.0
romania,1982,0.0
romania,1983,0.0
romania,1984,0.0
romania,1985,0.0
romania,1986,0.0
romania,1987,0.0
romania,1988,0.0
romania,1989,0.0
romania,1990,0.0010101010101
romania,1991,0.0
romania,1992,0.0
romania,1993,0.0
romania,1994,0.0
romania,1995,0.0
romania,1996,0.0
romania,1997,0.0
romania,1998,0.0
romania,1999,0.0
romania,2000,0.0
romania,2001,0.0
romania,2002,0.0
romania,2003,0.0
romania,2004,0.0
romania,2005,0.0
romania,2006,0.001
romania,2007,0.003
romania,2008,0.005
romania,2009,0.009
romania,2010,0.306
romania,2011,1.38699999999999
romania,2012,2.63999999999999
romania,2013,4.51999999999998
romania,2014,4.72359999999998
russian_federation,1985,0.0
russian_federation,1986,0.0
russian_federation,1987,0.0
russian_federation,1988,0.0
russian_federation,1989,0.0
russian_federation,1990,0.0
russian_federation,1991,0.0
russian_federation,1992,0.0
russian_federation,1993,0.0
russian_federation,1994,0.0
russian_federation,1995,0.0
russian_federation,1996,0.0
russian_federation,1997,0.0
russian_federation,1998,0.0
russian_federation,1999,0.0
russian_federation,2000,0.0019
russian_federation,2001,0.0031
russian_federation,2002,0.0062
russian_federation,2003,0.0086
russian_federation,2004,0.007
russian_federation,2005,0.0068
russian_federation,2006,0.0052
russian_federation,2007,0.0066
russian_federation,2008,0.0052
russian_federation,2009,0.0038
russian_federation,2010,0.004186
russian_federation,2011,0.005392
russian_federation,2012,0.005251
russian_federation,2013,0.004473
russian_federation,2014,0.007545951
saudi_arabia,1965,0.0
saudi_arabia,1966,0.0
saudi_arabia,1967,0.0
saudi_arabia,1968,0.0
saudi_arabia,1969,0.0
saudi_arabia,1970,0.0
saudi_arabia,1971,0.0
saudi_arabia,1972,0.0
saudi_arabia,1973,0.0
saudi_arabia,1974,0.0
saudi_arabia,1975,0.0
saudi_arabia,1976,0.0
saudi_arabia,1977,0.0
saudi_arabia,1978,0.0
saudi_arabia,1979,0.0
saudi_arabia,1980,0.0
saudi_arabia,1981,0.0
saudi_arabia,1982,0.0
saudi_arabia,1983,0.0
saudi_arabia,1984,0.0
saudi_arabia,1985,0.0
saudi_arabia,1986,0.0
saudi_arabia,1987,0.0
saudi_arabia,1988,0.0
saudi_arabia,1989,0.0
saudi_arabia,1990,0.0
saudi_arabia,1991,0.0
saudi_arabia,1992,0.0
saudi_arabia,1993,0.0
saudi_arabia,1994,0.0
saudi_arabia,1995,0.0
saudi_arabia,1996,0.0
saudi_arabia,1997,0.0
saudi_arabia,1998,0.0
saudi_arabia,1999,0.0
saudi_arabia,2000,0.0
saudi_arabia,2001,0.0
saudi_arabia,2002,0.0
saudi_arabia,2003,0.0
saudi_arabia,2004,0.0
saudi_arabia,2005,0.0
saudi_arabia,2006,0.0
saudi_arabia,2007,0.0
saudi_arabia,2008,0.0
saudi_arabia,2009,0.0
saudi_arabia,2010,0.0
saudi_arabia,2011,0.0
saudi_arabia,2012,0.0
saudi_arabia,2013,0.0
saudi_arabia,2014,0.0
singapore,1965,0.0
singapore,1966,0.0
singapore,1967,0.0
singapore,1968,0.0
singapore,1969,0.0
singapore,1970,0.0
singapore,1971,0.0
singapore,1972,0.0
singapore,1973,0.0
singapore,1974,0.0
singapore,1975,0.0
singapore,1976,0.0
singapore,1977,0.0
singapore,1978,0.0
singapore,1979,0.0
singapore,1980,0.0
singapore,1981,0.0
singapore,1982,0.0
singapore,1983,0.0
singapore,1984,0.0
singapore,1985,0.0
singapore,1986,0.0
singapore,1987,0.0
singapore,1988,0.0
singapore,1989,0.0
singapore,1990,0.0
singapore,1991,0.0
singapore,1992,0.0
singapore,1993,0.0
singapore,1994,0.0
singapore,1995,0.0
singapore,1996,0.0
singapore,1997,0.0
singapore,1998,0.0
singapore,1999,0.0
singapore,2000,0.0
singapore,2001,0.0
singapore,2002,0.0
singapore,2003,0.0
singapore,2004,0.0
singapore,2005,0.0
singapore,2006,0.0
singapore,2007,0.0
singapore,2008,0.0
singapore,2009,0.0
singapore,2010,0.0
singapore,2011,0.0
singapore,2012,0.0
singapore,2013,0.0
singapore,2014,0.0
slovakia,1965,0.0
slovakia,1966,0.0
slovakia,1967,0.0
slovakia,1968,0.0
slovakia,1969,0.0
slovakia,1970,0.0
slovakia,1971,0.0
slovakia,1972,0.0
slovakia,1973,0.0
slovakia,1974,0.0
slovakia,1975,0.0
slovakia,1976,0.0
slovakia,1977,0.0
slovakia,1978,0.0
slovakia,1979,0.0
slovakia,1980,0.0
slovakia,1981,0.0
slovakia,1982,0.0
slovakia,1983,0.0
slovakia,1984,0.0
slovakia,1985,0.0
slovakia,1986,0.0
slovakia,1987,0.0
slovakia,1988,0.0
slovakia,1989,0.0
slovakia,1990,0.0
slovakia,1991,0.0
slovakia,1992,0.0
slovakia,1993,0.0
slovakia,1994,0.0
slovakia,1995,0.0
slovakia,1996,0.0
slovakia,1997,0.0
slovakia,1998,0.0
slovakia,1999,0.0
slovakia,2000,0.0
slovakia,2001,0.0
slovakia,2002,0.0
slovakia,2003,0.002
slovakia,2004,0.006
slovakia,2005,0.007
slovakia,2006,0.006
slovakia,2007,0.008
slovakia,2008,0.007
slovakia,2009,0.006
slovakia,2010,0.006
slovakia,2011,0.005
slovakia,2012,0.006
slovakia,2013,0.006
slovakia,2014,0.006
south_africa,1965,0.0
south_africa,1966,0.0
south_africa,1967,0.0
south_africa,1968,0.0
south_africa,1969,0.0
south_africa,1970,0.0
south_africa,1971,0.0
south_africa,1972,0.0
south_africa,1973,0.0
south_africa,1974,0.0
south_africa,1975,0.0
south_africa,1976,0.0
south_africa,1977,0.0
south_africa,1978,0.0
south_africa,1979,0.0
south_africa,1980,0.0
south_africa,1981,0.0
south_africa,1982,0.0
south_africa,1983,0.0
south_africa,1984,0.0
south_africa,1985,0.0
south_africa,1986,0.0
south_africa,1987,0.0
south_africa,1988,0.0
south_africa,1989,0.0
south_africa,1990,0.0
south_africa,1991,0.0
south_africa,1992,0.0
south_africa,1993,0.0
south_africa,1994,0.0
south_africa,1995,0.0
south_africa,1996,0.0
south_africa,1997,0.0
south_africa,1998,0.0
south_africa,1999,0.0
south_africa,2000,0.0
south_africa,2001,0.0
south_africa,2002,0.03232323232323
south_africa,2003,0.03232323232323
south_africa,2004,0.03232323232323
south_africa,2005,0.03232323232323
south_africa,2006,0.03232323232323
south_africa,2007,0.03232323232323
south_africa,2008,0.03232323232323
south_africa,2009,0.03232323232323
south_africa,2010,0.03232323232323
south_africa,2011,0.03232323232323
south_africa,2012,0.03232323232323
south_africa,2013,0.03232323232323
south_africa,2014,1.08080808080807
south_korea,1965,0.0
south_korea,1966,0.0
south_korea,1967,0.0
south_korea,1968,0.0
south_korea,1969,0.0
south_korea,1970,0.0
south_korea,1971,0.0
south_korea,1972,0.0
south_korea,1973,0.0
south_korea,1974,0.0
south_korea,1975,0.0
south_korea,1976,0.0
south_korea,1977,0.0
south_korea,1978,0.0
south_korea,1979,0.0
south_korea,1980,0.0
south_korea,1981,0.0
south_korea,1982,0.0
south_korea,1983,0.0
south_korea,1984,0.0
south_korea,1985,0.0
south_korea,1986,0.0
south_korea,1987,0.0
south_korea,1988,0.0
south_korea,1989,0.0
south_korea,1990,0.0
south_korea,1991,0.0
south_korea,1992,0.0
south_korea,1993,0.0
south_korea,1994,0.00383838383838
south_korea,1995,0.0009595959596
south_korea,1996,0.0009595959596
south_korea,1997,0.00191919191919
south_korea,1998,0.00383838383838
south_korea,1999,0.01631313131313
south_korea,2000,0.01616161616162
south_korea,2001,0.01212121212121
south_korea,2002,0.01414141414141
south_korea,2003,0.02424242424242
south_korea,2004,0.047442
south_korea,2005,0.129888
south_korea,2006,0.233896
south_korea,2007,0.375641
south_korea,2008,0.413
south_korea,2009,0.685
south_korea,2010,0.817
south_korea,2011,0.863
south_korea,2012,0.91276
south_korea,2013,1.148179
south_korea,2014,1.27722853046218
spain,1965,0.0
spain,1966,0.0
spain,1967,0.0
spain,1968,0.0
spain,1969,0.0
spain,1970,0.0
spain,1971,0.0
spain,1972,0.0
spain,1973,0.0
spain,1974,0.0
spain,1975,0.0
spain,1976,0.0
spain,1977,0.0
spain,1978,0.0
spain,1979,0.0
spain,1980,0.0
spain,1981,0.0
spain,1982,0.0
spain,1983,0.0
spain,1984,0.0
spain,1985,0.0
spain,1986,0.0
spain,1987,0.0
spain,1988,0.0
spain,1989,0.013
spain,1990,0.014
spain,1991,0.015
spain,1992,0.103
spain,1993,0.116
spain,1994,0.175
spain,1995,0.27
spain,1996,0.338
spain,1997,0.716
spain,1998,1.35199999999999
spain,1999,2.74399999999999
spain,2000,4.72399999999998
spain,2001,6.96599999999997
spain,2002,9.99699999999996
spain,2003,12.4739999999999
spain,2004,16.1549999999999
spain,2005,21.2689999999999
spain,2006,23.2549999999999
spain,2007,27.7629999999998
spain,2008,32.4959999999998
spain,2009,37.8869999999998
spain,2010,44.1649999999998
spain,2011,42.4329999999998
spain,2012,49.4719999999998
spain,2013,53.9029999999997
spain,2014,52.2616848143748
sweden,1965,0.0
sweden,1966,0.0
sweden,1967,0.0
sweden,1968,0.0
sweden,1969,0.0
sweden,1970,0.0
sweden,1971,0.0
sweden,1972,0.0
sweden,1973,0.0
sweden,1974,0.0
sweden,1975,0.0
sweden,1976,0.0
sweden,1977,0.0
sweden,1978,0.0
sweden,1979,0.0
sweden,1980,0.0
sweden,1981,0.0
sweden,1982,0.0
sweden,1983,0.003
sweden,1984,0.005
sweden,1985,0.006
sweden,1986,0.006
sweden,1987,0.006
sweden,1988,0.005
sweden,1989,0.005
sweden,1990,0.006
sweden,1991,0.013
sweden,1992,0.031
sweden,1993,0.052
sweden,1994,0.075
sweden,1995,0.105
sweden,1996,0.144
sweden,1997,0.203
sweden,1998,0.308
sweden,1999,0.358
sweden,2000,0.457
sweden,2001,0.482
sweden,2002,0.608
sweden,2003,0.679
sweden,2004,0.85
sweden,2005,0.949
sweden,2006,0.987
sweden,2007,1.42999999999999
sweden,2008,1.99599999999999
sweden,2009,2.48499999999999
sweden,2010,3.47899999999999
sweden,2011,6.08599999999998
sweden,2012,7.15899999999997
sweden,2013,9.89099999999996
sweden,2014,11.4749999999999
switzerland,1965,0.0
switzerland,1966,0.0
switzerland,1967,0.0
switzerland,1968,0.0
switzerland,1969,0.0
switzerland,1970,0.0
switzerland,1971,0.0
switzerland,1972,0.0
switzerland,1973,0.0
switzerland,1974,0.0
switzerland,1975,0.0
switzerland,1976,0.0
switzerland,1977,0.0
switzerland,1978,0.0
switzerland,1979,0.0
switzerland,1980,0.0
switzerland,1981,0.0
switzerland,1982,0.0
switzerland,1983,0.0
switzerland,1984,0.0
switzerland,1985,0.0
switzerland,1986,0.0
switzerland,1987,0.0
switzerland,1988,0.0
switzerland,1989,0.0
switzerland,1990,0.0
switzerland,1991,0.0
switzerland,1992,0.0
switzerland,1993,0.0
switzerland,1994,0.0
switzerland,1995,0.0
switzerland,1996,0.001
switzerland,1997,0.002
switzerland,1998,0.003
switzerland,1999,0.003
switzerland,2000,0.003
switzerland,2001,0.004
switzerland,2002,0.005
switzerland,2003,0.005
switzerland,2004,0.006
switzerland,2005,0.008
switzerland,2006,0.015
switzerland,2007,0.016
switzerland,2008,0.019
switzerland,2009,0.023
switzerland,2010,0.037
switzerland,2011,0.07
switzerland,2012,0.088
switzerland,2013,0.09
switzerland,2014,0.09983941467833
taiwan,1965,0.0
taiwan,1966,0.0
taiwan,1967,0.0
taiwan,1968,0.0
taiwan,1969,0.0
taiwan,1970,0.0
taiwan,1971,0.0
taiwan,1972,0.0
taiwan,1973,0.0
taiwan,1974,0.0
taiwan,1975,0.0
taiwan,1976,0.0
taiwan,1977,0.0
taiwan,1978,0.0
taiwan,1979,0.0
taiwan,1980,0.0
taiwan,1981,0.0
taiwan,1982,0.0
taiwan,1983,0.0
taiwan,1984,0.0
taiwan,1985,0.0
taiwan,1986,0.0
taiwan,1987,0.0
taiwan,1988,0.0
taiwan,1989,0.0
taiwan,1990,0.0
taiwan,1991,0.0
taiwan,1992,0.0
taiwan,1993,0.0
taiwan,1994,0.0
taiwan,1995,0.0
taiwan,1996,0.0
taiwan,1997,0.0
taiwan,1998,0.0
taiwan,1999,0.0
taiwan,2000,0.0010101010101
taiwan,2001,0.01111111111111
taiwan,2002,0.0084
taiwan,2003,0.0238
taiwan,2004,0.0252
taiwan,2005,0.0913
taiwan,2006,0.2774
taiwan,2007,0.4436
taiwan,2008,0.5893
taiwan,2009,0.78663
taiwan,2010,1.0275
taiwan,2011,1.49267667099999
taiwan,2012,1.41345118099999
taiwan,2013,1.64000761099999
taiwan,2014,1.48735452199999
thailand,1965,0.0
thailand,1966,0.0
thailand,1967,0.0
thailand,1968,0.0
thailand,1969,0.0
thailand,1970,0.0
thailand,1971,0.0
thailand,1972,0.0
thailand,1973,0.0
thailand,1974,0.0
thailand,1975,0.0
thailand,1976,0.0
thailand,1977,0.0
thailand,1978,0.0
thailand,1979,0.0
thailand,1980,0.0
thailand,1981,0.0
thailand,1982,0.0
thailand,1983,0.0
thailand,1984,0.0
thailand,1985,0.0
thailand,1986,0.0
thailand,1987,0.0
thailand,1988,0.0
thailand,1989,0.0
thailand,1990,0.0
thailand,1991,0.0
thailand,1992,0.0
thailand,1993,0.0
thailand,1994,0.0
thailand,1995,0.0
thailand,1996,0.0
thailand,1997,0.0
thailand,1998,0.0
thailand,1999,0.0
thailand,2000,0.0
thailand,2001,0.0
thailand,2002,0.0
thailand,2003,0.0
thailand,2004,0.0
thailand,2005,0.0
thailand,2006,0.0
thailand,2007,0.0
thailand,2008,0.0
thailand,2009,0.001
thailand,2010,0.003
thailand,2011,0.00526315789474
thailand,2012,0.14842105263158
thailand,2013,0.366825
thailand,2014,0.48837
total_africa,1965,0.0
total_africa,1966,0.0
total_africa,1967,0.0
total_africa,1968,0.0
total_africa,1969,0.0
total_africa,1970,0.0
total_africa,1971,0.0
total_africa,1972,0.0
total_africa,1973,0.0
total_africa,1974,0.0
total_africa,1975,0.0
total_africa,1976,0.0
total_africa,1977,0.0
total_africa,1978,0.0
total_africa,1979,0.0
total_africa,1980,0.0
total_africa,1981,0.0
total_africa,1982,0.0
total_africa,1983,0.0
total_africa,1984,0.0
total_africa,1985,0.0
total_africa,1986,0.0
total_africa,1987,0.0
total_africa,1988,0.0
total_africa,1989,0.0
total_africa,1990,0.0
total_africa,1991,0.0
total_africa,1992,0.0
total_africa,1993,0.0
total_africa,1994,0.0
total_africa,1995,0.0
total_africa,1996,0.0
total_africa,1997,0.0
total_africa,1998,0.0
total_africa,1999,0.02323232323232
total_africa,2000,0.15491313131313
total_africa,2001,0.26801616161616
total_africa,2002,0.47572323232323
total_africa,2003,0.56552323232323
total_africa,2004,0.73664568413421
total_africa,2005,0.83504568413421
total_africa,2006,0.88475941381023
total_africa,2007,1.03685941381023
total_africa,2008,1.31615941381023
total_africa,2009,1.58096847441629
total_africa,2010,2.17767957542639
total_africa,2011,2.42890197643649
total_africa,2012,2.75245629321668
total_africa,2013,3.60613291927091
total_africa,2014,6.0778934013873
total_asia_pacific,1965,0.0
total_asia_pacific,1966,0.0
total_asia_pacific,1967,0.0
total_asia_pacific,1968,0.0
total_asia_pacific,1969,0.0
total_asia_pacific,1970,0.0
total_asia_pacific,1971,0.0
total_asia_pacific,1972,0.0
total_asia_pacific,1973,0.0
total_asia_pacific,1974,0.0
total_asia_pacific,1975,0.0
total_asia_pacific,1976,0.0
total_asia_pacific,1977,0.0
total_asia_pacific,1978,0.0
total_asia_pacific,1979,0.0
total_asia_pacific,1980,0.0
total_asia_pacific,1981,0.0
total_asia_pacific,1982,0.0
total_asia_pacific,1983,0.0
total_asia_pacific,1984,0.0
total_asia_pacific,1985,0.0
total_asia_pacific,1986,0.0
total_asia_pacific,1987,0.0
total_asia_pacific,1988,0.0
total_asia_pacific,1989,0.0
total_asia_pacific,1990,0.03232323232323
total_asia_pacific,1991,0.12200090909091
total_asia_pacific,1992,0.22047404040404
total_asia_pacific,1993,0.31083666666666
total_asia_pacific,1994,0.58692646464646
total_asia_pacific,1995,1.1225609090909
total_asia_pacific,1996,0.99254464646464
total_asia_pacific,1997,1.21550264646464
total_asia_pacific,1998,1.49159494949494
total_asia_pacific,1999,2.06346767676766
total_asia_pacific,2000,2.56274949494948
total_asia_pacific,2001,3.51598282828281
total_asia_pacific,2002,4.0591191191919
total_asia_pacific,2003,5.3404300333333
total_asia_pacific,2004,9.18544291363632
total_asia_pacific,2005,12.0227423959595
total_asia_pacific,2006,18.7778786280807
total_asia_pacific,2007,24.3402252393937
total_asia_pacific,2008,35.0033632189392
total_asia_pacific,2009,56.7361588574515
total_asia_pacific,2010,79.4189467963893
total_asia_pacific,2011,111.727892732125
total_asia_pacific,2012,144.553221368689
total_asia_pacific,2013,196.086244324311
total_asia_pacific,2014,218.28168583642
total_europe_eurasia,1965,0.0
total_europe_eurasia,1966,0.0
total_europe_eurasia,1967,0.0
total_europe_eurasia,1968,0.0
total_europe_eurasia,1969,0.0
total_europe_eurasia,1970,0.0
total_europe_eurasia,1971,0.0
total_europe_eurasia,1972,0.0
total_europe_eurasia,1973,0.0
total_europe_eurasia,1974,0.0
total_europe_eurasia,1975,0.0
total_europe_eurasia,1976,0.0
total_europe_eurasia,1977,0.0
total_europe_eurasia,1978,0.0030303030303
total_europe_eurasia,1979,0.00606060606061
total_europe_eurasia,1980,0.01060606060606
total_europe_eurasia,1981,0.01060606060606
total_europe_eurasia,1982,0.01868686868687
total_europe_eurasia,1983,0.03037373737374
total_europe_eurasia,1984,0.03853535353535
total_europe_eurasia,1985,0.05791919191919
total_europe_eurasia,1986,0.13486868686869
total_europe_eurasia,1987,0.19255555555555
total_europe_eurasia,1988,0.33264646464646
total_europe_eurasia,1989,0.51972727272727
total_europe_eurasia,1990,0.78562506135353
total_europe_eurasia,1991,0.98690374541413
total_europe_eurasia,1992,1.53891384642423
total_europe_eurasia,1993,2.29148298808079
total_europe_eurasia,1994,2.99418985858584
total_europe_eurasia,1995,3.8702071292929
total_europe_eurasia,1996,4.81185242222219
total_europe_eurasia,1997,7.28414011717167
total_europe_eurasia,1998,11.2031334626262
total_europe_eurasia,1999,14.2686119451514
total_europe_eurasia,2000,20.5565919292928
total_europe_eurasia,2001,27.1806060808079
total_europe_eurasia,2002,37.1164929999998
total_europe_eurasia,2003,44.9661074898987
total_europe_eurasia,2004,59.7904324848482
total_europe_eurasia,2005,71.2368724747471
total_europe_eurasia,2006,83.2304542777774
total_europe_eurasia,2007,105.984076368686
total_europe_eurasia,2008,121.001495644746
total_europe_eurasia,2009,135.148464740986
total_europe_eurasia,2010,152.614083706407
total_europe_eurasia,2011,184.899886820024
total_europe_eurasia,2012,213.15609047453
total_europe_eurasia,2013,244.508839208493
total_europe_eurasia,2014,261.618094554224
total_middle_east,1965,0.0
total_middle_east,1966,0.0
total_middle_east,1967,0.0
total_middle_east,1968,0.0
total_middle_east,1969,0.0
total_middle_east,1970,0.0
total_middle_east,1971,0.0
total_middle_east,1972,0.0
total_middle_east,1973,0.0
total_middle_east,1974,0.0
total_middle_east,1975,0.0
total_middle_east,1976,0.0
total_middle_east,1977,0.0
total_middle_east,1978,0.0
total_middle_east,1979,0.0
total_middle_east,1980,0.0
total_middle_east,1981,0.0
total_middle_east,1982,0.0
total_middle_east,1983,0.0
total_middle_east,1984,0.0
total_middle_east,1985,0.0
total_middle_east,1986,0.0
total_middle_east,1987,0.0
total_middle_east,1988,0.0
total_middle_east,1989,0.0
total_middle_east,1990,0.001
total_middle_east,1991,0.001
total_middle_east,1992,0.001
total_middle_east,1993,0.001
total_middle_east,1994,0.001
total_middle_east,1995,0.001
total_middle_east,1996,0.001
total_middle_east,1997,0.003
total_middle_east,1998,0.003
total_middle_east,1999,0.003
total_middle_east,2000,0.003
total_middle_east,2001,0.01310101010101
total_middle_east,2002,0.01310101010101
total_middle_east,2003,0.01411111111111
total_middle_east,2004,0.01710101010101
total_middle_east,2005,0.07550505050505
total_middle_east,2006,0.08691919191919
total_middle_east,2007,0.1310101010101
total_middle_east,2008,0.21057575757576
total_middle_east,2009,0.24138383838384
total_middle_east,2010,0.17774747474747
total_middle_east,2011,0.28956565656565
total_middle_east,2012,0.22068368617683
total_middle_east,2013,0.28015182661904
total_middle_east,2014,0.32836108548403
total_north_america,1965,0.0
total_north_america,1966,0.0
total_north_america,1967,0.0
total_north_america,1968,0.0
total_north_america,1969,0.0
total_north_america,1970,0.0
total_north_america,1971,0.0
total_north_america,1972,0.0
total_north_america,1973,0.0
total_north_america,1974,0.0
total_north_america,1975,0.0
total_north_america,1976,0.0
total_north_america,1977,0.0
total_north_america,1978,0.0
total_north_america,1979,0.0
total_north_america,1980,0.0
total_north_america,1981,0.0
total_north_america,1982,0.0
total_north_america,1983,0.00269494949495
total_north_america,1984,0.00655555555556
total_north_america,1985,0.0068202020202
total_north_america,1986,0.00523131313131
total_north_america,1987,0.00457676767677
total_north_america,1988,0.0018797979798
total_north_america,1989,2.13437676767674
total_north_america,1990,2.81969696969694
total_north_america,1991,2.98368787878784
total_north_america,1992,2.92057878787875
total_north_america,1993,3.06790606060602
total_north_america,1994,3.54263535353531
total_north_america,1995,3.25990202020198
total_north_america,1996,3.33229191919188
total_north_america,1997,3.3928636363636
total_north_america,1998,3.13090505050501
total_north_america,1999,4.71250303030298
total_north_america,2000,5.93295050505044
total_north_america,2001,7.15256666666658
total_north_america,2002,10.8850808080806
total_north_america,2003,12.0096626262624
total_north_america,2004,15.2518090909089
total_north_america,2005,19.5616454545452
total_north_america,2006,29.3653101010097
total_north_america,2007,38.0397585252521
total_north_america,2008,59.9446694040397
total_north_america,2009,81.8097117676758
total_north_america,2010,105.496794444443
total_north_america,2011,133.125192040402
total_north_america,2012,157.086517444442
total_north_america,2013,186.612779959593
total_north_america,2014,202.127733635265
total_s_cent_america,1965,0.0
total_s_cent_america,1966,0.0
total_s_cent_america,1967,0.0
total_s_cent_america,1968,0.0
total_s_cent_america,1969,0.0
total_s_cent_america,1970,0.0
total_s_cent_america,1971,0.0
total_s_cent_america,1972,0.0
total_s_cent_america,1973,0.0
total_s_cent_america,1974,0.0
total_s_cent_america,1975,0.0
total_s_cent_america,1976,0.0
total_s_cent_america,1977,0.0
total_s_cent_america,1978,0.0
total_s_cent_america,1979,0.0
total_s_cent_america,1980,0.0
total_s_cent_america,1981,0.0
total_s_cent_america,1982,0.0
total_s_cent_america,1983,0.0
total_s_cent_america,1984,0.0
total_s_cent_america,1985,0.0
total_s_cent_america,1986,0.0
total_s_cent_america,1987,0.0
total_s_cent_america,1988,0.0
total_s_cent_america,1989,0.0
total_s_cent_america,1990,0.0
total_s_cent_america,1991,0.0
total_s_cent_america,1992,0.0
total_s_cent_america,1993,0.00171717171717
total_s_cent_america,1994,0.00777777777778
total_s_cent_america,1995,0.00777777777778
total_s_cent_america,1996,0.04628917108081
total_s_cent_america,1997,0.11242568212121
total_s_cent_america,1998,0.12492114848172
total_s_cent_america,1999,0.15960880284172
total_s_cent_america,2000,0.27048455654747
total_s_cent_america,2001,0.33450338451818
total_s_cent_america,2002,0.46963855911919
total_s_cent_america,2003,0.50065259097474
total_s_cent_america,2004,0.57100327072424
total_s_cent_america,2005,0.57382037692626
total_s_cent_america,2006,0.80052889452727
total_s_cent_america,2007,1.07578676883737
total_s_cent_america,2008,1.68318406267575
total_s_cent_america,2009,2.32274430798787
total_s_cent_america,2010,3.47892995633534
total_s_cent_america,2011,4.00871881308079
total_s_cent_america,2012,7.37219118383578
total_s_cent_america,2013,9.61567788683109
total_s_cent_america,2014,17.7407983652716
total_world,1965,0.0
total_world,1966,0.0
total_world,1967,0.0
total_world,1968,0.0
total_world,1969,0.0
total_world,1970,0.0
total_world,1971,0.0
total_world,1972,0.0
total_world,1973,0.0
total_world,1974,0.0
total_world,1975,0.0
total_world,1976,0.0
total_world,1977,0.0
total_world,1978,0.0030303030303
total_world,1979,0.00606060606061
total_world,1980,0.01060606060606
total_world,1981,0.01060606060606
total_world,1982,0.01868686868687
total_world,1983,0.03306868686869
total_world,1984,0.04509090909091
total_world,1985,0.06473939393939
total_world,1986,0.1401
total_world,1987,0.19713232323232
total_world,1988,0.33452626262626
total_world,1989,2.65410404040401
total_world,1990,3.6386452633737
total_world,1991,4.09359253329288
total_world,1992,4.68096667470702
total_world,1993,5.67294288707065
total_world,1994,7.13252945454539
total_world,1995,8.26144783636356
total_world,1996,9.18397815895952
total_world,1997,12.0079320821211
total_world,1998,15.9535546111078
total_world,1999,21.2304237782961
total_world,2000,29.4806896171533
total_world,2001,38.4647761319926
total_world,2002,53.0191557288158
total_world,2003,63.3964870839036
total_world,2004,85.5524344543528
total_world,2005,104.305631436817
total_world,2006,133.145850507124
total_world,2007,170.60771641699
total_world,2008,219.159447501787
total_world,2009,277.839431986902
total_world,2010,343.364181953749
total_world,2011,436.480158038635
total_world,2012,525.141160450892
total_world,2013,640.70982612512
total_world,2014,706.174566878053
trinidad_tobago,1965,0.0
trinidad_tobago,1966,0.0
trinidad_tobago,1967,0.0
trinidad_tobago,1968,0.0
trinidad_tobago,1969,0.0
trinidad_tobago,1970,0.0
trinidad_tobago,1971,0.0
trinidad_tobago,1972,0.0
trinidad_tobago,1973,0.0
trinidad_tobago,1974,0.0
trinidad_tobago,1975,0.0
trinidad_tobago,1976,0.0
trinidad_tobago,1977,0.0
trinidad_tobago,1978,0.0
trinidad_tobago,1979,0.0
trinidad_tobago,1980,0.0
trinidad_tobago,1981,0.0
trinidad_tobago,1982,0.0
trinidad_tobago,1983,0.0
trinidad_tobago,1984,0.0
trinidad_tobago,1985,0.0
trinidad_tobago,1986,0.0
trinidad_tobago,1987,0.0
trinidad_tobago,1988,0.0
trinidad_tobago,1989,0.0
trinidad_tobago,1990,0.0
trinidad_tobago,1991,0.0
trinidad_tobago,1992,0.0
trinidad_tobago,1993,0.0
trinidad_tobago,1994,0.0
trinidad_tobago,1995,0.0
trinidad_tobago,1996,0.0
trinidad_tobago,1997,0.0
trinidad_tobago,1998,0.0
trinidad_tobago,1999,0.0
trinidad_tobago,2000,0.0
trinidad_tobago,2001,0.0
trinidad_tobago,2002,0.0
trinidad_tobago,2003,0.0
trinidad_tobago,2004,0.0
trinidad_tobago,2005,0.0
trinidad_tobago,2006,0.0
trinidad_tobago,2007,0.0
trinidad_tobago,2008,0.0
trinidad_tobago,2009,0.0
trinidad_tobago,2010,0.0
trinidad_tobago,2011,0.0
trinidad_tobago,2012,0.0
trinidad_tobago,2013,0.0
trinidad_tobago,2014,0.0
turkey,1965,0.0
turkey,1966,0.0
turkey,1967,0.0
turkey,1968,0.0
turkey,1969,0.0
turkey,1970,0.0
turkey,1971,0.0
turkey,1972,0.0
turkey,1973,0.0
turkey,1974,0.0
turkey,1975,0.0
turkey,1976,0.0
turkey,1977,0.0
turkey,1978,0.0
turkey,1979,0.0
turkey,1980,0.0
turkey,1981,0.0
turkey,1982,0.0
turkey,1983,0.0
turkey,1984,0.0
turkey,1985,0.0
turkey,1986,0.0
turkey,1987,0.0
turkey,1988,0.0
turkey,1989,0.0
turkey,1990,0.0
turkey,1991,0.0
turkey,1992,0.0
turkey,1993,0.0
turkey,1994,0.0
turkey,1995,0.0
turkey,1996,0.0
turkey,1997,0.0
turkey,1998,0.0055
turkey,1999,0.0205
turkey,2000,0.0334
turkey,2001,0.0624
turkey,2002,0.048
turkey,2003,0.0614
turkey,2004,0.0577
turkey,2005,0.059
turkey,2006,0.1305
turkey,2007,0.3511
turkey,2008,0.8465
turkey,2009,1.49536999999999
turkey,2010,2.91642999999999
turkey,2011,4.72389999999998
turkey,2012,5.86074999999998
turkey,2013,7.55744999999997
turkey,2014,8.36699999999997
turkmenistan,1985,0.0
turkmenistan,1986,0.0
turkmenistan,1987,0.0
turkmenistan,1988,0.0
turkmenistan,1989,0.0
turkmenistan,1990,0.0
turkmenistan,1991,0.0
turkmenistan,1992,0.0
turkmenistan,1993,0.0
turkmenistan,1994,0.0
turkmenistan,1995,0.0
turkmenistan,1996,0.0
turkmenistan,1997,0.0
turkmenistan,1998,0.0
turkmenistan,1999,0.0
turkmenistan,2000,0.0
turkmenistan,2001,0.0
turkmenistan,2002,0.0
turkmenistan,2003,0.0
turkmenistan,2004,0.0
turkmenistan,2005,0.0
turkmenistan,2006,0.0
turkmenistan,2007,0.0
turkmenistan,2008,0.0
turkmenistan,2009,0.0
turkmenistan,2010,0.0
turkmenistan,2011,0.0
turkmenistan,2012,0.0
turkmenistan,2013,0.0
turkmenistan,2014,0.0
ukraine,1985,0.0
ukraine,1986,0.0
ukraine,1987,0.0
ukraine,1988,0.0
ukraine,1989,0.0
ukraine,1990,0.0
ukraine,1991,0.0
ukraine,1992,0.0
ukraine,1993,0.0
ukraine,1994,0.0
ukraine,1995,0.0
ukraine,1996,0.0
ukraine,1997,0.0
ukraine,1998,0.0050505050505
ukraine,1999,0.0030303030303
ukraine,2000,0.00606060606061
ukraine,2001,0.01515151515151
ukraine,2002,0.02121212121212
ukraine,2003,0.02424242424242
ukraine,2004,0.02424242424242
ukraine,2005,0.03646464646465
ukraine,2006,0.03363636363636
ukraine,2007,0.04323232323232
ukraine,2008,0.04323232323232
ukraine,2009,0.04141414141414
ukraine,2010,0.05050505050505
ukraine,2011,0.089
ukraine,2012,0.288
ukraine,2013,0.639
ukraine,2014,1.088
united_arab_emirates,1965,0.0
united_arab_emirates,1966,0.0
united_arab_emirates,1967,0.0
united_arab_emirates,1968,0.0
united_arab_emirates,1969,0.0
united_arab_emirates,1970,0.0
united_arab_emirates,1971,0.0
united_arab_emirates,1972,0.0
united_arab_emirates,1973,0.0
united_arab_emirates,1974,0.0
united_arab_emirates,1975,0.0
united_arab_emirates,1976,0.0
united_arab_emirates,1977,0.0
united_arab_emirates,1978,0.0
united_arab_emirates,1979,0.0
united_arab_emirates,1980,0.0
united_arab_emirates,1981,0.0
united_arab_emirates,1982,0.0
united_arab_emirates,1983,0.0
united_arab_emirates,1984,0.0
united_arab_emirates,1985,0.0
united_arab_emirates,1986,0.0
united_arab_emirates,1987,0.0
united_arab_emirates,1988,0.0
united_arab_emirates,1989,0.0
united_arab_emirates,1990,0.0
united_arab_emirates,1991,0.0
united_arab_emirates,1992,0.0
united_arab_emirates,1993,0.0
united_arab_emirates,1994,0.0
united_arab_emirates,1995,0.0
united_arab_emirates,1996,0.0
united_arab_emirates,1997,0.0
united_arab_emirates,1998,0.0
united_arab_emirates,1999,0.0
united_arab_emirates,2000,0.0
united_arab_emirates,2001,0.0
united_arab_emirates,2002,0.0
united_arab_emirates,2003,0.0
united_arab_emirates,2004,0.0
united_arab_emirates,2005,0.0
united_arab_emirates,2006,0.0
united_arab_emirates,2007,0.0
united_arab_emirates,2008,0.0
united_arab_emirates,2009,0.0
united_arab_emirates,2010,0.0
united_arab_emirates,2011,0.0
united_arab_emirates,2012,0.0
united_arab_emirates,2013,0.0
united_arab_emirates,2014,0.0
united_kingdom,1965,0.0
united_kingdom,1966,0.0
united_kingdom,1967,0.0
united_kingdom,1968,0.0
united_kingdom,1969,0.0
united_kingdom,1970,0.0
united_kingdom,1971,0.0
united_kingdom,1972,0.0
united_kingdom,1973,0.0
united_kingdom,1974,0.0
united_kingdom,1975,0.0
united_kingdom,1976,0.0
united_kingdom,1977,0.0
united_kingdom,1978,0.0
united_kingdom,1979,0.0
united_kingdom,1980,0.0
united_kingdom,1981,0.0
united_kingdom,1982,0.0
united_kingdom,1983,0.0
united_kingdom,1984,0.0
united_kingdom,1985,0.0
united_kingdom,1986,0.0
united_kingdom,1987,0.0
united_kingdom,1988,0.0
united_kingdom,1989,0.009
united_kingdom,1990,0.009
united_kingdom,1991,0.009
united_kingdom,1992,0.033
united_kingdom,1993,0.217
united_kingdom,1994,0.344
united_kingdom,1995,0.392
united_kingdom,1996,0.488
united_kingdom,1997,0.667
united_kingdom,1998,0.877
united_kingdom,1999,0.85
united_kingdom,2000,0.946
united_kingdom,2001,0.965
united_kingdom,2002,1.259
united_kingdom,2003,1.288
united_kingdom,2004,1.93899999999999
united_kingdom,2005,2.91199999999999
united_kingdom,2006,4.23599999999998
united_kingdom,2007,5.27381749999998
united_kingdom,2008,7.09724816999997
united_kingdom,2009,9.28321451729996
united_kingdom,2010,10.1795171056087
united_kingdom,2011,15.4717623290752
united_kingdom,2012,19.6605199360481
united_kingdom,2013,28.4334790521919
united_kingdom,2014,31.6153058681159
us,1965,0.0
us,1966,0.0
us,1967,0.0
us,1968,0.0
us,1969,0.0
us,1970,0.0
us,1971,0.0
us,1972,0.0
us,1973,0.0
us,1974,0.0
us,1975,0.0
us,1976,0.0
us,1977,0.0
us,1978,0.0
us,1979,0.0
us,1980,0.0
us,1981,0.0
us,1982,0.0
us,1983,0.00269494949495
us,1984,0.00655555555556
us,1985,0.0058202020202
us,1986,0.00423131313131
us,1987,0.00357676767677
us,1988,0.0008797979798
us,1989,2.13337676767674
us,1990,2.81676767676764
us,1991,2.98075858585855
us,1992,2.91668989898986
us,1993,3.03618888888885
us,1994,3.48192828282824
us,1995,3.19621515151511
us,1996,3.26673636363632
us,1997,3.32124747474744
us,1998,3.05625858585855
us,1999,4.53333131313126
us,2000,5.64975858585852
us,2001,6.80538484848477
us,2002,10.4588686868685
us,2003,11.3004707070705
us,2004,14.2866070707069
us,2005,17.9904535353533
us,2006,26.8577141414138
us,2007,34.7979060606056
us,2008,55.9223232323225
us,2009,74.6324565656556
us,2010,95.6083292929281
us,2011,121.390504040402
us,2012,142.244144444442
us,2013,169.535095959593
us,2014,183.627665656563
uzbekistan,1985,0.0
uzbekistan,1986,0.0
uzbekistan,1987,0.0
uzbekistan,1988,0.0
uzbekistan,1989,0.0
uzbekistan,1990,0.0
uzbekistan,1991,0.0
uzbekistan,1992,0.0
uzbekistan,1993,0.0
uzbekistan,1994,0.0
uzbekistan,1995,0.0
uzbekistan,1996,0.0
uzbekistan,1997,0.0
uzbekistan,1998,0.0
uzbekistan,1999,0.0
uzbekistan,2000,0.0
uzbekistan,2001,0.0
uzbekistan,2002,0.0
uzbekistan,2003,0.0
uzbekistan,2004,0.0
uzbekistan,2005,0.0
uzbekistan,2006,0.0
uzbekistan,2007,0.0
uzbekistan,2008,0.0
uzbekistan,2009,0.0
uzbekistan,2010,0.0
uzbekistan,2011,0.0
uzbekistan,2012,0.0
uzbekistan,2013,0.0
uzbekistan,2014,0.0
venezuela,1965,0.0
venezuela,1966,0.0
venezuela,1967,0.0
venezuela,1968,0.0
venezuela,1969,0.0
venezuela,1970,0.0
venezuela,1971,0.0
venezuela,1972,0.0
venezuela,1973,0.0
venezuela,1974,0.0
venezuela,1975,0.0
venezuela,1976,0.0
venezuela,1977,0.0
venezuela,1978,0.0
venezuela,1979,0.0
venezuela,1980,0.0
venezuela,1981,0.0
venezuela,1982,0.0
venezuela,1983,0.0
venezuela,1984,0.0
venezuela,1985,0.0
venezuela,1986,0.0
venezuela,1987,0.0
venezuela,1988,0.0
venezuela,1989,0.0
venezuela,1990,0.0
venezuela,1991,0.0
venezuela,1992,0.0
venezuela,1993,0.0
venezuela,1994,0.0
venezuela,1995,0.0
venezuela,1996,0.0
venezuela,1997,0.0
venezuela,1998,0.0
venezuela,1999,0.0
venezuela,2000,0.0
venezuela,2001,0.0
venezuela,2002,0.0
venezuela,2003,0.0
venezuela,2004,0.0
venezuela,2005,0.0
venezuela,2006,0.0
venezuela,2007,0.0
venezuela,2008,0.0
venezuela,2009,0.0
venezuela,2010,0.0
venezuela,2011,0.0
venezuela,2012,0.0
venezuela,2013,0.0
venezuela,2014,0.0
vietnam,1965,0.0
vietnam,1966,0.0
vietnam,1967,0.0
vietnam,1968,0.0
vietnam,1969,0.0
vietnam,1970,0.0
vietnam,1971,0.0
vietnam,1972,0.0
vietnam,1973,0.0
vietnam,1974,0.0
vietnam,1975,0.0
vietnam,1976,0.0
vietnam,1977,0.0
vietnam,1978,0.0
vietnam,1979,0.0
vietnam,1980,0.0
vietnam,1981,0.0
vietnam,1982,0.0
vietnam,1983,0.0
vietnam,1984,0.0
vietnam,1985,0.0
vietnam,1986,0.0
vietnam,1987,0.0
vietnam,1988,0.0
vietnam,1989,0.0
vietnam,1990,0.0
vietnam,1991,0.0
vietnam,1992,0.0
vietnam,1993,0.0
vietnam,1994,0.0
vietnam,1995,0.0
vietnam,1996,0.0
vietnam,1997,0.0
vietnam,1998,0.0
vietnam,1999,0.0
vietnam,2000,0.0
vietnam,2001,0.0
vietnam,2002,0.0
vietnam,2003,0.0
vietnam,2004,0.0
vietnam,2005,0.0
vietnam,2006,0.0
vietnam,2007,0.0
vietnam,2008,0.0010101010101
vietnam,2009,0.01010101010101
vietnam,2010,0.05050505050505
vietnam,2011,0.05050505050505
vietnam,2012,0.08787878787879
vietnam,2013,0.15207466359374
vietnam,2014,0.15207466359374
