geo,year,oil_production_tonnes
algeria,1965,26.481
algeria,1966,33.872
algeria,1967,39.076
algeria,1968,42.904
algeria,1969,44.784
algeria,1970,48.208
algeria,1971,37.099
algeria,1972,50.098
algeria,1973,50.888
algeria,1974,47.355
algeria,1975,45.754
algeria,1976,50.602
algeria,1977,54.054
algeria,1978,57.737
algeria,1979,57.550
algeria,1980,51.750
algeria,1981,46.830
algeria,1982,46.847
algeria,1983,45.866
algeria,1984,49.472
algeria,1985,49.997
algeria,1986,51.796
algeria,1987,52.639
algeria,1988,53.569
algeria,1989,54.656
algeria,1990,57.477
algeria,1991,57.680
algeria,1992,56.630
algeria,1993,56.670
algeria,1994,56.378
algeria,1995,56.596
algeria,1996,59.342
algeria,1997,60.326
algeria,1998,61.779
algeria,1999,63.930
algeria,2000,66.787
algeria,2001,65.751
algeria,2002,70.894
algeria,2003,79.005
algeria,2004,83.551
algeria,2005,86.438
algeria,2006,86.202
algeria,2007,86.482
algeria,2008,85.620
algeria,2009,77.234
algeria,2010,73.775
algeria,2011,71.675
algeria,2012,67.212
algeria,2013,64.784
algeria,2014,65.956
angola,1965,0.65500
angola,1966,0.63100
angola,1967,0.53700
angola,1968,0.75000
angola,1969,2.4580
angola,1970,5.0650
angola,1971,5.7210
angola,1972,7.0570
angola,1973,8.1750
angola,1974,8.5410
angola,1975,7.7910
angola,1976,7.5640
angola,1977,7.0620
angola,1978,6.4690
angola,1979,7.2000
angola,1980,7.4280
angola,1981,7.1580
angola,1982,6.4100
angola,1983,8.7900
angola,1984,10.074
angola,1985,11.452
angola,1986,13.926
angola,1987,17.506
angola,1988,22.320
angola,1989,22.642
angola,1990,23.380
angola,1991,24.514
angola,1992,27.153
angola,1993,24.810
angola,1994,27.424
angola,1995,31.173
angola,1996,35.364
angola,1997,36.500
angola,1998,36.000
angola,1999,36.700
angola,2000,36.850
angola,2001,36.550
angola,2002,44.600
angola,2003,42.833
angola,2004,54.464
angola,2005,68.862
angola,2006,69.289
angola,2007,82.075
angola,2008,93.066
angola,2009,87.615
angola,2010,90.526
angola,2011,83.795
angola,2012,86.878
angola,2013,87.315
angola,2014,83.032
argentina,1965,13.765
argentina,1966,14.644
argentina,1967,15.962
argentina,1968,17.488
argentina,1969,18.107
argentina,1970,20.001
argentina,1971,21.571
argentina,1972,22.218
argentina,1973,21.601
argentina,1974,21.145
argentina,1975,20.261
argentina,1976,20.414
argentina,1977,22.062
argentina,1978,23.210
argentina,1979,24.278
argentina,1980,25.267
argentina,1981,25.736
argentina,1982,25.571
argentina,1983,25.667
argentina,1984,25.142
argentina,1985,24.159
argentina,1986,22.869
argentina,1987,22.573
argentina,1988,23.720
argentina,1989,24.230
argentina,1990,25.437
argentina,1991,25.882
argentina,1992,29.040
argentina,1993,31.068
argentina,1994,34.511
argentina,1995,37.457
argentina,1996,40.816
argentina,1997,43.386
argentina,1998,44.028
argentina,1999,41.819
argentina,2000,40.740
argentina,2001,43.682
argentina,2002,43.101
argentina,2003,42.765
argentina,2004,40.945
argentina,2005,39.396
argentina,2006,39.132
argentina,2007,37.983
argentina,2008,36.538
argentina,2009,33.566
argentina,2010,33.036
argentina,2011,30.605
argentina,2012,30.429
argentina,2013,29.887
argentina,2014,29.524
australia,1965,0.34621
australia,1966,0.44512
australia,1967,1.0386
australia,1968,1.9341
australia,1969,2.2256
australia,1970,8.7046
australia,1971,15.255
australia,1972,16.280
australia,1973,20.394
australia,1974,20.179
australia,1975,21.622
australia,1976,22.141
australia,1977,23.425
australia,1978,23.191
australia,1979,23.276
australia,1980,21.839
australia,1981,21.271
australia,1982,20.974
australia,1983,20.417
australia,1984,26.683
australia,1985,30.846
australia,1986,27.578
australia,1987,29.282
australia,1988,27.780
australia,1989,26.203
australia,1990,30.358
australia,1991,28.735
australia,1992,28.269
australia,1993,26.397
australia,1994,28.386
australia,1995,26.684
australia,1996,28.219
australia,1997,30.059
australia,1998,28.608
australia,1999,27.838
australia,2000,37.377
australia,2001,34.517
australia,2002,34.317
australia,2003,29.722
australia,2004,25.950
australia,2005,25.549
australia,2006,23.737
australia,2007,24.686
australia,2008,24.336
australia,2009,22.611
australia,2010,24.902
australia,2011,21.972
australia,2012,21.639
australia,2013,18.224
australia,2014,19.408
azerbaijan,1985,13.230
azerbaijan,1986,13.050
azerbaijan,1987,13.910
azerbaijan,1988,13.740
azerbaijan,1989,13.160
azerbaijan,1990,12.500
azerbaijan,1991,11.774
azerbaijan,1992,11.196
azerbaijan,1993,10.251
azerbaijan,1994,9.5628
azerbaijan,1995,9.1617
azerbaijan,1996,9.1004
azerbaijan,1997,9.0270
azerbaijan,1998,11.449
azerbaijan,1999,13.851
azerbaijan,2000,14.069
azerbaijan,2001,14.979
azerbaijan,2002,15.334
azerbaijan,2003,15.378
azerbaijan,2004,15.459
azerbaijan,2005,22.214
azerbaijan,2006,32.268
azerbaijan,2007,42.597
azerbaijan,2008,44.514
azerbaijan,2009,50.416
azerbaijan,2010,50.838
azerbaijan,2011,45.626
azerbaijan,2012,43.375
azerbaijan,2013,43.457
azerbaijan,2014,42.042
brazil,1965,5.0333
brazil,1966,6.1474
brazil,1967,7.7390
brazil,1968,8.5049
brazil,1969,9.2775
brazil,1970,8.8000
brazil,1971,9.2028
brazil,1972,9.0153
brazil,1973,9.1498
brazil,1974,9.5212
brazil,1975,9.3239
brazil,1976,9.0834
brazil,1977,8.7403
brazil,1978,8.6872
brazil,1979,9.0055
brazil,1980,9.8814
brazil,1981,11.530
brazil,1982,14.055
brazil,1983,17.837
brazil,1984,24.918
brazil,1985,29.422
brazil,1986,30.964
brazil,1987,30.776
brazil,1988,30.091
brazil,1989,32.153
brazil,1990,34.094
brazil,1991,33.701
brazil,1992,34.170
brazil,1993,34.778
brazil,1994,36.241
brazil,1995,37.567
brazil,1996,42.448
brazil,1997,45.503
brazil,1998,52.622
brazil,1999,59.479
brazil,2000,66.870
brazil,2001,70.030
brazil,2002,78.477
brazil,2003,81.277
brazil,2004,80.724
brazil,2005,89.141
brazil,2006,93.811
brazil,2007,95.181
brazil,2008,98.889
brazil,2009,105.75
brazil,2010,111.37
brazil,2011,114.06
brazil,2012,112.06
brazil,2013,109.81
brazil,2014,122.11
brunei,1965,3.9650
brunei,1966,4.7606
brunei,1967,5.1584
brunei,1968,6.0701
brunei,1969,6.1530
brunei,1970,6.7497
brunei,1971,6.4016
brunei,1972,9.0619
brunei,1973,11.434
brunei,1974,9.7402
brunei,1975,9.1668
brunei,1976,10.621
brunei,1977,11.103
brunei,1978,11.736
brunei,1979,12.741
brunei,1980,11.715
brunei,1981,8.4642
brunei,1982,8.6764
brunei,1983,8.6764
brunei,1984,8.3511
brunei,1985,8.1029
brunei,1986,7.9934
brunei,1987,7.4961
brunei,1988,7.2541
brunei,1989,7.2210
brunei,1990,7.3205
brunei,1991,7.9304
brunei,1992,8.8497
brunei,1993,8.4642
brunei,1994,8.6631
brunei,1995,8.4642
brunei,1996,8.0153
brunei,1997,7.8939
brunei,1998,7.5956
brunei,1999,8.8520
brunei,2000,9.4926
brunei,2001,9.9639
brunei,2002,10.312
brunei,2003,10.520
brunei,2004,10.349
brunei,2005,10.120
brunei,2006,10.840
brunei,2007,9.5283
brunei,2008,8.5914
brunei,2009,8.2527
brunei,2010,8.4517
brunei,2011,8.1118
brunei,2012,7.8175
brunei,2013,6.6065
brunei,2014,6.1814
canada,1965,43.874
canada,1966,48.212
canada,1967,52.701
canada,1968,57.119
canada,1969,62.218
canada,1970,70.068
canada,1971,75.164
canada,1972,86.713
canada,1973,100.31
canada,1974,94.387
canada,1975,81.576
canada,1976,75.305
canada,1977,75.574
canada,1978,75.190
canada,1979,86.275
canada,1980,83.269
canada,1981,75.362
canada,1982,74.564
canada,1983,78.560
canada,1984,83.816
canada,1985,85.685
canada,1986,85.736
canada,1987,90.294
canada,1988,95.095
canada,1989,92.620
canada,1990,92.758
canada,1991,93.215
canada,1992,97.160
canada,1993,102.28
canada,1994,106.69
canada,1995,111.91
canada,1996,115.45
canada,1997,120.70
canada,1998,125.09
canada,1999,121.00
canada,2000,124.60
canada,2001,125.72
canada,2002,132.59
canada,2003,140.22
canada,2004,144.75
canada,2005,142.28
canada,2006,150.59
canada,2007,155.29
canada,2008,152.88
canada,2009,152.81
canada,2010,160.29
canada,2011,169.80
canada,2012,182.59
canada,2013,194.38
canada,2014,209.80
chad,1965,0.0000
chad,1966,0.0000
chad,1967,0.0000
chad,1968,0.0000
chad,1969,0.0000
chad,1970,0.0000
chad,1971,0.0000
chad,1972,0.0000
chad,1973,0.0000
chad,1974,0.0000
chad,1975,0.0000
chad,1976,0.0000
chad,1977,0.0000
chad,1978,0.0000
chad,1979,0.0000
chad,1980,0.0000
chad,1981,0.0000
chad,1982,0.0000
chad,1983,0.0000
chad,1984,0.0000
chad,1985,0.0000
chad,1986,0.0000
chad,1987,0.0000
chad,1988,0.0000
chad,1989,0.0000
chad,1990,0.0000
chad,1991,0.0000
chad,1992,0.0000
chad,1993,0.0000
chad,1994,0.0000
chad,1995,0.0000
chad,1996,0.0000
chad,1997,0.0000
chad,1998,0.0000
chad,1999,0.0000
chad,2000,0.0000
chad,2001,0.0000
chad,2002,0.0000
chad,2003,1.2374
chad,2004,8.8345
chad,2005,9.1079
chad,2006,8.0432
chad,2007,7.5396
chad,2008,6.6906
chad,2009,6.1871
chad,2010,6.4029
chad,2011,5.9712
chad,2012,5.3094
chad,2013,4.3597
chad,2014,4.1213
china,1965,11.310
china,1966,14.550
china,1967,13.880
china,1968,15.990
china,1969,21.740
china,1970,30.650
china,1971,39.410
china,1972,45.670
china,1973,53.610
china,1974,64.850
china,1975,77.060
china,1976,87.160
china,1977,93.640
china,1978,104.05
china,1979,106.15
china,1980,105.95
china,1981,101.22
china,1982,102.12
china,1983,106.07
china,1984,114.61
china,1985,124.90
china,1986,130.69
china,1987,134.14
china,1988,137.05
china,1989,137.64
china,1990,138.31
china,1991,140.99
china,1992,142.04
china,1993,144.03
china,1994,146.08
china,1995,149.02
china,1996,158.52
china,1997,160.13
china,1998,160.18
china,1999,160.22
china,2000,162.62
china,2001,164.83
china,2002,166.87
china,2003,169.59
china,2004,174.05
china,2005,181.35
china,2006,184.77
china,2007,186.32
china,2008,190.44
china,2009,189.49
china,2010,203.01
china,2011,202.88
china,2012,207.48
china,2013,209.96
china,2014,211.43
colombia,1965,10.655
colombia,1966,10.444
colombia,1967,10.075
colombia,1968,9.2578
colombia,1969,11.234
colombia,1970,11.760
colombia,1971,11.676
colombia,1972,10.577
colombia,1973,9.9480
colombia,1974,9.0738
colombia,1975,8.4994
colombia,1976,7.9418
colombia,1977,7.4673
colombia,1978,7.0986
colombia,1979,6.6772
colombia,1980,6.8011
colombia,1981,7.2566
colombia,1982,7.6465
colombia,1983,8.2046
colombia,1984,9.0193
colombia,1985,9.5214
colombia,1986,16.052
colombia,1987,20.361
colombia,1988,19.994
colombia,1989,21.362
colombia,1990,23.373
colombia,1991,22.578
colombia,1992,23.269
colombia,1993,24.032
colombia,1994,24.121
colombia,1995,31.016
colombia,1996,33.361
colombia,1997,34.838
colombia,1998,40.409
colombia,1999,43.706
colombia,2000,36.283
colombia,2001,31.812
colombia,2002,30.443
colombia,2003,28.494
colombia,2004,27.901
colombia,2005,27.713
colombia,2006,27.879
colombia,2007,27.991
colombia,2008,31.073
colombia,2009,35.320
colombia,2010,41.391
colombia,2011,48.206
colombia,2012,49.863
colombia,2013,52.880
colombia,2014,52.155
denmark,1965,0.0000
denmark,1966,0.0000
denmark,1967,0.0000
denmark,1968,0.0000
denmark,1969,0.0000
denmark,1970,0.0000
denmark,1971,0.0000
denmark,1972,0.097730
denmark,1973,0.14619
denmark,1974,0.097463
denmark,1975,0.14619
denmark,1976,0.19546
denmark,1977,0.48732
denmark,1978,0.38985
denmark,1979,0.38985
denmark,1980,0.29319
denmark,1981,0.73097
denmark,1982,1.6569
denmark,1983,2.0955
denmark,1984,2.2967
denmark,1985,2.9239
denmark,1986,3.6061
denmark,1987,4.5320
denmark,1988,4.6911
denmark,1989,5.4579
denmark,1990,5.8965
denmark,1991,6.9199
denmark,1992,7.6718
denmark,1993,8.1869
denmark,1994,9.0154
denmark,1995,9.0641
denmark,1996,10.164
denmark,1997,11.208
denmark,1998,11.598
denmark,1999,14.571
denmark,2000,17.738
denmark,2001,16.959
denmark,2002,18.079
denmark,2003,17.933
denmark,2004,19.057
denmark,2005,18.517
denmark,2006,16.839
denmark,2007,15.169
denmark,2008,14.035
denmark,2009,12.903
denmark,2010,12.157
denmark,2011,10.941
denmark,2012,9.9800
denmark,2013,8.6829
denmark,2014,8.1304
ecuador,1965,0.42878
ecuador,1966,0.37518
ecuador,1967,0.32159
ecuador,1968,0.26872
ecuador,1969,0.21439
ecuador,1970,0.21439
ecuador,1971,0.21439
ecuador,1972,4.1921
ecuador,1973,11.202
ecuador,1974,9.4868
ecuador,1975,8.6292
ecuador,1976,10.104
ecuador,1977,9.8398
ecuador,1978,10.890
ecuador,1979,11.533
ecuador,1980,11.027
ecuador,1981,11.372
ecuador,1982,11.372
ecuador,1983,12.819
ecuador,1984,13.944
ecuador,1985,15.223
ecuador,1986,15.866
ecuador,1987,9.3889
ecuador,1988,16.501
ecuador,1989,15.240
ecuador,1990,15.523
ecuador,1991,16.305
ecuador,1992,17.456
ecuador,1993,18.726
ecuador,1994,20.602
ecuador,1995,20.999
ecuador,1996,20.927
ecuador,1997,21.084
ecuador,1998,20.441
ecuador,1999,20.334
ecuador,2000,21.592
ecuador,2001,21.909
ecuador,2002,21.073
ecuador,2003,22.467
ecuador,2004,28.333
ecuador,2005,28.577
ecuador,2006,28.774
ecuador,2007,27.456
ecuador,2008,27.189
ecuador,2009,26.115
ecuador,2010,26.116
ecuador,2011,26.809
ecuador,2012,27.097
ecuador,2013,28.243
ecuador,2014,29.819
egypt,1965,6.4780
egypt,1966,6.2570
egypt,1967,5.5810
egypt,1968,8.5770
egypt,1969,12.295
egypt,1970,16.404
egypt,1971,14.952
egypt,1972,10.720
egypt,1973,8.4790
egypt,1974,7.4530
egypt,1975,11.734
egypt,1976,16.610
egypt,1977,20.900
egypt,1978,25.190
egypt,1979,26.140
egypt,1980,29.780
egypt,1981,32.152
egypt,1982,33.314
egypt,1983,36.430
egypt,1984,41.836
egypt,1985,45.067
egypt,1986,41.135
egypt,1987,46.249
egypt,1988,44.234
egypt,1989,44.521
egypt,1990,45.499
egypt,1991,45.418
egypt,1992,45.985
egypt,1993,47.527
egypt,1994,46.497
egypt,1995,46.588
egypt,1996,45.080
egypt,1997,43.792
egypt,1998,42.962
egypt,1999,41.361
egypt,2000,38.917
egypt,2001,37.600
egypt,2002,37.241
egypt,2003,37.072
egypt,2004,34.841
egypt,2005,33.167
egypt,2006,33.162
egypt,2007,33.810
egypt,2008,34.654
egypt,2009,35.260
egypt,2010,35.030
egypt,2011,34.599
egypt,2012,34.726
egypt,2013,34.544
egypt,2014,34.700
equatorial_guinea,1965,0.0000
equatorial_guinea,1966,0.0000
equatorial_guinea,1967,0.0000
equatorial_guinea,1968,0.0000
equatorial_guinea,1969,0.0000
equatorial_guinea,1970,0.0000
equatorial_guinea,1971,0.0000
equatorial_guinea,1972,0.0000
equatorial_guinea,1973,0.0000
equatorial_guinea,1974,0.0000
equatorial_guinea,1975,0.0000
equatorial_guinea,1976,0.0000
equatorial_guinea,1977,0.0000
equatorial_guinea,1978,0.0000
equatorial_guinea,1979,0.0000
equatorial_guinea,1980,0.0000
equatorial_guinea,1981,0.0000
equatorial_guinea,1982,0.0000
equatorial_guinea,1983,0.0000
equatorial_guinea,1984,0.0000
equatorial_guinea,1985,0.0000
equatorial_guinea,1986,0.0000
equatorial_guinea,1987,0.0000
equatorial_guinea,1988,0.0000
equatorial_guinea,1989,0.0000
equatorial_guinea,1990,0.0000
equatorial_guinea,1991,0.0000
equatorial_guinea,1992,0.099322
equatorial_guinea,1993,0.24763
equatorial_guinea,1994,0.24763
equatorial_guinea,1995,0.34668
equatorial_guinea,1996,0.84423
equatorial_guinea,1997,2.9715
equatorial_guinea,1998,4.1106
equatorial_guinea,1999,4.9525
equatorial_guinea,2000,5.6970
equatorial_guinea,2001,9.3550
equatorial_guinea,2002,11.102
equatorial_guinea,2003,12.722
equatorial_guinea,2004,16.562
equatorial_guinea,2005,16.448
equatorial_guinea,2006,15.583
equatorial_guinea,2007,15.889
equatorial_guinea,2008,16.055
equatorial_guinea,2009,14.139
equatorial_guinea,2010,12.631
equatorial_guinea,2011,11.650
equatorial_guinea,2012,12.711
equatorial_guinea,2013,12.429
equatorial_guinea,2014,13.122
gabon,1965,1.2650
gabon,1966,1.4470
gabon,1967,3.4450
gabon,1968,4.6410
gabon,1969,5.0270
gabon,1970,5.4230
gabon,1971,5.7950
gabon,1972,6.3030
gabon,1973,7.5970
gabon,1974,10.202
gabon,1975,11.315
gabon,1976,11.324
gabon,1977,11.267
gabon,1978,10.600
gabon,1979,9.7980
gabon,1980,8.8950
gabon,1981,7.6520
gabon,1982,7.7920
gabon,1983,7.8690
gabon,1984,8.7300
gabon,1985,8.6260
gabon,1986,8.2950
gabon,1987,7.7290
gabon,1988,8.8920
gabon,1989,10.227
gabon,1990,13.493
gabon,1991,14.708
gabon,1992,14.452
gabon,1993,15.223
gabon,1994,16.837
gabon,1995,17.756
gabon,1996,18.250
gabon,1997,18.194
gabon,1998,16.848
gabon,1999,16.975
gabon,2000,13.819
gabon,2001,13.082
gabon,2002,12.782
gabon,2003,13.681
gabon,2004,13.669
gabon,2005,13.482
gabon,2006,12.083
gabon,2007,12.283
gabon,2008,12.016
gabon,2009,12.034
gabon,2010,12.733
gabon,2011,12.683
gabon,2012,12.267
gabon,2013,11.784
gabon,2014,11.784
india,1965,3.0220
india,1966,4.6470
india,1967,5.6670
india,1968,5.8530
india,1969,6.7230
india,1970,6.8090
india,1971,7.1850
india,1972,7.3730
india,1973,7.1980
india,1974,7.4900
india,1975,8.2830
india,1976,8.6590
india,1977,10.185
india,1978,11.271
india,1979,12.839
india,1980,9.3990
india,1981,14.975
india,1982,19.881
india,1983,25.356
india,1984,28.194
india,1985,30.202
india,1986,31.622
india,1987,30.684
india,1988,32.286
india,1989,34.449
india,1990,34.171
india,1991,32.180
india,1992,29.186
india,1993,27.875
india,1994,32.378
india,1995,36.647
india,1996,34.800
india,1997,35.585
india,1998,34.695
india,1999,34.614
india,2000,34.164
india,2001,34.088
india,2002,35.242
india,2003,35.387
india,2004,36.338
india,2005,34.924
india,2006,36.045
india,2007,36.440
india,2008,37.797
india,2009,37.998
india,2010,41.270
india,2011,42.881
india,2012,42.548
india,2013,42.470
india,2014,41.934
indonesia,1965,24.535
indonesia,1966,23.929
indonesia,1967,25.747
indonesia,1968,30.323
indonesia,1969,32.411
indonesia,1970,43.113
indonesia,1971,45.032
indonesia,1972,54.723
indonesia,1973,67.548
indonesia,1974,69.416
indonesia,1975,65.932
indonesia,1976,76.126
indonesia,1977,84.937
indonesia,1978,82.105
indonesia,1979,79.545
indonesia,1980,79.035
indonesia,1981,79.962
indonesia,1982,66.584
indonesia,1983,70.684
indonesia,1984,74.892
indonesia,1985,66.340
indonesia,1986,70.370
indonesia,1987,69.824
indonesia,1988,67.290
indonesia,1989,71.630
indonesia,1990,74.434
indonesia,1991,81.006
indonesia,1992,76.730
indonesia,1993,76.851
indonesia,1994,76.940
indonesia,1995,76.455
indonesia,1996,76.726
indonesia,1997,75.711
indonesia,1998,74.201
indonesia,1999,68.604
indonesia,2000,71.810
indonesia,2001,68.175
indonesia,2002,63.329
indonesia,2003,57.647
indonesia,2004,55.550
indonesia,2005,53.715
indonesia,2006,50.226
indonesia,2007,47.835
indonesia,2008,49.427
indonesia,2009,48.407
indonesia,2010,48.623
indonesia,2011,46.307
indonesia,2012,44.624
indonesia,2013,42.700
indonesia,2014,41.212
iran,1965,95.662
iran,1966,106.89
iran,1967,130.51
iran,1968,142.78
iran,1969,169.26
iran,1970,192.59
iran,1971,228.68
iran,1972,253.71
iran,1973,295.38
iran,1974,303.20
iran,1975,269.47
iran,1976,296.97
iran,1977,285.63
iran,1978,264.82
iran,1979,160.49
iran,1980,74.158
iran,1981,66.160
iran,1982,120.09
iran,1983,122.83
iran,1984,102.52
iran,1985,110.35
iran,1986,102.70
iran,1987,116.73
iran,1988,117.38
iran,1989,143.84
iran,1990,162.79
iran,1991,174.37
iran,1992,175.68
iran,1993,184.29
iran,1994,184.98
iran,1995,185.46
iran,1996,186.64
iran,1997,186.96
iran,1998,190.79
iran,1999,178.12
iran,2000,191.71
iran,2001,189.83
iran,2002,177.48
iran,2003,198.52
iran,2004,208.18
iran,2005,206.38
iran,2006,209.24
iran,2007,210.88
iran,2008,214.50
iran,2009,205.53
iran,2010,208.75
iran,2011,208.83
iran,2012,177.34
iran,2013,165.84
iran,2014,169.19
iraq,1965,64.675
iraq,1966,68.567
iraq,1967,60.489
iraq,1968,74.237
iraq,1969,74.921
iraq,1970,76.300
iraq,1971,83.443
iraq,1972,72.410
iraq,1973,99.402
iraq,1974,97.277
iraq,1975,111.70
iraq,1976,119.53
iraq,1977,115.99
iraq,1978,126.58
iraq,1979,171.65
iraq,1980,131.07
iraq,1981,44.504
iraq,1982,48.504
iraq,1983,54.354
iraq,1984,60.539
iraq,1985,69.839
iraq,1986,93.190
iraq,1987,117.26
iraq,1988,136.70
iraq,1989,138.97
iraq,1990,105.30
iraq,1991,13.943
iraq,1992,26.147
iraq,1993,22.332
iraq,1994,24.795
iraq,1995,26.026
iraq,1996,28.567
iraq,1997,57.144
iraq,1998,104.19
iraq,1999,128.27
iraq,2000,128.80
iraq,2001,123.87
iraq,2002,103.87
iraq,2003,66.025
iraq,2004,99.946
iraq,2005,89.934
iraq,2006,98.021
iraq,2007,105.09
iraq,2008,119.32
iraq,2009,119.93
iraq,2010,121.48
iraq,2011,136.68
iraq,2012,152.50
iraq,2013,153.24
iraq,2014,160.28
italy,1965,2.2780
italy,1966,1.8500
italy,1967,1.7230
italy,1968,1.6270
italy,1969,1.5910
italy,1970,1.5020
italy,1971,1.3530
italy,1972,1.2100
italy,1973,1.1050
italy,1974,1.1040
italy,1975,1.2350
italy,1976,1.2930
italy,1977,1.2460
italy,1978,1.4890
italy,1979,1.7170
italy,1980,1.7070
italy,1981,1.4870
italy,1982,1.7630
italy,1983,2.2410
italy,1984,2.2730
italy,1985,2.3840
italy,1986,2.5580
italy,1987,3.9350
italy,1988,4.8370
italy,1989,4.6040
italy,1990,4.6680
italy,1991,4.3320
italy,1992,4.5010
italy,1993,4.6400
italy,1994,4.8950
italy,1995,5.2360
italy,1996,5.4520
italy,1997,5.9480
italy,1998,5.6220
italy,1999,5.0150
italy,2000,4.5860
italy,2001,4.1280
italy,2002,5.5310
italy,2003,5.5700
italy,2004,5.4690
italy,2005,6.1110
italy,2006,5.7690
italy,2007,5.8605
italy,2008,5.2359
italy,2009,4.5723
italy,2010,5.1062
italy,2011,5.3071
italy,2012,5.3971
italy,2013,5.5595
italy,2014,5.8209
kazakhstan,1985,22.660
kazakhstan,1986,23.290
kazakhstan,1987,24.060
kazakhstan,1988,24.960
kazakhstan,1989,25.400
kazakhstan,1990,25.800
kazakhstan,1991,26.600
kazakhstan,1992,25.800
kazakhstan,1993,23.000
kazakhstan,1994,20.312
kazakhstan,1995,20.633
kazakhstan,1996,22.961
kazakhstan,1997,25.779
kazakhstan,1998,25.945
kazakhstan,1999,30.131
kazakhstan,2000,35.317
kazakhstan,2001,40.091
kazakhstan,2002,47.271
kazakhstan,2003,51.451
kazakhstan,2004,59.485
kazakhstan,2005,61.486
kazakhstan,2006,65.003
kazakhstan,2007,67.126
kazakhstan,2008,70.738
kazakhstan,2009,76.482
kazakhstan,2010,79.518
kazakhstan,2011,80.039
kazakhstan,2012,79.211
kazakhstan,2013,81.787
kazakhstan,2014,80.845
kuwait,1965,119.01
kuwait,1966,125.56
kuwait,1967,126.39
kuwait,1968,133.13
kuwait,1969,140.91
kuwait,1970,151.80
kuwait,1971,162.55
kuwait,1972,167.35
kuwait,1973,153.80
kuwait,1974,129.87
kuwait,1975,106.35
kuwait,1976,109.91
kuwait,1977,100.78
kuwait,1978,108.78
kuwait,1979,129.62
kuwait,1980,86.834
kuwait,1981,58.624
kuwait,1982,42.664
kuwait,1983,55.006
kuwait,1984,60.727
kuwait,1985,55.489
kuwait,1986,59.395
kuwait,1987,52.115
kuwait,1988,63.046
kuwait,1989,68.411
kuwait,1990,46.797
kuwait,1991,9.2170
kuwait,1992,53.956
kuwait,1993,96.582
kuwait,1994,103.36
kuwait,1995,104.89
kuwait,1996,105.13
kuwait,1997,105.11
kuwait,1998,110.00
kuwait,1999,102.56
kuwait,2000,109.88
kuwait,2001,106.59
kuwait,2002,98.922
kuwait,2003,115.56
kuwait,2004,123.38
kuwait,2005,130.38
kuwait,2006,133.71
kuwait,2007,129.95
kuwait,2008,136.12
kuwait,2009,121.23
kuwait,2010,123.37
kuwait,2011,140.84
kuwait,2012,153.98
kuwait,2013,151.54
kuwait,2014,150.85
libya,1965,57.982
libya,1966,71.669
libya,1967,82.363
libya,1968,123.86
libya,1969,147.71
libya,1970,159.54
libya,1971,130.68
libya,1972,106.82
libya,1973,104.63
libya,1974,73.586
libya,1975,71.532
libya,1976,93.492
libya,1977,99.626
libya,1978,95.648
libya,1979,101.07
libya,1980,88.287
libya,1981,59.115
libya,1982,55.393
libya,1983,54.330
libya,1984,48.244
libya,1985,48.391
libya,1986,50.195
libya,1987,47.296
libya,1988,49.713
libya,1989,54.885
libya,1990,67.242
libya,1991,67.893
libya,1992,69.699
libya,1993,66.122
libya,1994,67.500
libya,1995,67.893
libya,1996,68.586
libya,1997,70.091
libya,1998,69.593
libya,1999,66.979
libya,2000,69.517
libya,2001,67.021
libya,2002,64.561
libya,2003,69.784
libya,2004,76.490
libya,2005,82.176
libya,2006,85.284
libya,2007,85.277
libya,2008,85.523
libya,2009,77.371
libya,2010,77.621
libya,2011,22.492
libya,2012,71.070
libya,2013,46.445
libya,2014,23.332
malaysia,1965,0.047775
malaysia,1966,0.047775
malaysia,1967,0.047775
malaysia,1968,0.19162
malaysia,1969,0.42997
malaysia,1970,0.85995
malaysia,1971,3.2965
malaysia,1972,4.4552
malaysia,1973,4.3475
malaysia,1974,3.8698
malaysia,1975,4.6819
malaysia,1976,8.0003
malaysia,1977,8.7428
malaysia,1978,10.319
malaysia,1979,13.473
malaysia,1980,13.222
malaysia,1981,12.374
malaysia,1982,14.524
malaysia,1983,18.393
malaysia,1984,21.366
malaysia,1985,21.260
malaysia,1986,23.887
malaysia,1987,23.601
malaysia,1988,25.724
malaysia,1989,27.973
malaysia,1990,29.550
malaysia,1991,30.770
malaysia,1992,31.264
malaysia,1993,30.577
malaysia,1994,31.114
malaysia,1995,33.323
malaysia,1996,33.794
malaysia,1997,33.498
malaysia,1998,34.023
malaysia,1999,32.413
malaysia,2000,33.501
malaysia,2001,32.530
malaysia,2002,34.175
malaysia,2003,35.389
malaysia,2004,36.277
malaysia,2005,34.625
malaysia,2006,32.683
malaysia,2007,33.844
malaysia,2008,34.024
malaysia,2009,32.204
malaysia,2010,32.621
malaysia,2011,29.465
malaysia,2012,30.320
malaysia,2013,29.287
malaysia,2014,30.338
mexico,1965,18.054
mexico,1966,18.490
mexico,1967,20.464
mexico,1968,21.901
mexico,1969,22.965
mexico,1970,24.179
mexico,1971,24.107
mexico,1972,25.098
mexico,1973,25.859
mexico,1974,32.416
mexico,1975,40.155
mexico,1976,44.774
mexico,1977,54.366
mexico,1978,66.692
mexico,1979,80.660
mexico,1980,107.19
mexico,1981,128.00
mexico,1982,151.01
mexico,1983,147.12
mexico,1984,148.31
mexico,1985,145.85
mexico,1986,136.88
mexico,1987,143.04
mexico,1988,142.69
mexico,1989,143.07
mexico,1990,145.17
mexico,1991,152.82
mexico,1992,153.03
mexico,1993,153.28
mexico,1994,154.17
mexico,1995,150.21
mexico,1996,162.36
mexico,1997,169.62
mexico,1998,173.47
mexico,1999,165.49
mexico,2000,170.32
mexico,2001,175.87
mexico,2002,177.82
mexico,2003,188.20
mexico,2004,190.04
mexico,2005,186.49
mexico,2006,182.55
mexico,2007,172.23
mexico,2008,156.90
mexico,2009,146.66
mexico,2010,145.60
mexico,2011,144.52
mexico,2012,143.86
mexico,2013,141.85
mexico,2014,137.10
nigeria,1965,13.497
nigeria,1966,20.590
nigeria,1967,15.713
nigeria,1968,6.9644
nigeria,1969,26.599
nigeria,1970,53.395
nigeria,1971,75.414
nigeria,1972,89.796
nigeria,1973,101.27
nigeria,1974,111.13
nigeria,1975,87.925
nigeria,1976,102.29
nigeria,1977,103.34
nigeria,1978,93.442
nigeria,1979,113.59
nigeria,1980,101.70
nigeria,1981,70.931
nigeria,1982,63.543
nigeria,1983,60.883
nigeria,1984,68.557
nigeria,1985,73.837
nigeria,1986,72.261
nigeria,1987,66.385
nigeria,1988,73.455
nigeria,1989,86.910
nigeria,1990,91.590
nigeria,1991,95.936
nigeria,1992,99.119
nigeria,1993,98.714
nigeria,1994,97.089
nigeria,1995,97.495
nigeria,1996,105.00
nigeria,1997,113.20
nigeria,1998,106.01
nigeria,1999,100.78
nigeria,2000,105.78
nigeria,2001,110.74
nigeria,2002,101.73
nigeria,2003,109.02
nigeria,2004,118.96
nigeria,2005,122.10
nigeria,2006,116.57
nigeria,2007,110.16
nigeria,2008,102.79
nigeria,2009,106.57
nigeria,2010,120.88
nigeria,2011,117.84
nigeria,2012,115.53
nigeria,2013,110.67
nigeria,2014,113.48
norway,1965,0.0000
norway,1966,0.0000
norway,1967,0.0000
norway,1968,0.0000
norway,1969,0.0000
norway,1970,0.0000
norway,1971,0.29278
norway,1972,1.6147
norway,1973,1.5615
norway,1974,1.7079
norway,1975,9.2226
norway,1976,13.652
norway,1977,14.005
norway,1978,17.372
norway,1979,19.500
norway,1980,25.050
norway,1981,24.292
norway,1982,25.232
norway,1983,31.398
norway,1984,35.955
norway,1985,39.211
norway,1986,43.034
norway,1987,50.115
norway,1988,56.980
norway,1989,74.909
norway,1990,82.143
norway,1991,93.842
norway,1992,106.90
norway,1993,114.13
norway,1994,128.58
norway,1995,138.40
norway,1996,154.66
norway,1997,156.23
norway,1998,149.60
norway,1999,149.67
norway,2000,160.73
norway,2001,162.49
norway,2002,157.92
norway,2003,153.85
norway,2004,150.27
norway,2005,138.73
norway,2006,129.05
norway,2007,118.60
norway,2008,114.75
norway,2009,108.69
norway,2010,98.849
norway,2011,93.777
norway,2012,87.266
norway,2013,83.200
norway,2014,85.617
oman,1965,0.0000
oman,1966,0.0000
oman,1967,2.8229
oman,1968,11.968
oman,1969,16.195
oman,1970,16.442
oman,1971,14.560
oman,1972,14.004
oman,1973,14.511
oman,1974,14.362
oman,1975,16.888
oman,1976,18.226
oman,1977,16.839
oman,1978,15.551
oman,1979,14.610
oman,1980,14.117
oman,1981,16.307
oman,1982,16.703
oman,1983,19.328
oman,1984,20.754
oman,1985,24.789
oman,1986,27.860
oman,1987,29.012
oman,1988,30.929
oman,1989,32.060
oman,1990,34.239
oman,1991,35.315
oman,1992,37.038
oman,1993,38.787
oman,1994,40.453
oman,1995,42.807
oman,1996,44.365
oman,1997,44.910
oman,1998,44.712
oman,1999,45.009
oman,2000,47.709
oman,2001,47.484
oman,2002,44.573
oman,2003,40.693
oman,2004,38.892
oman,2005,38.468
oman,2006,36.550
oman,2007,35.163
oman,2008,37.593
oman,2009,40.239
oman,2010,42.819
oman,2011,43.825
oman,2012,45.000
oman,2013,46.082
oman,2014,46.219
other_africa,1965,0.10300
other_africa,1966,0.10300
other_africa,1967,0.099000
other_africa,1968,0.089000
other_africa,1969,0.058000
other_africa,1970,0.044000
other_africa,1971,0.023000
other_africa,1972,0.028000
other_africa,1973,0.042000
other_africa,1974,0.025000
other_africa,1975,0.020000
other_africa,1976,1.2659
other_africa,1977,1.2132
other_africa,1978,1.5515
other_africa,1979,2.7729
other_africa,1980,3.9219
other_africa,1981,6.0239
other_africa,1982,7.5462
other_africa,1983,8.2334
other_africa,1984,10.401
other_africa,1985,12.208
other_africa,1986,11.768
other_africa,1987,11.064
other_africa,1988,10.704
other_africa,1989,9.9068
other_africa,1990,9.6051
other_africa,1991,8.9024
other_africa,1992,8.2736
other_africa,1993,8.3331
other_africa,1994,7.8476
other_africa,1995,7.8436
other_africa,1996,8.6052
other_africa,1997,9.3994
other_africa,1998,8.3526
other_africa,1999,7.5135
other_africa,2000,7.2448
other_africa,2001,6.7083
other_africa,2002,6.7842
other_africa,2003,7.0143
other_africa,2004,8.2318
other_africa,2005,8.5552
other_africa,2006,11.208
other_africa,2007,9.6607
other_africa,2008,9.5255
other_africa,2009,9.1528
other_africa,2010,8.3340
other_africa,2011,11.471
other_africa,2012,11.241
other_africa,2013,12.550
other_africa,2014,12.472
other_asia_pacific,1965,1.6788
other_asia_pacific,1966,1.6321
other_asia_pacific,1967,1.4876
other_asia_pacific,1968,1.6882
other_asia_pacific,1969,1.7430
other_asia_pacific,1970,1.8799
other_asia_pacific,1971,2.0219
other_asia_pacific,1972,2.1195
other_asia_pacific,1973,2.2418
other_asia_pacific,1974,2.2547
other_asia_pacific,1975,2.2641
other_asia_pacific,1976,2.9429
other_asia_pacific,1977,3.4291
other_asia_pacific,1978,3.4085
other_asia_pacific,1979,4.3963
other_asia_pacific,1980,3.6830
other_asia_pacific,1981,3.6549
other_asia_pacific,1982,4.0128
other_asia_pacific,1983,4.2617
other_asia_pacific,1984,4.8314
other_asia_pacific,1985,5.7081
other_asia_pacific,1986,5.8141
other_asia_pacific,1987,5.5037
other_asia_pacific,1988,5.7009
other_asia_pacific,1989,6.1159
other_asia_pacific,1990,6.6040
other_asia_pacific,1991,6.7516
other_asia_pacific,1992,9.4377
other_asia_pacific,1993,12.771
other_asia_pacific,1994,11.939
other_asia_pacific,1995,10.566
other_asia_pacific,1996,11.273
other_asia_pacific,1997,10.407
other_asia_pacific,1998,9.9293
other_asia_pacific,1999,9.9982
other_asia_pacific,2000,9.0891
other_asia_pacific,2001,8.8304
other_asia_pacific,2002,8.7101
other_asia_pacific,2003,8.8204
other_asia_pacific,2004,10.370
other_asia_pacific,2005,12.365
other_asia_pacific,2006,13.089
other_asia_pacific,2007,13.916
other_asia_pacific,2008,14.783
other_asia_pacific,2009,14.345
other_asia_pacific,2010,13.742
other_asia_pacific,2011,12.997
other_asia_pacific,2012,12.552
other_asia_pacific,2013,11.943
other_asia_pacific,2014,12.154
other_europe_eurasia,1965,266.71
other_europe_eurasia,1966,289.72
other_europe_eurasia,1967,313.75
other_europe_eurasia,1968,335.47
other_europe_eurasia,1969,355.12
other_europe_eurasia,1970,379.69
other_europe_eurasia,1971,402.67
other_europe_eurasia,1972,425.86
other_europe_eurasia,1973,454.57
other_europe_eurasia,1974,484.38
other_europe_eurasia,1975,515.98
other_europe_eurasia,1976,544.19
other_europe_eurasia,1977,569.54
other_europe_eurasia,1978,595.67
other_europe_eurasia,1979,610.72
other_europe_eurasia,1980,627.04
other_europe_eurasia,1981,631.82
other_europe_eurasia,1982,636.61
other_europe_eurasia,1983,642.28
other_europe_eurasia,1984,638.82
other_europe_eurasia,1985,36.527
other_europe_eurasia,1986,36.809
other_europe_eurasia,1987,35.717
other_europe_eurasia,1988,34.737
other_europe_eurasia,1989,33.485
other_europe_eurasia,1990,33.157
other_europe_eurasia,1991,33.081
other_europe_eurasia,1992,31.283
other_europe_eurasia,1993,28.979
other_europe_eurasia,1994,29.331
other_europe_eurasia,1995,27.615
other_europe_eurasia,1996,26.258
other_europe_eurasia,1997,25.072
other_europe_eurasia,1998,24.196
other_europe_eurasia,1999,22.677
other_europe_eurasia,2000,22.325
other_europe_eurasia,2001,22.223
other_europe_eurasia,2002,23.589
other_europe_eurasia,2003,23.976
other_europe_eurasia,2004,23.428
other_europe_eurasia,2005,22.016
other_europe_eurasia,2006,21.694
other_europe_eurasia,2007,21.631
other_europe_eurasia,2008,20.603
other_europe_eurasia,2009,19.874
other_europe_eurasia,2010,19.168
other_europe_eurasia,2011,19.246
other_europe_eurasia,2012,19.194
other_europe_eurasia,2013,19.599
other_europe_eurasia,2014,19.136
other_middle_east,1965,3.0462
other_middle_east,1966,3.2835
other_middle_east,1967,3.6424
other_middle_east,1968,3.9020
other_middle_east,1969,3.8896
other_middle_east,1970,3.9185
other_middle_east,1971,3.8018
other_middle_east,1972,3.5470
other_middle_east,1973,3.4287
other_middle_east,1974,3.3798
other_middle_east,1975,3.0767
other_middle_east,1976,2.9370
other_middle_east,1977,2.9191
other_middle_east,1978,2.7665
other_middle_east,1979,2.5640
other_middle_east,1980,2.6560
other_middle_east,1981,2.5755
other_middle_east,1982,2.4718
other_middle_east,1983,2.3731
other_middle_east,1984,2.3766
other_middle_east,1985,2.3721
other_middle_east,1986,2.3891
other_middle_east,1987,2.4326
other_middle_east,1988,2.4882
other_middle_east,1989,2.4745
other_middle_east,1990,2.4266
other_middle_east,1991,2.4785
other_middle_east,1992,2.4974
other_middle_east,1993,2.4572
other_middle_east,1994,2.4033
other_middle_east,1995,2.4063
other_middle_east,1996,2.3283
other_middle_east,1997,2.3230
other_middle_east,1998,2.2731
other_middle_east,1999,2.2222
other_middle_east,2000,2.2789
other_middle_east,2001,2.2229
other_middle_east,2002,2.2727
other_middle_east,2003,2.2622
other_middle_east,2004,2.2781
other_middle_east,2005,9.0794
other_middle_east,2006,8.9444
other_middle_east,2007,9.5370
other_middle_east,2008,9.4893
other_middle_east,2009,9.4438
other_middle_east,2010,9.4436
other_middle_east,2011,9.8787
other_middle_east,2012,9.0279
other_middle_east,2013,10.215
other_middle_east,2014,10.465
other_s_cent_america,1965,2.2060
other_s_cent_america,1966,2.5259
other_s_cent_america,1967,3.5908
other_s_cent_america,1968,3.9009
other_s_cent_america,1969,3.8574
other_s_cent_america,1970,2.9555
other_s_cent_america,1971,3.6483
other_s_cent_america,1972,3.9909
other_s_cent_america,1973,3.9950
other_s_cent_america,1974,3.8057
other_s_cent_america,1975,3.4588
other_s_cent_america,1976,3.4632
other_s_cent_america,1977,3.0108
other_s_cent_america,1978,2.9164
other_s_cent_america,1979,2.9547
other_s_cent_america,1980,3.6354
other_s_cent_america,1981,3.9473
other_s_cent_america,1982,4.5618
other_s_cent_america,1983,4.5443
other_s_cent_america,1984,4.4002
other_s_cent_america,1985,4.2493
other_s_cent_america,1986,4.1718
other_s_cent_america,1987,3.9944
other_s_cent_america,1988,3.5790
other_s_cent_america,1989,3.5290
other_s_cent_america,1990,3.5771
other_s_cent_america,1991,3.5761
other_s_cent_america,1992,3.5612
other_s_cent_america,1993,3.9176
other_s_cent_america,1994,4.2672
other_s_cent_america,1995,4.6309
other_s_cent_america,1996,4.9622
other_s_cent_america,1997,5.2818
other_s_cent_america,1998,6.1656
other_s_cent_america,1999,6.1898
other_s_cent_america,2000,6.5429
other_s_cent_america,2001,6.8756
other_s_cent_america,2002,7.7200
other_s_cent_america,2003,7.7589
other_s_cent_america,2004,7.3647
other_s_cent_america,2005,7.3955
other_s_cent_america,2006,7.1221
other_s_cent_america,2007,7.0855
other_s_cent_america,2008,7.0636
other_s_cent_america,2009,6.5675
other_s_cent_america,2010,6.8532
other_s_cent_america,2011,6.9675
other_s_cent_america,2012,7.2579
other_s_cent_america,2013,7.4358
other_s_cent_america,2014,7.4676
peru,1965,3.3942
peru,1966,3.3942
peru,1967,3.8119
peru,1968,3.9794
peru,1969,3.8641
peru,1970,3.8641
peru,1971,3.3054
peru,1972,3.4716
peru,1973,3.7754
peru,1974,4.0887
peru,1975,3.7962
peru,1976,4.0160
peru,1977,4.7883
peru,1978,7.9213
peru,1979,10.062
peru,1980,10.247
peru,1981,10.114
peru,1982,10.219
peru,1983,8.9292
peru,1984,9.6709
peru,1985,9.8534
peru,1986,9.3312
peru,1987,8.6002
peru,1988,7.4194
peru,1989,6.8248
peru,1990,6.7726
peru,1991,6.0415
peru,1992,6.1104
peru,1993,6.6159
peru,1994,6.6681
peru,1995,6.4070
peru,1996,6.3199
peru,1997,6.2296
peru,1998,6.0050
peru,1999,5.5143
peru,2000,5.0314
peru,2001,4.9112
peru,2002,4.9101
peru,2003,4.5968
peru,2004,4.3621
peru,2005,4.4619
peru,2006,4.6478
peru,2007,4.6217
peru,2008,4.7073
peru,2009,4.8383
peru,2010,5.0600
peru,2011,4.9081
peru,2012,4.7753
peru,2013,4.5719
peru,2014,4.9067
qatar,1965,11.605
qatar,1966,14.494
qatar,1967,16.138
qatar,1968,16.981
qatar,1969,17.732
qatar,1970,18.080
qatar,1971,21.418
qatar,1972,24.073
qatar,1973,28.391
qatar,1974,25.801
qatar,1975,21.766
qatar,1976,24.323
qatar,1977,21.667
qatar,1978,24.107
qatar,1979,25.203
qatar,1980,23.673
qatar,1981,20.696
qatar,1982,16.876
qatar,1983,15.349
qatar,1984,17.147
qatar,1985,15.318
qatar,1986,17.272
qatar,1987,15.271
qatar,1988,17.647
qatar,1989,19.690
qatar,1990,21.122
qatar,1991,20.403
qatar,1992,23.601
qatar,1993,21.813
qatar,1994,21.348
qatar,1995,21.831
qatar,1996,27.104
qatar,1997,33.273
qatar,1998,33.552
qatar,1999,34.278
qatar,2000,40.230
qatar,2001,40.046
qatar,2002,37.377
qatar,2003,43.841
qatar,2004,49.991
qatar,2005,52.602
qatar,2006,56.764
qatar,2007,57.918
qatar,2008,65.030
qatar,2009,62.389
qatar,2010,71.679
qatar,2011,78.491
qatar,2012,83.402
qatar,2013,84.296
qatar,2014,83.519
rep_of_congo_brazzaville,1965,0.071000
rep_of_congo_brazzaville,1966,0.062000
rep_of_congo_brazzaville,1967,0.050000
rep_of_congo_brazzaville,1968,0.043000
rep_of_congo_brazzaville,1969,0.024000
rep_of_congo_brazzaville,1970,0.019000
rep_of_congo_brazzaville,1971,0.014000
rep_of_congo_brazzaville,1972,0.33600
rep_of_congo_brazzaville,1973,2.0910
rep_of_congo_brazzaville,1974,2.4550
rep_of_congo_brazzaville,1975,1.7890
rep_of_congo_brazzaville,1976,2.1000
rep_of_congo_brazzaville,1977,1.6390
rep_of_congo_brazzaville,1978,2.4300
rep_of_congo_brazzaville,1979,2.7620
rep_of_congo_brazzaville,1980,3.1680
rep_of_congo_brazzaville,1981,4.1010
rep_of_congo_brazzaville,1982,4.5530
rep_of_congo_brazzaville,1983,5.3650
rep_of_congo_brazzaville,1984,6.0250
rep_of_congo_brazzaville,1985,5.9370
rep_of_congo_brazzaville,1986,5.9510
rep_of_congo_brazzaville,1987,6.3170
rep_of_congo_brazzaville,1988,7.0380
rep_of_congo_brazzaville,1989,7.9620
rep_of_congo_brazzaville,1990,8.0290
rep_of_congo_brazzaville,1991,8.0540
rep_of_congo_brazzaville,1992,8.6380
rep_of_congo_brazzaville,1993,9.5380
rep_of_congo_brazzaville,1994,9.5620
rep_of_congo_brazzaville,1995,9.2670
rep_of_congo_brazzaville,1996,10.359
rep_of_congo_brazzaville,1997,11.586
rep_of_congo_brazzaville,1998,13.599
rep_of_congo_brazzaville,1999,13.727
rep_of_congo_brazzaville,2000,13.243
rep_of_congo_brazzaville,2001,12.144
rep_of_congo_brazzaville,2002,11.725
rep_of_congo_brazzaville,2003,10.717
rep_of_congo_brazzaville,2004,11.235
rep_of_congo_brazzaville,2005,12.325
rep_of_congo_brazzaville,2006,13.957
rep_of_congo_brazzaville,2007,11.390
rep_of_congo_brazzaville,2008,12.135
rep_of_congo_brazzaville,2009,13.872
rep_of_congo_brazzaville,2010,15.136
rep_of_congo_brazzaville,2011,15.584
rep_of_congo_brazzaville,2012,14.950
rep_of_congo_brazzaville,2013,14.474
rep_of_congo_brazzaville,2014,14.512
romania,1965,12.821
romania,1966,13.075
romania,1967,13.456
romania,1968,13.535
romania,1969,13.546
romania,1970,13.677
romania,1971,14.093
romania,1972,14.428
romania,1973,14.637
romania,1974,14.836
romania,1975,14.980
romania,1976,15.090
romania,1977,15.040
romania,1978,14.114
romania,1979,12.713
romania,1980,12.001
romania,1981,12.134
romania,1982,12.232
romania,1983,12.083
romania,1984,11.943
romania,1985,11.248
romania,1986,10.655
romania,1987,10.034
romania,1988,9.8390
romania,1989,9.6230
romania,1990,8.1360
romania,1991,7.0080
romania,1992,6.8270
romania,1993,6.9290
romania,1994,6.9740
romania,1995,6.9510
romania,1996,6.8520
romania,1997,6.7500
romania,1998,6.5530
romania,1999,6.3790
romania,2000,6.2870
romania,2001,6.2380
romania,2002,6.0720
romania,2003,5.8900
romania,2004,5.7050
romania,2005,5.4370
romania,2006,4.9960
romania,2007,4.7450
romania,2008,4.7190
romania,2009,4.4980
romania,2010,4.2870
romania,2011,4.2220
romania,2012,3.9820
romania,2013,4.1310
romania,2014,4.0430
russian_federation,1985,542.31
russian_federation,1986,561.18
russian_federation,1987,569.48
russian_federation,1988,568.78
russian_federation,1989,552.23
russian_federation,1990,515.89
russian_federation,1991,461.94
russian_federation,1992,398.81
russian_federation,1993,354.88
russian_federation,1994,317.58
russian_federation,1995,310.75
russian_federation,1996,302.87
russian_federation,1997,307.42
russian_federation,1998,304.34
russian_federation,1999,304.77
russian_federation,2000,326.65
russian_federation,2001,351.68
russian_federation,2002,383.70
russian_federation,2003,425.71
russian_federation,2004,463.29
russian_federation,2005,474.82
russian_federation,2006,485.63
russian_federation,2007,496.78
russian_federation,2008,493.68
russian_federation,2009,500.82
russian_federation,2010,511.78
russian_federation,2011,518.78
russian_federation,2012,526.06
russian_federation,2013,531.02
russian_federation,2014,534.07
saudi_arabia,1965,111.01
saudi_arabia,1966,130.83
saudi_arabia,1967,141.29
saudi_arabia,1968,154.23
saudi_arabia,1969,162.74
saudi_arabia,1970,192.17
saudi_arabia,1971,240.80
saudi_arabia,1972,304.22
saudi_arabia,1973,384.00
saudi_arabia,1974,429.66
saudi_arabia,1975,359.32
saudi_arabia,1976,437.25
saudi_arabia,1977,468.40
saudi_arabia,1978,424.44
saudi_arabia,1979,487.98
saudi_arabia,1980,509.83
saudi_arabia,1981,506.35
saudi_arabia,1982,340.18
saudi_arabia,1983,240.26
saudi_arabia,1984,219.03
saudi_arabia,1985,172.07
saudi_arabia,1986,252.59
saudi_arabia,1987,221.07
saudi_arabia,1988,276.52
saudi_arabia,1989,271.15
saudi_arabia,1990,342.62
saudi_arabia,1991,428.36
saudi_arabia,1992,442.39
saudi_arabia,1993,432.79
saudi_arabia,1994,437.25
saudi_arabia,1995,437.21
saudi_arabia,1996,445.36
saudi_arabia,1997,453.20
saudi_arabia,1998,454.41
saudi_arabia,1999,422.38
saudi_arabia,2000,456.04
saudi_arabia,2001,440.39
saudi_arabia,2002,425.19
saudi_arabia,2003,486.21
saudi_arabia,2004,500.43
saudi_arabia,2005,521.28
saudi_arabia,2006,508.95
saudi_arabia,2007,488.89
saudi_arabia,2008,509.87
saudi_arabia,2009,456.72
saudi_arabia,2010,473.82
saudi_arabia,2011,525.95
saudi_arabia,2012,549.83
saudi_arabia,2013,538.43
saudi_arabia,2014,543.44
south_sudan,1965,0.0000
south_sudan,1966,0.0000
south_sudan,1967,0.0000
south_sudan,1968,0.0000
south_sudan,1969,0.0000
south_sudan,1970,0.0000
south_sudan,1971,0.0000
south_sudan,1972,0.0000
south_sudan,1973,0.0000
south_sudan,1974,0.0000
south_sudan,1975,0.0000
south_sudan,1976,0.0000
south_sudan,1977,0.0000
south_sudan,1978,0.0000
south_sudan,1979,0.0000
south_sudan,1980,0.0000
south_sudan,1981,0.0000
south_sudan,1982,0.0000
south_sudan,1983,0.0000
south_sudan,1984,0.0000
south_sudan,1985,0.0000
south_sudan,1986,0.0000
south_sudan,1987,0.0000
south_sudan,1988,0.0000
south_sudan,1989,0.0000
south_sudan,1990,0.0000
south_sudan,1991,0.0000
south_sudan,1992,0.0000
south_sudan,1993,0.0000
south_sudan,1994,0.0000
south_sudan,1995,0.0000
south_sudan,1996,0.0000
south_sudan,1997,0.0000
south_sudan,1998,0.0000
south_sudan,1999,0.0000
south_sudan,2000,0.0000
south_sudan,2001,0.0000
south_sudan,2002,0.0000
south_sudan,2003,0.0000
south_sudan,2004,0.0000
south_sudan,2005,0.0000
south_sudan,2006,0.0000
south_sudan,2007,0.0000
south_sudan,2008,0.0000
south_sudan,2009,0.0000
south_sudan,2010,0.0000
south_sudan,2011,0.0000
south_sudan,2012,1.5312
south_sudan,2013,4.8765
south_sudan,2014,7.8320
sudan,1965,0.0000
sudan,1966,0.0000
sudan,1967,0.0000
sudan,1968,0.0000
sudan,1969,0.0000
sudan,1970,0.0000
sudan,1971,0.0000
sudan,1972,0.0000
sudan,1973,0.0000
sudan,1974,0.0000
sudan,1975,0.0000
sudan,1976,0.0000
sudan,1977,0.0000
sudan,1978,0.0000
sudan,1979,0.0000
sudan,1980,0.0000
sudan,1981,0.0000
sudan,1982,0.0000
sudan,1983,0.0000
sudan,1984,0.0000
sudan,1985,0.0000
sudan,1986,0.0000
sudan,1987,0.0000
sudan,1988,0.0000
sudan,1989,0.0000
sudan,1990,0.0000
sudan,1991,0.0000
sudan,1992,0.0000
sudan,1993,0.098516
sudan,1994,0.098516
sudan,1995,0.098516
sudan,1996,0.24696
sudan,1997,0.44332
sudan,1998,0.59109
sudan,1999,3.1032
sudan,2000,8.8478
sudan,2001,10.295
sudan,2002,11.634
sudan,2003,12.912
sudan,2004,14.380
sudan,2005,14.466
sudan,2006,17.544
sudan,2007,23.797
sudan,2008,22.570
sudan,2009,23.408
sudan,2010,22.761
sudan,2011,14.334
sudan,2012,5.0928
sudan,2013,5.6646
sudan,2014,5.3691
syria,1965,0.0000
syria,1966,0.0000
syria,1967,0.0000
syria,1968,1.0486
syria,1969,2.6392
syria,1970,4.2326
syria,1971,5.2783
syria,1972,5.8420
syria,1973,5.5273
syria,1974,6.4236
syria,1975,9.5607
syria,1976,10.036
syria,1977,9.1126
syria,1978,8.9134
syria,1979,8.3158
syria,1980,7.8892
syria,1981,8.1664
syria,1982,7.7183
syria,1983,8.0171
syria,1984,8.0889
syria,1985,7.9325
syria,1986,9.9791
syria,1987,11.483
syria,1988,13.372
syria,1989,16.936
syria,1990,20.225
syria,1991,23.470
syria,1992,25.635
syria,1993,28.128
syria,1994,27.986
syria,1995,29.612
syria,1996,29.193
syria,1997,28.667
syria,1998,28.618
syria,1999,28.752
syria,2000,28.611
syria,2001,30.504
syria,2002,33.695
syria,2003,32.445
syria,2004,24.316
syria,2005,22.302
syria,2006,20.977
syria,2007,20.122
syria,2008,20.293
syria,2009,19.968
syria,2010,19.171
syria,2011,17.578
syria,2012,8.5229
syria,2013,2.9569
syria,2014,1.6441
thailand,1965,0.0000
thailand,1966,0.0000
thailand,1967,0.0000
thailand,1968,0.0000
thailand,1969,0.0000
thailand,1970,0.0000
thailand,1971,0.0000
thailand,1972,0.0000
thailand,1973,0.0000
thailand,1974,0.0000
thailand,1975,0.0000
thailand,1976,0.0000
thailand,1977,0.0000
thailand,1978,0.0000
thailand,1979,0.0000
thailand,1980,0.0000
thailand,1981,0.066961
thailand,1982,0.24135
thailand,1983,0.58499
thailand,1984,1.0620
thailand,1985,2.0101
thailand,1986,2.0442
thailand,1987,1.8932
thailand,1988,2.1648
thailand,1989,2.1067
thailand,1990,2.5338
thailand,1991,2.9613
thailand,1992,3.5732
thailand,1993,3.7115
thailand,1994,3.7387
thailand,1995,3.5545
thailand,1996,4.0878
thailand,1997,4.8469
thailand,1998,4.9967
thailand,1999,5.4460
thailand,2000,7.0088
thailand,2001,7.3479
thailand,2002,8.0719
thailand,2003,9.5437
thailand,2004,9.3333
thailand,2005,11.391
thailand,2006,12.512
thailand,2007,13.176
thailand,2008,14.032
thailand,2009,14.560
thailand,2010,14.847
thailand,2011,15.196
thailand,2012,16.361
thailand,2013,16.631
thailand,2014,16.295
total_africa,1965,106.53
total_africa,1966,135.40
total_africa,1967,149.10
total_africa,1968,191.02
total_africa,1969,242.66
total_africa,1970,292.25
total_africa,1971,273.81
total_africa,1972,275.13
total_africa,1973,287.06
total_africa,1974,264.88
total_africa,1975,242.47
total_africa,1976,288.96
total_africa,1977,303.41
total_africa,1978,298.01
total_africa,1979,326.42
total_africa,1980,300.56
total_africa,1981,239.37
total_africa,1982,230.54
total_africa,1983,233.30
total_africa,1984,248.82
total_africa,1985,260.92
total_africa,1986,260.58
total_africa,1987,260.19
total_africa,1988,274.86
total_africa,1989,296.67
total_africa,1990,320.85
total_africa,1991,328.33
total_africa,1992,335.27
total_africa,1993,331.96
total_africa,1994,333.88
total_africa,1995,339.30
total_africa,1996,355.90
total_africa,1997,370.33
total_africa,1998,363.86
total_africa,1999,360.00
total_africa,2000,370.40
total_africa,2001,372.60
total_africa,2002,376.57
total_africa,2003,399.20
total_africa,2004,444.60
total_africa,2005,470.56
total_africa,2006,472.24
total_africa,2007,482.97
total_africa,2008,484.85
total_africa,2009,466.79
total_africa,2010,479.60
total_africa,2011,405.34
total_africa,2012,441.71
total_africa,2013,412.77
total_africa,2014,392.20
total_asia_pacific,1965,44.905
total_asia_pacific,1966,50.012
total_asia_pacific,1967,53.026
total_asia_pacific,1968,62.050
total_asia_pacific,1969,71.425
total_asia_pacific,1970,98.767
total_asia_pacific,1971,118.60
total_asia_pacific,1972,139.68
total_asia_pacific,1973,166.77
total_asia_pacific,1974,177.80
total_asia_pacific,1975,189.01
total_asia_pacific,1976,215.65
total_asia_pacific,1977,235.46
total_asia_pacific,1978,246.08
total_asia_pacific,1979,252.42
total_asia_pacific,1980,244.84
total_asia_pacific,1981,241.99
total_asia_pacific,1982,237.01
total_asia_pacific,1983,254.44
total_asia_pacific,1984,279.99
total_asia_pacific,1985,289.37
total_asia_pacific,1986,300.00
total_asia_pacific,1987,302.70
total_asia_pacific,1988,305.94
total_asia_pacific,1989,314.83
total_asia_pacific,1990,325.98
total_asia_pacific,1991,335.28
total_asia_pacific,1992,334.84
total_asia_pacific,1993,336.98
total_asia_pacific,1994,346.34
total_asia_pacific,1995,352.37
total_asia_pacific,1996,364.29
total_asia_pacific,1997,368.23
total_asia_pacific,1998,366.33
total_asia_pacific,1999,362.59
total_asia_pacific,2000,381.55
total_asia_pacific,2001,377.36
total_asia_pacific,2002,378.29
total_asia_pacific,2003,374.19
total_asia_pacific,2004,378.90
total_asia_pacific,2005,383.00
total_asia_pacific,2006,381.14
total_asia_pacific,2007,382.01
total_asia_pacific,2008,388.65
total_asia_pacific,2009,384.54
total_asia_pacific,2010,402.72
total_asia_pacific,2011,395.27
total_asia_pacific,2012,400.37
total_asia_pacific,2013,394.87
total_asia_pacific,2014,396.73
total_europe_eurasia,1965,281.89
total_europe_eurasia,1966,304.73
total_europe_eurasia,1967,329.02
total_europe_eurasia,1968,350.72
total_europe_eurasia,1969,370.34
total_europe_eurasia,1970,395.03
total_europe_eurasia,1971,418.62
total_europe_eurasia,1972,443.55
total_europe_eurasia,1973,472.40
total_europe_eurasia,1974,502.53
total_europe_eurasia,1975,543.13
total_europe_eurasia,1976,586.59
total_europe_eurasia,1977,638.59
total_europe_eurasia,1978,683.04
total_europe_eurasia,1979,722.89
total_europe_eurasia,1980,746.56
total_europe_eurasia,1981,759.95
total_europe_eurasia,1982,780.72
total_europe_eurasia,1983,805.06
total_europe_eurasia,1984,817.36
total_europe_eurasia,1985,807.19
total_europe_eurasia,1986,830.34
total_europe_eurasia,1987,844.28
total_europe_eurasia,1988,841.18
total_europe_eurasia,1989,819.03
total_europe_eurasia,1990,788.30
total_europe_eurasia,1991,744.96
total_europe_eurasia,1992,695.74
total_europe_eurasia,1993,659.56
total_europe_eurasia,1994,662.50
total_europe_eurasia,1995,669.36
total_europe_eurasia,1996,680.04
total_europe_eurasia,1997,688.57
total_europe_eurasia,1998,686.48
total_europe_eurasia,1999,699.65
total_europe_eurasia,2000,728.61
total_europe_eurasia,2001,750.66
total_europe_eurasia,2002,789.65
total_europe_eurasia,2003,822.97
total_europe_eurasia,2004,853.71
total_europe_eurasia,2005,849.00
total_europe_eurasia,2006,852.43
total_europe_eurasia,2007,863.81
total_europe_eurasia,2008,855.02
total_europe_eurasia,2009,861.30
total_europe_eurasia,2010,859.02
total_europe_eurasia,2011,844.20
total_europe_eurasia,2012,833.19
total_europe_eurasia,2013,832.63
total_europe_eurasia,2014,834.33
total_middle_east,1965,418.67
total_middle_east,1966,467.06
total_middle_east,1967,499.78
total_middle_east,1968,562.46
total_middle_east,1969,617.30
total_middle_east,1970,692.43
total_middle_east,1971,814.10
total_middle_east,1972,908.28
total_middle_east,1973,1055.0
total_middle_east,1974,1089.0
total_middle_east,1975,980.26
total_middle_east,1976,1113.2
total_middle_east,1977,1118.1
total_middle_east,1978,1064.5
total_middle_east,1979,1089.1
total_middle_east,1980,934.53
total_middle_east,1981,797.45
total_middle_east,1982,660.30
total_middle_east,1983,578.36
total_middle_east,1984,551.12
total_middle_east,1985,516.49
total_middle_east,1986,639.26
total_middle_east,1987,641.19
total_middle_east,1988,741.95
total_middle_east,1989,797.04
total_middle_east,1990,851.83
total_middle_east,1991,841.49
total_middle_east,1992,914.10
total_middle_east,1993,951.66
total_middle_east,1994,975.22
total_middle_east,1995,979.23
total_middle_east,1996,1003.4
total_middle_east,1997,1051.4
total_middle_east,1998,1111.8
total_middle_east,1999,1081.0
total_middle_east,2000,1151.1
total_middle_east,2001,1121.8
total_middle_east,2002,1057.5
total_middle_east,2003,1133.0
total_middle_east,2004,1199.4
total_middle_east,2005,1226.0
total_middle_east,2006,1235.6
total_middle_east,2007,1213.0
total_middle_east,2008,1268.3
total_middle_east,2009,1176.0
total_middle_east,2010,1218.1
total_middle_east,2011,1324.6
total_middle_east,2012,1343.2
total_middle_east,2013,1325.2
total_middle_east,2014,1339.5
total_north_america,1965,489.62
total_north_america,1966,521.24
total_north_america,1967,557.39
total_north_america,1968,581.90
total_north_america,1969,596.53
total_north_america,1970,627.74
total_north_america,1971,625.16
total_north_america,1972,639.70
total_north_america,1973,640.83
total_north_america,1974,618.21
total_north_america,1975,591.50
total_north_america,1976,578.06
total_north_america,1977,592.74
total_north_america,1978,626.09
total_north_america,1979,643.93
total_north_america,1980,670.65
total_north_america,1981,682.15
total_north_america,1982,706.30
total_north_america,1983,708.65
total_north_america,1984,728.26
total_north_america,1985,730.24
total_north_america,1986,704.95
total_north_america,1987,700.59
total_north_america,1988,696.85
total_north_america,1989,664.72
total_north_america,1990,654.54
total_north_america,1991,668.93
total_north_america,1992,663.22
total_north_america,1993,652.56
total_north_america,1994,648.36
total_north_america,1995,645.67
total_north_america,1996,659.87
total_north_america,1997,670.27
total_north_america,1998,666.69
total_north_america,1999,639.11
total_north_america,2000,642.49
total_north_america,2001,646.12
total_north_america,2002,652.36
total_north_america,2003,660.96
total_north_america,2004,660.17
total_north_america,2005,637.62
total_north_america,2006,637.75
total_north_america,2007,632.67
total_north_america,2008,612.03
total_north_america,2009,621.74
total_north_america,2010,639.02
total_north_america,2011,659.67
total_north_america,2012,721.18
total_north_america,2013,784.72
total_north_america,2014,866.84
total_s_cent_america,1965,226.27
total_s_cent_america,1966,223.88
total_s_cent_america,1967,238.28
total_s_cent_america,1968,244.65
total_s_cent_america,1969,245.14
total_s_cent_america,1970,251.77
total_s_cent_america,1971,245.88
total_s_cent_america,1972,234.28
total_s_cent_america,1973,249.33
total_s_cent_america,1974,227.03
total_s_cent_america,1975,191.76
total_s_cent_america,1976,190.36
total_s_cent_america,1977,188.74
total_s_cent_america,1978,189.09
total_s_cent_america,1979,202.48
total_s_cent_america,1980,194.73
total_s_cent_america,1981,192.93
total_s_cent_america,1982,184.79
total_s_cent_america,1983,183.19
total_s_cent_america,1984,193.14
total_s_cent_america,1985,192.57
total_s_cent_america,1986,206.50
total_s_cent_america,1987,203.56
total_s_cent_america,1988,213.94
total_s_cent_america,1989,216.34
total_s_cent_america,1990,233.95
total_s_cent_america,1991,246.65
total_s_cent_america,1992,252.15
total_s_cent_america,1993,261.73
total_s_cent_america,1994,277.65
total_s_cent_america,1995,300.14
total_s_cent_america,1996,320.69
total_s_cent_america,1997,337.13
total_s_cent_america,1998,355.65
total_s_cent_america,1999,344.55
total_s_cent_america,2000,343.79
total_s_cent_america,2001,349.03
total_s_cent_america,2002,346.50
total_s_cent_america,2003,343.54
total_s_cent_america,2004,367.96
total_s_cent_america,2005,375.34
total_s_cent_america,2006,381.98
total_s_cent_america,2007,374.05
total_s_cent_america,2008,379.75
total_s_cent_america,2009,375.44
total_s_cent_america,2010,376.87
total_s_cent_america,2011,379.00
total_s_cent_america,2012,376.71
total_s_cent_america,2013,376.45
total_s_cent_america,2014,390.98
total_world,1965,1567.9
total_world,1966,1702.3
total_world,1967,1826.6
total_world,1968,1992.8
total_world,1969,2143.4
total_world,1970,2358.0
total_world,1971,2496.2
total_world,1972,2640.6
total_world,1973,2871.3
total_world,1974,2879.4
total_world,1975,2738.1
total_world,1976,2972.9
total_world,1977,3077.0
total_world,1978,3106.8
total_world,1979,3237.2
total_world,1980,3091.9
total_world,1981,2913.8
total_world,1982,2799.7
total_world,1983,2763.0
total_world,1984,2818.7
total_world,1985,2796.8
total_world,1986,2941.6
total_world,1987,2952.5
total_world,1988,3074.7
total_world,1989,3108.6
total_world,1990,3175.4
total_world,1991,3165.6
total_world,1992,3195.3
total_world,1993,3194.5
total_world,1994,3244.0
total_world,1995,3286.1
total_world,1996,3384.2
total_world,1997,3485.9
total_world,1998,3550.8
total_world,1999,3486.9
total_world,2000,3617.9
total_world,2001,3617.5
total_world,2002,3600.8
total_world,2003,3733.8
total_world,2004,3904.7
total_world,2005,3941.5
total_world,2006,3961.2
total_world,2007,3948.6
total_world,2008,3988.6
total_world,2009,3885.8
total_world,2010,3975.4
total_world,2011,4008.1
total_world,2012,4116.4
total_world,2013,4126.6
total_world,2014,4220.6
trinidad_tobago,1965,6.6715
trinidad_tobago,1966,7.5629
trinidad_tobago,1967,8.8506
trinidad_tobago,1968,9.4852
trinidad_tobago,1969,7.7754
trinidad_tobago,1970,6.9335
trinidad_tobago,1971,6.3887
trinidad_tobago,1972,7.0022
trinidad_tobago,1973,8.2212
trinidad_tobago,1974,9.2612
trinidad_tobago,1975,10.697
trinidad_tobago,1976,10.528
trinidad_tobago,1977,11.341
trinidad_tobago,1978,11.391
trinidad_tobago,1979,10.598
trinidad_tobago,1980,10.528
trinidad_tobago,1981,9.3602
trinidad_tobago,1982,8.7659
trinidad_tobago,1983,7.9240
trinidad_tobago,1984,8.4423
trinidad_tobago,1985,8.6357
trinidad_tobago,1986,8.2980
trinidad_tobago,1987,7.6136
trinidad_tobago,1988,7.4448
trinidad_tobago,1989,7.3434
trinidad_tobago,1990,7.3749
trinidad_tobago,1991,7.2443
trinidad_tobago,1992,6.9490
trinidad_tobago,1993,6.4527
trinidad_tobago,1994,6.7635
trinidad_tobago,1995,6.7358
trinidad_tobago,1996,6.6756
trinidad_tobago,1997,6.4375
trinidad_tobago,1998,6.3969
trinidad_tobago,1999,6.6445
trinidad_tobago,2000,6.9023
trinidad_tobago,2001,6.8857
trinidad_tobago,2002,7.9602
trinidad_tobago,2003,8.6778
trinidad_tobago,2004,8.1877
trinidad_tobago,2005,8.9551
trinidad_tobago,2006,9.5663
trinidad_tobago,2007,8.2444
trinidad_tobago,2008,8.6590
trinidad_tobago,2009,7.5929
trinidad_tobago,2010,7.3504
trinidad_tobago,2011,6.9287
trinidad_tobago,2012,5.9585
trinidad_tobago,2013,5.7449
trinidad_tobago,2014,5.5468
tunisia,1965,0.0000
tunisia,1966,0.77100
tunisia,1967,2.2410
tunisia,1968,3.1910
tunisia,1969,3.7070
tunisia,1970,4.1510
tunisia,1971,4.1090
tunisia,1972,3.9770
tunisia,1973,3.8780
tunisia,1974,4.1390
tunisia,1975,4.6090
tunisia,1976,3.7100
tunisia,1977,4.3040
tunisia,1978,4.9440
tunisia,1979,5.5360
tunisia,1980,5.6270
tunisia,1981,5.4070
tunisia,1982,5.1460
tunisia,1983,5.5320
tunisia,1984,5.4800
tunisia,1985,5.4080
tunisia,1986,5.2500
tunisia,1987,5.0070
tunisia,1988,4.9360
tunisia,1989,4.9600
tunisia,1990,4.5370
tunisia,1991,5.2260
tunisia,1992,5.2210
tunisia,1993,4.6740
tunisia,1994,4.3960
tunisia,1995,4.2460
tunisia,1996,4.2140
tunisia,1997,3.8220
tunisia,1998,4.0110
tunisia,1999,3.9720
tunisia,2000,3.6900
tunisia,2001,3.3590
tunisia,2002,3.5180
tunisia,2003,3.1990
tunisia,2004,3.3760
tunisia,2005,3.4390
tunisia,2006,3.3060
tunisia,2007,4.6080
tunisia,2008,4.2098
tunisia,2009,3.9504
tunisia,2010,3.7696
tunisia,2011,3.2451
tunisia,2012,3.1911
tunisia,2013,2.8753
tunisia,2014,2.4928
turkmenistan,1985,6.7800
turkmenistan,1986,6.5600
turkmenistan,1987,6.4700
turkmenistan,1988,5.7200
turkmenistan,1989,5.7500
turkmenistan,1990,5.7000
turkmenistan,1991,5.4000
turkmenistan,1992,5.2000
turkmenistan,1993,4.3820
turkmenistan,1994,4.1920
turkmenistan,1995,4.0700
turkmenistan,1996,4.3550
turkmenistan,1997,5.3680
turkmenistan,1998,6.3690
turkmenistan,1999,7.0630
turkmenistan,2000,7.1600
turkmenistan,2001,8.0190
turkmenistan,2002,9.0100
turkmenistan,2003,10.004
turkmenistan,2004,9.5990
turkmenistan,2005,9.5000
turkmenistan,2006,9.2000
turkmenistan,2007,9.8000
turkmenistan,2008,10.300
turkmenistan,2009,10.400
turkmenistan,2010,10.700
turkmenistan,2011,10.700
turkmenistan,2012,11.000
turkmenistan,2013,11.384
turkmenistan,2014,11.822
united_arab_emirates,1965,13.657
united_arab_emirates,1966,17.434
united_arab_emirates,1967,18.499
united_arab_emirates,1968,24.183
united_arab_emirates,1969,29.008
united_arab_emirates,1970,36.902
united_arab_emirates,1971,53.561
united_arab_emirates,1972,63.129
united_arab_emirates,1973,70.511
united_arab_emirates,1974,78.986
united_arab_emirates,1975,82.133
united_arab_emirates,1976,94.062
united_arab_emirates,1977,96.759
united_arab_emirates,1978,88.574
united_arab_emirates,1979,88.671
united_arab_emirates,1980,84.297
united_arab_emirates,1981,74.072
united_arab_emirates,1982,65.082
united_arab_emirates,1983,60.843
united_arab_emirates,1984,59.937
united_arab_emirates,1985,58.326
united_arab_emirates,1986,73.408
united_arab_emirates,1987,74.577
united_arab_emirates,1988,75.714
united_arab_emirates,1989,95.005
united_arab_emirates,1990,107.60
united_arab_emirates,1991,124.51
united_arab_emirates,1992,118.42
united_arab_emirates,1993,114.59
united_arab_emirates,1994,116.25
united_arab_emirates,1995,112.33
united_arab_emirates,1996,117.78
united_arab_emirates,1997,122.07
united_arab_emirates,1998,125.25
united_arab_emirates,1999,120.22
united_arab_emirates,2000,124.49
united_arab_emirates,2001,119.41
united_arab_emirates,2002,112.52
united_arab_emirates,2003,126.18
united_arab_emirates,2004,131.99
united_arab_emirates,2005,135.79
united_arab_emirates,2006,144.32
united_arab_emirates,2007,139.55
united_arab_emirates,2008,141.37
united_arab_emirates,2009,126.19
united_arab_emirates,2010,133.34
united_arab_emirates,2011,151.39
united_arab_emirates,2012,154.86
united_arab_emirates,2013,165.70
united_arab_emirates,2014,167.26
united_kingdom,1965,0.084000
united_kingdom,1966,0.078000
united_kingdom,1967,0.089000
united_kingdom,1968,0.084000
united_kingdom,1969,0.085000
united_kingdom,1970,0.15600
united_kingdom,1971,0.21200
united_kingdom,1972,0.33300
united_kingdom,1973,0.37200
united_kingdom,1974,0.41000
united_kingdom,1975,1.5680
united_kingdom,1976,12.169
united_kingdom,1977,38.265
united_kingdom,1978,54.006
united_kingdom,1979,77.854
united_kingdom,1980,80.467
united_kingdom,1981,89.480
united_kingdom,1982,103.22
united_kingdom,1983,114.96
united_kingdom,1984,126.06
united_kingdom,1985,127.61
united_kingdom,1986,127.07
united_kingdom,1987,123.35
united_kingdom,1988,114.46
united_kingdom,1989,91.710
united_kingdom,1990,91.604
united_kingdom,1991,91.260
united_kingdom,1992,94.251
united_kingdom,1993,100.19
united_kingdom,1994,126.54
united_kingdom,1995,129.89
united_kingdom,1996,129.74
united_kingdom,1997,127.88
united_kingdom,1998,132.63
united_kingdom,1999,137.42
united_kingdom,2000,126.24
united_kingdom,2001,116.68
united_kingdom,2002,115.94
united_kingdom,2003,106.07
united_kingdom,2004,95.374
united_kingdom,2005,84.721
united_kingdom,2006,76.578
united_kingdom,2007,76.575
united_kingdom,2008,71.665
united_kingdom,2009,68.198
united_kingdom,2010,62.962
united_kingdom,2011,51.972
united_kingdom,2012,44.560
united_kingdom,2013,40.646
united_kingdom,2014,39.698
us,1965,427.69
us,1966,454.54
us,1967,484.22
us,1968,502.88
us,1969,511.35
us,1970,533.49
us,1971,525.89
us,1972,527.89
us,1973,514.65
us,1974,491.41
us,1975,469.77
us,1976,457.98
us,1977,462.80
us,1978,484.21
us,1979,476.99
us,1980,480.19
us,1981,478.80
us,1982,480.72
us,1983,482.96
us,1984,496.14
us,1985,498.71
us,1986,482.33
us,1987,467.26
us,1988,459.06
us,1989,429.03
us,1990,416.62
us,1991,422.90
us,1992,413.03
us,1993,397.01
us,1994,387.50
us,1995,383.55
us,1996,382.06
us,1997,379.95
us,1998,368.13
us,1999,352.63
us,2000,347.57
us,2001,344.53
us,2002,341.95
us,2003,332.55
us,2004,325.37
us,2005,308.85
us,2006,304.62
us,2007,305.15
us,2008,302.25
us,2009,322.27
us,2010,333.13
us,2011,345.35
us,2012,394.73
us,2013,448.49
us,2014,519.94
uzbekistan,1985,2.3100
uzbekistan,1986,2.5300
uzbekistan,1987,2.6700
uzbekistan,1988,2.4400
uzbekistan,1989,2.7000
uzbekistan,1990,2.8000
uzbekistan,1991,2.8000
uzbekistan,1992,3.3000
uzbekistan,1993,4.0010
uzbekistan,1994,5.5170
uzbekistan,1995,7.5870
uzbekistan,1996,7.6230
uzbekistan,1997,7.8910
uzbekistan,1998,8.1760
uzbekistan,1999,8.1000
uzbekistan,2000,7.5000
uzbekistan,2001,7.1760
uzbekistan,2002,7.1980
uzbekistan,2003,7.1340
uzbekistan,2004,6.5780
uzbekistan,2005,5.4490
uzbekistan,2006,5.4120
uzbekistan,2007,4.9280
uzbekistan,2008,4.7810
uzbekistan,2009,4.4550
uzbekistan,2010,3.6493
uzbekistan,2011,3.5850
uzbekistan,2012,3.1650
uzbekistan,2013,3.1611
uzbekistan,2014,3.1048
venezuela,1965,184.11
venezuela,1966,178.79
venezuela,1967,187.93
venezuela,1968,191.76
venezuela,1969,190.81
venezuela,1970,197.24
venezuela,1971,189.88
venezuela,1972,173.81
venezuela,1973,181.43
venezuela,1974,160.65
venezuela,1975,127.10
venezuela,1976,124.81
venezuela,1977,121.49
venezuela,1978,116.98
venezuela,1979,127.37
venezuela,1980,117.35
venezuela,1981,113.62
venezuela,1982,102.60
venezuela,1983,97.269
venezuela,1984,97.604
venezuela,1985,91.504
venezuela,1986,98.945
venezuela,1987,100.25
venezuela,1988,105.20
venezuela,1989,105.66
venezuela,1990,117.80
venezuela,1991,131.33
venezuela,1992,131.59
venezuela,1993,136.14
venezuela,1994,144.48
venezuela,1995,155.33
venezuela,1996,165.18
venezuela,1997,174.37
venezuela,1998,179.58
venezuela,1999,160.87
venezuela,2000,159.82
venezuela,2001,162.93
venezuela,2002,152.81
venezuela,2003,147.50
venezuela,2004,170.14
venezuela,2005,169.70
venezuela,2006,171.04
venezuela,2007,165.49
venezuela,2008,165.63
venezuela,2009,155.69
venezuela,2010,145.69
venezuela,2011,140.51
venezuela,2012,139.26
venezuela,2013,137.88
venezuela,2014,139.45
vietnam,1965,0.0000
vietnam,1966,0.0000
vietnam,1967,0.0000
vietnam,1968,0.0000
vietnam,1969,0.0000
vietnam,1970,0.0000
vietnam,1971,0.0000
vietnam,1972,0.0000
vietnam,1973,0.0000
vietnam,1974,0.0000
vietnam,1975,0.0000
vietnam,1976,0.0000
vietnam,1977,0.0000
vietnam,1978,0.0000
vietnam,1979,0.0000
vietnam,1980,0.0000
vietnam,1981,0.0000
vietnam,1982,0.0000
vietnam,1983,0.0000
vietnam,1984,0.0000
vietnam,1985,0.0000
vietnam,1986,0.0000
vietnam,1987,0.28000
vietnam,1988,0.69000
vietnam,1989,1.4900
vietnam,1990,2.7000
vietnam,1991,3.9600
vietnam,1992,5.4900
vietnam,1993,6.3000
vietnam,1994,7.1000
vietnam,1995,7.6520
vietnam,1996,8.8500
vietnam,1997,10.100
vietnam,1998,12.100
vietnam,1999,14.600
vietnam,2000,16.484
vietnam,2001,17.078
vietnam,2002,17.272
vietnam,2003,17.581
vietnam,2004,20.683
vietnam,2005,18.960
vietnam,2006,17.241
vietnam,2007,16.266
vietnam,2008,15.220
vietnam,2009,16.675
vietnam,2010,15.250
vietnam,2011,15.464
vietnam,2012,17.028
vietnam,2013,17.046
vietnam,2014,17.778
yemen,1965,0.0000
yemen,1966,0.0000
yemen,1967,0.0000
yemen,1968,0.0000
yemen,1969,0.0000
yemen,1970,0.0000
yemen,1971,0.0000
yemen,1972,0.0000
yemen,1973,0.0000
yemen,1974,0.0000
yemen,1975,0.0000
yemen,1976,0.0000
yemen,1977,0.0000
yemen,1978,0.0000
yemen,1979,0.0000
yemen,1980,0.0000
yemen,1981,0.0000
yemen,1982,0.0000
yemen,1983,0.0000
yemen,1984,0.0000
yemen,1985,0.0000
yemen,1986,0.47837
yemen,1987,1.2438
yemen,1988,8.1547
yemen,1989,8.5151
yemen,1990,8.7064
yemen,1991,9.4240
yemen,1992,8.7264
yemen,1993,9.8952
yemen,1994,16.391
yemen,1995,16.658
yemen,1996,16.917
yemen,1997,17.725
yemen,1998,18.001
yemen,1999,19.165
yemen,2000,21.349
yemen,2001,21.428
yemen,2002,21.566
yemen,2003,21.241
yemen,2004,19.985
yemen,2005,19.789
yemen,2006,18.149
yemen,2007,15.949
yemen,2008,14.759
yemen,2009,14.349
yemen,2010,14.273
yemen,2011,11.179
yemen,2012,8.7759
yemen,2013,6.8621
yemen,2014,6.6101
