geo,mineral,year,production_reserve
australia,cobalt,1995,0.824
australia,cobalt,1996,0.942
australia,cobalt,1997,1.219
australia,cobalt,1998,1.269
australia,cobalt,1999,1.01034484
australia,cobalt,2000,3.59848
australia,cobalt,2001,4.31194
australia,cobalt,2002,4.699973
australia,cobalt,2003,4.999977
australia,cobalt,2004,4.396868
australia,cobalt,2005,4.56746
australia,cobalt,2006,5.128825
australia,cobalt,2007,4.730346
australia,cobalt,2008,4.784675
australia,cobalt,2009,4.670388
australia,cobalt,2010,3.943012
australia,cobalt,2011,3.88
australia,cobalt,2012,5.91
australia,cobalt,2013,6.4
australia,cobalt,2014,6.201256
australia,cobalt,2015,5.720686
australia,cobalt,2016,5.139749
australia,cobalt,2017,4.67249909
canada,cobalt,1995,5.339
canada,cobalt,1996,5.714
canada,cobalt,1997,5.709
canada,cobalt,1998,5.861
canada,cobalt,1999,5.323
canada,cobalt,2000,5.298
canada,cobalt,2001,5.326
canada,cobalt,2002,5.148
canada,cobalt,2003,4.327
canada,cobalt,2004,5.06
canada,cobalt,2005,5.767
canada,cobalt,2006,7.115
canada,cobalt,2007,8.692
canada,cobalt,2008,8.953
canada,cobalt,2009,3.919
canada,cobalt,2010,4.636
canada,cobalt,2011,6.836
canada,cobalt,2012,6.676
canada,cobalt,2013,7.168
canada,cobalt,2014,6.907
canada,cobalt,2015,7.489
canada,cobalt,2016,6.969
canada,cobalt,2017,6.39045398
cuba,cobalt,1995,1.591
cuba,cobalt,1996,2.011
cuba,cobalt,1997,2.358
cuba,cobalt,1998,2.665
cuba,cobalt,1999,2.537
cuba,cobalt,2000,2.852
cuba,cobalt,2001,3.425
cuba,cobalt,2002,3.442
cuba,cobalt,2003,3.274
cuba,cobalt,2004,3.554
cuba,cobalt,2005,4.798
cuba,cobalt,2006,5.602
cuba,cobalt,2007,4.54
cuba,cobalt,2008,4
cuba,cobalt,2009,4.6
cuba,cobalt,2010,4.8
cuba,cobalt,2011,5.1
cuba,cobalt,2012,4.9
cuba,cobalt,2013,4.2
cuba,cobalt,2014,3.7
cuba,cobalt,2015,4.3
cuba,cobalt,2016,4.2539368
cuba,cobalt,2017,4.14683985
democratic_republic_of_congo,cobalt,1995,1.67
democratic_republic_of_congo,cobalt,1996,2
democratic_republic_of_congo,cobalt,1997,3.5
democratic_republic_of_congo,cobalt,1998,5
democratic_republic_of_congo,cobalt,1999,7
democratic_republic_of_congo,cobalt,2000,11
democratic_republic_of_congo,cobalt,2001,12
democratic_republic_of_congo,cobalt,2002,14.6
democratic_republic_of_congo,cobalt,2003,14.8
democratic_republic_of_congo,cobalt,2004,20.2
democratic_republic_of_congo,cobalt,2005,24.5
democratic_republic_of_congo,cobalt,2006,27.1
democratic_republic_of_congo,cobalt,2007,25.4
democratic_republic_of_congo,cobalt,2008,42.461
democratic_republic_of_congo,cobalt,2009,56.103
democratic_republic_of_congo,cobalt,2010,84.005
democratic_republic_of_congo,cobalt,2011,99.475
democratic_republic_of_congo,cobalt,2012,86.433
democratic_republic_of_congo,cobalt,2013,76.572
democratic_republic_of_congo,cobalt,2014,76.47496
democratic_republic_of_congo,cobalt,2015,84.40048
democratic_republic_of_congo,cobalt,2016,69.03829
democratic_republic_of_congo,cobalt,2017,90.31941
madagascar,cobalt,1995,0
madagascar,cobalt,1996,0
madagascar,cobalt,1997,0
madagascar,cobalt,1998,0
madagascar,cobalt,1999,0
madagascar,cobalt,2000,0
madagascar,cobalt,2001,0
madagascar,cobalt,2002,0
madagascar,cobalt,2003,0
madagascar,cobalt,2004,0
madagascar,cobalt,2005,0
madagascar,cobalt,2006,0
madagascar,cobalt,2007,0
madagascar,cobalt,2008,0
madagascar,cobalt,2009,0
madagascar,cobalt,2010,0.165
madagascar,cobalt,2011,0.5
madagascar,cobalt,2012,0.63
madagascar,cobalt,2013,2.2
madagascar,cobalt,2014,3.1
madagascar,cobalt,2015,3.7
madagascar,cobalt,2016,3.49444444
madagascar,cobalt,2017,3.13138528
morocco,cobalt,1995,0.537
morocco,cobalt,1996,0.565
morocco,cobalt,1997,0.714
morocco,cobalt,1998,0.287
morocco,cobalt,1999,0.863
morocco,cobalt,2000,0.967
morocco,cobalt,2001,1.242
morocco,cobalt,2002,1.453
morocco,cobalt,2003,1.391
morocco,cobalt,2004,1.6
morocco,cobalt,2005,1.6
morocco,cobalt,2006,2.6
morocco,cobalt,2007,1.8
morocco,cobalt,2008,1.7
morocco,cobalt,2009,2.61
morocco,cobalt,2010,3.11
morocco,cobalt,2011,2.16
morocco,cobalt,2012,2
morocco,cobalt,2013,2
morocco,cobalt,2014,2.15
morocco,cobalt,2015,2.6
morocco,cobalt,2016,2.72986882
morocco,cobalt,2017,2.52391524
new_caledonia,cobalt,1995,1.1
new_caledonia,cobalt,1996,1.1
new_caledonia,cobalt,1997,1
new_caledonia,cobalt,1998,1
new_caledonia,cobalt,1999,1.1
new_caledonia,cobalt,2000,1.2
new_caledonia,cobalt,2001,1.4
new_caledonia,cobalt,2002,2.78
new_caledonia,cobalt,2003,2.602
new_caledonia,cobalt,2004,2.726
new_caledonia,cobalt,2005,1.769
new_caledonia,cobalt,2006,1.629
new_caledonia,cobalt,2007,2.25
new_caledonia,cobalt,2008,2.11
new_caledonia,cobalt,2009,2
new_caledonia,cobalt,2010,2.85
new_caledonia,cobalt,2011,3.1
new_caledonia,cobalt,2012,2.67
new_caledonia,cobalt,2013,3.19
new_caledonia,cobalt,2014,4.04
new_caledonia,cobalt,2015,3.68
new_caledonia,cobalt,2016,3.39
new_caledonia,cobalt,2017,2.8
papua_new_guinea,cobalt,1995,0
papua_new_guinea,cobalt,1996,0
papua_new_guinea,cobalt,1997,0
papua_new_guinea,cobalt,1998,0
papua_new_guinea,cobalt,1999,0
papua_new_guinea,cobalt,2000,0
papua_new_guinea,cobalt,2001,0
papua_new_guinea,cobalt,2002,0
papua_new_guinea,cobalt,2003,0
papua_new_guinea,cobalt,2004,0
papua_new_guinea,cobalt,2005,0
papua_new_guinea,cobalt,2006,0
papua_new_guinea,cobalt,2007,0
papua_new_guinea,cobalt,2008,0
papua_new_guinea,cobalt,2009,0
papua_new_guinea,cobalt,2010,0
papua_new_guinea,cobalt,2011,0
papua_new_guinea,cobalt,2012,0.469
papua_new_guinea,cobalt,2013,1.013
papua_new_guinea,cobalt,2014,2.134
papua_new_guinea,cobalt,2015,2.505
papua_new_guinea,cobalt,2016,2.19
papua_new_guinea,cobalt,2017,3.2
philippines,cobalt,1995,0
philippines,cobalt,1996,0
philippines,cobalt,1997,0
philippines,cobalt,1998,0
philippines,cobalt,1999,0
philippines,cobalt,2000,0
philippines,cobalt,2001,0
philippines,cobalt,2002,0
philippines,cobalt,2003,0.1
philippines,cobalt,2004,0.1
philippines,cobalt,2005,0.3
philippines,cobalt,2006,0.9
philippines,cobalt,2007,1
philippines,cobalt,2008,1.2
philippines,cobalt,2009,1.4
philippines,cobalt,2010,2.1
philippines,cobalt,2011,2
philippines,cobalt,2012,2.7
philippines,cobalt,2013,2.8
philippines,cobalt,2014,4.6
philippines,cobalt,2015,4.3
philippines,cobalt,2016,4.02963986
philippines,cobalt,2017,4.21098542
russian_federation,cobalt,1995,3.5
russian_federation,cobalt,1996,3.3
russian_federation,cobalt,1997,3.3
russian_federation,cobalt,1998,3.6
russian_federation,cobalt,1999,3.9
russian_federation,cobalt,2000,4
russian_federation,cobalt,2001,4.6
russian_federation,cobalt,2002,4.6
russian_federation,cobalt,2003,6.1
russian_federation,cobalt,2004,6
russian_federation,cobalt,2005,6.3
russian_federation,cobalt,2006,6.3
russian_federation,cobalt,2007,6.3
russian_federation,cobalt,2008,6.2
russian_federation,cobalt,2009,6.1
russian_federation,cobalt,2010,6.2
russian_federation,cobalt,2011,6.1
russian_federation,cobalt,2012,6.3
russian_federation,cobalt,2013,6.3
russian_federation,cobalt,2014,6.3
russian_federation,cobalt,2015,6.2
russian_federation,cobalt,2016,5.5
russian_federation,cobalt,2017,5.6
south_africa,cobalt,1995,0.288
south_africa,cobalt,1996,0.35
south_africa,cobalt,1997,0.465
south_africa,cobalt,1998,0.435
south_africa,cobalt,1999,0.45
south_africa,cobalt,2000,0.58
south_africa,cobalt,2001,0.56
south_africa,cobalt,2002,0.52
south_africa,cobalt,2003,0.48
south_africa,cobalt,2004,0.61
south_africa,cobalt,2005,0.62
south_africa,cobalt,2006,0.6
south_africa,cobalt,2007,0.6
south_africa,cobalt,2008,0.59
south_africa,cobalt,2009,0.61
south_africa,cobalt,2010,1.8
south_africa,cobalt,2011,1.6
south_africa,cobalt,2012,2.5
south_africa,cobalt,2013,3
south_africa,cobalt,2014,3
south_africa,cobalt,2015,3
south_africa,cobalt,2016,2.3
south_africa,cobalt,2017,2.5
total_world,cobalt,1995,20.654
total_world,cobalt,1996,23.015
total_world,cobalt,1997,24.303
total_world,cobalt,1998,26.941
total_world,cobalt,1999,29.01334484
total_world,cobalt,2000,34.79948
total_world,cobalt,2001,39.66994
total_world,cobalt,2002,44.749973
total_world,cobalt,2003,44.458977
total_world,cobalt,2004,55.151868
total_world,cobalt,2005,62.01446
total_world,cobalt,2006,67.359825
total_world,cobalt,2007,67.322346
total_world,cobalt,2008,83.572675
total_world,cobalt,2009,94.122388
total_world,cobalt,2010,129.555012
total_world,cobalt,2011,146.672
total_world,cobalt,2012,134.304
total_world,cobalt,2013,128.985
total_world,cobalt,2014,131.464216
total_world,cobalt,2015,138.598166
total_world,cobalt,2016,119.50221373
total_world,cobalt,2017,137.50736195
zambia,cobalt,1995,2.931
zambia,cobalt,1996,4.829
zambia,cobalt,1997,4.028
zambia,cobalt,1998,4.961
zambia,cobalt,1999,4.378
zambia,cobalt,2000,2.877
zambia,cobalt,2001,4.182
zambia,cobalt,2002,3.99
zambia,cobalt,2003,3.211
zambia,cobalt,2004,6.082
zambia,cobalt,2005,5.529
zambia,cobalt,2006,4.658
zambia,cobalt,2007,4.69
zambia,cobalt,2008,4.613
zambia,cobalt,2009,5.879
zambia,cobalt,2010,8.648
zambia,cobalt,2011,7.702
zambia,cobalt,2012,5.435
zambia,cobalt,2013,5.919
zambia,cobalt,2014,4.562
zambia,cobalt,2015,2.979
zambia,cobalt,2016,4.982
zambia,cobalt,2017,2.65706667
brazil,graphite,1995,33.59
brazil,graphite,1996,40.466
brazil,graphite,1997,41.444
brazil,graphite,1998,61.369
brazil,graphite,1999,53.503
brazil,graphite,2000,71.208
brazil,graphite,2001,60.666
brazil,graphite,2002,60.922
brazil,graphite,2003,70.739
brazil,graphite,2004,76.332
brazil,graphite,2005,75.515
brazil,graphite,2006,76.194
brazil,graphite,2007,77.163
brazil,graphite,2008,80.5
brazil,graphite,2009,59.425
brazil,graphite,2010,92.364
brazil,graphite,2011,105.188
brazil,graphite,2012,88.11
brazil,graphite,2013,91.908
brazil,graphite,2014,87.026
brazil,graphite,2015,75.1
brazil,graphite,2016,72
brazil,graphite,2017,72
canada,graphite,1995,25
canada,graphite,1996,25
canada,graphite,1997,25
canada,graphite,1998,50
canada,graphite,1999,50
canada,graphite,2000,50
canada,graphite,2001,60
canada,graphite,2002,25
canada,graphite,2003,25
canada,graphite,2004,28
canada,graphite,2005,28
canada,graphite,2006,28
canada,graphite,2007,28
canada,graphite,2008,27
canada,graphite,2009,15
canada,graphite,2010,20
canada,graphite,2011,25
canada,graphite,2012,24
canada,graphite,2013,20
canada,graphite,2014,30
canada,graphite,2015,30
canada,graphite,2016,30
canada,graphite,2017,30
china,graphite,1995,204
china,graphite,1996,185
china,graphite,1997,310
china,graphite,1998,448
china,graphite,1999,600
china,graphite,2000,860
china,graphite,2001,900
china,graphite,2002,629
china,graphite,2003,710
china,graphite,2004,700
china,graphite,2005,720
china,graphite,2006,720
china,graphite,2007,800
china,graphite,2008,650
china,graphite,2009,450
china,graphite,2010,700
china,graphite,2011,800
china,graphite,2012,820
china,graphite,2013,750
china,graphite,2014,780
china,graphite,2015,780
china,graphite,2016,780
china,graphite,2017,780
india,graphite,1995,136.263
india,graphite,1996,117.761
india,graphite,1997,111.518
india,graphite,1998,135.668
india,graphite,1999,108.826
india,graphite,2000,124.79
india,graphite,2001,105.814
india,graphite,2002,106.06
india,graphite,2003,87.207
india,graphite,2004,108.15
india,graphite,2005,125.651
india,graphite,2006,162.293
india,graphite,2007,170.813
india,graphite,2008,117.767
india,graphite,2009,124.625
india,graphite,2010,115.697
india,graphite,2011,153.339
india,graphite,2012,134.735
india,graphite,2013,146.39
india,graphite,2014,116.712
india,graphite,2015,135.528
india,graphite,2016,151.788
india,graphite,2017,46.367
madagascar,graphite,1995,16.119
madagascar,graphite,1996,12.134
madagascar,graphite,1997,14.107
madagascar,graphite,1998,20.629
madagascar,graphite,1999,16.137
madagascar,graphite,2000,40.328
madagascar,graphite,2001,2.013
madagascar,graphite,2002,2
madagascar,graphite,2003,15
madagascar,graphite,2004,7.77
madagascar,graphite,2005,6.4
madagascar,graphite,2006,4.857
madagascar,graphite,2007,5.351
madagascar,graphite,2008,4.922
madagascar,graphite,2009,3.437
madagascar,graphite,2010,3.783
madagascar,graphite,2011,3.573
madagascar,graphite,2012,2.885
madagascar,graphite,2013,4.3
madagascar,graphite,2014,5.316
madagascar,graphite,2015,8.1
madagascar,graphite,2016,9.23
madagascar,graphite,2017,8.23
mexico,graphite,1995,34.386
mexico,graphite,1996,40.412
mexico,graphite,1997,47.981
mexico,graphite,1998,43.461
mexico,graphite,1999,27.78
mexico,graphite,2000,30.33
mexico,graphite,2001,21.442
mexico,graphite,2002,13.885
mexico,graphite,2003,8.73
mexico,graphite,2004,14.769
mexico,graphite,2005,12.357
mexico,graphite,2006,11.773
mexico,graphite,2007,9.9
mexico,graphite,2008,7.229
mexico,graphite,2009,5.105
mexico,graphite,2010,6.628
mexico,graphite,2011,7.348
mexico,graphite,2012,7.52
mexico,graphite,2013,7.024
mexico,graphite,2014,9.16
mexico,graphite,2015,6.524
mexico,graphite,2016,3.839
mexico,graphite,2017,3.839
mozambique,graphite,1995,3.019
mozambique,graphite,1996,3.283
mozambique,graphite,1997,5.125
mozambique,graphite,1998,5.889
mozambique,graphite,1999,4.007
mozambique,graphite,2000,0
mozambique,graphite,2001,0
mozambique,graphite,2002,0
mozambique,graphite,2003,0
mozambique,graphite,2004,0
mozambique,graphite,2005,0
mozambique,graphite,2006,0
mozambique,graphite,2007,0
mozambique,graphite,2008,0
mozambique,graphite,2009,0
mozambique,graphite,2010,0
mozambique,graphite,2011,0
mozambique,graphite,2012,0
mozambique,graphite,2013,0
mozambique,graphite,2014,0
mozambique,graphite,2015,0
mozambique,graphite,2016,0
mozambique,graphite,2017,23
russian_federation,graphite,1995,13.7
russian_federation,graphite,1996,13.928
russian_federation,graphite,1997,14.275
russian_federation,graphite,1998,12
russian_federation,graphite,1999,15.67
russian_federation,graphite,2000,20.125
russian_federation,graphite,2001,16.563
russian_federation,graphite,2002,14.241
russian_federation,graphite,2003,12.78
russian_federation,graphite,2004,13.55
russian_federation,graphite,2005,14
russian_federation,graphite,2006,14
russian_federation,graphite,2007,14
russian_federation,graphite,2008,14
russian_federation,graphite,2009,14
russian_federation,graphite,2010,14
russian_federation,graphite,2011,14
russian_federation,graphite,2012,14
russian_federation,graphite,2013,14
russian_federation,graphite,2014,14
russian_federation,graphite,2015,15.9
russian_federation,graphite,2016,19.4
russian_federation,graphite,2017,25
sri_lanka,graphite,1995,4.825
sri_lanka,graphite,1996,5.645
sri_lanka,graphite,1997,5.4
sri_lanka,graphite,1998,5.91
sri_lanka,graphite,1999,4.592
sri_lanka,graphite,2000,5.902
sri_lanka,graphite,2001,6.585
sri_lanka,graphite,2002,3.619
sri_lanka,graphite,2003,3.387
sri_lanka,graphite,2004,5.374
sri_lanka,graphite,2005,4.37
sri_lanka,graphite,2006,5.756
sri_lanka,graphite,2007,9.593
sri_lanka,graphite,2008,6.615
sri_lanka,graphite,2009,3.171
sri_lanka,graphite,2010,3.437
sri_lanka,graphite,2011,3.357
sri_lanka,graphite,2012,4.173
sri_lanka,graphite,2013,3.143
sri_lanka,graphite,2014,3.1
sri_lanka,graphite,2015,2.8
sri_lanka,graphite,2016,3.1
sri_lanka,graphite,2017,3.1
total_world,graphite,1995,587.367
total_world,graphite,1996,564.735
total_world,graphite,1997,697.948
total_world,graphite,1998,894.525
total_world,graphite,1999,975.382
total_world,graphite,2000,1291.351
total_world,graphite,2001,1248.264
total_world,graphite,2002,929.106
total_world,graphite,2003,990.426
total_world,graphite,2004,1020.962
total_world,graphite,2005,1049.028
total_world,graphite,2006,1085.089
total_world,graphite,2007,1167.75
total_world,graphite,2008,965.186
total_world,graphite,2009,740.046
total_world,graphite,2010,987.443
total_world,graphite,2011,1144.697
total_world,graphite,2012,1155.815
total_world,graphite,2013,1099.269
total_world,graphite,2014,1103.176
total_world,graphite,2015,1098.224
total_world,graphite,2016,1111.599
total_world,graphite,2017,1033.778
ukraine,graphite,1995,8.757
ukraine,graphite,1996,5.367
ukraine,graphite,1997,4.289
ukraine,graphite,1998,5.104
ukraine,graphite,1999,7.461
ukraine,graphite,2000,7.431
ukraine,graphite,2001,6.4
ukraine,graphite,2002,9.4
ukraine,graphite,2003,11
ukraine,graphite,2004,10.96
ukraine,graphite,2005,10.4
ukraine,graphite,2006,10.7
ukraine,graphite,2007,10.6
ukraine,graphite,2008,11.3
ukraine,graphite,2009,4.3
ukraine,graphite,2010,2.8
ukraine,graphite,2011,0.6
ukraine,graphite,2012,4.6
ukraine,graphite,2013,6.9
ukraine,graphite,2014,13.8
ukraine,graphite,2015,14.5
ukraine,graphite,2016,14.63
ukraine,graphite,2017,14.63
zimbabwe,graphite,1995,11.381
zimbabwe,graphite,1996,7.691
zimbabwe,graphite,1997,12.779
zimbabwe,graphite,1998,13.806
zimbabwe,graphite,1999,11.405
zimbabwe,graphite,2000,11.838
zimbabwe,graphite,2001,11.836
zimbabwe,graphite,2002,9.912
zimbabwe,graphite,2003,7.675
zimbabwe,graphite,2004,10.267
zimbabwe,graphite,2005,4.298
zimbabwe,graphite,2006,6.588
zimbabwe,graphite,2007,5.418
zimbabwe,graphite,2008,5.134
zimbabwe,graphite,2009,2.463
zimbabwe,graphite,2010,4
zimbabwe,graphite,2011,7
zimbabwe,graphite,2012,6
zimbabwe,graphite,2013,4
zimbabwe,graphite,2014,7
zimbabwe,graphite,2015,7
zimbabwe,graphite,2016,6
zimbabwe,graphite,2017,6
argentina,lithium,1995,0.008
argentina,lithium,1996,0.008
argentina,lithium,1997,0.008
argentina,lithium,1998,1.13
argentina,lithium,1999,0.2
argentina,lithium,2000,0.2
argentina,lithium,2001,0.2
argentina,lithium,2002,0.946
argentina,lithium,2003,0.96
argentina,lithium,2004,1.97
argentina,lithium,2005,1.98
argentina,lithium,2006,2.9
argentina,lithium,2007,3
argentina,lithium,2008,3.17
argentina,lithium,2009,2.22
argentina,lithium,2010,2.95
argentina,lithium,2011,2.95
argentina,lithium,2012,2.7
argentina,lithium,2013,2.5
argentina,lithium,2014,3.2
argentina,lithium,2015,3.6
argentina,lithium,2016,5.8
argentina,lithium,2017,5.5
australia,lithium,1995,2.23348153
australia,lithium,1996,3.88213566
australia,lithium,1997,1.57660635
australia,lithium,1998,1.1799951
australia,lithium,1999,1.50570129
australia,lithium,2000,1.82569382
australia,lithium,2001,2.225789
australia,lithium,2002,2.20421647
australia,lithium,2003,3.46749157
australia,lithium,2004,3.30140538
australia,lithium,2005,4.83946546
australia,lithium,2006,6.1902849
australia,lithium,2007,6.8362902
australia,lithium,2008,6.67600129
australia,lithium,2009,5.50411679
australia,lithium,2010,8.46537855
australia,lithium,2011,11.74025028
australia,lithium,2012,12.62358129
australia,lithium,2013,10.1173494
australia,lithium,2014,12.37493976
australia,lithium,2015,11.92899598
australia,lithium,2016,14.85550201
australia,lithium,2017,18.7
brazil,lithium,1995,0.032
brazil,lithium,1996,0.032
brazil,lithium,1997,0.032
brazil,lithium,1998,0.032
brazil,lithium,1999,0.032
brazil,lithium,2000,0.03
brazil,lithium,2001,0.22
brazil,lithium,2002,0.224
brazil,lithium,2003,0.24
brazil,lithium,2004,0.242
brazil,lithium,2005,0.242
brazil,lithium,2006,0.242
brazil,lithium,2007,0.18
brazil,lithium,2008,0.16
brazil,lithium,2009,0.16
brazil,lithium,2010,0.16
brazil,lithium,2011,0.32
brazil,lithium,2012,0.15
brazil,lithium,2013,0.4
brazil,lithium,2014,0.16
brazil,lithium,2015,0.2
brazil,lithium,2016,0.2
brazil,lithium,2017,0.2
chile,lithium,1995,2
chile,lithium,1996,2.66366761
chile,lithium,1997,4.5545335
chile,lithium,1998,5.46264894
chile,lithium,1999,5.70515516
chile,lithium,2000,6.73787684
chile,lithium,2001,5.88336175
chile,lithium,2002,6.6200969
chile,lithium,2003,7.82701259
chile,lithium,2004,8.34068823
chile,lithium,2005,8.35204255
chile,lithium,2006,9.9765076
chile,lithium,2007,11.52564194
chile,lithium,2008,10.99245375
chile,lithium,2009,5.98307415
chile,lithium,2010,10.35792294
chile,lithium,2011,13.57149608
chile,lithium,2012,13.90386689
chile,lithium,2013,11.72121865
chile,lithium,2014,12.0494693
chile,lithium,2015,10.93621931
chile,lithium,2016,15.21173534
chile,lithium,2017,15.01173534
china,lithium,1995,0.32
china,lithium,1996,2.8
china,lithium,1997,2.9
china,lithium,1998,3
china,lithium,1999,2.3
china,lithium,2000,2.4
china,lithium,2001,2.4
china,lithium,2002,2.4
china,lithium,2003,2.5
china,lithium,2004,2.63
china,lithium,2005,2.82
china,lithium,2006,2.82
china,lithium,2007,3.01
china,lithium,2008,3.29
china,lithium,2009,3.76
china,lithium,2010,3.95
china,lithium,2011,4.14
china,lithium,2012,4.5
china,lithium,2013,4.7
china,lithium,2014,2.3
china,lithium,2015,2
china,lithium,2016,2.3
china,lithium,2017,3
portugal,lithium,1995,0.16
portugal,lithium,1996,0.16
portugal,lithium,1997,0.18
portugal,lithium,1998,0.16
portugal,lithium,1999,0.14
portugal,lithium,2000,0.14
portugal,lithium,2001,0.2
portugal,lithium,2002,0.19
portugal,lithium,2003,0.19
portugal,lithium,2004,0.32
portugal,lithium,2005,0.32
portugal,lithium,2006,0.32
portugal,lithium,2007,0.57
portugal,lithium,2008,0.7
portugal,lithium,2009,0
portugal,lithium,2010,0.8
portugal,lithium,2011,0.82
portugal,lithium,2012,0.56
portugal,lithium,2013,0.57
portugal,lithium,2014,0.3
portugal,lithium,2015,0.2
portugal,lithium,2016,0.4
portugal,lithium,2017,0.4
total_world,lithium,1995,9.48548153
total_world,lithium,1996,14.78380328
total_world,lithium,1997,15.59113984
total_world,lithium,1998,14.19264404
total_world,lithium,1999,12.79285645
total_world,lithium,2000,14.28357066
total_world,lithium,2001,14.02915075
total_world,lithium,2002,15.43131337
total_world,lithium,2003,17.87450415
total_world,lithium,2004,19.25109362
total_world,lithium,2005,21.02050801
total_world,lithium,2006,25.25579249
total_world,lithium,2007,27.62893214
total_world,lithium,2008,27.67845503
total_world,lithium,2009,19.83719093
total_world,lithium,2010,28.15330149
total_world,lithium,2011,35.01174637
total_world,lithium,2012,36.49744818
total_world,lithium,2013,31.87856805
total_world,lithium,2014,32.18440906
total_world,lithium,2015,30.6652153
total_world,lithium,2016,40.66723735
total_world,lithium,2017,44.71173534
us,lithium,1995,3.5
us,lithium,1996,4
us,lithium,1997,4
us,lithium,1998,1.5
us,lithium,1999,1.5
us,lithium,2000,1.5
us,lithium,2001,1.5
us,lithium,2002,1.5
us,lithium,2003,1.5
us,lithium,2004,1.5
us,lithium,2005,1.5
us,lithium,2006,1.5
us,lithium,2007,1.5
us,lithium,2008,1.5
us,lithium,2009,1.5
us,lithium,2010,1
us,lithium,2011,1
us,lithium,2012,1
us,lithium,2013,0.87
us,lithium,2014,0.9
us,lithium,2015,0.9
us,lithium,2016,0.9
us,lithium,2017,0.9
zimbabwe,lithium,1995,0.52
zimbabwe,lithium,1996,0.5
zimbabwe,lithium,1997,0.7
zimbabwe,lithium,1998,1
zimbabwe,lithium,1999,0.7
zimbabwe,lithium,2000,0.74
zimbabwe,lithium,2001,0.7
zimbabwe,lithium,2002,0.64
zimbabwe,lithium,2003,0.48
zimbabwe,lithium,2004,0.24
zimbabwe,lithium,2005,0.26
zimbabwe,lithium,2006,0.6
zimbabwe,lithium,2007,0.3
zimbabwe,lithium,2008,0.5
zimbabwe,lithium,2009,0.4
zimbabwe,lithium,2010,0.47
zimbabwe,lithium,2011,0.47
zimbabwe,lithium,2012,1.06
zimbabwe,lithium,2013,1
zimbabwe,lithium,2014,0.9
zimbabwe,lithium,2015,0.9
zimbabwe,lithium,2016,1
zimbabwe,lithium,2017,1
australia,rare_earth,1995,0.11
australia,rare_earth,1996,0
australia,rare_earth,1997,0
australia,rare_earth,1998,0
australia,rare_earth,1999,0
australia,rare_earth,2000,0
australia,rare_earth,2001,0
australia,rare_earth,2002,0
australia,rare_earth,2003,0
australia,rare_earth,2004,0
australia,rare_earth,2005,0
australia,rare_earth,2006,0
australia,rare_earth,2007,0
australia,rare_earth,2008,0
australia,rare_earth,2009,0
australia,rare_earth,2010,0
australia,rare_earth,2011,2.188
australia,rare_earth,2012,3.222
australia,rare_earth,2013,1.268
australia,rare_earth,2014,6.2
australia,rare_earth,2015,11.907
australia,rare_earth,2016,13.873
australia,rare_earth,2017,17.263
brazil,rare_earth,1995,0.103
brazil,rare_earth,1996,0
brazil,rare_earth,1997,0
brazil,rare_earth,1998,0
brazil,rare_earth,1999,0
brazil,rare_earth,2000,0
brazil,rare_earth,2001,0
brazil,rare_earth,2002,0
brazil,rare_earth,2003,0
brazil,rare_earth,2004,0.402
brazil,rare_earth,2005,0.527
brazil,rare_earth,2006,0.527
brazil,rare_earth,2007,0.645
brazil,rare_earth,2008,0.46
brazil,rare_earth,2009,0.17
brazil,rare_earth,2010,0.14
brazil,rare_earth,2011,0.14
brazil,rare_earth,2012,1.62
brazil,rare_earth,2013,0.33
brazil,rare_earth,2014,0
brazil,rare_earth,2015,0.88
brazil,rare_earth,2016,2.2
brazil,rare_earth,2017,2
china,rare_earth,1995,48
china,rare_earth,1996,55
china,rare_earth,1997,53
china,rare_earth,1998,60
china,rare_earth,1999,70
china,rare_earth,2000,73
china,rare_earth,2001,80.6
china,rare_earth,2002,88
china,rare_earth,2003,92
china,rare_earth,2004,98
china,rare_earth,2005,119
china,rare_earth,2006,133
china,rare_earth,2007,120
china,rare_earth,2008,125
china,rare_earth,2009,129
china,rare_earth,2010,89.2
china,rare_earth,2011,93.8
china,rare_earth,2012,93.8
china,rare_earth,2013,93.8
china,rare_earth,2014,105
china,rare_earth,2015,105
china,rare_earth,2016,105
china,rare_earth,2017,105
india,rare_earth,1995,5
india,rare_earth,1996,5
india,rare_earth,1997,5
india,rare_earth,1998,3.2
india,rare_earth,1999,1.698
india,rare_earth,2000,1.89
india,rare_earth,2001,2.651
india,rare_earth,2002,2.856
india,rare_earth,2003,2.891
india,rare_earth,2004,0.149
india,rare_earth,2005,0.093
india,rare_earth,2006,0.045
india,rare_earth,2007,0.035
india,rare_earth,2008,0.022
india,rare_earth,2009,0.016
india,rare_earth,2010,0
india,rare_earth,2011,0
india,rare_earth,2012,0
india,rare_earth,2013,0.2946
india,rare_earth,2014,1.695
india,rare_earth,2015,0.956
india,rare_earth,2016,0.956
india,rare_earth,2017,0.956
malaysia,rare_earth,1995,0.448
malaysia,rare_earth,1996,0.34
malaysia,rare_earth,1997,0.418
malaysia,rare_earth,1998,0.282
malaysia,rare_earth,1999,0.625
malaysia,rare_earth,2000,0.446
malaysia,rare_earth,2001,0.351
malaysia,rare_earth,2002,0.24
malaysia,rare_earth,2003,0.36
malaysia,rare_earth,2004,0.8
malaysia,rare_earth,2005,0.15
malaysia,rare_earth,2006,0.43
malaysia,rare_earth,2007,0.38
malaysia,rare_earth,2008,0.12
malaysia,rare_earth,2009,0.013
malaysia,rare_earth,2010,0.38
malaysia,rare_earth,2011,0.41
malaysia,rare_earth,2012,0.1
malaysia,rare_earth,2013,0.18
malaysia,rare_earth,2014,0.24
malaysia,rare_earth,2015,0.31
malaysia,rare_earth,2016,0.3
malaysia,rare_earth,2017,0.3
russian_federation,rare_earth,1995,1.74
russian_federation,rare_earth,1996,1.74
russian_federation,rare_earth,1997,1.74
russian_federation,rare_earth,1998,1.74
russian_federation,rare_earth,1999,2.61
russian_federation,rare_earth,2000,2.61
russian_federation,rare_earth,2001,3.53162
russian_federation,rare_earth,2002,2.58013
russian_federation,rare_earth,2003,1.7226
russian_federation,rare_earth,2004,2.24692
russian_federation,rare_earth,2005,2.15644
russian_federation,rare_earth,2006,2.935
russian_federation,rare_earth,2007,2.711
russian_federation,rare_earth,2008,2.47
russian_federation,rare_earth,2009,1.898
russian_federation,rare_earth,2010,1.4955
russian_federation,rare_earth,2011,1.4436
russian_federation,rare_earth,2012,2.1313
russian_federation,rare_earth,2013,1.4431
russian_federation,rare_earth,2014,2.1338
russian_federation,rare_earth,2015,2.3123
russian_federation,rare_earth,2016,3.0631
russian_federation,rare_earth,2017,3.28189286
thailand,rare_earth,1995,0
thailand,rare_earth,1996,0
thailand,rare_earth,1997,0.012
thailand,rare_earth,1998,0
thailand,rare_earth,1999,0
thailand,rare_earth,2000,0
thailand,rare_earth,2001,0
thailand,rare_earth,2002,0
thailand,rare_earth,2003,0
thailand,rare_earth,2004,0
thailand,rare_earth,2005,0
thailand,rare_earth,2006,0
thailand,rare_earth,2007,0
thailand,rare_earth,2008,0
thailand,rare_earth,2009,4
thailand,rare_earth,2010,5.6
thailand,rare_earth,2011,3.1
thailand,rare_earth,2012,0.12
thailand,rare_earth,2013,0.13
thailand,rare_earth,2014,1.9
thailand,rare_earth,2015,0.76
thailand,rare_earth,2016,1.6
thailand,rare_earth,2017,1.6
total_world,rare_earth,1995,78.001
total_world,rare_earth,1996,82.87
total_world,rare_earth,1997,70.55
total_world,rare_earth,1998,70.602
total_world,rare_earth,1999,75.053
total_world,rare_earth,2000,77.946
total_world,rare_earth,2001,87.13362
total_world,rare_earth,2002,93.67613
total_world,rare_earth,2003,96.9736
total_world,rare_earth,2004,101.59792
total_world,rare_earth,2005,121.92644
total_world,rare_earth,2006,136.937
total_world,rare_earth,2007,123.771
total_world,rare_earth,2008,128.072
total_world,rare_earth,2009,135.097
total_world,rare_earth,2010,96.9855
total_world,rare_earth,2011,101.2816
total_world,rare_earth,2012,104.1933
total_world,rare_earth,2013,103.0457
total_world,rare_earth,2014,122.5688
total_world,rare_earth,2015,128.2753
total_world,rare_earth,2016,127.2121
total_world,rare_earth,2017,130.50089286
us,rare_earth,1995,22.2
us,rare_earth,1996,20.4
us,rare_earth,1997,10
us,rare_earth,1998,5
us,rare_earth,1999,0
us,rare_earth,2000,0
us,rare_earth,2001,0
us,rare_earth,2002,0
us,rare_earth,2003,0
us,rare_earth,2004,0
us,rare_earth,2005,0
us,rare_earth,2006,0
us,rare_earth,2007,0
us,rare_earth,2008,0
us,rare_earth,2009,0
us,rare_earth,2010,0
us,rare_earth,2011,0
us,rare_earth,2012,3
us,rare_earth,2013,5.5
us,rare_earth,2014,5.4
us,rare_earth,2015,5.9
us,rare_earth,2016,0
us,rare_earth,2017,0
