geo,year,primary_energy_consumption
algeria,1965,2.1430
algeria,1966,2.5650
algeria,1967,2.4220
algeria,1968,2.5990
algeria,1969,2.8950
algeria,1970,3.1570
algeria,1971,3.4180
algeria,1972,3.8470
algeria,1973,4.6030
algeria,1974,5.1010
algeria,1975,6.1400
algeria,1976,7.1610
algeria,1977,7.8790
algeria,1978,10.001
algeria,1979,13.181
algeria,1980,15.824
algeria,1981,19.318
algeria,1982,22.281
algeria,1983,24.333
algeria,1984,23.206
algeria,1985,23.357
algeria,1986,24.771
algeria,1987,25.439
algeria,1988,27.358
algeria,1989,26.537
algeria,1990,28.089
algeria,1991,27.833
algeria,1992,28.569
algeria,1993,26.512
algeria,1994,26.923
algeria,1995,28.006
algeria,1996,27.805
algeria,1997,26.659
algeria,1998,27.579
algeria,1999,27.922
algeria,2000,26.841
algeria,2001,27.809
algeria,2002,28.701
algeria,2003,30.047
algeria,2004,31.184
algeria,2005,32.658
algeria,2006,33.813
algeria,2007,35.571
algeria,2008,37.661
algeria,2009,39.941
algeria,2010,38.869
algeria,2011,41.253
algeria,2012,45.182
algeria,2013,47.935
algeria,2014,52.225
algeria,2015,54.650
argentina,1965,26.936
argentina,1966,28.001
argentina,1967,28.724
argentina,1968,29.600
argentina,1969,30.669
argentina,1970,28.874
argentina,1971,30.625
argentina,1972,31.271
argentina,1973,32.598
argentina,1974,34.107
argentina,1975,33.277
argentina,1976,35.169
argentina,1977,36.583
argentina,1978,37.400
argentina,1979,39.441
argentina,1980,39.504
argentina,1981,38.049
argentina,1982,39.088
argentina,1983,40.906
argentina,1984,40.833
argentina,1985,39.749
argentina,1986,44.099
argentina,1987,46.029
argentina,1988,47.164
argentina,1989,45.208
argentina,1990,44.687
argentina,1991,45.040
argentina,1992,48.253
argentina,1993,50.325
argentina,1994,51.549
argentina,1995,53.678
argentina,1996,57.573
argentina,1997,57.081
argentina,1998,58.989
argentina,1999,57.817
argentina,2000,60.142
argentina,2001,59.462
argentina,2002,56.831
argentina,2003,61.274
argentina,2004,64.783
argentina,2005,69.046
argentina,2006,72.508
argentina,2007,75.574
argentina,2008,76.818
argentina,2009,74.813
argentina,2010,79.600
argentina,2011,81.513
argentina,2012,83.632
argentina,2013,85.529
argentina,2014,86.286
argentina,2015,87.836
australia,1965,32.938
australia,1966,36.331
australia,1967,38.605
australia,1968,40.911
australia,1969,42.455
australia,1970,46.281
australia,1971,48.496
australia,1972,50.650
australia,1973,54.314
australia,1974,58.014
australia,1975,59.110
australia,1976,61.338
australia,1977,64.396
australia,1978,65.506
australia,1979,68.044
australia,1980,68.828
australia,1981,70.065
australia,1982,69.018
australia,1983,68.150
australia,1984,71.436
australia,1985,72.398
australia,1986,75.798
australia,1987,77.980
australia,1988,81.633
australia,1989,85.307
australia,1990,86.963
australia,1991,87.131
australia,1992,88.564
australia,1993,91.065
australia,1994,94.453
australia,1995,96.998
australia,1996,99.958
australia,1997,103.50
australia,1998,106.30
australia,1999,108.56
australia,2000,109.43
australia,2001,112.52
australia,2002,115.59
australia,2003,114.65
australia,2004,117.49
australia,2005,120.95
australia,2006,129.47
australia,2007,130.00
australia,2008,131.22
australia,2009,129.75
australia,2010,129.76
australia,2011,130.68
australia,2012,131.24
australia,2013,130.74
australia,2014,129.87
australia,2015,131.43
austria,1965,15.919
austria,1966,16.650
austria,1967,16.797
austria,1968,17.983
austria,1969,18.704
austria,1970,21.372
austria,1971,21.416
austria,1972,22.150
austria,1973,23.803
austria,1974,23.880
austria,1975,23.670
austria,1976,24.658
austria,1977,24.619
austria,1978,25.709
austria,1979,27.178
austria,1980,27.045
austria,1981,26.151
austria,1982,25.260
austria,1983,25.225
austria,1984,25.157
austria,1985,26.419
austria,1986,26.447
austria,1987,27.850
austria,1988,27.377
austria,1989,27.538
austria,1990,28.117
austria,1991,29.507
austria,1992,28.935
austria,1993,29.428
austria,1994,29.230
austria,1995,30.699
austria,1996,30.858
austria,1997,31.471
austria,1998,31.952
austria,1999,32.623
austria,2000,32.639
austria,2001,33.981
austria,2002,34.106
austria,2003,34.694
austria,2004,35.307
austria,2005,36.073
austria,2006,35.864
austria,2007,35.042
austria,2008,35.693
austria,2009,34.649
austria,2010,35.921
austria,2011,33.829
austria,2012,35.353
austria,2013,35.104
austria,2014,33.941
austria,2015,34.051
azerbaijan,1985,20.516
azerbaijan,1986,22.118
azerbaijan,1987,21.450
azerbaijan,1988,21.464
azerbaijan,1989,21.911
azerbaijan,1990,22.579
azerbaijan,1991,21.899
azerbaijan,1992,18.701
azerbaijan,1993,16.121
azerbaijan,1994,14.770
azerbaijan,1995,13.941
azerbaijan,1996,11.418
azerbaijan,1997,10.923
azerbaijan,1998,10.950
azerbaijan,1999,10.955
azerbaijan,2000,11.401
azerbaijan,2001,11.070
azerbaijan,2002,10.919
azerbaijan,2003,11.801
azerbaijan,2004,12.602
azerbaijan,2005,13.801
azerbaijan,2006,13.562
azerbaijan,2007,12.265
azerbaijan,2008,12.346
azerbaijan,2009,10.877
azerbaijan,2010,10.688
azerbaijan,2011,11.923
azerbaijan,2012,12.271
azerbaijan,2013,12.623
azerbaijan,2014,13.235
azerbaijan,2015,13.724
bangladesh,1971,0.67600
bangladesh,1972,1.3461
bangladesh,1973,1.6664
bangladesh,1974,1.7199
bangladesh,1975,1.9476
bangladesh,1976,2.2362
bangladesh,1977,2.2988
bangladesh,1978,2.4754
bangladesh,1979,2.7428
bangladesh,1980,3.0951
bangladesh,1981,3.2171
bangladesh,1982,3.5757
bangladesh,1983,3.5523
bangladesh,1984,3.8497
bangladesh,1985,4.2868
bangladesh,1986,4.6840
bangladesh,1987,5.1872
bangladesh,1988,5.7968
bangladesh,1989,6.2290
bangladesh,1990,6.6186
bangladesh,1991,6.4064
bangladesh,1992,6.9910
bangladesh,1993,7.7069
bangladesh,1994,8.1707
bangladesh,1995,9.6426
bangladesh,1996,10.100
bangladesh,1997,10.566
bangladesh,1998,11.269
bangladesh,1999,11.442
bangladesh,2000,12.294
bangladesh,2001,14.016
bangladesh,2002,14.476
bangladesh,2003,15.362
bangladesh,2004,15.915
bangladesh,2005,16.928
bangladesh,2006,17.997
bangladesh,2007,18.842
bangladesh,2008,19.945
bangladesh,2009,21.930
bangladesh,2010,22.891
bangladesh,2011,24.340
bangladesh,2012,26.497
bangladesh,2013,26.986
bangladesh,2014,28.263
bangladesh,2015,30.712
belarus,1985,35.631
belarus,1986,40.597
belarus,1987,41.263
belarus,1988,41.963
belarus,1989,40.659
belarus,1990,39.081
belarus,1991,38.714
belarus,1992,36.850
belarus,1993,29.574
belarus,1994,24.714
belarus,1995,22.404
belarus,1996,22.991
belarus,1997,23.330
belarus,1998,22.868
belarus,1999,22.316
belarus,2000,22.990
belarus,2001,22.451
belarus,2002,23.134
belarus,2003,23.028
belarus,2004,24.869
belarus,2005,24.753
belarus,2006,26.300
belarus,2007,25.669
belarus,2008,25.923
belarus,2009,24.417
belarus,2010,25.917
belarus,2011,25.875
belarus,2012,27.950
belarus,2013,24.745
belarus,2014,24.947
belarus,2015,23.586
belgium,1965,35.234
belgium,1966,33.927
belgium,1967,35.613
belgium,1968,39.699
belgium,1969,43.545
belgium,1970,45.960
belgium,1971,45.065
belgium,1972,47.923
belgium,1973,48.580
belgium,1974,46.903
belgium,1975,43.893
belgium,1976,46.517
belgium,1977,46.573
belgium,1978,48.595
belgium,1979,50.054
belgium,1980,47.931
belgium,1981,45.568
belgium,1982,43.535
belgium,1983,42.014
belgium,1984,43.866
belgium,1985,45.686
belgium,1986,47.071
belgium,1987,48.481
belgium,1988,49.426
belgium,1989,49.833
belgium,1990,52.412
belgium,1991,54.313
belgium,1992,54.507
belgium,1993,53.363
belgium,1994,55.967
belgium,1995,56.472
belgium,1996,60.187
belgium,1997,61.076
belgium,1998,62.443
belgium,1999,61.788
belgium,2000,63.461
belgium,2001,62.308
belgium,2002,62.517
belgium,2003,65.102
belgium,2004,65.209
belgium,2005,64.754
belgium,2006,64.534
belgium,2007,64.881
belgium,2008,66.637
belgium,2009,61.627
belgium,2010,66.037
belgium,2011,61.333
belgium,2012,58.639
belgium,2013,59.970
belgium,2014,55.902
belgium,2015,56.474
brazil,1965,22.048
brazil,1966,24.033
brazil,1967,24.902
brazil,1968,28.519
brazil,1969,31.118
brazil,1970,36.636
brazil,1971,40.070
brazil,1972,46.115
brazil,1973,55.011
brazil,1974,60.080
brazil,1975,63.451
brazil,1976,69.707
brazil,1977,74.586
brazil,1978,82.328
brazil,1979,89.149
brazil,1980,90.851
brazil,1981,88.405
brazil,1982,92.780
brazil,1983,94.632
brazil,1984,101.72
brazil,1985,108.44
brazil,1986,115.80
brazil,1987,119.28
brazil,1988,123.82
brazil,1989,126.30
brazil,1990,123.94
brazil,1991,128.74
brazil,1992,135.01
brazil,1993,140.94
brazil,1994,148.12
brazil,1995,155.46
brazil,1996,164.22
brazil,1997,173.34
brazil,1998,179.58
brazil,1999,182.57
brazil,2000,185.85
brazil,2001,182.58
brazil,2002,187.21
brazil,2003,191.05
brazil,2004,200.89
brazil,2005,207.46
brazil,2006,213.25
brazil,2007,227.01
brazil,2008,237.74
brazil,2009,236.34
brazil,2010,260.79
brazil,2011,273.76
brazil,2012,279.33
brazil,2013,290.05
brazil,2014,297.60
brazil,2015,292.81
bulgaria,1965,10.206
bulgaria,1966,10.946
bulgaria,1967,12.737
bulgaria,1968,14.271
bulgaria,1969,15.882
bulgaria,1970,17.852
bulgaria,1971,18.545
bulgaria,1972,19.083
bulgaria,1973,19.822
bulgaria,1974,20.414
bulgaria,1975,22.544
bulgaria,1976,23.826
bulgaria,1977,25.091
bulgaria,1978,26.012
bulgaria,1979,26.998
bulgaria,1980,28.460
bulgaria,1981,28.011
bulgaria,1982,28.692
bulgaria,1983,28.844
bulgaria,1984,28.672
bulgaria,1985,28.530
bulgaria,1986,29.120
bulgaria,1987,29.339
bulgaria,1988,29.950
bulgaria,1989,30.267
bulgaria,1990,24.578
bulgaria,1991,20.126
bulgaria,1992,18.455
bulgaria,1993,19.987
bulgaria,1994,19.508
bulgaria,1995,21.385
bulgaria,1996,21.426
bulgaria,1997,20.422
bulgaria,1998,19.588
bulgaria,1999,17.499
bulgaria,2000,18.134
bulgaria,2001,18.650
bulgaria,2002,18.125
bulgaria,2003,19.248
bulgaria,2004,18.868
bulgaria,2005,19.676
bulgaria,2006,20.150
bulgaria,2007,19.595
bulgaria,2008,19.490
bulgaria,2009,17.072
bulgaria,2010,17.834
bulgaria,2011,19.107
bulgaria,2012,18.063
bulgaria,2013,16.687
bulgaria,2014,17.891
bulgaria,2015,18.932
canada,1965,116.32
canada,1966,123.49
canada,1967,129.56
canada,1968,138.37
canada,1969,146.18
canada,1970,156.65
canada,1971,160.98
canada,1972,172.15
canada,1973,182.77
canada,1974,189.06
canada,1975,187.00
canada,1976,197.39
canada,1977,207.07
canada,1978,210.59
canada,1979,212.93
canada,1980,218.01
canada,1981,211.99
canada,1982,215.11
canada,1983,213.26
canada,1984,227.34
canada,1985,234.44
canada,1986,234.71
canada,1987,242.67
canada,1988,253.05
canada,1989,256.23
canada,1990,251.42
canada,1991,251.75
canada,1992,258.31
canada,1993,264.24
canada,1994,274.02
canada,1995,280.57
canada,1996,290.71
canada,1997,292.29
canada,1998,286.32
canada,1999,294.09
canada,2000,303.13
canada,2001,296.81
canada,2002,305.14
canada,2003,312.37
canada,2004,315.52
canada,2005,323.92
canada,2006,321.11
canada,2007,326.91
canada,2008,327.39
canada,2009,311.56
canada,2010,316.39
canada,2011,328.73
canada,2012,326.57
canada,2013,334.97
canada,2014,335.54
canada,2015,329.93
chile,1965,6.1237
chile,1966,6.5587
chile,1967,6.6710
chile,1968,6.6483
chile,1969,7.1563
chile,1970,7.5459
chile,1971,8.0579
chile,1972,8.2879
chile,1973,8.0086
chile,1974,7.9065
chile,1975,7.1299
chile,1976,7.4827
chile,1977,7.7325
chile,1978,8.2062
chile,1979,8.4680
chile,1980,8.7368
chile,1981,8.9610
chile,1982,8.1746
chile,1983,8.3579
chile,1984,8.7725
chile,1985,8.8792
chile,1986,9.3124
chile,1987,9.7215
chile,1988,10.825
chile,1989,12.070
chile,1990,12.967
chile,1991,14.333
chile,1992,15.824
chile,1993,16.678
chile,1994,17.521
chile,1995,18.886
chile,1996,20.077
chile,1997,22.920
chile,1998,22.991
chile,1999,23.857
chile,2000,25.219
chile,2001,25.799
chile,2002,26.680
chile,2003,26.495
chile,2004,27.494
chile,2005,28.705
chile,2006,31.265
chile,2007,31.603
chile,2008,31.486
chile,2009,31.212
chile,2010,30.568
chile,2011,33.646
chile,2012,34.036
chile,2013,34.392
chile,2014,34.693
chile,2015,34.935
china,1965,131.40
china,1966,142.81
china,1967,128.44
china,1968,129.67
china,1969,157.87
china,1970,202.22
china,1971,239.79
china,1972,258.45
china,1973,272.69
china,1974,281.12
china,1975,314.91
china,1976,331.57
china,1977,361.68
china,1978,396.62
china,1979,408.16
china,1980,417.40
china,1981,411.58
china,1982,429.53
china,1983,456.86
china,1984,490.18
china,1985,529.92
china,1986,555.31
china,1987,598.77
china,1988,643.12
china,1989,674.60
china,1990,681.41
china,1991,716.17
china,1992,753.24
china,1993,810.25
china,1994,858.79
china,1995,884.98
china,1996,932.17
china,1997,936.95
china,1998,938.18
china,1999,969.67
china,2000,1003.1
china,2001,1059.6
china,2002,1156.0
china,2003,1348.0
china,2004,1576.9
china,2005,1793.7
china,2006,1968.0
china,2007,2140.1
china,2008,2222.3
china,2009,2322.1
china,2010,2487.4
china,2011,2687.9
china,2012,2795.3
china,2013,2903.9
china,2014,2970.3
china,2015,3014.0
china_hong_kong_sar,1965,2.2438
china_hong_kong_sar,1966,2.4299
china_hong_kong_sar,1967,2.8699
china_hong_kong_sar,1968,3.1019
china_hong_kong_sar,1969,3.6409
china_hong_kong_sar,1970,3.9150
china_hong_kong_sar,1971,4.1240
china_hong_kong_sar,1972,4.6920
china_hong_kong_sar,1973,4.8620
china_hong_kong_sar,1974,4.9760
china_hong_kong_sar,1975,4.6760
china_hong_kong_sar,1976,5.5260
china_hong_kong_sar,1977,5.9750
china_hong_kong_sar,1978,6.2050
china_hong_kong_sar,1979,6.3420
china_hong_kong_sar,1980,6.4880
china_hong_kong_sar,1981,6.9140
china_hong_kong_sar,1982,7.5890
china_hong_kong_sar,1983,8.0430
china_hong_kong_sar,1984,8.2350
china_hong_kong_sar,1985,8.5540
china_hong_kong_sar,1986,8.9520
china_hong_kong_sar,1987,9.8360
china_hong_kong_sar,1988,11.327
china_hong_kong_sar,1989,12.108
china_hong_kong_sar,1990,11.775
china_hong_kong_sar,1991,12.196
china_hong_kong_sar,1992,14.347
china_hong_kong_sar,1993,15.663
china_hong_kong_sar,1994,14.128
china_hong_kong_sar,1995,15.199
china_hong_kong_sar,1996,15.386
china_hong_kong_sar,1997,15.680
china_hong_kong_sar,1998,15.976
china_hong_kong_sar,1999,16.199
china_hong_kong_sar,2000,16.926
china_hong_kong_sar,2001,21.528
china_hong_kong_sar,2002,20.993
china_hong_kong_sar,2003,21.547
china_hong_kong_sar,2004,24.283
china_hong_kong_sar,2005,23.303
china_hong_kong_sar,2006,24.714
china_hong_kong_sar,2007,26.332
china_hong_kong_sar,2008,24.559
china_hong_kong_sar,2009,26.808
china_hong_kong_sar,2010,27.497
china_hong_kong_sar,2011,28.146
china_hong_kong_sar,2012,27.049
china_hong_kong_sar,2013,27.780
china_hong_kong_sar,2014,27.112
china_hong_kong_sar,2015,27.910
colombia,1965,7.4929
colombia,1966,8.1758
colombia,1967,8.7164
colombia,1968,9.1543
colombia,1969,9.3173
colombia,1970,10.122
colombia,1971,9.9728
colombia,1972,11.224
colombia,1973,11.118
colombia,1974,12.414
colombia,1975,12.691
colombia,1976,13.200
colombia,1977,13.551
colombia,1978,14.557
colombia,1979,15.614
colombia,1980,15.889
colombia,1981,16.277
colombia,1982,16.957
colombia,1983,17.756
colombia,1984,18.265
colombia,1985,19.080
colombia,1986,19.696
colombia,1987,21.387
colombia,1988,21.461
colombia,1989,22.386
colombia,1990,20.929
colombia,1991,21.612
colombia,1992,22.661
colombia,1993,24.966
colombia,1994,26.718
colombia,1995,27.145
colombia,1996,27.753
colombia,1997,28.697
colombia,1998,28.342
colombia,1999,25.994
colombia,2000,26.016
colombia,2001,25.658
colombia,2002,25.606
colombia,2003,26.531
colombia,2004,27.086
colombia,2005,27.219
colombia,2006,31.054
colombia,2007,31.125
colombia,2008,34.875
colombia,2009,32.479
colombia,2010,34.921
colombia,2011,36.298
colombia,2012,38.904
colombia,2013,38.943
colombia,2014,40.852
colombia,2015,42.456
czech_republic,1965,40.119
czech_republic,1966,40.439
czech_republic,1967,39.794
czech_republic,1968,41.484
czech_republic,1969,43.335
czech_republic,1970,45.232
czech_republic,1971,47.467
czech_republic,1972,47.762
czech_republic,1973,48.034
czech_republic,1974,48.518
czech_republic,1975,50.451
czech_republic,1976,51.945
czech_republic,1977,53.840
czech_republic,1978,54.627
czech_republic,1979,55.252
czech_republic,1980,53.899
czech_republic,1981,53.317
czech_republic,1982,52.647
czech_republic,1983,52.279
czech_republic,1984,53.939
czech_republic,1985,53.502
czech_republic,1986,54.120
czech_republic,1987,55.265
czech_republic,1988,55.522
czech_republic,1989,53.741
czech_republic,1990,47.879
czech_republic,1991,44.298
czech_republic,1992,40.913
czech_republic,1993,40.034
czech_republic,1994,38.943
czech_republic,1995,40.508
czech_republic,1996,41.907
czech_republic,1997,42.144
czech_republic,1998,40.631
czech_republic,1999,37.910
czech_republic,2000,40.683
czech_republic,2001,41.522
czech_republic,2002,41.688
czech_republic,2003,43.865
czech_republic,2004,44.519
czech_republic,2005,44.194
czech_republic,2006,45.143
czech_republic,2007,44.894
czech_republic,2008,43.609
czech_republic,2009,41.224
czech_republic,2010,42.827
czech_republic,2011,42.114
czech_republic,2012,41.734
czech_republic,2013,40.942
czech_republic,2014,40.075
czech_republic,2015,39.620
denmark,1965,14.108
denmark,1966,16.059
denmark,1967,16.146
denmark,1968,16.857
denmark,1969,19.363
denmark,1970,20.631
denmark,1971,19.471
denmark,1972,20.562
denmark,1973,19.857
denmark,1974,18.086
denmark,1975,17.801
denmark,1976,19.596
denmark,1977,20.013
denmark,1978,20.275
denmark,1979,20.223
denmark,1980,19.744
denmark,1981,17.746
denmark,1982,16.976
denmark,1983,16.134
denmark,1984,16.409
denmark,1985,18.520
denmark,1986,18.943
denmark,1987,18.238
denmark,1988,18.030
denmark,1989,16.618
denmark,1990,17.130
denmark,1991,19.770
denmark,1992,18.489
denmark,1993,19.623
denmark,1994,21.076
denmark,1995,20.700
denmark,1996,24.695
denmark,1997,22.354
denmark,1998,21.498
denmark,1999,20.841
denmark,2000,19.989
denmark,2001,20.057
denmark,2002,19.924
denmark,2003,21.458
denmark,2004,20.276
denmark,2005,19.587
denmark,2006,21.660
denmark,2007,20.517
denmark,2008,19.807
denmark,2009,18.553
denmark,2010,19.508
denmark,2011,18.487
denmark,2012,17.117
denmark,2013,17.959
denmark,2014,17.510
denmark,2015,16.943
ecuador,1965,0.73900
ecuador,1966,0.78000
ecuador,1967,0.84500
ecuador,1968,0.99400
ecuador,1969,1.0610
ecuador,1970,1.2670
ecuador,1971,1.3920
ecuador,1972,1.5580
ecuador,1973,1.5440
ecuador,1974,1.7880
ecuador,1975,1.7820
ecuador,1976,1.9660
ecuador,1977,2.4190
ecuador,1978,2.4930
ecuador,1979,2.5890
ecuador,1980,3.2660
ecuador,1981,3.6340
ecuador,1982,3.9990
ecuador,1983,3.9650
ecuador,1984,4.4540
ecuador,1985,5.0270
ecuador,1986,5.2490
ecuador,1987,5.4540
ecuador,1988,5.3440
ecuador,1989,5.4740
ecuador,1990,5.5390
ecuador,1991,6.1740
ecuador,1992,6.0110
ecuador,1993,6.4270
ecuador,1994,7.0180
ecuador,1995,6.5760
ecuador,1996,7.4160
ecuador,1997,8.2730
ecuador,1998,8.3970
ecuador,1999,7.9092
ecuador,2000,8.3222
ecuador,2001,8.1822
ecuador,2002,8.6039
ecuador,2003,8.8598
ecuador,2004,9.1513
ecuador,2005,9.7042
ecuador,2006,10.290
ecuador,2007,10.912
ecuador,2008,11.634
ecuador,2009,11.466
ecuador,2010,12.731
ecuador,2011,13.516
ecuador,2012,14.271
ecuador,2013,14.717
ecuador,2014,15.289
ecuador,2015,15.377
egypt,1965,7.7751
egypt,1966,8.1864
egypt,1967,6.9774
egypt,1968,7.5104
egypt,1969,6.1209
egypt,1970,7.6495
egypt,1971,7.8411
egypt,1972,8.6992
egypt,1973,8.2157
egypt,1974,9.3406
egypt,1975,10.377
egypt,1976,12.429
egypt,1977,13.468
egypt,1978,14.257
egypt,1979,15.629
egypt,1980,17.895
egypt,1981,20.367
egypt,1982,22.747
egypt,1983,24.723
egypt,1984,26.982
egypt,1985,27.946
egypt,1986,28.848
egypt,1987,30.112
egypt,1988,31.125
egypt,1989,32.947
egypt,1990,34.007
egypt,1991,34.577
egypt,1992,34.692
egypt,1993,35.165
egypt,1994,35.839
egypt,1995,37.914
egypt,1996,39.916
egypt,1997,41.569
egypt,1998,43.565
egypt,1999,46.689
egypt,2000,49.309
egypt,2001,52.209
egypt,2002,53.128
egypt,2003,56.530
egypt,2004,59.200
egypt,2005,62.094
egypt,2006,65.428
egypt,2007,69.553
egypt,2008,73.624
egypt,2009,76.463
egypt,2010,80.652
egypt,2011,82.071
egypt,2012,86.313
egypt,2013,85.737
egypt,2014,85.475
egypt,2015,86.188
finland,1965,9.5795
finland,1966,10.889
finland,1967,11.436
finland,1968,12.471
finland,1969,13.789
finland,1970,15.047
finland,1971,15.434
finland,1972,16.294
finland,1973,17.972
finland,1974,17.184
finland,1975,17.463
finland,1976,18.631
finland,1977,19.519
finland,1978,20.286
finland,1979,21.899
finland,1980,21.808
finland,1981,21.828
finland,1982,21.520
finland,1983,21.294
finland,1984,22.218
finland,1985,23.407
finland,1986,23.670
finland,1987,24.886
finland,1988,24.617
finland,1989,24.721
finland,1990,25.836
finland,1991,26.192
finland,1992,25.929
finland,1993,26.178
finland,1994,27.687
finland,1995,26.880
finland,1996,28.427
finland,1997,28.391
finland,1998,29.024
finland,1999,28.867
finland,2000,28.914
finland,2001,29.765
finland,2002,30.107
finland,2003,32.511
finland,2004,32.221
finland,2005,29.271
finland,2006,31.445
finland,2007,31.393
finland,2008,30.413
finland,2009,28.378
finland,2010,30.865
finland,2011,28.552
finland,2012,27.607
finland,2013,27.231
finland,2014,26.277
finland,2015,25.888
france,1965,110.41
france,1966,112.80
france,1967,120.31
france,1968,126.79
france,1969,139.93
france,1970,151.58
france,1971,157.75
france,1972,168.58
france,1973,183.20
france,1974,179.80
france,1975,168.95
france,1976,180.36
france,1977,181.94
france,1978,189.77
france,1979,195.78
france,1980,192.55
france,1981,189.80
france,1982,182.61
france,1983,186.80
france,1984,192.96
france,1985,198.15
france,1986,202.69
france,1987,206.63
france,1988,207.95
france,1989,212.11
france,1990,217.43
france,1991,231.74
france,1992,233.20
france,1993,233.18
france,1994,230.26
france,1995,235.90
france,1996,244.59
france,1997,241.30
france,1998,247.10
france,1999,251.87
france,2000,254.85
france,2001,258.59
france,2002,256.56
france,2003,259.42
france,2004,262.92
france,2005,262.39
france,2006,261.10
france,2007,257.37
france,2008,259.07
france,2009,245.22
france,2010,253.20
france,2011,244.51
france,2012,244.66
france,2013,247.42
france,2014,237.53
france,2015,239.03
germany,1965,253.38
germany,1966,253.79
germany,1967,252.88
germany,1968,270.07
germany,1969,291.28
germany,1970,307.23
germany,1971,309.54
germany,1972,320.39
germany,1973,338.68
germany,1974,332.72
germany,1975,319.32
germany,1976,340.70
germany,1977,339.91
germany,1978,351.25
germany,1979,370.85
germany,1980,358.51
germany,1981,347.11
germany,1982,334.53
germany,1983,339.18
germany,1984,351.28
germany,1985,361.29
germany,1986,358.26
germany,1987,361.01
germany,1988,361.80
germany,1989,358.21
germany,1990,352.42
germany,1991,343.29
germany,1992,335.94
germany,1993,334.32
germany,1994,331.36
germany,1995,333.20
germany,1996,344.86
germany,1997,339.00
germany,1998,336.26
germany,1999,331.44
germany,2000,332.92
germany,2001,339.81
germany,2002,335.76
germany,2003,335.93
germany,2004,335.93
germany,2005,332.35
germany,2006,341.29
germany,2007,327.19
germany,2008,330.73
germany,2009,310.21
germany,2010,323.69
germany,2011,312.26
germany,2012,316.71
germany,2013,325.78
germany,2014,311.94
germany,2015,320.65
greece,1965,6.7300
greece,1966,7.3700
greece,1967,8.1100
greece,1968,8.4250
greece,1969,8.8980
greece,1970,9.8960
greece,1971,11.797
greece,1972,13.237
greece,1973,15.238
greece,1974,14.825
greece,1975,16.903
greece,1976,18.673
greece,1977,19.360
greece,1978,19.666
greece,1979,17.238
greece,1980,17.215
greece,1981,16.598
greece,1982,16.748
greece,1983,16.894
greece,1984,17.625
greece,1985,18.728
greece,1986,18.758
greece,1987,20.532
greece,1988,21.723
greece,1989,23.475
greece,1990,23.284
greece,1991,23.472
greece,1992,23.988
greece,1993,24.264
greece,1994,25.117
greece,1995,25.815
greece,1996,26.353
greece,1997,27.252
greece,1998,29.173
greece,1999,28.999
greece,2000,30.668
greece,2001,31.059
greece,2002,31.083
greece,2003,32.693
greece,2004,32.938
greece,2005,32.941
greece,2006,34.259
greece,2007,34.605
greece,2008,33.464
greece,2009,32.672
greece,2010,31.547
greece,2011,30.690
greece,2012,29.339
greece,2013,27.942
greece,2014,26.272
greece,2015,26.256
hungary,1965,15.652
hungary,1966,15.921
hungary,1967,15.139
hungary,1968,15.704
hungary,1969,16.789
hungary,1970,17.929
hungary,1971,18.561
hungary,1972,19.043
hungary,1973,20.561
hungary,1974,21.108
hungary,1975,22.386
hungary,1976,23.925
hungary,1977,25.053
hungary,1978,26.737
hungary,1979,26.438
hungary,1980,26.385
hungary,1981,26.114
hungary,1982,26.206
hungary,1983,25.727
hungary,1984,26.330
hungary,1985,28.040
hungary,1986,27.852
hungary,1987,29.109
hungary,1988,28.253
hungary,1989,27.645
hungary,1990,27.318
hungary,1991,25.853
hungary,1992,23.929
hungary,1993,23.778
hungary,1994,24.505
hungary,1995,24.648
hungary,1996,25.294
hungary,1997,24.629
hungary,1998,24.673
hungary,1999,24.435
hungary,2000,23.600
hungary,2001,24.265
hungary,2002,23.871
hungary,2003,24.330
hungary,2004,25.074
hungary,2005,27.201
hungary,2006,27.261
hungary,2007,26.743
hungary,2008,26.493
hungary,2009,24.239
hungary,2010,24.930
hungary,2011,23.185
hungary,2012,21.724
hungary,2013,20.496
hungary,2014,20.504
hungary,2015,21.506
india,1965,52.730
india,1966,54.345
india,1967,55.996
india,1968,59.807
india,1969,66.287
india,1970,64.839
india,1971,66.956
india,1972,70.533
india,1973,71.928
india,1974,76.316
india,1975,81.945
india,1976,85.924
india,1977,90.847
india,1978,94.168
india,1979,99.538
india,1980,102.50
india,1981,113.63
india,1982,112.70
india,1983,118.66
india,1984,126.66
india,1985,133.84
india,1986,143.42
india,1987,152.77
india,1988,166.22
india,1989,181.57
india,1990,194.99
india,1991,205.73
india,1992,216.59
india,1993,221.95
india,1994,233.79
india,1995,251.57
india,1996,261.73
india,1997,276.15
india,1998,292.58
india,1999,299.60
india,2000,315.98
india,2001,318.01
india,2002,332.03
india,2003,345.36
india,2004,365.86
india,2005,393.61
india,2006,413.91
india,2007,450.20
india,2008,475.75
india,2009,515.19
india,2010,541.03
india,2011,565.03
india,2012,599.77
india,2013,626.00
india,2014,666.17
india,2015,700.50
indonesia,1965,7.1120
indonesia,1966,7.0480
indonesia,1967,6.9450
indonesia,1968,7.3910
indonesia,1969,8.3460
indonesia,1970,8.9390
indonesia,1971,8.5690
indonesia,1972,9.0690
indonesia,1973,10.194
indonesia,1974,10.945
indonesia,1975,13.462
indonesia,1976,14.171
indonesia,1977,19.095
indonesia,1978,21.154
indonesia,1979,24.150
indonesia,1980,25.808
indonesia,1981,27.947
indonesia,1982,28.371
indonesia,1983,30.227
indonesia,1984,33.087
indonesia,1985,35.200
indonesia,1986,38.289
indonesia,1987,40.543
indonesia,1988,42.784
indonesia,1989,47.326
indonesia,1990,51.908
indonesia,1991,56.103
indonesia,1992,61.743
indonesia,1993,65.239
indonesia,1994,69.916
indonesia,1995,74.497
indonesia,1996,79.304
indonesia,1997,86.135
indonesia,1998,84.665
indonesia,1999,92.265
indonesia,2000,100.11
indonesia,2001,106.15
indonesia,2002,111.37
indonesia,2003,119.97
indonesia,2004,119.12
indonesia,2005,122.07
indonesia,2006,123.93
indonesia,2007,132.87
indonesia,2008,131.30
indonesia,2009,134.91
indonesia,2010,148.82
indonesia,2011,162.83
indonesia,2012,170.83
indonesia,2013,175.01
indonesia,2014,188.34
indonesia,2015,195.65
iran,1965,8.4536
iran,1966,9.1977
iran,1967,10.095
iran,1968,11.080
iran,1969,12.145
iran,1970,14.437
iran,1971,15.792
iran,1972,17.857
iran,1973,21.373
iran,1974,24.113
iran,1975,27.968
iran,1976,31.453
iran,1977,35.539
iran,1978,37.013
iran,1979,39.415
iran,1980,35.547
iran,1981,35.677
iran,1982,40.262
iran,1983,47.636
iran,1984,51.304
iran,1985,56.128
iran,1986,52.565
iran,1987,57.014
iran,1988,59.987
iran,1989,67.329
iran,1990,75.807
iran,1991,83.355
iran,1992,91.547
iran,1993,81.661
iran,1994,92.396
iran,1995,97.230
iran,1996,104.28
iran,1997,108.83
iran,1998,114.21
iran,1999,122.52
iran,2000,128.58
iran,2001,136.33
iran,2002,148.52
iran,2003,151.15
iran,2004,166.26
iran,2005,177.53
iran,2006,194.23
iran,2007,208.20
iran,2008,215.85
iran,2009,226.70
iran,2010,227.82
iran,2011,237.89
iran,2012,238.65
iran,2013,247.62
iran,2014,260.79
iran,2015,267.23
ireland,1965,5.7632
ireland,1966,6.4571
ireland,1967,6.9966
ireland,1968,8.1687
ireland,1969,8.1916
ireland,1970,6.4326
ireland,1971,6.6823
ireland,1972,7.0493
ireland,1973,7.4087
ireland,1974,7.5399
ireland,1975,7.0514
ireland,1976,7.1882
ireland,1977,7.6584
ireland,1978,7.9319
ireland,1979,8.7828
ireland,1980,8.5435
ireland,1981,8.3637
ireland,1982,8.3456
ireland,1983,8.2473
ireland,1984,8.1733
ireland,1985,8.5755
ireland,1986,9.2009
ireland,1987,9.3143
ireland,1988,9.2804
ireland,1989,9.5809
ireland,1990,9.9056
ireland,1991,10.263
ireland,1992,10.325
ireland,1993,10.550
ireland,1994,10.963
ireland,1995,11.178
ireland,1996,11.816
ireland,1997,12.378
ireland,1998,13.293
ireland,1999,14.060
ireland,2000,14.545
ireland,2001,15.532
ireland,2002,15.421
ireland,2003,15.001
ireland,2004,15.208
ireland,2005,15.883
ireland,2006,16.166
ireland,2007,16.681
ireland,2008,16.606
ireland,2009,15.202
ireland,2010,15.174
ireland,2011,14.136
ireland,2012,13.981
ireland,2013,13.701
ireland,2014,13.670
ireland,2015,14.593
israel,1965,3.9473
israel,1966,4.1346
israel,1967,4.3167
israel,1968,4.5252
israel,1969,4.7173
israel,1970,4.9011
israel,1971,5.0984
israel,1972,5.3201
israel,1973,5.5577
israel,1974,5.6795
israel,1975,5.8493
israel,1976,6.1733
israel,1977,6.4490
israel,1978,6.8722
israel,1979,7.5174
israel,1980,8.0127
israel,1981,8.1573
israel,1982,8.4833
israel,1983,8.5411
israel,1984,8.6620
israel,1985,8.4030
israel,1986,8.8360
israel,1987,9.7839
israel,1988,10.487
israel,1989,10.867
israel,1990,11.278
israel,1991,11.703
israel,1992,12.768
israel,1993,13.545
israel,1994,14.816
israel,1995,16.519
israel,1996,17.410
israel,1997,17.143
israel,1998,18.278
israel,1999,18.983
israel,2000,19.797
israel,2001,19.748
israel,2002,20.003
israel,2003,20.556
israel,2004,20.913
israel,2005,21.624
israel,2006,21.681
israel,2007,22.855
israel,2008,23.311
israel,2009,22.321
israel,2010,23.789
israel,2011,24.308
israel,2012,25.160
israel,2013,24.667
israel,2014,24.187
israel,2015,25.566
italy,1965,80.016
italy,1966,87.120
italy,1967,94.086
italy,1968,101.34
italy,1969,109.63
italy,1970,121.10
italy,1971,127.24
italy,1972,131.42
italy,1973,137.02
italy,1974,136.22
italy,1975,132.13
italy,1976,141.67
italy,1977,141.21
italy,1978,144.19
italy,1979,148.46
italy,1980,144.58
italy,1981,142.71
italy,1982,139.06
italy,1983,136.96
italy,1984,138.16
italy,1985,138.31
italy,1986,142.26
italy,1987,146.89
italy,1988,149.76
italy,1989,153.52
italy,1990,154.72
italy,1991,158.13
italy,1992,158.28
italy,1993,155.76
italy,1994,155.61
italy,1995,162.17
italy,1996,162.40
italy,1997,164.26
italy,1998,168.59
italy,1999,173.90
italy,2000,176.07
italy,2001,177.15
italy,2002,175.84
italy,2003,181.88
italy,2004,185.26
italy,2005,185.60
italy,2006,184.90
italy,2007,181.02
italy,2008,179.21
italy,2009,167.07
italy,2010,172.20
italy,2011,168.43
italy,2012,162.17
italy,2013,155.70
italy,2014,146.78
italy,2015,151.70
japan,1965,154.07
japan,1966,171.72
japan,1967,197.47
japan,1968,219.06
japan,1969,251.30
japan,1970,280.11
japan,1971,297.52
japan,1972,312.38
japan,1973,348.47
japan,1974,347.50
japan,1975,331.02
japan,1976,344.77
japan,1977,344.17
japan,1978,353.82
japan,1979,367.46
japan,1980,356.20
japan,1981,350.04
japan,1982,337.92
japan,1983,341.17
japan,1984,367.55
japan,1985,369.57
japan,1986,370.73
japan,1987,379.25
japan,1988,401.54
japan,1989,416.67
japan,1990,434.59
japan,1991,444.98
japan,1992,450.38
japan,1993,456.47
japan,1994,474.90
japan,1995,491.93
japan,1996,501.42
japan,1997,509.41
japan,1998,499.84
japan,1999,507.34
japan,2000,512.68
japan,2001,509.07
japan,2002,508.61
japan,2003,507.28
japan,2004,513.88
japan,2005,522.55
japan,2006,521.76
japan,2007,517.43
japan,2008,510.83
japan,2009,468.96
japan,2010,497.36
japan,2011,471.86
japan,2012,468.49
japan,2013,465.78
japan,2014,453.87
japan,2015,448.49
kazakhstan,1985,67.547
kazakhstan,1986,69.140
kazakhstan,1987,70.706
kazakhstan,1988,73.278
kazakhstan,1989,72.101
kazakhstan,1990,72.878
kazakhstan,1991,72.780
kazakhstan,1992,71.874
kazakhstan,1993,63.455
kazakhstan,1994,57.267
kazakhstan,1995,50.642
kazakhstan,1996,40.303
kazakhstan,1997,37.566
kazakhstan,1998,34.203
kazakhstan,1999,31.696
kazakhstan,2000,31.131
kazakhstan,2001,35.386
kazakhstan,2002,36.604
kazakhstan,2003,41.100
kazakhstan,2004,41.444
kazakhstan,2005,42.429
kazakhstan,2006,47.468
kazakhstan,2007,49.948
kazakhstan,2008,52.844
kazakhstan,2009,47.371
kazakhstan,2010,48.523
kazakhstan,2011,55.032
kazakhstan,2012,57.474
kazakhstan,2013,57.379
kazakhstan,2014,57.705
kazakhstan,2015,54.837
kuwait,1965,6.6318
kuwait,1966,6.5955
kuwait,1967,6.5718
kuwait,1968,6.5608
kuwait,1969,6.5626
kuwait,1970,6.7054
kuwait,1971,6.7080
kuwait,1972,7.4730
kuwait,1973,7.4850
kuwait,1974,7.2110
kuwait,1975,6.5360
kuwait,1976,7.7150
kuwait,1977,7.8910
kuwait,1978,8.6460
kuwait,1979,10.538
kuwait,1980,7.8560
kuwait,1981,9.9400
kuwait,1982,9.8960
kuwait,1983,10.871
kuwait,1984,11.559
kuwait,1985,11.302
kuwait,1986,12.912
kuwait,1987,11.961
kuwait,1988,13.675
kuwait,1989,14.922
kuwait,1990,7.0390
kuwait,1991,3.9360
kuwait,1992,7.2730
kuwait,1993,9.9720
kuwait,1994,12.231
kuwait,1995,15.434
kuwait,1996,15.278
kuwait,1997,15.849
kuwait,1998,19.053
kuwait,1999,19.521
kuwait,2000,20.445
kuwait,2001,21.618
kuwait,2002,21.680
kuwait,2003,25.526
kuwait,2004,28.496
kuwait,2005,30.509
kuwait,2006,28.947
kuwait,2007,28.752
kuwait,2008,30.491
kuwait,2009,31.578
kuwait,2010,34.668
kuwait,2011,35.304
kuwait,2012,38.086
kuwait,2013,39.489
kuwait,2014,39.500
kuwait,2015,41.029
lithuania,1985,15.231
lithuania,1986,14.045
lithuania,1987,14.730
lithuania,1988,15.413
lithuania,1989,16.654
lithuania,1990,16.938
lithuania,1991,17.920
lithuania,1992,10.909
lithuania,1993,8.5199
lithuania,1994,7.4014
lithuania,1995,8.2038
lithuania,1996,8.9180
lithuania,1997,8.2349
lithuania,1998,8.8310
lithuania,1999,7.3584
lithuania,2000,6.5104
lithuania,2001,7.6155
lithuania,2002,8.1172
lithuania,2003,8.5271
lithuania,2004,8.6265
lithuania,2005,7.8794
lithuania,2006,7.5632
lithuania,2007,8.2784
lithuania,2008,8.2311
lithuania,2009,7.5758
lithuania,2010,5.5843
lithuania,2011,5.7997
lithuania,2012,5.8192
lithuania,2013,5.3664
lithuania,2014,5.1699
lithuania,2015,5.2583
malaysia,1965,2.4350
malaysia,1966,2.8386
malaysia,1967,2.8921
malaysia,1968,2.9505
malaysia,1969,3.0869
malaysia,1970,3.4463
malaysia,1971,3.8344
malaysia,1972,4.2907
malaysia,1973,4.6195
malaysia,1974,4.7106
malaysia,1975,4.8873
malaysia,1976,5.4172
malaysia,1977,6.0186
malaysia,1978,8.2274
malaysia,1979,10.049
malaysia,1980,10.818
malaysia,1981,11.078
malaysia,1982,11.926
malaysia,1983,13.720
malaysia,1984,14.810
malaysia,1985,14.654
malaysia,1986,16.425
malaysia,1987,16.921
malaysia,1988,17.944
malaysia,1989,20.066
malaysia,1990,21.659
malaysia,1991,26.280
malaysia,1992,28.305
malaysia,1993,29.668
malaysia,1994,31.622
malaysia,1995,33.520
malaysia,1996,37.131
malaysia,1997,43.206
malaysia,1998,40.324
malaysia,1999,45.344
malaysia,2000,50.545
malaysia,2001,50.833
malaysia,2002,54.253
malaysia,2003,59.592
malaysia,2004,63.354
malaysia,2005,67.481
malaysia,2006,69.592
malaysia,2007,73.084
malaysia,2008,76.481
malaysia,2009,73.624
malaysia,2010,76.925
malaysia,2011,79.291
malaysia,2012,82.839
malaysia,2013,89.009
malaysia,2014,90.307
malaysia,2015,93.143
mexico,1965,24.449
mexico,1966,25.719
mexico,1967,26.001
mexico,1968,28.398
mexico,1969,31.261
mexico,1970,33.281
mexico,1971,34.870
mexico,1972,38.374
mexico,1973,41.278
mexico,1974,45.975
mexico,1975,49.622
mexico,1976,52.916
mexico,1977,55.825
mexico,1978,63.449
mexico,1979,70.400
mexico,1980,76.474
mexico,1981,84.297
mexico,1982,88.164
mexico,1983,87.305
mexico,1984,91.926
mexico,1985,95.759
mexico,1986,92.441
mexico,1987,95.500
mexico,1988,96.019
mexico,1989,100.83
mexico,1990,106.31
mexico,1991,110.81
mexico,1992,112.66
mexico,1993,113.61
mexico,1994,121.26
mexico,1995,117.65
mexico,1996,122.73
mexico,1997,127.39
mexico,1998,134.35
mexico,1999,135.92
mexico,2000,142.21
mexico,2001,141.70
mexico,2002,145.89
mexico,2003,153.04
mexico,2004,155.80
mexico,2005,167.66
mexico,2006,172.91
mexico,2007,170.81
mexico,2008,174.27
mexico,2009,174.05
mexico,2010,178.13
mexico,2011,186.41
mexico,2012,188.47
mexico,2013,188.90
mexico,2014,190.00
mexico,2015,185.00
netherlands,1965,35.437
netherlands,1966,37.917
netherlands,1967,40.108
netherlands,1968,44.781
netherlands,1969,50.001
netherlands,1970,56.348
netherlands,1971,59.369
netherlands,1972,68.892
netherlands,1973,73.236
netherlands,1974,69.467
netherlands,1975,69.938
netherlands,1976,76.258
netherlands,1977,74.960
netherlands,1978,76.295
netherlands,1979,79.037
netherlands,1980,74.159
netherlands,1981,70.468
netherlands,1982,65.012
netherlands,1983,65.248
netherlands,1984,67.780
netherlands,1985,69.862
netherlands,1986,73.289
netherlands,1987,74.786
netherlands,1988,75.053
netherlands,1989,75.369
netherlands,1990,77.057
netherlands,1991,79.512
netherlands,1992,80.277
netherlands,1993,81.179
netherlands,1994,80.735
netherlands,1995,83.307
netherlands,1996,86.276
netherlands,1997,85.407
netherlands,1998,85.961
netherlands,1999,84.957
netherlands,2000,86.986
netherlands,2001,90.635
netherlands,2002,90.535
netherlands,2003,91.457
netherlands,2004,94.355
netherlands,2005,96.074
netherlands,2006,95.346
netherlands,2007,95.007
netherlands,2008,92.985
netherlands,2009,91.799
netherlands,2010,96.053
netherlands,2011,91.461
netherlands,2012,88.367
netherlands,2013,86.366
netherlands,2014,81.077
netherlands,2015,81.623
new_zealand,1965,6.9350
new_zealand,1966,7.3665
new_zealand,1967,7.4266
new_zealand,1968,7.5850
new_zealand,1969,7.7213
new_zealand,1970,8.6410
new_zealand,1971,9.0262
new_zealand,1972,9.6714
new_zealand,1973,10.100
new_zealand,1974,10.110
new_zealand,1975,10.213
new_zealand,1976,10.580
new_zealand,1977,10.879
new_zealand,1978,10.677
new_zealand,1979,10.768
new_zealand,1980,10.825
new_zealand,1981,10.845
new_zealand,1982,11.254
new_zealand,1983,11.688
new_zealand,1984,12.334
new_zealand,1985,12.551
new_zealand,1986,13.950
new_zealand,1987,13.793
new_zealand,1988,14.559
new_zealand,1989,14.890
new_zealand,1990,15.193
new_zealand,1991,15.234
new_zealand,1992,15.316
new_zealand,1993,15.559
new_zealand,1994,16.404
new_zealand,1995,17.532
new_zealand,1996,17.616
new_zealand,1997,17.707
new_zealand,1998,17.719
new_zealand,1999,17.953
new_zealand,2000,18.689
new_zealand,2001,18.611
new_zealand,2002,19.264
new_zealand,2003,18.747
new_zealand,2004,19.255
new_zealand,2005,18.754
new_zealand,2006,19.014
new_zealand,2007,18.986
new_zealand,2008,19.149
new_zealand,2009,19.123
new_zealand,2010,19.713
new_zealand,2011,19.563
new_zealand,2012,19.679
new_zealand,2013,19.878
new_zealand,2014,20.833
new_zealand,2015,20.972
norway,1965,17.038
norway,1966,17.482
norway,1967,18.760
norway,1968,21.009
norway,1969,21.115
norway,1970,22.144
norway,1971,23.364
norway,1972,24.767
norway,1973,26.213
norway,1974,26.226
norway,1975,26.610
norway,1976,28.477
norway,1977,26.324
norway,1978,29.573
norway,1979,31.635
norway,1980,30.077
norway,1981,31.682
norway,1982,31.273
norway,1983,34.330
norway,1984,34.771
norway,1985,34.480
norway,1986,33.792
norway,1987,35.335
norway,1988,36.399
norway,1989,38.661
norway,1990,39.584
norway,1991,36.524
norway,1992,38.492
norway,1993,39.700
norway,1994,38.703
norway,1995,40.786
norway,1996,37.593
norway,1997,39.715
norway,1998,41.086
norway,1999,42.051
norway,2000,46.257
norway,2001,41.928
norway,2002,43.601
norway,2003,39.127
norway,2004,39.827
norway,2005,45.983
norway,2006,42.272
norway,2007,45.720
norway,2008,46.731
norway,2009,43.620
norway,2010,41.918
norway,2011,43.005
norway,2012,47.788
norway,2013,45.019
norway,2014,46.419
norway,2015,47.071
other_africa,1965,19.559
other_africa,1966,21.263
other_africa,1967,21.814
other_africa,1968,22.767
other_africa,1969,24.149
other_africa,1970,26.582
other_africa,1971,30.018
other_africa,1972,32.702
other_africa,1973,35.997
other_africa,1974,37.632
other_africa,1975,38.578
other_africa,1976,42.922
other_africa,1977,45.659
other_africa,1978,47.584
other_africa,1979,52.566
other_africa,1980,55.387
other_africa,1981,57.131
other_africa,1982,58.731
other_africa,1983,58.398
other_africa,1984,56.840
other_africa,1985,60.870
other_africa,1986,62.282
other_africa,1987,64.066
other_africa,1988,68.294
other_africa,1989,71.660
other_africa,1990,73.927
other_africa,1991,73.665
other_africa,1992,76.524
other_africa,1993,78.906
other_africa,1994,81.029
other_africa,1995,83.585
other_africa,1996,86.341
other_africa,1997,88.807
other_africa,1998,91.847
other_africa,1999,93.399
other_africa,2000,96.934
other_africa,2001,102.68
other_africa,2002,106.76
other_africa,2003,108.28
other_africa,2004,117.67
other_africa,2005,122.92
other_africa,2006,122.82
other_africa,2007,127.54
other_africa,2008,134.10
other_africa,2009,132.29
other_africa,2010,144.27
other_africa,2011,140.88
other_africa,2012,150.17
other_africa,2013,155.32
other_africa,2014,162.56
other_africa,2015,169.92
other_asia_pacific,1965,18.061
other_asia_pacific,1966,19.186
other_asia_pacific,1967,20.676
other_asia_pacific,1968,22.259
other_asia_pacific,1969,23.612
other_asia_pacific,1970,24.761
other_asia_pacific,1971,26.790
other_asia_pacific,1972,27.729
other_asia_pacific,1973,28.711
other_asia_pacific,1974,30.403
other_asia_pacific,1975,31.084
other_asia_pacific,1976,32.752
other_asia_pacific,1977,34.551
other_asia_pacific,1978,36.586
other_asia_pacific,1979,39.195
other_asia_pacific,1980,42.077
other_asia_pacific,1981,43.390
other_asia_pacific,1982,45.297
other_asia_pacific,1983,47.158
other_asia_pacific,1984,47.866
other_asia_pacific,1985,50.353
other_asia_pacific,1986,50.986
other_asia_pacific,1987,49.734
other_asia_pacific,1988,50.513
other_asia_pacific,1989,50.155
other_asia_pacific,1990,49.364
other_asia_pacific,1991,48.310
other_asia_pacific,1992,43.727
other_asia_pacific,1993,42.184
other_asia_pacific,1994,40.683
other_asia_pacific,1995,40.136
other_asia_pacific,1996,37.652
other_asia_pacific,1997,37.062
other_asia_pacific,1998,36.523
other_asia_pacific,1999,38.648
other_asia_pacific,2000,41.104
other_asia_pacific,2001,42.399
other_asia_pacific,2002,42.111
other_asia_pacific,2003,44.337
other_asia_pacific,2004,44.597
other_asia_pacific,2005,47.885
other_asia_pacific,2006,50.208
other_asia_pacific,2007,49.233
other_asia_pacific,2008,50.041
other_asia_pacific,2009,50.562
other_asia_pacific,2010,52.965
other_asia_pacific,2011,52.409
other_asia_pacific,2012,53.380
other_asia_pacific,2013,56.549
other_asia_pacific,2014,58.947
other_asia_pacific,2015,61.343
other_europe_eurasia,1965,20.094
other_europe_eurasia,1966,20.830
other_europe_eurasia,1967,21.001
other_europe_eurasia,1968,22.986
other_europe_eurasia,1969,24.586
other_europe_eurasia,1970,26.942
other_europe_eurasia,1971,30.610
other_europe_eurasia,1972,31.936
other_europe_eurasia,1973,33.718
other_europe_eurasia,1974,36.570
other_europe_eurasia,1975,35.906
other_europe_eurasia,1976,38.082
other_europe_eurasia,1977,40.110
other_europe_eurasia,1978,43.562
other_europe_eurasia,1979,46.907
other_europe_eurasia,1980,45.475
other_europe_eurasia,1981,44.939
other_europe_eurasia,1982,46.612
other_europe_eurasia,1983,49.924
other_europe_eurasia,1984,52.144
other_europe_eurasia,1985,118.16
other_europe_eurasia,1986,118.70
other_europe_eurasia,1987,120.31
other_europe_eurasia,1988,125.59
other_europe_eurasia,1989,122.83
other_europe_eurasia,1990,120.98
other_europe_eurasia,1991,105.69
other_europe_eurasia,1992,92.649
other_europe_eurasia,1993,81.195
other_europe_eurasia,1994,72.690
other_europe_eurasia,1995,71.770
other_europe_eurasia,1996,76.110
other_europe_eurasia,1997,77.521
other_europe_eurasia,1998,78.594
other_europe_eurasia,1999,74.666
other_europe_eurasia,2000,76.373
other_europe_eurasia,2001,79.429
other_europe_eurasia,2002,80.718
other_europe_eurasia,2003,84.798
other_europe_eurasia,2004,88.036
other_europe_eurasia,2005,88.449
other_europe_eurasia,2006,92.411
other_europe_eurasia,2007,91.656
other_europe_eurasia,2008,95.289
other_europe_eurasia,2009,93.203
other_europe_eurasia,2010,98.627
other_europe_eurasia,2011,96.940
other_europe_eurasia,2012,94.448
other_europe_eurasia,2013,96.148
other_europe_eurasia,2014,94.129
other_europe_eurasia,2015,95.973
other_middle_east,1965,8.9190
other_middle_east,1966,9.4773
other_middle_east,1967,9.8772
other_middle_east,1968,10.414
other_middle_east,1969,11.245
other_middle_east,1970,11.381
other_middle_east,1971,12.896
other_middle_east,1972,13.520
other_middle_east,1973,14.300
other_middle_east,1974,15.184
other_middle_east,1975,16.634
other_middle_east,1976,19.217
other_middle_east,1977,20.468
other_middle_east,1978,22.456
other_middle_east,1979,27.181
other_middle_east,1980,27.204
other_middle_east,1981,27.808
other_middle_east,1982,31.492
other_middle_east,1983,32.546
other_middle_east,1984,35.848
other_middle_east,1985,38.454
other_middle_east,1986,40.494
other_middle_east,1987,41.418
other_middle_east,1988,45.282
other_middle_east,1989,47.553
other_middle_east,1990,50.707
other_middle_east,1991,50.365
other_middle_east,1992,54.658
other_middle_east,1993,58.641
other_middle_east,1994,62.408
other_middle_east,1995,65.590
other_middle_east,1996,65.866
other_middle_east,1997,68.522
other_middle_east,1998,71.301
other_middle_east,1999,72.930
other_middle_east,2000,78.308
other_middle_east,2001,83.145
other_middle_east,2002,84.758
other_middle_east,2003,86.012
other_middle_east,2004,89.122
other_middle_east,2005,96.084
other_middle_east,2006,94.259
other_middle_east,2007,94.042
other_middle_east,2008,104.79
other_middle_east,2009,110.01
other_middle_east,2010,118.09
other_middle_east,2011,117.44
other_middle_east,2012,119.93
other_middle_east,2013,127.40
other_middle_east,2014,127.62
other_middle_east,2015,131.41
other_s_cent_america,1965,21.421
other_s_cent_america,1966,22.656
other_s_cent_america,1967,23.738
other_s_cent_america,1968,24.295
other_s_cent_america,1969,25.940
other_s_cent_america,1970,27.844
other_s_cent_america,1971,36.930
other_s_cent_america,1972,38.652
other_s_cent_america,1973,41.485
other_s_cent_america,1974,41.105
other_s_cent_america,1975,40.643
other_s_cent_america,1976,42.215
other_s_cent_america,1977,43.624
other_s_cent_america,1978,45.607
other_s_cent_america,1979,47.614
other_s_cent_america,1980,53.385
other_s_cent_america,1981,53.820
other_s_cent_america,1982,49.069
other_s_cent_america,1983,48.186
other_s_cent_america,1984,49.104
other_s_cent_america,1985,46.837
other_s_cent_america,1986,49.377
other_s_cent_america,1987,52.811
other_s_cent_america,1988,52.519
other_s_cent_america,1989,56.431
other_s_cent_america,1990,57.422
other_s_cent_america,1991,57.671
other_s_cent_america,1992,57.273
other_s_cent_america,1993,59.440
other_s_cent_america,1994,63.348
other_s_cent_america,1995,66.516
other_s_cent_america,1996,69.195
other_s_cent_america,1997,74.790
other_s_cent_america,1998,78.270
other_s_cent_america,1999,80.125
other_s_cent_america,2000,81.276
other_s_cent_america,2001,82.837
other_s_cent_america,2002,84.366
other_s_cent_america,2003,88.689
other_s_cent_america,2004,89.269
other_s_cent_america,2005,89.068
other_s_cent_america,2006,91.128
other_s_cent_america,2007,92.337
other_s_cent_america,2008,91.088
other_s_cent_america,2009,90.284
other_s_cent_america,2010,92.695
other_s_cent_america,2011,95.418
other_s_cent_america,2012,96.231
other_s_cent_america,2013,96.108
other_s_cent_america,2014,97.803
other_s_cent_america,2015,99.965
pakistan,1965,7.2450
pakistan,1966,7.3380
pakistan,1967,8.1410
pakistan,1968,9.2300
pakistan,1969,9.3890
pakistan,1970,9.3020
pakistan,1971,9.0230
pakistan,1972,7.9930
pakistan,1973,8.5690
pakistan,1974,9.1900
pakistan,1975,9.9330
pakistan,1976,10.078
pakistan,1977,10.902
pakistan,1978,11.600
pakistan,1979,12.677
pakistan,1980,14.207
pakistan,1981,15.312
pakistan,1982,16.870
pakistan,1983,17.881
pakistan,1984,18.882
pakistan,1985,19.802
pakistan,1986,21.036
pakistan,1987,23.444
pakistan,1988,24.906
pakistan,1989,26.446
pakistan,1990,27.731
pakistan,1991,29.438
pakistan,1992,30.739
pakistan,1993,34.150
pakistan,1994,35.325
pakistan,1995,37.178
pakistan,1996,39.665
pakistan,1997,38.587
pakistan,1998,41.254
pakistan,1999,43.473
pakistan,2000,44.401
pakistan,2001,45.609
pakistan,2002,47.536
pakistan,2003,52.470
pakistan,2004,58.939
pakistan,2005,61.151
pakistan,2006,65.196
pakistan,2007,68.461
pakistan,2008,70.047
pakistan,2009,71.096
pakistan,2010,71.396
pakistan,2011,71.368
pakistan,2012,71.806
pakistan,2013,71.636
pakistan,2014,73.949
pakistan,2015,78.165
peru,1965,4.5934
peru,1966,5.5815
peru,1967,5.6751
peru,1968,5.7855
peru,1969,5.8314
peru,1970,6.0897
peru,1971,6.2843
peru,1972,5.6183
peru,1973,6.3619
peru,1974,7.3301
peru,1975,7.7511
peru,1976,7.9113
peru,1977,7.9797
peru,1978,7.9726
peru,1979,8.2688
peru,1980,8.8572
peru,1981,9.2991
peru,1982,9.3451
peru,1983,8.1307
peru,1984,8.5571
peru,1985,8.4172
peru,1986,9.0307
peru,1987,9.8477
peru,1988,9.6137
peru,1989,8.8097
peru,1990,8.6867
peru,1991,8.5989
peru,1992,8.4479
peru,1993,9.1955
peru,1994,10.050
peru,1995,10.907
peru,1996,11.238
peru,1997,10.997
peru,1998,11.357
peru,1999,11.638
peru,2000,12.010
peru,2001,11.901
peru,2002,12.227
peru,2003,12.084
peru,2004,12.994
peru,2005,13.562
peru,2006,13.752
peru,2007,15.069
peru,2008,16.391
peru,2009,16.728
peru,2010,19.115
peru,2011,20.868
peru,2012,21.708
peru,2013,22.259
peru,2014,22.904
peru,2015,24.136
philippines,1965,4.3923
philippines,1966,4.7780
philippines,1967,5.4207
philippines,1968,6.0569
philippines,1969,6.5036
philippines,1970,7.5516
philippines,1971,8.7241
philippines,1972,8.5067
philippines,1973,10.034
philippines,1974,9.5061
philippines,1975,10.236
philippines,1976,10.609
philippines,1977,11.471
philippines,1978,11.991
philippines,1979,12.477
philippines,1980,12.262
philippines,1981,12.110
philippines,1982,11.782
philippines,1983,12.376
philippines,1984,11.391
philippines,1985,10.943
philippines,1986,11.103
philippines,1987,12.249
philippines,1988,13.507
philippines,1989,14.605
philippines,1990,15.163
philippines,1991,14.792
philippines,1992,17.129
philippines,1993,17.712
philippines,1994,18.808
philippines,1995,21.013
philippines,1996,22.591
philippines,1997,24.344
philippines,1998,24.700
philippines,1999,25.085
philippines,2000,24.924
philippines,2001,24.654
philippines,2002,24.531
philippines,2003,25.435
philippines,2004,26.392
philippines,2005,26.359
philippines,2006,25.647
philippines,2007,26.750
philippines,2008,27.644
philippines,2009,28.008
philippines,2010,28.849
philippines,2011,29.502
philippines,2012,30.476
philippines,2013,32.475
philippines,2014,34.382
philippines,2015,37.712
poland,1965,66.582
poland,1966,67.877
poland,1967,69.840
poland,1968,75.141
poland,1969,80.284
poland,1970,84.698
poland,1971,87.450
poland,1972,92.239
poland,1973,93.940
poland,1974,97.033
poland,1975,104.69
poland,1976,110.31
poland,1977,114.99
poland,1978,120.73
poland,1979,122.57
poland,1980,128.38
poland,1981,115.73
poland,1982,117.93
poland,1983,118.57
poland,1984,123.33
poland,1985,126.13
poland,1986,129.73
poland,1987,133.94
poland,1988,131.38
poland,1989,126.36
poland,1990,104.00
poland,1991,101.78
poland,1992,97.333
poland,1993,97.287
poland,1994,93.071
poland,1995,95.172
poland,1996,99.835
poland,1997,98.791
poland,1998,94.674
poland,1999,92.786
poland,2000,87.169
poland,2001,86.501
poland,2002,85.493
poland,2003,88.484
poland,2004,88.619
poland,2005,90.614
poland,2006,94.082
poland,2007,93.726
poland,2008,95.450
poland,2009,92.039
poland,2010,98.202
poland,2011,98.699
poland,2012,95.718
poland,2013,96.022
poland,2014,92.440
poland,2015,94.968
portugal,1965,4.1073
portugal,1966,4.4731
portugal,1967,4.7887
portugal,1968,4.8795
portugal,1969,5.2614
portugal,1970,6.3387
portugal,1971,6.9860
portugal,1972,7.5843
portugal,1973,8.3936
portugal,1974,8.7897
portugal,1975,8.7618
portugal,1976,8.7150
portugal,1977,9.7640
portugal,1978,10.281
portugal,1979,10.917
portugal,1980,10.671
portugal,1981,10.561
portugal,1982,11.370
portugal,1983,11.771
portugal,1984,12.215
portugal,1985,12.402
portugal,1986,13.179
portugal,1987,13.469
portugal,1988,14.864
portugal,1989,16.286
portugal,1990,16.750
portugal,1991,17.460
portugal,1992,17.925
portugal,1993,18.279
portugal,1994,19.110
portugal,1995,20.488
portugal,1996,20.950
portugal,1997,21.359
portugal,1998,23.387
portugal,1999,24.024
portugal,2000,24.676
portugal,2001,25.109
portugal,2002,25.070
portugal,2003,25.674
portugal,2004,25.282
portugal,2005,25.418
portugal,2006,25.112
portugal,2007,25.177
portugal,2008,24.181
portugal,2009,24.385
portugal,2010,25.629
portugal,2011,24.456
portugal,2012,22.360
portugal,2013,24.461
portugal,2014,24.630
portugal,2015,24.081
qatar,1965,0.12000
qatar,1966,0.12100
qatar,1967,0.17200
qatar,1968,0.55400
qatar,1969,0.87200
qatar,1970,0.99750
qatar,1971,0.99350
qatar,1972,1.0987
qatar,1973,1.5600
qatar,1974,1.3562
qatar,1975,2.0267
qatar,1976,1.2926
qatar,1977,1.8059
qatar,1978,1.7291
qatar,1979,4.3578
qatar,1980,4.9599
qatar,1981,4.6467
qatar,1982,5.5985
qatar,1983,5.8605
qatar,1984,6.6350
qatar,1985,6.7390
qatar,1986,7.3720
qatar,1987,7.3410
qatar,1988,6.7750
qatar,1989,7.2370
qatar,1990,7.3850
qatar,1991,8.3410
qatar,1992,12.893
qatar,1993,13.709
qatar,1994,13.814
qatar,1995,13.895
qatar,1996,14.181
qatar,1997,15.010
qatar,1998,15.313
qatar,1999,14.498
qatar,2000,11.776
qatar,2001,11.791
qatar,2002,12.806
qatar,2003,14.048
qatar,2004,16.926
qatar,2005,20.735
qatar,2006,22.154
qatar,2007,26.445
qatar,2008,23.276
qatar,2009,23.918
qatar,2010,35.447
qatar,2011,26.712
qatar,2012,31.571
qatar,2013,47.814
qatar,2014,45.739
qatar,2015,51.531
romania,1965,25.464
romania,1966,27.180
romania,1967,30.287
romania,1968,32.192
romania,1969,37.043
romania,1970,39.345
romania,1971,41.744
romania,1972,43.821
romania,1973,47.593
romania,1974,48.021
romania,1975,52.154
romania,1976,56.480
romania,1977,59.902
romania,1978,64.385
romania,1979,65.426
romania,1980,66.176
romania,1981,66.564
romania,1982,66.084
romania,1983,65.720
romania,1984,65.226
romania,1985,64.565
romania,1986,66.213
romania,1987,68.398
romania,1988,69.262
romania,1989,69.435
romania,1990,61.584
romania,1991,51.286
romania,1992,48.906
romania,1993,47.870
romania,1994,46.378
romania,1995,49.663
romania,1996,49.368
romania,1997,46.537
romania,1998,42.327
romania,1999,37.118
romania,2000,37.461
romania,2001,37.775
romania,2002,39.818
romania,2003,39.461
romania,2004,40.902
romania,2005,40.971
romania,2006,39.614
romania,2007,38.588
romania,2008,39.020
romania,2009,33.465
romania,2010,33.782
romania,2011,34.685
romania,2012,33.951
romania,2013,31.489
romania,2014,32.504
romania,2015,33.076
russian_federation,1985,819.45
russian_federation,1986,833.89
russian_federation,1987,861.51
russian_federation,1988,877.10
russian_federation,1989,880.47
russian_federation,1990,865.42
russian_federation,1991,853.99
russian_federation,1992,822.44
russian_federation,1993,767.81
russian_federation,1994,700.02
russian_federation,1995,662.40
russian_federation,1996,637.96
russian_federation,1997,602.48
russian_federation,1998,602.21
russian_federation,1999,608.72
russian_federation,2000,620.30
russian_federation,2001,630.70
russian_federation,2002,628.51
russian_federation,2003,641.61
russian_federation,2004,648.01
russian_federation,2005,647.22
russian_federation,2006,676.11
russian_federation,2007,680.51
russian_federation,2008,683.51
russian_federation,2009,648.00
russian_federation,2010,673.32
russian_federation,2011,694.90
russian_federation,2012,695.27
russian_federation,2013,688.02
russian_federation,2014,689.85
russian_federation,2015,666.81
saudi_arabia,1965,20.146
saudi_arabia,1966,20.429
saudi_arabia,1967,20.737
saudi_arabia,1968,21.074
saudi_arabia,1969,21.448
saudi_arabia,1970,22.495
saudi_arabia,1971,22.496
saudi_arabia,1972,24.118
saudi_arabia,1973,25.741
saudi_arabia,1974,27.339
saudi_arabia,1975,21.719
saudi_arabia,1976,25.107
saudi_arabia,1977,29.735
saudi_arabia,1978,33.232
saudi_arabia,1979,40.285
saudi_arabia,1980,36.476
saudi_arabia,1981,43.577
saudi_arabia,1982,47.974
saudi_arabia,1983,51.791
saudi_arabia,1984,62.353
saudi_arabia,1985,63.676
saudi_arabia,1986,68.658
saudi_arabia,1987,72.887
saudi_arabia,1988,76.258
saudi_arabia,1989,74.944
saudi_arabia,1990,81.377
saudi_arabia,1991,85.187
saudi_arabia,1992,86.237
saudi_arabia,1993,88.159
saudi_arabia,1994,101.46
saudi_arabia,1995,98.860
saudi_arabia,1996,102.12
saudi_arabia,1997,104.03
saudi_arabia,1998,109.52
saudi_arabia,1999,111.43
saudi_arabia,2000,116.91
saudi_arabia,2001,124.24
saudi_arabia,2002,129.28
saudi_arabia,2003,136.98
saudi_arabia,2004,148.69
saudi_arabia,2005,158.37
saudi_arabia,2006,164.51
saudi_arabia,2007,171.43
saudi_arabia,2008,186.85
saudi_arabia,2009,196.54
saudi_arabia,2010,216.06
saudi_arabia,2011,222.22
saudi_arabia,2012,235.68
saudi_arabia,2013,237.40
saudi_arabia,2014,252.42
saudi_arabia,2015,263.96
singapore,1965,4.1129
singapore,1966,4.7020
singapore,1967,5.6604
singapore,1968,7.0413
singapore,1969,6.9210
singapore,1970,7.5098
singapore,1971,6.5160
singapore,1972,8.1700
singapore,1973,7.6803
singapore,1974,7.5653
singapore,1975,7.3873
singapore,1976,8.7844
singapore,1977,8.8153
singapore,1978,9.0536
singapore,1979,9.6487
singapore,1980,9.5790
singapore,1981,11.034
singapore,1982,10.726
singapore,1983,11.361
singapore,1984,11.932
singapore,1985,12.151
singapore,1986,14.118
singapore,1987,14.815
singapore,1988,17.158
singapore,1989,19.585
singapore,1990,23.363
singapore,1991,23.811
singapore,1992,25.676
singapore,1993,28.062
singapore,1994,32.077
singapore,1995,33.393
singapore,1996,33.677
singapore,1997,35.372
singapore,1998,35.773
singapore,1999,35.401
singapore,2000,37.861
singapore,2001,42.877
singapore,2002,41.291
singapore,2003,38.935
singapore,2004,43.713
singapore,2005,47.380
singapore,2006,52.320
singapore,2007,56.145
singapore,2008,59.786
singapore,2009,64.282
singapore,2010,68.996
singapore,2011,71.743
singapore,2012,71.929
singapore,2013,73.878
singapore,2014,76.267
singapore,2015,80.213
slovakia,1965,9.1287
slovakia,1966,9.4567
slovakia,1967,9.5192
slovakia,1968,10.165
slovakia,1969,10.756
slovakia,1970,11.791
slovakia,1971,12.507
slovakia,1972,13.162
slovakia,1973,13.652
slovakia,1974,14.259
slovakia,1975,14.802
slovakia,1976,15.383
slovakia,1977,16.296
slovakia,1978,17.065
slovakia,1979,17.764
slovakia,1980,19.583
slovakia,1981,19.161
slovakia,1982,18.955
slovakia,1983,19.007
slovakia,1984,20.457
slovakia,1985,21.487
slovakia,1986,21.095
slovakia,1987,21.453
slovakia,1988,21.677
slovakia,1989,21.755
slovakia,1990,21.114
slovakia,1991,19.043
slovakia,1992,17.844
slovakia,1993,17.398
slovakia,1994,16.985
slovakia,1995,17.377
slovakia,1996,17.726
slovakia,1997,17.411
slovakia,1998,17.681
slovakia,1999,17.701
slovakia,2000,18.225
slovakia,2001,18.828
slovakia,2002,18.881
slovakia,2003,18.405
slovakia,2004,17.974
slovakia,2005,19.003
slovakia,2006,18.399
slovakia,2007,17.281
slovakia,2008,17.937
slovakia,2009,16.343
slovakia,2010,17.427
slovakia,2011,16.793
slovakia,2012,16.190
slovakia,2013,16.849
slovakia,2014,15.513
slovakia,2015,15.844
south_africa,1965,30.263
south_africa,1966,30.438
south_africa,1967,31.671
south_africa,1968,33.420
south_africa,1969,34.396
south_africa,1970,35.934
south_africa,1971,38.659
south_africa,1972,39.884
south_africa,1973,42.724
south_africa,1974,44.136
south_africa,1975,47.018
south_africa,1976,49.070
south_africa,1977,50.296
south_africa,1978,49.780
south_africa,1979,51.443
south_africa,1980,55.148
south_africa,1981,64.206
south_africa,1982,69.086
south_africa,1983,70.011
south_africa,1984,76.488
south_africa,1985,78.126
south_africa,1986,79.569
south_africa,1987,80.810
south_africa,1988,88.941
south_africa,1989,84.925
south_africa,1990,86.387
south_africa,1991,85.709
south_africa,1992,86.691
south_africa,1993,87.306
south_africa,1994,91.051
south_africa,1995,95.110
south_africa,1996,97.178
south_africa,1997,99.452
south_africa,1998,97.800
south_africa,1999,101.06
south_africa,2000,101.10
south_africa,2001,101.53
south_africa,2002,98.697
south_africa,2003,107.26
south_africa,2004,117.02
south_africa,2005,110.82
south_africa,2006,113.02
south_africa,2007,116.33
south_africa,2008,125.75
south_africa,2009,124.45
south_africa,2010,126.37
south_africa,2011,125.94
south_africa,2012,123.73
south_africa,2013,124.63
south_africa,2014,127.97
south_africa,2015,124.25
south_korea,1965,6.4000
south_korea,1966,7.7580
south_korea,1967,8.9070
south_korea,1968,10.203
south_korea,1969,12.307
south_korea,1970,14.285
south_korea,1971,15.450
south_korea,1972,16.018
south_korea,1973,19.821
south_korea,1974,20.587
south_korea,1975,22.611
south_korea,1976,25.311
south_korea,1977,29.094
south_korea,1978,32.500
south_korea,1979,37.449
south_korea,1980,38.559
south_korea,1981,40.384
south_korea,1982,40.440
south_korea,1983,43.847
south_korea,1984,47.847
south_korea,1985,52.721
south_korea,1986,59.062
south_korea,1987,65.409
south_korea,1988,73.135
south_korea,1989,79.570
south_korea,1990,90.041
south_korea,1991,101.11
south_korea,1992,113.55
south_korea,1993,124.46
south_korea,1994,134.36
south_korea,1995,147.11
south_korea,1996,162.00
south_korea,1997,177.52
south_korea,1998,163.73
south_korea,1999,178.37
south_korea,2000,189.42
south_korea,2001,193.86
south_korea,2002,202.95
south_korea,2003,209.76
south_korea,2004,213.94
south_korea,2005,220.95
south_korea,2006,222.86
south_korea,2007,231.87
south_korea,2008,236.40
south_korea,2009,237.36
south_korea,2010,254.58
south_korea,2011,267.79
south_korea,2012,270.54
south_korea,2013,270.89
south_korea,2014,273.07
south_korea,2015,276.93
spain,1965,28.442
spain,1966,32.052
spain,1967,34.678
spain,1968,36.472
spain,1969,41.212
spain,1970,44.566
spain,1971,49.037
spain,1972,52.634
spain,1973,57.996
spain,1974,60.562
spain,1975,62.200
spain,1976,66.573
spain,1977,68.474
spain,1978,68.268
spain,1979,73.464
spain,1980,74.355
spain,1981,75.009
spain,1982,75.087
spain,1983,76.773
spain,1984,77.448
spain,1985,76.556
spain,1986,78.461
spain,1987,81.155
spain,1988,84.481
spain,1989,89.109
spain,1990,88.580
spain,1991,91.497
spain,1992,96.497
spain,1993,92.941
spain,1994,96.535
spain,1995,102.26
spain,1996,106.10
spain,1997,112.53
spain,1998,118.33
spain,1999,122.71
spain,2000,129.40
spain,2001,134.30
spain,2002,136.40
spain,2003,144.51
spain,2004,150.74
spain,2005,152.31
spain,2006,154.08
spain,2007,158.01
spain,2008,153.72
spain,2009,142.81
spain,2010,146.20
spain,2011,143.11
spain,2012,142.38
spain,2013,134.18
spain,2014,132.09
spain,2015,134.39
sweden,1965,31.693
sweden,1966,33.924
sweden,1967,34.304
sweden,1968,36.647
sweden,1969,38.090
sweden,1970,40.604
sweden,1971,41.011
sweden,1972,42.337
sweden,1973,44.967
sweden,1974,41.643
sweden,1975,43.998
sweden,1976,47.018
sweden,1977,46.230
sweden,1978,46.637
sweden,1979,48.360
sweden,1980,46.055
sweden,1981,46.215
sweden,1982,44.282
sweden,1983,44.731
sweden,1984,47.697
sweden,1985,52.018
sweden,1986,53.219
sweden,1987,53.629
sweden,1988,52.846
sweden,1989,52.443
sweden,1990,53.393
sweden,1991,51.930
sweden,1992,52.405
sweden,1993,51.868
sweden,1994,52.142
sweden,1995,52.419
sweden,1996,51.036
sweden,1997,52.563
sweden,1998,53.804
sweden,1999,53.774
sweden,2000,50.831
sweden,2001,54.766
sweden,2002,51.786
sweden,2003,50.027
sweden,2004,54.609
sweden,2005,55.451
sweden,2006,52.248
sweden,2007,53.272
sweden,2008,52.943
sweden,2009,48.255
sweden,2010,52.065
sweden,2011,51.472
sweden,2012,54.716
sweden,2013,51.411
sweden,2014,51.705
sweden,2015,53.015
switzerland,1965,14.765
switzerland,1966,15.832
switzerland,1967,16.907
switzerland,1968,17.799
switzerland,1969,18.439
switzerland,1970,20.374
switzerland,1971,20.997
switzerland,1972,20.382
switzerland,1973,22.576
switzerland,1974,21.321
switzerland,1975,22.168
switzerland,1976,21.330
switzerland,1977,23.583
switzerland,1978,23.230
switzerland,1979,22.697
switzerland,1980,24.663
switzerland,1981,24.531
switzerland,1982,24.003
switzerland,1983,25.001
switzerland,1984,24.201
switzerland,1985,26.105
switzerland,1986,27.440
switzerland,1987,27.220
switzerland,1988,27.409
switzerland,1989,25.676
switzerland,1990,26.754
switzerland,1991,27.459
switzerland,1992,27.878
switzerland,1993,27.772
switzerland,1994,29.155
switzerland,1995,27.660
switzerland,1996,26.727
switzerland,1997,28.591
switzerland,1998,28.770
switzerland,1999,29.738
switzerland,2000,29.021
switzerland,2001,31.091
switzerland,2002,29.062
switzerland,2003,28.828
switzerland,2004,28.505
switzerland,2005,27.435
switzerland,2006,28.670
switzerland,2007,28.394
switzerland,2008,29.415
switzerland,2009,29.429
switzerland,2010,28.720
switzerland,2011,27.202
switzerland,2012,28.813
switzerland,2013,29.672
switzerland,2014,28.443
switzerland,2015,27.884
taiwan,1965,6.1860
taiwan,1966,6.6270
taiwan,1967,7.1750
taiwan,1968,8.2850
taiwan,1969,8.5880
taiwan,1970,9.2851
taiwan,1971,11.494
taiwan,1972,12.299
taiwan,1973,14.383
taiwan,1974,13.746
taiwan,1975,15.130
taiwan,1976,18.294
taiwan,1977,20.066
taiwan,1978,23.679
taiwan,1979,25.068
taiwan,1980,26.449
taiwan,1981,24.609
taiwan,1982,24.844
taiwan,1983,27.857
taiwan,1984,29.412
taiwan,1985,34.351
taiwan,1986,37.329
taiwan,1987,40.081
taiwan,1988,44.079
taiwan,1989,46.878
taiwan,1990,49.732
taiwan,1991,52.567
taiwan,1992,55.430
taiwan,1993,58.838
taiwan,1994,62.143
taiwan,1995,65.866
taiwan,1996,68.696
taiwan,1997,73.222
taiwan,1998,77.451
taiwan,1999,85.662
taiwan,2000,87.318
taiwan,2001,89.765
taiwan,2002,93.528
taiwan,2003,97.590
taiwan,2004,102.79
taiwan,2005,103.38
taiwan,2006,105.65
taiwan,2007,110.32
taiwan,2008,104.18
taiwan,2009,102.43
taiwan,2010,108.64
taiwan,2011,108.67
taiwan,2012,108.43
taiwan,2013,109.94
taiwan,2014,111.39
taiwan,2015,110.69
thailand,1965,2.5930
thailand,1966,3.0720
thailand,1967,3.5330
thailand,1968,4.4780
thailand,1969,4.7330
thailand,1970,5.6510
thailand,1971,6.3100
thailand,1972,7.7040
thailand,1973,8.1620
thailand,1974,8.4660
thailand,1975,9.0600
thailand,1976,9.5790
thailand,1977,10.559
thailand,1978,11.571
thailand,1979,12.156
thailand,1980,12.265
thailand,1981,12.394
thailand,1982,12.629
thailand,1983,13.788
thailand,1984,15.481
thailand,1985,16.240
thailand,1986,17.559
thailand,1987,20.285
thailand,1988,22.767
thailand,1989,26.166
thailand,1990,30.939
thailand,1991,34.325
thailand,1992,37.770
thailand,1993,42.937
thailand,1994,48.136
thailand,1995,52.894
thailand,1996,59.680
thailand,1997,62.883
thailand,1998,58.725
thailand,1999,62.569
thailand,2000,63.830
thailand,2001,66.833
thailand,2002,73.528
thailand,2003,79.482
thailand,2004,85.150
thailand,2005,88.457
thailand,2006,88.777
thailand,2007,93.620
thailand,2008,95.142
thailand,2009,98.411
thailand,2010,105.76
thailand,2011,110.16
thailand,2012,117.98
thailand,2013,120.34
thailand,2014,123.43
thailand,2015,124.85
total_africa,1965,59.740
total_africa,1966,62.452
total_africa,1967,62.885
total_africa,1968,66.297
total_africa,1969,67.561
total_africa,1970,73.323
total_africa,1971,79.936
total_africa,1972,85.133
total_africa,1973,91.540
total_africa,1974,96.209
total_africa,1975,102.11
total_africa,1976,111.58
total_africa,1977,117.30
total_africa,1978,121.62
total_africa,1979,132.82
total_africa,1980,144.25
total_africa,1981,161.02
total_africa,1982,172.84
total_africa,1983,177.47
total_africa,1984,183.52
total_africa,1985,190.30
total_africa,1986,195.47
total_africa,1987,200.43
total_africa,1988,215.72
total_africa,1989,216.07
total_africa,1990,222.41
total_africa,1991,221.78
total_africa,1992,226.48
total_africa,1993,227.89
total_africa,1994,234.84
total_africa,1995,244.62
total_africa,1996,251.24
total_africa,1997,256.49
total_africa,1998,260.79
total_africa,1999,269.07
total_africa,2000,274.18
total_africa,2001,284.23
total_africa,2002,287.29
total_africa,2003,302.12
total_africa,2004,325.07
total_africa,2005,328.49
total_africa,2006,335.08
total_africa,2007,348.99
total_africa,2008,371.14
total_africa,2009,373.14
total_africa,2010,390.16
total_africa,2011,390.15
total_africa,2012,405.39
total_africa,2013,413.62
total_africa,2014,428.24
total_africa,2015,435.00
total_asia_pacific,1965,441.32
total_asia_pacific,1966,482.62
total_asia_pacific,1967,506.04
total_asia_pacific,1968,544.13
total_asia_pacific,1969,619.97
total_asia_pacific,1970,704.26
total_asia_pacific,1971,770.01
total_asia_pacific,1972,816.01
total_asia_pacific,1973,883.09
total_asia_pacific,1974,900.02
total_asia_pacific,1975,933.35
total_asia_pacific,1976,980.29
total_asia_pacific,1977,1034.4
total_asia_pacific,1978,1099.6
total_asia_pacific,1979,1149.9
total_asia_pacific,1980,1161.9
total_asia_pacific,1981,1169.1
total_asia_pacific,1982,1179.4
total_asia_pacific,1983,1231.5
total_asia_pacific,1984,1316.1
total_asia_pacific,1985,1382.6
total_asia_pacific,1986,1444.4
total_asia_pacific,1987,1527.4
total_asia_pacific,1988,1637.3
total_asia_pacific,1989,1728.1
total_asia_pacific,1990,1797.8
total_asia_pacific,1991,1881.0
total_asia_pacific,1992,1966.5
total_asia_pacific,1993,2070.0
total_asia_pacific,1994,2182.7
total_asia_pacific,1995,2283.9
total_asia_pacific,1996,2390.7
total_asia_pacific,1997,2462.2
total_asia_pacific,1998,2460.1
total_asia_pacific,1999,2553.2
total_asia_pacific,2000,2646.3
total_asia_pacific,2001,2736.4
total_asia_pacific,2002,2880.0
total_asia_pacific,2003,3122.2
total_asia_pacific,2004,3420.6
total_asia_pacific,2005,3705.7
total_asia_pacific,2006,3927.1
total_asia_pacific,2007,4174.9
total_asia_pacific,2008,4292.9
total_asia_pacific,2009,4403.9
total_asia_pacific,2010,4686.8
total_asia_pacific,2011,4931.6
total_asia_pacific,2012,5098.9
total_asia_pacific,2013,5255.9
total_asia_pacific,2014,5386.6
total_asia_pacific,2015,5498.5
total_europe_eurasia,1965,1645.3
total_europe_eurasia,1966,1714.1
total_europe_eurasia,1967,1777.0
total_europe_eurasia,1968,1874.9
total_europe_eurasia,1969,1995.0
total_europe_eurasia,1970,2113.1
total_europe_eurasia,1971,2185.9
total_europe_eurasia,1972,2289.8
total_europe_eurasia,1973,2416.2
total_europe_eurasia,1974,2441.5
total_europe_eurasia,1975,2468.8
total_europe_eurasia,1976,2595.2
total_europe_eurasia,1977,2664.1
total_europe_eurasia,1978,2758.1
total_europe_eurasia,1979,2852.0
total_europe_eurasia,1980,2834.4
total_europe_eurasia,1981,2815.2
total_europe_eurasia,1982,2813.1
total_europe_eurasia,1983,2853.8
total_europe_eurasia,1984,2940.4
total_europe_eurasia,1985,3034.9
total_europe_eurasia,1986,3092.0
total_europe_eurasia,1987,3166.9
total_europe_eurasia,1988,3210.2
total_europe_eurasia,1989,3206.7
total_europe_eurasia,1990,3197.3
total_europe_eurasia,1991,3146.7
total_europe_eurasia,1992,3043.3
total_europe_eurasia,1993,2924.2
total_europe_eurasia,1994,2802.1
total_europe_eurasia,1995,2784.5
total_europe_eurasia,1996,2805.3
total_europe_eurasia,1997,2765.2
total_europe_eurasia,1998,2776.8
total_europe_eurasia,1999,2776.9
total_europe_eurasia,2000,2813.9
total_europe_eurasia,2001,2858.4
total_europe_eurasia,2002,2853.3
total_europe_eurasia,2003,2911.9
total_europe_eurasia,2004,2953.6
total_europe_eurasia,2005,2965.2
total_europe_eurasia,2006,3024.4
total_europe_eurasia,2007,3012.9
total_europe_eurasia,2008,3020.8
total_europe_eurasia,2009,2838.2
total_europe_eurasia,2010,2948.5
total_europe_eurasia,2011,2934.2
total_europe_eurasia,2012,2934.3
total_europe_eurasia,2013,2898.0
total_europe_eurasia,2014,2832.3
total_europe_eurasia,2015,2834.4
total_middle_east,1965,48.288
total_middle_east,1966,50.031
total_middle_east,1967,52.260
total_middle_east,1968,54.839
total_middle_east,1969,57.622
total_middle_east,1970,61.790
total_middle_east,1971,65.317
total_middle_east,1972,70.809
total_middle_east,1973,77.854
total_middle_east,1974,82.891
total_middle_east,1975,82.855
total_middle_east,1976,93.635
total_middle_east,1977,106.32
total_middle_east,1978,115.08
total_middle_east,1979,135.30
total_middle_east,1980,129.57
total_middle_east,1981,140.95
total_middle_east,1982,155.74
total_middle_east,1983,168.79
total_middle_east,1984,190.83
total_middle_east,1985,202.68
total_middle_east,1986,212.63
total_middle_east,1987,224.73
total_middle_east,1988,239.25
total_middle_east,1989,253.10
total_middle_east,1990,264.20
total_middle_east,1991,280.27
total_middle_east,1992,301.45
total_middle_east,1993,303.22
total_middle_east,1994,338.42
total_middle_east,1995,350.68
total_middle_east,1996,363.74
total_middle_east,1997,376.00
total_middle_east,1998,395.44
total_middle_east,1999,408.07
total_middle_east,2000,423.77
total_middle_east,2001,450.35
total_middle_east,2002,469.95
total_middle_east,2003,490.64
total_middle_east,2004,530.71
total_middle_east,2005,567.81
total_middle_east,2006,591.96
total_middle_east,2007,624.82
total_middle_east,2008,668.59
total_middle_east,2009,693.71
total_middle_east,2010,742.10
total_middle_east,2011,755.30
total_middle_east,2012,784.32
total_middle_east,2013,821.57
total_middle_east,2014,849.23
total_middle_east,2015,884.66
total_north_america,1965,1427.3
total_north_america,1966,1509.0
total_north_america,1967,1562.4
total_north_america,1968,1659.1
total_north_america,1969,1750.4
total_north_america,1970,1816.6
total_north_america,1971,1854.8
total_north_america,1972,1952.1
total_north_america,1973,2034.7
total_north_america,1974,1998.8
total_north_america,1975,1953.1
total_north_america,1976,2058.6
total_north_america,1977,2116.1
total_north_america,1978,2125.9
total_north_america,1979,2160.9
total_north_america,1980,2106.1
total_north_america,1981,2055.8
total_north_america,1982,1986.0
total_north_america,1983,1972.1
total_north_america,1984,2080.2
total_north_america,1985,2085.6
total_north_america,1986,2088.6
total_north_america,1987,2160.4
total_north_america,1988,2255.5
total_north_america,1989,2317.8
total_north_america,1990,2325.0
total_north_america,1991,2327.6
total_north_america,1992,2367.5
total_north_america,1993,2416.4
total_north_america,1994,2471.4
total_north_america,1995,2519.0
total_north_america,1996,2604.7
total_north_america,1997,2628.4
total_north_america,1998,2643.5
total_north_america,1999,2690.4
total_north_america,2000,2757.8
total_north_america,2001,2696.9
total_north_america,2002,2744.0
total_north_america,2003,2766.4
total_north_america,2004,2819.1
total_north_america,2005,2841.8
total_north_america,2006,2827.2
total_north_america,2007,2869.5
total_north_america,2008,2821.9
total_north_america,2009,2691.7
total_north_america,2010,2779.8
total_north_america,2011,2781.2
total_north_america,2012,2725.4
total_north_america,2013,2795.6
total_north_america,2014,2826.0
total_north_america,2015,2795.5
total_s_cent_america,1965,108.29
total_s_cent_america,1966,115.04
total_s_cent_america,1967,119.57
total_s_cent_america,1968,126.75
total_s_cent_america,1969,133.14
total_s_cent_america,1970,140.84
total_s_cent_america,1971,156.10
total_s_cent_america,1972,168.13
total_s_cent_america,1973,184.30
total_s_cent_america,1974,193.43
total_s_cent_america,1975,195.41
total_s_cent_america,1976,208.96
total_s_cent_america,1977,221.07
total_s_cent_america,1978,233.73
total_s_cent_america,1979,248.78
total_s_cent_america,1980,262.13
total_s_cent_america,1981,261.77
total_s_cent_america,1982,264.18
total_s_cent_america,1983,266.39
total_s_cent_america,1984,276.79
total_s_cent_america,1985,282.81
total_s_cent_america,1986,302.23
total_s_cent_america,1987,313.65
total_s_cent_america,1988,322.14
total_s_cent_america,1989,328.42
total_s_cent_america,1990,329.37
total_s_cent_america,1991,337.74
total_s_cent_america,1992,353.75
total_s_cent_america,1993,367.79
total_s_cent_america,1994,389.33
total_s_cent_america,1995,406.31
total_s_cent_america,1996,423.81
total_s_cent_america,1997,445.73
total_s_cent_america,1998,461.55
total_s_cent_america,1999,462.50
total_s_cent_america,2000,472.33
total_s_cent_america,2001,475.06
total_s_cent_america,2002,480.80
total_s_cent_america,2003,488.65
total_s_cent_america,2004,513.56
total_s_cent_america,2005,531.09
total_s_cent_america,2006,562.20
total_s_cent_america,2007,586.23
total_s_cent_america,2008,605.44
total_s_cent_america,2009,597.89
total_s_cent_america,2010,633.88
total_s_cent_america,2011,658.03
total_s_cent_america,2012,673.81
total_s_cent_america,2013,688.53
total_s_cent_america,2014,698.21
total_s_cent_america,2015,699.26
total_world,1965,3730.2
total_world,1966,3933.2
total_world,1967,4080.1
total_world,1968,4326.0
total_world,1969,4623.7
total_world,1970,4909.9
total_world,1971,5112.1
total_world,1972,5382.0
total_world,1973,5687.7
total_world,1974,5712.9
total_world,1975,5735.6
total_world,1976,6048.2
total_world,1977,6259.2
total_world,1978,6453.9
total_world,1979,6679.7
total_world,1980,6638.3
total_world,1981,6603.8
total_world,1982,6571.2
total_world,1983,6670.0
total_world,1984,6987.8
total_world,1985,7179.0
total_world,1986,7335.2
total_world,1987,7593.5
total_world,1988,7880.1
total_world,1989,8050.1
total_world,1990,8136.1
total_world,1991,8195.1
total_world,1992,8259.1
total_world,1993,8309.5
total_world,1994,8418.8
total_world,1995,8588.9
total_world,1996,8839.5
total_world,1997,8934.0
total_world,1998,8998.1
total_world,1999,9160.2
total_world,2000,9388.3
total_world,2001,9501.3
total_world,2002,9715.3
total_world,2003,10082
total_world,2004,10563
total_world,2005,10940
total_world,2006,11268
total_world,2007,11617
total_world,2008,11781
total_world,2009,11598
total_world,2010,12181
total_world,2011,12450
total_world,2012,12622
total_world,2013,12873
total_world,2014,13021
total_world,2015,13147
trinidad_tobago,1965,2.9532
trinidad_tobago,1966,3.1485
trinidad_tobago,1967,3.3591
trinidad_tobago,1968,3.4643
trinidad_tobago,1969,3.5703
trinidad_tobago,1970,3.8322
trinidad_tobago,1971,3.8712
trinidad_tobago,1972,5.3960
trinidad_tobago,1973,5.3481
trinidad_tobago,1974,5.1588
trinidad_tobago,1975,4.1479
trinidad_tobago,1976,4.6718
trinidad_tobago,1977,4.8535
trinidad_tobago,1978,4.8656
trinidad_tobago,1979,4.2858
trinidad_tobago,1980,4.1120
trinidad_tobago,1981,4.3418
trinidad_tobago,1982,5.1016
trinidad_tobago,1983,4.9666
trinidad_tobago,1984,4.8934
trinidad_tobago,1985,5.0663
trinidad_tobago,1986,5.2728
trinidad_tobago,1987,4.9569
trinidad_tobago,1988,5.4484
trinidad_tobago,1989,5.3628
trinidad_tobago,1990,5.9697
trinidad_tobago,1991,6.3092
trinidad_tobago,1992,6.6658
trinidad_tobago,1993,7.0481
trinidad_tobago,1994,7.4884
trinidad_tobago,1995,8.1215
trinidad_tobago,1996,9.2099
trinidad_tobago,1997,9.2222
trinidad_tobago,1998,9.3542
trinidad_tobago,1999,10.364
trinidad_tobago,2000,10.100
trinidad_tobago,2001,11.264
trinidad_tobago,2002,12.041
trinidad_tobago,2003,13.147
trinidad_tobago,2004,14.438
trinidad_tobago,2005,15.897
trinidad_tobago,2006,20.457
trinidad_tobago,2007,21.382
trinidad_tobago,2008,20.991
trinidad_tobago,2009,21.651
trinidad_tobago,2010,22.747
trinidad_tobago,2011,22.681
trinidad_tobago,2012,21.552
trinidad_tobago,2013,21.874
trinidad_tobago,2014,21.545
trinidad_tobago,2015,21.201
turkey,1965,7.7576
turkey,1966,8.8966
turkey,1967,9.1971
turkey,1968,10.737
turkey,1969,11.735
turkey,1970,12.492
turkey,1971,13.808
turkey,1972,15.489
turkey,1973,17.555
turkey,1974,17.930
turkey,1975,19.773
turkey,1976,22.218
turkey,1977,24.344
turkey,1978,25.558
turkey,1979,24.058
turkey,1980,25.039
turkey,1981,25.217
turkey,1982,27.496
turkey,1983,28.469
turkey,1984,30.084
turkey,1985,32.553
turkey,1986,35.406
turkey,1987,40.366
turkey,1988,44.130
turkey,1989,43.632
turkey,1990,47.332
turkey,1991,48.447
turkey,1992,50.897
turkey,1993,55.140
turkey,1994,53.450
turkey,1995,59.803
turkey,1996,65.644
turkey,1997,68.705
turkey,1998,70.644
turkey,1999,69.035
turkey,2000,74.053
turkey,2001,67.677
turkey,2002,73.877
turkey,2003,78.549
turkey,2004,83.812
turkey,2005,86.374
turkey,2006,96.228
turkey,2007,102.79
turkey,2008,103.28
turkey,2009,104.29
turkey,2010,110.97
turkey,2011,114.97
turkey,2012,120.15
turkey,2013,117.60
turkey,2014,122.77
turkey,2015,131.32
turkmenistan,1985,12.862
turkmenistan,1986,16.101
turkmenistan,1987,16.173
turkmenistan,1988,16.331
turkmenistan,1989,16.578
turkmenistan,1990,13.693
turkmenistan,1991,14.024
turkmenistan,1992,13.292
turkmenistan,1993,10.998
turkmenistan,1994,11.744
turkmenistan,1995,9.6423
turkmenistan,1996,11.819
turkmenistan,1997,11.784
turkmenistan,1998,12.792
turkmenistan,1999,14.044
turkmenistan,2000,14.998
turkmenistan,2001,15.045
turkmenistan,2002,15.913
turkmenistan,2003,17.746
turkmenistan,2004,18.463
turkmenistan,2005,19.475
turkmenistan,2006,21.384
turkmenistan,2007,24.232
turkmenistan,2008,24.528
turkmenistan,2009,22.710
turkmenistan,2010,25.908
turkmenistan,2011,26.999
turkmenistan,2012,29.734
turkmenistan,2013,26.802
turkmenistan,2014,31.272
turkmenistan,2015,37.339
ukraine,1985,234.21
ukraine,1986,235.84
ukraine,1987,240.98
ukraine,1988,241.65
ukraine,1989,231.96
ukraine,1990,270.18
ukraine,1991,246.36
ukraine,1992,216.13
ukraine,1993,182.14
ukraine,1994,155.93
ukraine,1995,146.26
ukraine,1996,139.78
ukraine,1997,137.20
ukraine,1998,132.09
ukraine,1999,134.81
ukraine,2000,135.19
ukraine,2001,135.18
ukraine,2002,133.15
ukraine,2003,136.78
ukraine,2004,137.67
ukraine,2005,136.24
ukraine,2006,137.66
ukraine,2007,134.35
ukraine,2008,132.93
ukraine,2009,112.94
ukraine,2010,120.97
ukraine,2011,125.72
ukraine,2012,122.63
ukraine,2013,114.72
ukraine,2014,101.00
ukraine,2015,85.083
united_arab_emirates,1965,0.070472
united_arab_emirates,1966,0.075516
united_arab_emirates,1967,0.49053
united_arab_emirates,1968,0.63124
united_arab_emirates,1969,0.63211
united_arab_emirates,1970,0.87265
united_arab_emirates,1971,1.3330
united_arab_emirates,1972,1.4210
united_arab_emirates,1973,1.8370
united_arab_emirates,1974,2.0080
united_arab_emirates,1975,2.1230
united_arab_emirates,1976,2.6770
united_arab_emirates,1977,4.4350
united_arab_emirates,1978,5.1290
united_arab_emirates,1979,6.0020
united_arab_emirates,1980,9.5100
united_arab_emirates,1981,11.142
united_arab_emirates,1982,12.036
united_arab_emirates,1983,11.545
united_arab_emirates,1984,14.467
united_arab_emirates,1985,17.982
united_arab_emirates,1986,21.792
united_arab_emirates,1987,24.330
united_arab_emirates,1988,26.783
united_arab_emirates,1989,30.249
united_arab_emirates,1990,30.611
united_arab_emirates,1991,37.379
united_arab_emirates,1992,36.069
united_arab_emirates,1993,37.537
united_arab_emirates,1994,41.296
united_arab_emirates,1995,43.157
united_arab_emirates,1996,44.600
united_arab_emirates,1997,46.614
united_arab_emirates,1998,47.758
united_arab_emirates,1999,48.177
united_arab_emirates,2000,47.953
united_arab_emirates,2001,53.488
united_arab_emirates,2002,52.911
united_arab_emirates,2003,56.366
united_arab_emirates,2004,60.299
united_arab_emirates,2005,62.962
united_arab_emirates,2006,66.179
united_arab_emirates,2007,73.099
united_arab_emirates,2008,84.020
united_arab_emirates,2009,82.638
united_arab_emirates,2010,86.217
united_arab_emirates,2011,91.424
united_arab_emirates,2012,95.243
united_arab_emirates,2013,97.174
united_arab_emirates,2014,98.967
united_arab_emirates,2015,103.93
united_kingdom,1965,197.59
united_kingdom,1966,198.33
united_kingdom,1967,198.11
united_kingdom,1968,205.04
united_kingdom,1969,212.39
united_kingdom,1970,217.00
united_kingdom,1971,213.01
united_kingdom,1972,216.02
united_kingdom,1973,226.74
united_kingdom,1974,215.25
united_kingdom,1975,202.99
united_kingdom,1976,207.00
united_kingdom,1977,210.78
united_kingdom,1978,211.67
united_kingdom,1979,221.24
united_kingdom,1980,201.56
united_kingdom,1981,195.86
united_kingdom,1982,193.17
united_kingdom,1983,193.72
united_kingdom,1984,193.55
united_kingdom,1985,201.71
united_kingdom,1986,207.21
united_kingdom,1987,206.91
united_kingdom,1988,209.41
united_kingdom,1989,209.46
united_kingdom,1990,211.30
united_kingdom,1991,215.82
united_kingdom,1992,214.43
united_kingdom,1993,216.74
united_kingdom,1994,214.02
united_kingdom,1995,214.80
united_kingdom,1996,225.26
united_kingdom,1997,221.07
united_kingdom,1998,223.30
united_kingdom,1999,222.02
united_kingdom,2000,224.18
united_kingdom,2001,226.82
united_kingdom,2002,221.86
united_kingdom,2003,225.09
united_kingdom,2004,226.58
united_kingdom,2005,228.92
united_kingdom,2006,226.34
united_kingdom,2007,219.71
united_kingdom,2008,216.38
united_kingdom,2009,205.23
united_kingdom,2010,210.54
united_kingdom,2011,198.80
united_kingdom,2012,201.93
united_kingdom,2013,201.42
united_kingdom,2014,188.86
united_kingdom,2015,191.19
us,1965,1286.5
us,1966,1359.8
us,1967,1406.8
us,1968,1492.3
us,1969,1573.0
us,1970,1626.7
us,1971,1659.0
us,1972,1741.6
us,1973,1810.7
us,1974,1763.8
us,1975,1716.4
us,1976,1808.3
us,1977,1853.2
us,1978,1851.8
us,1979,1877.5
us,1980,1811.6
us,1981,1759.5
us,1982,1682.7
us,1983,1671.5
us,1984,1760.9
us,1985,1755.4
us,1986,1761.5
us,1987,1822.3
us,1988,1906.4
us,1989,1960.7
us,1990,1967.3
us,1991,1965.0
us,1992,1996.6
us,1993,2038.6
us,1994,2076.1
us,1995,2120.7
us,1996,2191.3
us,1997,2208.7
us,1998,2222.8
us,1999,2260.4
us,2000,2312.4
us,2001,2258.4
us,2002,2292.9
us,2003,2301.0
us,2004,2347.8
us,2005,2350.2
us,2006,2333.1
us,2007,2371.8
us,2008,2320.3
us,2009,2206.1
us,2010,2285.3
us,2011,2266.0
us,2012,2210.4
us,2013,2271.7
us,2014,2300.5
us,2015,2280.6
ussr,1965,590.11
ussr,1966,627.48
ussr,1967,659.44
ussr,1968,683.77
ussr,1969,714.72
ussr,1970,750.15
ussr,1971,787.03
ussr,1972,827.06
ussr,1973,869.43
ussr,1974,917.22
ussr,1975,962.26
ussr,1976,999.64
ussr,1977,1043.5
ussr,1978,1085.8
ussr,1979,1118.7
ussr,1980,1141.5
ussr,1981,1166.0
ussr,1982,1195.7
ussr,1983,1221.0
ussr,1984,1266.7
uzbekistan,1985,44.314
uzbekistan,1986,44.094
uzbekistan,1987,45.572
uzbekistan,1988,46.764
uzbekistan,1989,48.046
uzbekistan,1990,47.037
uzbekistan,1991,47.575
uzbekistan,1992,44.700
uzbekistan,1993,47.778
uzbekistan,1994,47.022
uzbekistan,1995,45.899
uzbekistan,1996,46.663
uzbekistan,1997,48.803
uzbekistan,1998,50.072
uzbekistan,1999,52.214
uzbekistan,2000,50.273
uzbekistan,2001,53.407
uzbekistan,2002,54.834
uzbekistan,2003,50.736
uzbekistan,2004,48.899
uzbekistan,2005,46.448
uzbekistan,2006,45.732
uzbekistan,2007,48.379
uzbekistan,2008,51.955
uzbekistan,2009,43.292
uzbekistan,2010,43.772
uzbekistan,2011,49.696
uzbekistan,2012,49.198
uzbekistan,2013,48.745
uzbekistan,2014,50.257
uzbekistan,2015,51.631
venezuela,1965,15.988
venezuela,1966,16.109
venezuela,1967,16.944
venezuela,1968,18.293
venezuela,1969,18.479
venezuela,1970,18.633
venezuela,1971,18.901
venezuela,1972,20.004
venezuela,1973,22.822
venezuela,1974,23.544
venezuela,1975,24.537
venezuela,1976,26.639
venezuela,1977,29.745
venezuela,1978,30.300
venezuela,1979,33.353
venezuela,1980,37.533
venezuela,1981,38.985
venezuela,1982,39.664
venezuela,1983,39.493
venezuela,1984,40.185
venezuela,1985,41.317
venezuela,1986,44.387
venezuela,1987,44.167
venezuela,1988,45.947
venezuela,1989,46.388
venezuela,1990,49.233
venezuela,1991,49.267
venezuela,1992,53.602
venezuela,1993,52.771
venezuela,1994,57.522
venezuela,1995,59.015
venezuela,1996,57.137
venezuela,1997,60.408
venezuela,1998,64.263
venezuela,1999,62.227
venezuela,2000,63.393
venezuela,2001,67.376
venezuela,2002,67.236
venezuela,2003,60.511
venezuela,2004,67.458
venezuela,2005,70.429
venezuela,2006,78.497
venezuela,2007,81.214
venezuela,2008,84.414
venezuela,2009,82.916
venezuela,2010,80.714
venezuela,2011,80.335
venezuela,2012,84.144
venezuela,2013,84.658
venezuela,2014,81.237
venezuela,2015,80.548
vietnam,1965,2.4602
vietnam,1966,4.2782
vietnam,1967,5.8863
vietnam,1968,6.1066
vietnam,1969,7.2077
vietnam,1970,7.5196
vietnam,1971,6.7146
vietnam,1972,6.5082
vietnam,1973,6.8881
vietnam,1974,5.1402
vietnam,1975,5.7286
vietnam,1976,3.3517
vietnam,1977,3.5978
vietnam,1978,3.7240
vietnam,1979,4.0054
vietnam,1980,4.5420
vietnam,1981,4.5647
vietnam,1982,4.8792
vietnam,1983,5.1120
vietnam,1984,5.1493
vietnam,1985,5.1133
vietnam,1986,5.6109
vietnam,1987,6.3223
vietnam,1988,6.3002
vietnam,1989,5.9370
vietnam,1990,6.3434
vietnam,1991,6.4425
vietnam,1992,7.0415
vietnam,1993,8.0533
vietnam,1994,8.9775
vietnam,1995,10.419
vietnam,1996,11.954
vietnam,1997,13.864
vietnam,1998,15.054
vietnam,1999,15.611
vietnam,2000,17.683
vietnam,2001,19.989
vietnam,2002,21.928
vietnam,2003,23.668
vietnam,2004,29.040
vietnam,2005,30.781
vietnam,2006,28.051
vietnam,2007,30.635
vietnam,2008,38.153
vietnam,2009,39.281
vietnam,2010,44.283
vietnam,2011,50.348
vietnam,2012,52.701
vietnam,2013,55.041
vietnam,2014,60.096
vietnam,2015,65.855
