geo,year,electricity_generation_twh
canada,1985,459.0164
mexico,1985,96.20753
united_states,1985,2657.15007
total_north_america,1985,3212.374
argentina,1985,45.30373
brazil,1985,193.68223
chile,1985,14.04
colombia,1985,29.37466
ecuador,1985,4.558
peru,1985,12.111
trinidad_tobago,1985,3.023
venezuela,1985,47.29
central_america,1985,11.15544
other_caribbean,1985,36.35159
other_south_america,1985,11.82385
total_south_central_america,1985,408.7135
austria,1985,43.742
belgium,1985,57.322
bulgaria,1985,41.632
croatia,1985,0
cyprus,1985,1.319
czech_republic,1985,58.121
denmark,1985,29.14304
estonia,1985,17.827
finland,1985,49.394
france,1985,344.46542
germany,1985,522.534
greece,1985,27.74
hungary,1985,26.794
iceland,1985,3.83741
ireland,1985,12.088
italy,1985,185.74
latvia,1985,4.961
lithuania,1985,20.962
luxembourg,1985,0.93905
netherlands,1985,62.975
north_macedonia,1985,0
norway,1985,103.292
poland,1985,137.714
portugal,1985,18.9
romania,1985,71.818
slovakia,1985,22.506
slovenia,1985,0
spain,1985,126.56195
sweden,1985,137.14
switzerland,1985,56.33812
turkey,1985,34.2189
ukraine,1985,272
united_kingdom,1985,298.089
other_europe,1985,93.76181
total_europe,1985,2883.8757
azerbaijan,1985,20.702
belarus,1985,33.175
kazakhstan,1985,81.263
russian_federation,1985,962
turkmenistan,1985,10.987
uzbekistan,1985,47.939
other_cis,1985,57.652
total_cis,1985,1213.718
iran,1985,38.915
iraq,1985,20.973
israel,1985,15.4314
kuwait,1985,15.417
oman,1985,2.888
qatar,1985,3.964
saudi_arabia,1985,51.654
united_arab_emirates,1985,12.185
other_middle_east,1985,22.09
total_middle_east,1985,183.5174
algeria,1985,12.274
egypt,1985,30.2535
morocco,1985,7.345
south_africa,1985,143.491
eastern_africa,1985,24.10058
middle_africa,1985,9.739
western_africa,1985,18.22202
other_northern_africa,1985,11.39274
other_southern_africa,1985,2.168
total_africa,1985,258.98584
australia,1985,123.673
bangladesh,1985,4.528
china,1985,410.69
china_hong_kong_sar,1985,19.24944
india,1985,186.38583
indonesia,1985,16.369
japan,1985,671.953
malaysia,1985,14.944
new_zealand,1985,28.46498
pakistan,1985,28.825
philippines,1985,22.766
singapore,1985,9.8763
south_korea,1985,62.6672
sri_lanka,1985,2.465
taiwan,1985,55.55676
thailand,1985,23.02995
vietnam,1985,5.069
other_asia_pacific,1985,38.36784
total_asia_pacific,1985,1724.88031
total_world,1985,9886.06476
canada,1986,468.58403
mexico,1986,99.5899
united_states,1986,2676.11315
total_north_america,1986,3244.28708
argentina,1986,49.02219
brazil,1986,202.1289
chile,1986,14.82
colombia,1986,31.65293
ecuador,1986,5.012
peru,1986,12.948
trinidad_tobago,1986,3.291
venezuela,1986,50.112
central_america,1986,11.57624
other_caribbean,1986,38.5039
other_south_america,1986,20.83437
total_south_central_america,1986,439.90153
austria,1986,43.977
belgium,1986,58.676
bulgaria,1986,41.82
croatia,1986,0
cyprus,1986,1.423
czech_republic,1986,60.606
denmark,1986,30.78309
estonia,1986,17.951
finland,1986,48.948
france,1986,362.9955
germany,1986,523.557
greece,1986,28.237
hungary,1986,28.044
iceland,1986,4.05784
ireland,1986,12.652
italy,1986,192.33
latvia,1986,5.184
lithuania,1986,22.416
luxembourg,1986,1.02039
netherlands,1986,67.17
north_macedonia,1986,0
norway,1986,97.284
poland,1986,140.294
portugal,1986,20.355
romania,1986,75.478
slovakia,1986,24.168
slovenia,1986,0
spain,1986,128.53663
sweden,1986,138.651
switzerland,1986,57.41049
turkey,1986,39.6948
ukraine,1986,272.7
united_kingdom,1986,301.071
other_europe,1986,99.07998
total_europe,1986,2946.57072
azerbaijan,1986,21.542
belarus,1986,36.282
kazakhstan,1986,85.094
russian_federation,1986,1001.4
turkmenistan,1986,12.396
uzbekistan,1986,52.171
other_cis,1986,56.956
total_cis,1986,1265.841
iran,1986,42.186
iraq,1986,22.287
israel,1986,16.0342
kuwait,1986,16.935
oman,1986,3.617
qatar,1986,4.318
saudi_arabia,1986,55.68468
united_arab_emirates,1986,12.815
other_middle_east,1986,23.459
total_middle_east,1986,197.33588
algeria,1986,12.981
egypt,1986,32.461
morocco,1986,7.764
south_africa,1986,148.241
eastern_africa,1986,24.67527
middle_africa,1986,10.05
western_africa,1986,20.2515
other_northern_africa,1986,11.40589
other_southern_africa,1986,2.28
total_africa,1986,270.10967
australia,1986,129.527
bangladesh,1986,4.8
china,1986,449.53
china_hong_kong_sar,1986,21.41889
india,1986,202.6772
indonesia,1986,18.415
japan,1986,676.363
malaysia,1986,16.131
new_zealand,1986,29.34507
pakistan,1986,32.348
philippines,1986,20.974
singapore,1986,10.5765
south_korea,1986,69.6806
sri_lanka,1986,2.6517
taiwan,1986,62.33385
thailand,1986,24.66981
vietnam,1986,5.527
other_asia_pacific,1986,39.77542
total_asia_pacific,1986,1816.74404
total_world,1986,10180.78992
canada,1987,496.3977
mexico,1987,106.1654
united_states,1987,2772.20527
total_north_america,1987,3374.76837
argentina,1987,52.11528
brazil,1987,203.33147
chile,1987,15.637
colombia,1987,33.68027
ecuador,1987,5.384
peru,1987,14.006
trinidad_tobago,1987,3.481
venezuela,1987,54.132
central_america,1987,12.64706
other_caribbean,1987,40.67453
other_south_america,1987,26.97518
total_south_central_america,1987,462.0638
austria,1987,49.688
belgium,1987,63.367
bulgaria,1987,43.473
croatia,1987,0
cyprus,1987,1.501
czech_republic,1987,62.196
denmark,1987,29.48931
estonia,1987,17.9
finland,1987,53.016
france,1987,378.48633
germany,1987,532.442
greece,1987,30.272
hungary,1987,29.749
iceland,1987,4.15203
ireland,1987,13.064
italy,1987,201.372
latvia,1987,5.937
lithuania,1987,22.755
luxembourg,1987,1.03633
netherlands,1987,68.448
north_macedonia,1987,0
norway,1987,104.283
poland,1987,145.833
portugal,1987,20.135
romania,1987,74.079
slovakia,1987,23.629
slovenia,1987,0
spain,1987,132.66545
sweden,1987,146.571
switzerland,1987,59.73385
turkey,1987,44.3529
ukraine,1987,281.5
united_kingdom,1987,302.112
other_europe,1987,101.33409
total_europe,1987,3044.5723
azerbaijan,1987,22.909
belarus,1987,37.453
kazakhstan,1987,88.49
russian_federation,1987,1047.3
turkmenistan,1987,13.267
uzbekistan,1987,54.755
other_cis,1987,57.663
total_cis,1987,1321.837
iran,1987,45.062
iraq,1987,22.51
israel,1987,17.677
kuwait,1987,18.092
oman,1987,3.884
qatar,1987,4.386
saudi_arabia,1987,65.00029
united_arab_emirates,1987,13.658
other_middle_east,1987,24.274
total_middle_east,1987,214.54329
algeria,1987,12.722
egypt,1987,35.6545
morocco,1987,8.001
south_africa,1987,152.373
eastern_africa,1987,24.88026
middle_africa,1987,10.088
western_africa,1987,21.43877
other_northern_africa,1987,12.5
other_southern_africa,1987,2.602
total_africa,1987,280.25953
australia,1987,135.815
bangladesh,1987,5.587
china,1987,497.267
china_hong_kong_sar,1987,23.75361
india,1987,223.66949
indonesia,1987,20.72
japan,1987,719.085
malaysia,1987,17.421
new_zealand,1987,29.7526
pakistan,1987,36.347
philippines,1987,22.642
singapore,1987,11.8138
south_korea,1987,80.25135
sri_lanka,1987,2.7072
taiwan,1987,69.17906
thailand,1987,28.57361
vietnam,1987,6.051
other_asia_pacific,1987,41.94763
total_asia_pacific,1987,1972.58334
total_world,1987,10670.62762
canada,1988,506.01576
mexico,1988,112.23082
united_states,1988,2914.44581
total_north_america,1988,3532.6924
argentina,1988,52.49952
brazil,1988,214.95285
chile,1988,16.915
colombia,1988,35.47325
ecuador,1988,5.641
peru,1988,13.552
trinidad_tobago,1988,3.485
venezuela,1988,58.245
central_america,1988,12.98693
other_caribbean,1988,41.52372
other_south_america,1988,29.14026
total_south_central_america,1988,484.41453
austria,1988,48.149
belgium,1988,65.349
bulgaria,1988,45.021
croatia,1988,0
cyprus,1988,1.647
czech_republic,1988,64.334
denmark,1988,28.0695
estonia,1988,17.627
finland,1988,53.491
france,1988,392.08722
germany,1988,549.492
greece,1988,33.394
hungary,1988,29.233
iceland,1988,4.41594
ireland,1988,13.228
italy,1988,203.561
latvia,1988,5.11
lithuania,1988,26
luxembourg,1988,1.33359
netherlands,1988,69.654
north_macedonia,1988,0
norway,1988,110.019
poland,1988,144.34
portugal,1988,22.489
romania,1988,75.322
slovakia,1988,23.039
slovenia,1988,0
spain,1988,138.75905
sweden,1988,146.23
switzerland,1988,60.53575
turkey,1988,48.0488
ukraine,1988,297.2
united_kingdom,1988,308.825
other_europe,1988,103.93325
total_europe,1988,3129.93711
azerbaijan,1988,23.572
belarus,1988,38.15
kazakhstan,1988,88.417
russian_federation,1988,1065.5
turkmenistan,1988,12.891
uzbekistan,1988,50.59
other_cis,1988,65.177
total_cis,1988,1344.297
iran,1988,46.97
iraq,1988,23.45
israel,1988,19.3525
kuwait,1988,19.599
oman,1988,4.408
qatar,1988,4.614
saudi_arabia,1988,70.09107
united_arab_emirates,1988,14.84
other_middle_east,1988,25.611
total_middle_east,1988,228.93557
algeria,1988,13.966
egypt,1988,38.7125
morocco,1988,8.984
south_africa,1988,158.141
eastern_africa,1988,27.22762
middle_africa,1988,10.238
western_africa,1988,22.19245
other_northern_africa,1988,13.33005
other_southern_africa,1988,2.504
total_africa,1988,295.29562
australia,1988,143.374
bangladesh,1988,6.541
china,1988,545.21
china_hong_kong_sar,1988,25.5075
india,1988,241.30462
indonesia,1988,24.807
japan,1988,753.728
malaysia,1988,19.352
new_zealand,1988,31.0862
pakistan,1988,40.671
philippines,1988,24.539
singapore,1988,13.0175
south_korea,1988,93.10885
sri_lanka,1988,2.7984
taiwan,1988,76.26122
thailand,1988,32.41324
vietnam,1988,6.785
other_asia_pacific,1988,44.55017
total_asia_pacific,1988,2125.05469
total_world,1988,11140.62692
canada,1989,498.09259
mexico,1989,120.04716
united_states,1989,3155.44968
total_north_america,1989,3773.58943
argentina,1989,50.86281
brazil,1989,221.73902
chile,1989,17.811
colombia,1989,37.02081
ecuador,1989,5.769
peru,1989,13.727
trinidad_tobago,1989,3.428
venezuela,1989,57.62
central_america,1989,13.88602
other_caribbean,1989,42.01642
other_south_america,1989,33.36811
total_south_central_america,1989,497.24819
austria,1989,49.155
belgium,1989,67.547
bulgaria,1989,44.331
croatia,1989,0
cyprus,1989,1.831
czech_republic,1989,65.131
denmark,1989,22.93352
estonia,1989,17.611
finland,1989,53.359
france,1989,404.85002
germany,1989,559.873
greece,1989,34.456
hungary,1989,29.596
iceland,1989,4.47523
ireland,1989,13.833
italy,1989,210.75
latvia,1989,5.801
lithuania,1989,29.158
luxembourg,1989,1.38031
netherlands,1989,73.081
north_macedonia,1989,0
norway,1989,119.197
poland,1989,145.464
portugal,1989,25.808
romania,1989,75.851
slovakia,1989,24.07
slovenia,1989,0
spain,1989,147.05452
sweden,1989,143.091
switzerland,1989,54.61077
turkey,1989,52.0432
ukraine,1989,295.3
united_kingdom,1989,314.585
other_europe,1989,104.52952
total_europe,1989,3190.7561
azerbaijan,1989,23.3
belarus,1989,38.489
kazakhstan,1989,89.657
russian_federation,1989,1076.5
turkmenistan,1989,14.508
uzbekistan,1989,55.874
other_cis,1989,59.311
total_cis,1989,1357.639
iran,1989,51.431
iraq,1989,23.86
israel,1989,20.4533
kuwait,1989,21.085
oman,1989,4.707
qatar,1989,4.646
saudi_arabia,1989,75.72979
united_arab_emirates,1989,15.612
other_middle_east,1989,25.537
total_middle_east,1989,243.06109
algeria,1989,15.324
egypt,1989,40.6145
morocco,1989,9.024
south_africa,1989,163.359
eastern_africa,1989,26.42857
middle_africa,1989,11.942
western_africa,1989,23.77866
other_northern_africa,1989,13.59111
other_southern_africa,1989,2.586
total_africa,1989,306.64783
australia,1989,151.433
bangladesh,1989,7.115
china,1989,584.81
china_hong_kong_sar,1989,27.36333
india,1989,272.44643
indonesia,1989,28.487
japan,1989,799.769
malaysia,1989,21.515
new_zealand,1989,31.358
pakistan,1989,42.806
philippines,1989,25.573
singapore,1989,14.0389
south_korea,1989,103.62361
sri_lanka,1989,2.8579
taiwan,1989,84.0578
thailand,1989,37.35338
vietnam,1989,7.784
other_asia_pacific,1989,46.62573
total_asia_pacific,1989,2289.01709
total_world,1989,11657.95872
canada,1990,480.59324
mexico,1990,117.59154
united_states,1990,3232.77965
total_north_america,1990,3830.96443
argentina,1990,51.00489
brazil,1990,222.82012
chile,1990,18.398
colombia,1990,38.24571
ecuador,1990,6.34885
peru,1990,13.808
trinidad_tobago,1990,3.577
venezuela,1990,59.321
central_america,1990,14.49357
other_caribbean,1990,43.42415
other_south_america,1990,37.11115
total_south_central_america,1990,508.55244
austria,1990,49.296
belgium,1990,70.923
bulgaria,1990,42.141
croatia,1990,8.8732
cyprus,1990,1.974
czech_republic,1990,62.559
denmark,1990,25.97719
estonia,1990,17.181
finland,1990,54.37745
france,1990,420.751
germany,1990,549.9
greece,1990,35.003
hungary,1990,28.436
iceland,1990,4.44723
ireland,1990,14.50061
italy,1990,216.6
latvia,1990,6.648
lithuania,1990,28.405
luxembourg,1990,1.377
netherlands,1990,71.892
north_macedonia,1990,5.758
norway,1990,121.848
poland,1990,136.311
portugal,1990,28.5
romania,1990,64.309
slovakia,1990,26.132
slovenia,1990,12.399
spain,1990,151.92
sweden,1990,146.508
switzerland,1990,56.01543
turkey,1990,57.543
ukraine,1990,298.835
united_kingdom,1990,319.739
other_europe,1990,74.52948
total_europe,1990,3211.60858
azerbaijan,1990,23.152
belarus,1990,39.526
kazakhstan,1990,87.379
russian_federation,1990,1082.2
turkmenistan,1990,14.61
uzbekistan,1990,56.325
other_cis,1990,60.461
total_cis,1990,1363.653
iran,1990,57.655
iraq,1990,28.37318
israel,1990,20.8976
kuwait,1990,18.477
oman,1990,4.501
qatar,1990,4.842
saudi_arabia,1990,79.88046
united_arab_emirates,1990,17.081
other_middle_east,1990,26.461
total_middle_east,1990,258.16823
algeria,1990,16.104
egypt,1990,41.9525
morocco,1990,9.628
south_africa,1990,167.226
eastern_africa,1990,29.95139
middle_africa,1990,10.8881
western_africa,1990,24.34502
other_northern_africa,1990,16.06421
other_southern_africa,1990,2.617
total_africa,1990,318.77623
australia,1990,155.6535
bangladesh,1990,7.732
china,1990,621.2
china_hong_kong_sar,1990,28.96
india,1990,287.76283
indonesia,1990,33.11472
japan,1990,881.5
malaysia,1990,23.016
new_zealand,1990,32.61435
pakistan,1990,45.985
philippines,1990,26.327
singapore,1990,15.6176
south_korea,1990,118.4608
sri_lanka,1990,3.1498
taiwan,1990,90.19352
thailand,1990,44.11251
vietnam,1990,8.681
other_asia_pacific,1990,45.61074
total_asia_pacific,1990,2469.69136
total_world,1990,11961.41428
canada,1991,506.99486
mexico,1991,128.57117
united_states,1991,3270.7244
total_north_america,1991,3906.29043
argentina,1991,53.85427
brazil,1991,234.3763
chile,1991,19.963
colombia,1991,40.12351
ecuador,1991,6.97446
peru,1991,14.482
trinidad_tobago,1991,3.72
venezuela,1991,63.337
central_america,1991,15.27224
other_caribbean,1991,42.2618
other_south_america,1991,39.71752
total_south_central_america,1991,534.08209
austria,1991,51.27025
belgium,1991,71.936
bulgaria,1991,40.862
croatia,1991,8.6051
cyprus,1991,2.077
czech_republic,1991,60.528
denmark,1991,36.5405
estonia,1991,14.627
finland,1991,57.98552
france,1991,455.555
germany,1991,540.222
greece,1991,35.815
hungary,1991,29.963
iceland,1991,4.42522
ireland,1991,15.13572
italy,1991,221.816
latvia,1991,5.644
lithuania,1991,29.363
luxembourg,1991,1.415
netherlands,1991,74.282
north_macedonia,1991,5.77
norway,1991,111.009
poland,1991,134.714
portugal,1991,29.871
romania,1991,56.803
slovakia,1991,24.747
slovenia,1991,12.744
spain,1991,155.797
sweden,1991,147.384
switzerland,1991,58.06185
turkey,1991,60.2463
ukraine,1991,278.683
united_kingdom,1991,322.875
other_europe,1991,72.57677
total_europe,1991,3229.34923
azerbaijan,1991,23.4495
belarus,1991,38.735
kazakhstan,1991,85.99
russian_federation,1991,1068.1633
turkmenistan,1991,14.9535
uzbekistan,1991,54.165
other_cis,1991,57.869
total_cis,1991,1343.3253
iran,1991,62.814
iraq,1991,13.35935
israel,1991,21.5141
kuwait,1991,10.78
oman,1991,4.625
qatar,1991,4.669
saudi_arabia,1991,84.99571
united_arab_emirates,1991,17.222
other_middle_east,1991,28.336
total_middle_east,1991,248.31517
algeria,1991,17.345
egypt,1991,43.276
morocco,1991,9.205
south_africa,1991,168.316
eastern_africa,1991,31.35788
middle_africa,1991,10.6145
western_africa,1991,25.41621
other_northern_africa,1991,16.57421
other_southern_africa,1991,2.743
total_africa,1991,324.8478
australia,1991,157.9635
bangladesh,1991,8.27
china,1991,677.55
china_hong_kong_sar,1991,31.88889
india,1991,320.45763
indonesia,1991,38.10263
japan,1991,911.303
malaysia,1991,26.552
new_zealand,1991,33.63915
pakistan,1991,50.22
philippines,1991,25.649
singapore,1991,16.5966
south_korea,1991,131.61614
sri_lanka,1991,3.3771
taiwan,1991,99.17753
thailand,1991,50.12039
vietnam,1991,9.21
other_asia_pacific,1991,44.62125
total_asia_pacific,1991,2636.31482
total_world,1991,12222.52483
canada,1992,518.62681
mexico,1992,132.27566
united_states,1992,3284.38993
total_north_america,1992,3935.29241
argentina,1992,56.1071
brazil,1992,241.76195
chile,1992,22.35
colombia,1992,36.6131
ecuador,1992,7.19603
peru,1992,13.122
trinidad_tobago,1992,3.976
venezuela,1992,67.44
central_america,1992,17.28117
other_caribbean,1992,45.10351
other_south_america,1992,39.73603
total_south_central_america,1992,550.68688
austria,1992,50.98482
belgium,1992,72.225
bulgaria,1992,35.61
croatia,1992,8.9021
cyprus,1992,2.43
czech_republic,1992,59.293
denmark,1992,30.73338
estonia,1992,11.829
finland,1992,57.72459
france,1992,463.639
germany,1992,538.1657
greece,1992,37.411
hungary,1992,31.685
iceland,1992,4.53892
ireland,1992,15.99888
italy,1992,226.254
latvia,1992,3.834
lithuania,1992,18.707
luxembourg,1992,1.198
netherlands,1992,77.231
north_macedonia,1992,6.065
norway,1992,117.506
poland,1992,132.75
portugal,1992,30.087
romania,1992,54.195
slovakia,1992,23.627
slovenia,1992,12.344
spain,1992,158.718
sweden,1992,146.445
switzerland,1992,59.51792
turkey,1992,67.3422
ukraine,1992,252.524
united_kingdom,1992,321.043
other_europe,1992,59.70994
total_europe,1992,3190.26846
azerbaijan,1992,19.7626
belarus,1992,37.595
kazakhstan,1992,83.166
russian_federation,1992,1008.45
turkmenistan,1992,13.1828
uzbekistan,1992,50.911
other_cis,1992,52.571
total_cis,1992,1265.6384
iran,1992,67.178
iraq,1992,21.91224
israel,1992,24.6862
kuwait,1992,16.885
oman,1992,5.113
qatar,1992,5.183
saudi_arabia,1992,93.47318
united_arab_emirates,1992,18.689
other_middle_east,1992,32.843
total_middle_east,1992,285.96261
algeria,1992,18.286
egypt,1992,44.987
morocco,1992,9.719
south_africa,1992,168.09
eastern_africa,1992,28.71431
middle_africa,1992,11.4015
western_africa,1992,26.62833
other_northern_africa,1992,17.33221
other_southern_africa,1992,2.713
total_africa,1992,327.87135
australia,1992,161.4005
bangladesh,1992,8.894
china,1992,753.94
china_hong_kong_sar,1992,35.07556
india,1992,337.15332
indonesia,1992,40.28435
japan,1992,916.787
malaysia,1992,31.38111
new_zealand,1992,33.21097
pakistan,1992,53.575
philippines,1992,25.87
singapore,1992,17.5431
south_korea,1992,146.43928
sri_lanka,1992,3.5397
taiwan,1992,105.52976
thailand,1992,57.02815
vietnam,1992,9.705
other_asia_pacific,1992,43.3268
total_asia_pacific,1992,2780.6836
total_world,1992,12336.40372
canada,1993,530.23216
mexico,1993,134.64252
united_states,1993,3404.67787
total_north_america,1993,4069.55255
argentina,1993,61.86878
brazil,1993,252.00312
chile,1993,24.013
colombia,1993,41.69109
ecuador,1993,7.4113
peru,1993,14.808
trinidad_tobago,1993,3.817
venezuela,1993,69.382
central_america,1993,18.22917
other_caribbean,1993,45.38968
other_south_america,1993,43.39418
total_south_central_america,1993,582.00732
austria,1993,52.44125
belgium,1993,70.834
bulgaria,1993,37.997
croatia,1993,9.5638
cyprus,1993,2.59
czech_republic,1993,58.881
denmark,1993,33.969
estonia,1993,9.118
finland,1993,61.07867
france,1993,472.707
germany,1993,527.118
greece,1993,38.396
hungary,1993,32.915
iceland,1993,4.72127
ireland,1993,16.38195
italy,1993,222.802
latvia,1993,3.924
lithuania,1993,14.105
luxembourg,1993,1.067
netherlands,1993,76.992
north_macedonia,1993,5.18
norway,1993,120.095
poland,1993,133.867
portugal,1993,31.205
romania,1993,55.476
slovakia,1993,24.442
slovenia,1993,11.946
spain,1993,156.798
sweden,1993,145.812
switzerland,1993,61.55561
turkey,1993,73.8075
ukraine,1993,229.906
united_kingdom,1993,323.102
other_europe,1993,53.80961
total_europe,1993,3174.60367
azerbaijan,1993,19.051
belarus,1993,33.369
kazakhstan,1993,77.889
russian_federation,1993,956.587
turkmenistan,1993,12.6368
uzbekistan,1993,49.149
other_cis,1993,47.096
total_cis,1993,1195.7778
iran,1993,74.686
iraq,1993,27.08958
israel,1993,25.9997
kuwait,1993,20.178
oman,1993,5.833
qatar,1993,5.56
saudi_arabia,1993,102.66854
united_arab_emirates,1993,21.73
other_middle_east,1993,36.1
total_middle_east,1993,319.84482
algeria,1993,19.414
egypt,1993,46.737
morocco,1993,9.91
south_africa,1993,174.706
eastern_africa,1993,30.26296
middle_africa,1993,10.753
western_africa,1993,26.53057
other_northern_africa,1993,18.05021
other_southern_africa,1993,2.71
total_africa,1993,339.07374
australia,1993,165.3825
bangladesh,1993,9.206
china,1993,811.59
china_hong_kong_sar,1993,35.9475
india,1993,362.17625
indonesia,1993,39.70743
japan,1993,926.103
malaysia,1993,34.87735
new_zealand,1993,34.61563
pakistan,1993,57.012
philippines,1993,26.579
singapore,1993,18.9624
south_korea,1993,161.90095
sri_lanka,1993,3.9787
taiwan,1993,115.20601
thailand,1993,63.33733
vietnam,1993,10.662
other_asia_pacific,1993,41.82335
total_asia_pacific,1993,2919.0674
total_world,1993,12599.92731
canada,1994,553.05484
mexico,1994,146.12756
united_states,1994,3458.52608
total_north_america,1994,4157.70849
argentina,1994,65.62203
brazil,1994,260.04061
chile,1994,25.276
colombia,1994,45.02428
ecuador,1994,8.144
peru,1994,15.866
trinidad_tobago,1994,4.069
venezuela,1994,71.221
central_america,1994,18.77191
other_caribbean,1994,48.61119
other_south_america,1994,48.54756
total_south_central_america,1994,611.19358
austria,1994,53.27408
belgium,1994,72.179
bulgaria,1994,38.133
croatia,1994,8.7729
cyprus,1994,2.685
czech_republic,1994,58.705
denmark,1994,40.19661
estonia,1994,9.152
finland,1994,65.63075
france,1994,476.868
germany,1994,528.4692
greece,1994,40.624
hungary,1994,33.515
iceland,1994,4.77276
ireland,1994,17.08808
italy,1994,231.813
latvia,1994,4.44
lithuania,1994,9.998
luxembourg,1994,1.147
netherlands,1994,79.677
north_macedonia,1994,5.939
norway,1994,113.213
poland,1994,135.347
portugal,1994,31.381
romania,1994,55.136
slovakia,1994,25.712
slovenia,1994,12.895
spain,1994,161.848
sweden,1994,143.038
switzerland,1994,66.13424
turkey,1994,78.3217
ukraine,1994,202.922
united_kingdom,1994,326.558
other_europe,1994,56.82917
total_europe,1994,3192.41448
azerbaijan,1994,17.571
belarus,1994,31.397
kazakhstan,1994,66.777
russian_federation,1994,875.914
turkmenistan,1994,10.52
uzbekistan,1994,47.8
other_cis,1994,45.21
total_cis,1994,1095.189
iran,1994,81.004
iraq,1994,26.66329
israel,1994,28.3157
kuwait,1994,22.802
oman,1994,6.198
qatar,1994,5.85
saudi_arabia,1994,106.04595
united_arab_emirates,1994,23.736
other_middle_east,1994,39.084
total_middle_east,1994,339.69894
algeria,1994,19.883
egypt,1994,48.55
morocco,1994,11.47
south_africa,1994,181.69
eastern_africa,1994,30.69492
middle_africa,1994,10.308
western_africa,1994,27.53577
other_northern_africa,1994,18.82121
other_southern_africa,1994,2.381
total_africa,1994,351.33391
australia,1994,170.1425
bangladesh,1994,9.784
china,1994,927.8
china_hong_kong_sar,1994,26.74083
india,1994,387.96698
indonesia,1994,45.92842
japan,1994,984.493
malaysia,1994,39.7542
new_zealand,1994,35.19551
pakistan,1994,57.923
philippines,1994,30.459
singapore,1994,20.6754
south_korea,1994,183.36553
sri_lanka,1994,4.38672
taiwan,1994,124.63486
thailand,1994,71.10243
vietnam,1994,12.288
other_asia_pacific,1994,43.39877
total_asia_pacific,1994,3176.03917
total_world,1994,12923.57757
canada,1995,557.86869
mexico,1995,150.3563
united_states,1995,3567.3312
total_north_america,1995,4275.55619
argentina,1995,67.16925
brazil,1995,275.60144
chile,1995,28.027
colombia,1995,47.48347
ecuador,1995,8.4286
peru,1995,16.8801
trinidad_tobago,1995,4.307
venezuela,1995,73.446
central_america,1995,19.81855
other_caribbean,1995,51.17116
other_south_america,1995,54.04129
total_south_central_america,1995,646.37386
austria,1995,56.42569
belgium,1995,74.408
bulgaria,1995,41.789
croatia,1995,9.2758
cyprus,1995,2.497
czech_republic,1995,60.847
denmark,1995,36.66305
estonia,1995,8.693
finland,1995,64.03484
france,1995,494.274
germany,1995,536.821
greece,1995,41.552
hungary,1995,34.018
iceland,1995,4.97586
ireland,1995,17.84221
italy,1995,241.489
latvia,1995,3.979
lithuania,1995,13.84
luxembourg,1995,1.23
netherlands,1995,81.063
north_macedonia,1995,6.132
norway,1995,123.011
poland,1995,139.006
portugal,1995,33.264
romania,1995,59.266
slovakia,1995,26.774
slovenia,1995,12.913
spain,1995,167.085
sweden,1995,148.35
switzerland,1995,62.86267
turkey,1995,86.2474
ukraine,1995,194.018
united_kingdom,1995,337.424
other_europe,1995,56.80415
total_europe,1995,3278.87467
azerbaijan,1995,17.044
belarus,1995,24.918
kazakhstan,1995,66.739
russian_federation,1995,860.027
turkmenistan,1995,9.905
uzbekistan,1995,47.453
other_cis,1995,42.239
total_cis,1995,1068.325
iran,1995,84.353
iraq,1995,26.49793
israel,1995,30.437
kuwait,1995,23.724
oman,1995,6.5
qatar,1995,6.013
saudi_arabia,1995,109.92803
united_arab_emirates,1995,24.982
other_middle_east,1995,41.943
total_middle_east,1995,354.37795
algeria,1995,19.715
egypt,1995,50.652
morocco,1995,12.092
south_africa,1995,186.655
eastern_africa,1995,31.66578
middle_africa,1995,11.44
western_africa,1995,28.66512
other_northern_africa,1995,19.17032
other_southern_africa,1995,2.637
total_africa,1995,362.69221
australia,1995,175.2245
bangladesh,1995,10.806
china,1995,1007.03
china_hong_kong_sar,1995,27.91556
india,1995,427.14877
indonesia,1995,54.12053
japan,1995,1010.88
malaysia,1995,46.5745
new_zealand,1995,36.40975
pakistan,1995,63.75
philippines,1995,33.554
singapore,1995,22.0574
south_korea,1995,203.54647
sri_lanka,1995,4.80042
taiwan,1995,133.1167
thailand,1995,79.73721
vietnam,1995,14.648
other_asia_pacific,1995,44.34764
total_asia_pacific,1995,3395.66745
total_world,1995,13381.86734
canada,1996,571.6216
mexico,1996,156.59093
united_states,1996,3663.38624
total_north_america,1996,4391.59877
argentina,1996,69.75982
brazil,1996,291.24554
chile,1996,30.791
colombia,1996,48.37112
ecuador,1996,9.6792
peru,1996,17.2798
trinidad_tobago,1996,4.541
venezuela,1996,75.588
central_america,1996,20.10995
other_caribbean,1996,53.99932
other_south_america,1996,57.38619
total_south_central_america,1996,678.75094
austria,1996,55.13042
belgium,1996,76.099
bulgaria,1996,42.716
croatia,1996,11.1727
cyprus,1996,2.609
czech_republic,1996,64.257
denmark,1996,53.57758
estonia,1996,9.103
finland,1996,69.37298
france,1996,513.398
germany,1996,552.669
greece,1996,42.567
hungary,1996,35.09
iceland,1996,5.11164
ireland,1996,19.15845
italy,1996,244.433
latvia,1996,3.126
lithuania,1996,16.789
luxembourg,1996,1.256
netherlands,1996,85.234
north_macedonia,1996,6.641
norway,1996,104.712
poland,1996,143.173
portugal,1996,34.52
romania,1996,61.35
slovakia,1996,25.76
slovenia,1996,12.737
spain,1996,174.453
sweden,1996,140.633
switzerland,1996,57.32835
turkey,1996,94.8617
ukraine,1996,182.986
united_kingdom,1996,350.867
other_europe,1996,61.45958
total_europe,1996,3354.3514
azerbaijan,1996,17.085
belarus,1996,23.728
kazakhstan,1996,58.747
russian_federation,1996,847.183
turkmenistan,1996,10.13
uzbekistan,1996,45.419
other_cis,1996,44.293
total_cis,1996,1046.585
iran,1996,89.74
iraq,1996,25.98134
israel,1996,32.5694
kuwait,1996,25.475
oman,1996,6.802
qatar,1996,6.615
saudi_arabia,1996,112.16712
united_arab_emirates,1996,26.572
other_middle_east,1996,46.099
total_middle_east,1996,372.02086
algeria,1996,20.654
egypt,1996,53.57
morocco,1996,12.538
south_africa,1996,200.092
eastern_africa,1996,31.40058
middle_africa,1996,11.616
western_africa,1996,30.09524
other_northern_africa,1996,20.09932
other_southern_africa,1996,2.075
total_africa,1996,382.14014
australia,1996,180.127
bangladesh,1996,11.474
china,1996,1081.31
china_hong_kong_sar,1996,28.44
india,1996,443.20541
indonesia,1996,58.86776
japan,1996,1029.857
malaysia,1996,53.40937
new_zealand,1996,36.80441
pakistan,1996,67.565
philippines,1996,36.707
singapore,1996,23.9094
south_korea,1996,225.84572
sri_lanka,1996,4.52796
taiwan,1996,141.96246
thailand,1996,86.99163
vietnam,1996,16.944
other_asia_pacific,1996,43.76012
total_asia_pacific,1996,3571.70824
total_world,1996,13797.15535
canada,1997,572.34144
mexico,1997,166.74844
united_states,1997,3716.37733
total_north_america,1997,4455.46721
argentina,1997,72.46247
brazil,1997,307.98078
chile,1997,33.292
colombia,1997,49.90634
ecuador,1997,10.36175
peru,1997,17.9534
trinidad_tobago,1997,4.988
venezuela,1997,78.066
central_america,1997,21.09661
other_caribbean,1997,57.2786
other_south_america,1997,64.24756
total_south_central_america,1997,717.63352
austria,1997,57.27385
belgium,1997,78.833
bulgaria,1997,42.803
croatia,1997,10.2484
cyprus,1997,2.728
czech_republic,1997,64.598
denmark,1997,44.31164
estonia,1997,9.218
finland,1997,69.17621
france,1997,504.77
germany,1997,552.324
greece,1997,43.506
hungary,1997,35.397
iceland,1997,5.57953
ireland,1997,19.95659
italy,1997,251.473
latvia,1997,4.506
lithuania,1997,14.861
luxembourg,1997,1.26
netherlands,1997,86.659
north_macedonia,1997,6.733
norway,1997,111.42
poland,1997,142.79
portugal,1997,34.207
romania,1997,57.148
slovakia,1997,25.347
slovenia,1997,13.178
spain,1997,190.396
sweden,1997,149.407
switzerland,1997,62.90209
turkey,1997,103.2958
ukraine,1997,178.002
united_kingdom,1997,350.667
other_europe,1997,64.47033
total_europe,1997,3389.44543
azerbaijan,1997,16.836
belarus,1997,26.057
kazakhstan,1997,52
russian_federation,1997,834.131
turkmenistan,1997,9.498
uzbekistan,1997,46.054
other_cis,1997,40.763
total_cis,1997,1025.339
iran,1997,96.983
iraq,1997,26.69294
israel,1997,35.111
kuwait,1997,26.724
oman,1997,7.318
qatar,1997,6.91
saudi_arabia,1997,119.10447
united_arab_emirates,1997,28.464
other_middle_east,1997,49.828
total_middle_east,1997,397.13541
algeria,1997,21.497
egypt,1997,56.784
morocco,1997,13.593
south_africa,1997,210.362
eastern_africa,1997,33.41451
middle_africa,1997,11.059
western_africa,1997,31.12062
other_northern_africa,1997,21.18932
other_southern_africa,1997,1.859
total_africa,1997,400.87844
australia,1997,188.9795
bangladesh,1997,11.858
china,1997,1135.55
china_hong_kong_sar,1997,28.94306
india,1997,469.15355
indonesia,1997,70.69102
japan,1997,1054.864
malaysia,1997,59.93525
new_zealand,1997,37.44345
pakistan,1997,62.481
philippines,1997,39.797
singapore,1997,26.7094
south_korea,1997,246.58747
sri_lanka,1997,5.14394
taiwan,1997,150.48641
thailand,1997,92.66128
vietnam,1997,19.132
other_asia_pacific,1997,42.28821
total_asia_pacific,1997,3742.70454
total_world,1997,14128.60355
canada,1998,561.99131
mexico,1998,181.05912
united_states,1998,3855.80839
total_north_america,1998,4598.85883
argentina,1998,74.16956
brazil,1998,321.74864
chile,1998,35.495
colombia,1998,50.28314
ecuador,1998,10.89035
peru,1998,18.5825
trinidad_tobago,1998,5.169
venezuela,1998,80.904
central_america,1998,23.22482
other_caribbean,1998,61.47978
other_south_america,1998,66.95295
total_south_central_america,1998,748.89974
austria,1998,57.67505
belgium,1998,83.183
bulgaria,1998,41.711
croatia,1998,11.4615
cyprus,1998,2.991
czech_republic,1998,65.11245
denmark,1998,41.11069
estonia,1998,8.521
finland,1998,70.16729
france,1998,511.276
germany,1998,557.217
greece,1998,46.329
hungary,1998,37.19
iceland,1998,6.2744
ireland,1998,21.15481
italy,1998,259.8
latvia,1998,5.797
lithuania,1998,17.63
luxembourg,1998,1.29552
netherlands,1998,92.00627
north_macedonia,1998,7.048
norway,1998,117.002
poland,1998,142.789
portugal,1998,38.984
romania,1998,53.496
slovakia,1998,26.032
slovenia,1998,13.705
spain,1998,195.209
sweden,1998,159.003
switzerland,1998,63.28794
turkey,1998,111.0224
ukraine,1998,172.822
united_kingdom,1998,362.701
other_europe,1998,65.62418
total_europe,1998,3466.62851
azerbaijan,1998,17.995
belarus,1998,23.492
kazakhstan,1998,49.8
russian_federation,1998,827.158
turkmenistan,1998,9.416
uzbekistan,1998,45.9
other_cis,1998,39.518
total_cis,1998,1013.279
iran,1998,102.385
iraq,1998,26.74356
israel,1998,37.9764
kuwait,1998,29.984
oman,1998,8.2
qatar,1998,8.166
saudi_arabia,1998,126.16768
united_arab_emirates,1998,33.392
other_middle_east,1998,54.541
total_middle_east,1998,427.55564
algeria,1998,23.262
egypt,1998,60.697
morocco,1998,12.968
south_africa,1998,205.374
eastern_africa,1998,38.80012
middle_africa,1998,10.943
western_africa,1998,29.11681
other_northern_africa,1998,22.69932
other_southern_africa,1998,2.5985
total_africa,1998,406.45874
australia,1998,199.471
bangladesh,1998,12.882
china,1998,1167
china_hong_kong_sar,1998,31.41444
india,1998,505.07843
indonesia,1998,76.69271
japan,1998,1059.663
malaysia,1998,64.14127
new_zealand,1998,37.77585
pakistan,1998,66.396
philippines,1998,41.578
singapore,1998,28.3748
south_korea,1998,237.19741
sri_lanka,1998,5.67539
taiwan,1998,163.22788
thailand,1998,89.53301
vietnam,1998,21.688
other_asia_pacific,1998,41.54283
total_asia_pacific,1998,3849.33202
total_world,1998,14511.01247
canada,1999,577.77364
mexico,1999,189.97858
united_states,1999,3936.09771
total_north_america,1999,4703.84994
argentina,1999,80.74474
brazil,1999,334.72623
chile,1999,38.384
colombia,1999,47.77472
ecuador,1999,10.30812
peru,1999,19.0496
trinidad_tobago,1999,5.247
venezuela,1999,80.585
central_america,1999,24.74684
other_caribbean,1999,65.09543
other_south_america,1999,65.84132
total_south_central_america,1999,772.503
austria,1999,60.94105
belgium,1999,84.514
bulgaria,1999,38.248
croatia,1999,12.9794
cyprus,1999,3.139
czech_republic,1999,64.69423
denmark,1999,38.91459
estonia,1999,8.265
finland,1999,69.45742
france,1999,525.806
germany,1999,556.301
greece,1999,49.632
hungary,1999,37.832
iceland,1999,7.18399
ireland,1999,22.01396
italy,1999,265.667
latvia,1999,4.11
lithuania,1999,13.535
luxembourg,1999,1.02201
netherlands,1999,87.6173
north_macedonia,1999,6.863
norway,1999,122.834
poland,1999,142.128
portugal,1999,43.287
romania,1999,50.71
slovakia,1999,28.407
slovenia,1999,13.261
spain,1999,208.451
sweden,1999,155.159
switzerland,1999,68.61732
turkey,1999,116.4399
ukraine,1999,172.12
united_kingdom,1999,368.151
other_europe,1999,61.94673
total_europe,1999,3510.24789
azerbaijan,1999,18.176
belarus,1999,26.516
kazakhstan,1999,47.3
russian_federation,1999,846.225
turkmenistan,1999,8.86
uzbekistan,1999,45.372
other_cis,1999,41.694
total_cis,1999,1034.143
iran,1999,110.088
iraq,1999,24.72088
israel,1999,39.2275
kuwait,1999,31.576
oman,1999,8.413
qatar,1999,8.939
saudi_arabia,1999,130.99938
united_arab_emirates,1999,37.126
other_middle_east,1999,56.723
total_middle_east,1999,447.81275
algeria,1999,24.757
egypt,1999,65.7305
morocco,1999,12.895
south_africa,1999,203.012
eastern_africa,1999,41.01749
middle_africa,1999,11.517
western_africa,1999,31.99621
other_northern_africa,1999,24.48821
other_southern_africa,1999,3.1789
total_africa,1999,418.59231
australia,1999,206.8995
bangladesh,1999,14.45
china,1999,1239.3
china_hong_kong_sar,1999,29.49583
india,1999,547.36246
indonesia,1999,83.97097
japan,1999,1079.142
malaysia,1999,68.1697
new_zealand,1999,37.95988
pakistan,1999,65.302
philippines,1999,41.432
singapore,1999,29.52
south_korea,1999,262.15215
sri_lanka,1999,6.28075
taiwan,1999,169.06453
thailand,1999,90.21529
vietnam,1999,23.559
other_asia_pacific,1999,44.84648
total_asia_pacific,1999,4039.12255
total_world,1999,14926.27145
canada,2000,603.81611
mexico,2000,203.62806
united_states,2000,4052.25311
total_north_america,2000,4859.69727
argentina,2000,88.97796
brazil,2000,348.92094
chile,2000,41.268
colombia,2000,46.78018
ecuador,2000,10.61244
peru,2000,19.9227
trinidad_tobago,2000,5.45953
venezuela,2000,85.211
central_america,2000,26.61769
other_caribbean,2000,67.50218
other_south_america,2000,67.51157
total_south_central_america,2000,808.78419
austria,2000,61.23481
belgium,2000,84.012
bulgaria,2000,40.924
croatia,2000,11.2812
cyprus,2000,3.37
czech_republic,2000,73.46492
denmark,2000,36.04884
estonia,2000,8.51
finland,2000,69.9749
france,2000,539.954
germany,2000,576.55
greece,2000,53.843
hungary,2000,35.191
iceland,2000,7.67788
ireland,2000,23.98232
italy,2000,276.64164
latvia,2000,4.136
lithuania,2000,11.425
luxembourg,2000,1.16629
netherlands,2000,90.18058
north_macedonia,2000,6.811
norway,2000,143.173
poland,2000,145.184
portugal,2000,43.764
romania,2000,51.934
slovakia,2000,31.158
slovenia,2000,13.624
spain,2000,224.472
sweden,2000,145.584
switzerland,2000,67.32944
turkey,2000,124.9216
ukraine,2000,171.445
united_kingdom,2000,377.06794
other_europe,2000,63.37613
total_europe,2000,3619.41249
azerbaijan,2000,18.7
belarus,2000,26.101
kazakhstan,2000,51.63509
russian_federation,2000,877.764
turkmenistan,2000,9.943
uzbekistan,2000,46.864
other_cis,2000,40.692
total_cis,2000,1071.69909
iran,2000,119.348
iraq,2000,27.19228
israel,2000,42.9575
kuwait,2000,32.323
oman,2000,9.111
qatar,2000,9.134
saudi_arabia,2000,138.68348
united_arab_emirates,2000,39.944
other_middle_east,2000,59.571
total_middle_east,2000,478.26426
algeria,2000,25.412
egypt,2000,73.319
morocco,2000,12.863
south_africa,2000,210.67
eastern_africa,2000,43.69119
middle_africa,2000,12.70102
western_africa,2000,32.03588
other_northern_africa,2000,26.17621
other_southern_africa,2000,3.3883
total_africa,2000,440.25661
australia,2000,216.829
bangladesh,2000,15.81296
china,2000,1355.6
china_hong_kong_sar,2000,31.32861
india,2000,571.39394
indonesia,2000,93.3264
japan,2000,1099.671
malaysia,2000,69.90527
new_zealand,2000,39.38794
pakistan,2000,63.735
philippines,2000,45.29
singapore,2000,31.665
south_korea,2000,290.44295
sri_lanka,2000,6.9697
taiwan,2000,184.84079
thailand,2000,95.52127
vietnam,2000,26.561
other_asia_pacific,2000,48.3017
total_asia_pacific,2000,4286.58253
total_world,2000,15564.69644
canada,2001,587.7546
mexico,2001,210.21214
united_states,2001,3984.46789
total_north_america,2001,4782.43463
argentina,2001,90.13777
brazil,2001,328.55147
chile,2001,43.924
colombia,2001,48.208
ecuador,2001,11.0498
peru,2001,20.7857
trinidad_tobago,2001,5.64404
venezuela,2001,90.117
central_america,2001,28.49918
other_caribbean,2001,68.29532
other_south_america,2001,61.3339
total_south_central_america,2001,796.54618
austria,2001,62.4945
belgium,2001,79.821
bulgaria,2001,43.968
croatia,2001,12.8085
cyprus,2001,3.551
czech_republic,2001,74.6474
denmark,2001,37.72621
estonia,2001,8.481
finland,2001,74.48739
france,2001,549.531
germany,2001,586.3805
greece,2001,53.704
hungary,2001,36.415
iceland,2001,8.02707
ireland,2001,24.96049
italy,2001,279.00866
latvia,2001,4.28
lithuania,2001,14.737
luxembourg,2001,1.62112
netherlands,2001,94.07243
north_macedonia,2001,6.362
norway,2001,121.984
poland,2001,145.616
portugal,2001,46.509
romania,2001,53.866
slovakia,2001,32.046
slovenia,2001,14.466
spain,2001,236.043
sweden,2001,161.615
switzerland,2001,72.24509
turkey,2001,122.7247
ukraine,2001,172.972
united_kingdom,2001,384.77867
other_europe,2001,63.10891
total_europe,2001,3685.05862
azerbaijan,2001,18.969
belarus,2001,25.063
kazakhstan,2001,55.384
russian_federation,2001,891.284
turkmenistan,2001,10.614
uzbekistan,2001,47.961
other_cis,2001,39.8
total_cis,2001,1089.075
iran,2001,127.603
iraq,2001,31.72481
israel,2001,43.8382
kuwait,2001,34.299
oman,2001,9.737
qatar,2001,9.951
saudi_arabia,2001,146.09321
united_arab_emirates,2001,43.172
other_middle_east,2001,62.6375
total_middle_east,2001,509.05573
algeria,2001,26.625
egypt,2001,80.7125
morocco,2001,15.046
south_africa,2001,210.1
eastern_africa,2001,48.79428
middle_africa,2001,13.06374
western_africa,2001,34.04031
other_northern_africa,2001,27.58721
other_southern_africa,2001,3.2193
total_africa,2001,459.18834
australia,2001,224.255
bangladesh,2001,17.42521
china,2001,1480.802
china_hong_kong_sar,2001,32.42917
india,2001,586.09274
indonesia,2001,101.6586
japan,2001,1083.142
malaysia,2001,75.77569
new_zealand,2001,39.70511
pakistan,2001,70.6485
philippines,2001,47.049
singapore,2001,33.061
south_korea,2001,309.88595
sri_lanka,2001,6.8009
taiwan,2001,188.53044
thailand,2001,100.98719
vietnam,2001,30.608
other_asia_pacific,2001,49.78567
total_asia_pacific,2001,4478.64217
total_world,2001,15800.00067
canada,2002,599.79195
mexico,2002,215.72227
united_states,2002,4111.77554
total_north_america,2002,4927.28976
argentina,2002,84.59001
brazil,2002,345.72262
chile,2002,45.491
colombia,2002,50.28266
ecuador,2002,11.88756
peru,2002,21.9823
trinidad_tobago,2002,5.64437
venezuela,2002,89.3949
central_america,2002,30.1171
other_caribbean,2002,71.42252
other_south_america,2002,64.93354
total_south_central_america,2002,821.46858
austria,2002,62.53158
belgium,2002,82.069
bulgaria,2002,42.679
croatia,2002,12.7724
cyprus,2002,3.785
czech_republic,2002,76.34748
denmark,2002,39.28264
estonia,2002,8.524
finland,2002,74.95718
france,2002,559.064
germany,2002,586.685
greece,2002,54.608
hungary,2002,36.157
iceland,2002,8.40957
ireland,2002,25.19954
italy,2002,285.27601
latvia,2002,3.975
lithuania,2002,17.721
luxembourg,2002,3.69874
netherlands,2002,95.08289
north_macedonia,2002,6.091
norway,2002,130.748
poland,2002,144.126
portugal,2002,46.107
romania,2002,54.738
slovakia,2002,32.427
slovenia,2002,14.6
spain,2002,244.963
sweden,2002,146.732
switzerland,2002,66.93603
turkey,2002,129.3995
ukraine,2002,173.734
united_kingdom,2002,387.24631
other_europe,2002,62.57772
total_europe,2002,3719.25059
azerbaijan,2002,18.701
belarus,2002,26.456
kazakhstan,2002,58.33055
russian_federation,2002,891.286
turkmenistan,2002,10.707
uzbekistan,2002,49.31
other_cis,2002,38.478
total_cis,2002,1093.26855
iran,2002,138.225
iraq,2002,35.41741
israel,2002,45.4279
kuwait,2002,36.362
oman,2002,10.331
qatar,2002,10.94
saudi_arabia,2002,154.90596
united_arab_emirates,2002,46.856
other_middle_east,2002,68.0023
total_middle_east,2002,546.46757
algeria,2002,27.648
egypt,2002,86.236
morocco,2002,15.228
south_africa,2002,220.575
eastern_africa,2002,51.38841
middle_africa,2002,13.32038
western_africa,2002,40.37743
other_northern_africa,2002,29.372
other_southern_africa,2002,3.4256
total_africa,2002,487.57081
australia,2002,223.4952
bangladesh,2002,18.73447
china,2002,1654
china_hong_kong_sar,2002,34.31167
india,2002,609.65048
indonesia,2002,108.2168
japan,2002,1103.081
malaysia,2002,80.88
new_zealand,2002,40.73101
pakistan,2002,74.431
philippines,2002,48.46744
singapore,2002,34.6646
south_korea,2002,332.02095
sri_lanka,2002,7.10429
taiwan,2002,198.82889
thailand,2002,108.44169
vietnam,2002,35.796
other_asia_pacific,2002,50.02607
total_asia_pacific,2002,4762.88154
total_world,2002,16358.19741
canada,2003,588.26963
mexico,2003,224.90308
united_states,2003,4137.97884
total_north_america,2003,4951.15156
argentina,2003,92.05944
brazil,2003,364.38464
chile,2003,48.787
colombia,2003,52.11305
ecuador,2003,11.54613
peru,2003,22.9234
trinidad_tobago,2003,6.4379
venezuela,2003,90.0603
central_america,2003,32.14756
other_caribbean,2003,73.35172
other_south_america,2003,67.52313
total_south_central_america,2003,861.33428
austria,2003,60.13277
belgium,2003,84.63
bulgaria,2003,42.6
croatia,2003,13.2521
cyprus,2003,4.052
czech_republic,2003,83.22614
denmark,2003,46.17946
estonia,2003,10.158
finland,2003,84.32735
france,2003,566.838
germany,2003,608.96089
greece,2003,58.471
hungary,2003,34.145
iceland,2003,8.49342
ireland,2003,25.23954
italy,2003,293.88477
latvia,2003,3.975
lithuania,2003,19.488
luxembourg,2003,3.62142
netherlands,2003,98.1403
north_macedonia,2003,6.738
norway,2003,107.329
poland,2003,151.631
portugal,2003,46.852
romania,2003,55.14
slovakia,2003,31.178
slovenia,2003,13.821
spain,2003,260.727
sweden,2003,135.435
switzerland,2003,67.18492
turkey,2003,140.5805
ukraine,2003,180.36
united_kingdom,2003,398.20912
other_europe,2003,65.96868
total_europe,2003,3810.96938
azerbaijan,2003,21.286
belarus,2003,26.627
kazakhstan,2003,63.86636
russian_federation,2003,916.286
turkmenistan,2003,10.92
uzbekistan,2003,48.7139
other_cis,2003,41.998
total_cis,2003,1129.69726
iran,2003,151.645
iraq,2003,26.60559
israel,2003,47.0476
kuwait,2003,39.802
oman,2003,10.714
qatar,2003,12.012
saudi_arabia,2003,166.58759
united_arab_emirates,2003,49.45
other_middle_east,2003,70.2954
total_middle_east,2003,574.15918
algeria,2003,29.528
egypt,2003,92.1865
morocco,2003,16.52
south_africa,2003,234.229
eastern_africa,2003,51.34928
middle_africa,2003,14.05515
western_africa,2003,37.64651
other_northern_africa,2003,30.23332
other_southern_africa,2003,3.2862
total_africa,2003,509.03395
australia,2003,225.9524
bangladesh,2003,19.7731
china,2003,1910.575
china_hong_kong_sar,2003,35.50611
india,2003,638.13101
indonesia,2003,112.9754
japan,2003,1092.595
malaysia,2003,83.3
new_zealand,2003,40.85524
pakistan,2003,76.986
philippines,2003,52.94054
singapore,2003,35.2815
south_korea,2003,347.75621
sri_lanka,2003,8.12485
taiwan,2003,209.07239
thailand,2003,115.93462
vietnam,2003,40.925
other_asia_pacific,2003,52.69729
total_asia_pacific,2003,5099.38166
total_world,2003,16935.72727
canada,2004,598.50965
mexico,2004,235.39656
united_states,2004,4231.68275
total_north_america,2004,5065.58895
argentina,2004,100.26082
brazil,2004,387.49242
chile,2004,49.74307
colombia,2004,53.83857
ecuador,2004,12.58484
peru,2004,24.267
trinidad_tobago,2004,6.43058
venezuela,2004,96.8695
central_america,2004,33.97399
other_caribbean,2004,71.28953
other_south_america,2004,65.29511
total_south_central_america,2004,902.04544
austria,2004,64.10708
belgium,2004,84.2103
bulgaria,2004,41.62081
croatia,2004,13.9897
cyprus,2004,4.201
czech_republic,2004,84.3339
denmark,2004,40.43985
estonia,2004,10.302
finland,2004,85.84537
france,2004,574.054
germany,2004,617.69978
greece,2004,59.34578
hungary,2004,33.708
iceland,2004,8.62009
ireland,2004,25.59761
italy,2004,303.34701
latvia,2004,4.689
lithuania,2004,19.274
luxembourg,2004,4.13215
netherlands,2004,102.1448
north_macedonia,2004,6.667
norway,2004,110.647
poland,2004,154.159
portugal,2004,45.105
romania,2004,56.499
slovakia,2004,30.567
slovenia,2004,15.272
spain,2004,280.007
sweden,2004,152.454
switzerland,2004,65.39224
turkey,2004,150.6983
ukraine,2004,182.165
united_kingdom,2004,393.92976
other_europe,2004,70.54049
total_europe,2004,3895.76502
azerbaijan,2004,21.744
belarus,2004,31.211
kazakhstan,2004,66.94237
russian_federation,2004,931.9
turkmenistan,2004,11.98
uzbekistan,2004,49.6776
other_cis,2004,43.496
total_cis,2004,1156.95097
iran,2004,162.755
iraq,2004,30.69634
israel,2004,48.4711
kuwait,2004,41.256
oman,2004,11.499
qatar,2004,13.233
saudi_arabia,2004,173.40466
united_arab_emirates,2004,52.417
other_middle_east,2004,74.3756
total_middle_east,2004,608.10771
algeria,2004,31.249
egypt,2004,98.25232
morocco,2004,17.5715
south_africa,2004,244.605
eastern_africa,2004,55.22649
middle_africa,2004,15.79306
western_africa,2004,42.71475
other_northern_africa,2004,32.21911
other_southern_africa,2004,3.1115
total_africa,2004,540.74274
australia,2004,229.21705
bangladesh,2004,24.72539
china,2004,2203.31
china_hong_kong_sar,2004,37.12861
india,2004,698.30097
indonesia,2004,120.1506
japan,2004,1121.193
malaysia,2004,96.06
new_zealand,2004,42.76838
pakistan,2004,82.3055
philippines,2004,55.95743
singapore,2004,36.8096
south_korea,2004,368.03355
sri_lanka,2004,8.74352
taiwan,2004,218.39663
thailand,2004,124.13266
vietnam,2004,46.209
other_asia_pacific,2004,54.61507
total_asia_pacific,2004,5568.05698
total_world,2004,17737.2578
canada,2005,620.4798
mexico,2005,247.97075
united_states,2005,4322.78663
total_north_america,2005,5191.23718
argentina,2005,105.75011
brazil,2005,403.08278
chile,2005,51.89867
colombia,2005,55.89711
ecuador,2005,13.40402
peru,2005,25.5097
trinidad_tobago,2005,7.05874
venezuela,2005,104.36079
central_america,2005,35.82042
other_caribbean,2005,73.89443
other_south_america,2005,66.65973
total_south_central_america,2005,943.33651
austria,2005,66.83274
belgium,2005,85.6769
bulgaria,2005,44.36448
croatia,2005,13.1615
cyprus,2005,4.377
czech_republic,2005,82.57857
denmark,2005,36.24135
estonia,2005,10.201
finland,2005,70.58357
france,2005,576.062
germany,2005,622.71288
greece,2005,60.02014
hungary,2005,35.756
iceland,2005,8.68111
ireland,2005,25.98323
italy,2005,303.6999
latvia,2005,4.906
lithuania,2005,14.7843
luxembourg,2005,4.12912
netherlands,2005,100.76871
north_macedonia,2005,6.942
norway,2005,138.005
poland,2005,156.936
portugal,2005,46.575
romania,2005,59.413
slovakia,2005,31.455
slovenia,2005,15.117
spain,2005,294.077
sweden,2005,159.06
switzerland,2005,59.48185
turkey,2005,161.9562
ukraine,2005,186.055
united_kingdom,2005,398.36113
other_europe,2005,73.66825
total_europe,2005,3958.62294
azerbaijan,2005,22.872
belarus,2005,30.961
kazakhstan,2005,67.91973
russian_federation,2005,954.1
turkmenistan,2005,12.819
uzbekistan,2005,47.6272
other_cis,2005,44.2842
total_cis,2005,1180.58313
iran,2005,177.077
iraq,2005,28.34318
israel,2005,49.8334
kuwait,2005,43.734
oman,2005,12.648
qatar,2005,14.396
saudi_arabia,2005,191.05496
united_arab_emirates,2005,60.698
other_middle_east,2005,80.6906
total_middle_east,2005,658.47513
algeria,2005,33.915
egypt,2005,104.94732
morocco,2005,19.7232
south_africa,2005,244.922
eastern_africa,2005,58.37899
middle_africa,2005,16.50592
western_africa,2005,43.18093
other_northern_africa,2005,35.33291
other_southern_africa,2005,3.5085
total_africa,2005,560.41477
australia,2005,230.73955
bangladesh,2005,26.48635
china,2005,2500.26
china_hong_kong_sar,2005,38.44833
india,2005,704.50932
indonesia,2005,127.5608
japan,2005,1153.062
malaysia,2005,98.75
new_zealand,2005,42.98084
pakistan,2005,88.76422
philippines,2005,56.56774
singapore,2005,38.2127
south_korea,2005,389.47951
sri_lanka,2005,8.84822
taiwan,2005,227.51225
thailand,2005,130.42631
vietnam,2005,52.078
other_asia_pacific,2005,57.20709
total_asia_pacific,2005,5971.89323
total_world,2005,18464.5629
canada,2006,608.42831
mexico,2006,256.22496
united_states,2006,4330.95164
total_north_america,2006,5195.60491
argentina,2006,113.42356
brazil,2006,419.44915
chile,2006,54.80155
colombia,2006,59.06591
ecuador,2006,15.11585
peru,2006,27.3698
trinidad_tobago,2006,7.17109
venezuela,2006,110.64354
central_america,2006,37.94995
other_caribbean,2006,75.98303
other_south_america,2006,67.56727
total_south_central_america,2006,988.54072
austria,2006,64.37527
belgium,2006,84.5872
bulgaria,2006,45.84302
croatia,2006,13.047
cyprus,2006,4.652
czech_republic,2006,84.35902
denmark,2006,45.60229
estonia,2006,9.729
finland,2006,82.31233
france,2006,574.869
germany,2006,639.68854
greece,2006,60.78971
hungary,2006,35.859
iceland,2006,9.92484
ireland,2006,27.5044
italy,2006,314.12196
latvia,2006,4.891
lithuania,2006,12.4819
luxembourg,2006,4.33351
netherlands,2006,98.83462
north_macedonia,2006,7.006
norway,2006,121.538
poland,2006,161.742
portugal,2006,49.041
romania,2006,62.696
slovakia,2006,31.418
slovenia,2006,15.115
spain,2006,299.454
sweden,2006,143.3
switzerland,2006,63.86112
turkey,2006,176.2998
ukraine,2006,193.381
united_kingdom,2006,397.28232
other_europe,2006,74.96613
total_europe,2006,4014.906
azerbaijan,2006,24.543
belarus,2006,31.811
kazakhstan,2006,71.66846
russian_federation,2006,992.1
turkmenistan,2006,13.65
uzbekistan,2006,49.374
other_cis,2006,43.491
total_cis,2006,1226.63746
iran,2006,193.43
iraq,2006,30.59111
israel,2006,51.8112
kuwait,2006,47.607
oman,2006,13.585
qatar,2006,15.325
saudi_arabia,2006,196.31144
united_arab_emirates,2006,62.438
other_middle_east,2006,86.7644
total_middle_east,2006,697.86315
algeria,2006,35.227
egypt,2006,111.66105
morocco,2006,20.451
south_africa,2006,253.798
eastern_africa,2006,60.4444
middle_africa,2006,18.81075
western_africa,2006,44.57409
other_northern_africa,2006,37.8147
other_southern_africa,2006,3.35258
total_africa,2006,586.13357
australia,2006,237.99095
bangladesh,2006,29.58303
china,2006,2865.726
china_hong_kong_sar,2006,38.6125
india,2006,744.42625
indonesia,2006,133.1102
japan,2006,1164.348
malaysia,2006,103.994
new_zealand,2006,43.53799
pakistan,2006,96.72001
philippines,2006,56.78413
singapore,2006,39.4804
south_korea,2006,402.98894
sri_lanka,2006,9.4979
taiwan,2006,235.53013
thailand,2006,136.76671
vietnam,2006,57.917
other_asia_pacific,2006,60.7054
total_asia_pacific,2006,6457.71955
total_world,2006,19167.40536
canada,2007,634.18481
mexico,2007,263.24954
united_states,2007,4431.83702
total_north_america,2007,5329.27137
argentina,2007,113.52504
brazil,2007,445.14893
chile,2007,58.30597
colombia,2007,60.5203
ecuador,2007,17.33666
peru,2007,29.943
trinidad_tobago,2007,7.67629
venezuela,2007,113.69732
central_america,2007,39.9668
other_caribbean,2007,76.2784
other_south_america,2007,71.86058
total_south_central_america,2007,1034.25929
austria,2007,64.75749
belgium,2007,88.1029
bulgaria,2007,43.29686
croatia,2007,12.7077
cyprus,2007,4.871
czech_republic,2007,88.1991
denmark,2007,39.31547
estonia,2007,12.188
finland,2007,81.24635
france,2007,569.768
germany,2007,640.84907
greece,2007,63.49684
hungary,2007,39.96
iceland,2007,11.97574
ireland,2007,28.73812
italy,2007,313.88735
latvia,2007,4.771
lithuania,2007,14.007
luxembourg,2007,4.00136
netherlands,2007,105.16416
north_macedonia,2007,6.498
norway,2007,137.164
poland,2007,159.348
portugal,2007,47.253
romania,2007,61.673
slovakia,2007,28.056
slovenia,2007,15.043
spain,2007,305.052
sweden,2007,148.742
switzerland,2007,67.72993
turkey,2007,191.55813
ukraine,2007,196.251
united_kingdom,2007,396.82995
other_europe,2007,71.52213
total_europe,2007,4064.02364
azerbaijan,2007,21.847
belarus,2007,31.829
kazakhstan,2007,76.62095
russian_federation,2007,1018.7
turkmenistan,2007,14.88
uzbekistan,2007,49.0329
other_cis,2007,44.1278
total_cis,2007,1257.03765
iran,2007,203.131
iraq,2007,32.34741
israel,2007,55.1071
kuwait,2007,48.753
oman,2007,14.443
qatar,2007,19.462
saudi_arabia,2007,204.43374
united_arab_emirates,2007,78.761
other_middle_east,2007,91.8922
total_middle_east,2007,748.33046
algeria,2007,37.31
egypt,2007,119.86698
morocco,2007,20.313
south_africa,2007,263.479
eastern_africa,2007,64.15723
middle_africa,2007,18.86239
western_africa,2007,43.4693
other_northern_africa,2007,39.9735
other_southern_africa,2007,3.24068
total_africa,2007,610.67208
australia,2007,243.1848
bangladesh,2007,31.07128
china,2007,3281.553
china_hong_kong_sar,2007,38.94778
india,2007,796.26517
indonesia,2007,142.44102
japan,2007,1180.109
malaysia,2007,108.539
new_zealand,2007,43.8935
pakistan,2007,99.381
philippines,2007,59.61179
singapore,2007,41.1341
south_korea,2007,425.40729
sri_lanka,2007,9.90056
taiwan,2007,243.11658
thailand,2007,142.53754
vietnam,2007,64.147
other_asia_pacific,2007,64.77529
total_asia_pacific,2007,7016.01569
total_world,2007,20059.61017
canada,2008,635.10045
mexico,2008,269.29975
united_states,2008,4390.10612
total_north_america,2008,5294.50631
argentina,2008,121.90525
brazil,2008,463.17158
chile,2008,59.71478
colombia,2008,61.37364
ecuador,2008,18.60853
peru,2008,32.4631
trinidad_tobago,2008,7.73153
venezuela,2008,119.31733
central_america,2008,40.88348
other_caribbean,2008,73.1953
other_south_america,2008,73.68174
total_south_central_america,2008,1072.04625
austria,2008,66.72519
belgium,2008,84.3996
bulgaria,2008,45.03622
croatia,2008,12.8905
cyprus,2008,5.079
czech_republic,2008,83.64549
denmark,2008,36.61615
estonia,2008,10.579
finland,2008,77.43334
france,2008,573.80711
germany,2008,640.88022
greece,2008,63.74988
hungary,2008,40.025
iceland,2008,16.46775
ireland,2008,30.26242
italy,2008,319.13054
latvia,2008,5.274
lithuania,2008,14.01
luxembourg,2008,3.55709
netherlands,2008,108.20278
north_macedonia,2008,6.311
norway,2008,142.108
poland,2008,155.3054
portugal,2008,45.969
romania,2008,64.956
slovakia,2008,28.962
slovenia,2008,16.398
spain,2008,313.758
sweden,2008,149.65
switzerland,2008,68.74175
turkey,2008,198.42
ukraine,2008,192.586
united_kingdom,2008,388.9181
other_europe,2008,77.5772
total_europe,2008,4087.43172
azerbaijan,2008,21.642
belarus,2008,35.054
kazakhstan,2008,80.34779
russian_federation,2008,1040
turkmenistan,2008,15
uzbekistan,2008,50.1784
other_cis,2008,39.7281
total_cis,2008,1281.95029
iran,2008,210.48
iraq,2008,35.30509
israel,2008,55.8315
kuwait,2008,51.749
oman,2008,16.048
qatar,2008,21.616
saudi_arabia,2008,204.20061
united_arab_emirates,2008,80.463
other_middle_east,2008,97.9736
total_middle_east,2008,773.6668
algeria,2008,40.237
egypt,2008,128.79241
morocco,2008,20.9906
south_africa,2008,258.291
eastern_africa,2008,65.11243
middle_africa,2008,20.41665
western_africa,2008,43.50055
other_northern_africa,2008,43.02929
other_southern_africa,2008,3.1337
total_africa,2008,623.50364
australia,2008,245.3709
bangladesh,2008,34.29144
china,2008,3495.76
china_hong_kong_sar,2008,37.99028
india,2008,828.41355
indonesia,2008,149.43654
japan,2008,1183.72
malaysia,2008,113.823
new_zealand,2008,43.92572
pakistan,2008,93.18836
philippines,2008,60.82099
singapore,2008,41.6706
south_korea,2008,442.61096
sri_lanka,2008,10.00328
taiwan,2008,238.30537
thailand,2008,145.43736
vietnam,2008,70.96
other_asia_pacific,2008,67.81198
total_asia_pacific,2008,7303.54032
total_world,2008,20436.64533
canada,2009,613.87768
mexico,2009,267.75358
united_states,2009,4206.49336
total_north_america,2009,5088.12462
argentina,2009,122.32601
brazil,2009,466.15812
chile,2009,59.70078
colombia,2009,63.18301
ecuador,2009,18.26462
peru,2009,32.9447
trinidad_tobago,2009,7.84294
venezuela,2009,124.84439
central_america,2009,41.6119
other_caribbean,2009,72.73555
other_south_america,2009,73.53935
total_south_central_america,2009,1083.15138
austria,2009,69.08751
belgium,2009,91.1833
bulgaria,2009,42.96339
croatia,2009,13.44966
cyprus,2009,5.215
czech_republic,2009,82.18571
denmark,2009,36.38448
estonia,2009,8.777
finland,2009,72.071
france,2009,535.9252
germany,2009,595.83845
greece,2009,61.34035
hungary,2009,35.908
iceland,2009,16.83536
ireland,2009,28.35157
italy,2009,292.63968
latvia,2009,5.569
lithuania,2009,15.3576
luxembourg,2009,3.87838
netherlands,2009,113.50278
north_macedonia,2009,6.828
norway,2009,131.773
poland,2009,151.72
portugal,2009,50.207
romania,2009,58.016
slovakia,2009,26.155
slovenia,2009,16.403
spain,2009,296.30189
sweden,2009,136.681
switzerland,2009,68.2648
turkey,2009,194.81293
ukraine,2009,173.619
united_kingdom,2009,376.7538
other_europe,2009,80.37343
total_europe,2009,3894.37225
azerbaijan,2009,18.869
belarus,2009,30.405
kazakhstan,2009,78.72913
russian_federation,2009,993.1
turkmenistan,2009,16
uzbekistan,2009,50.0631
other_cis,2009,39.0694
total_cis,2009,1226.23563
iran,2009,221.807
iraq,2009,41.29334
israel,2009,55.3072
kuwait,2009,53.218
oman,2009,18.4453
qatar,2009,24.158
saudi_arabia,2009,217.30661
united_arab_emirates,2009,85.698
other_middle_east,2009,101.1679
total_middle_east,2009,818.40135
algeria,2009,43.112
egypt,2009,134.26723
morocco,2009,21.6553
south_africa,2009,249.557
eastern_africa,2009,68.85992
middle_africa,2009,21.46042
western_africa,2009,42.6226
other_northern_africa,2009,45.62509
other_southern_africa,2009,2.96412
total_africa,2009,630.12368
australia,2009,249.90195
bangladesh,2009,37.23436
china,2009,3714.651
china_hong_kong_sar,2009,38.76778
india,2009,878.62237
indonesia,2009,156.79722
japan,2009,1114.003
malaysia,2009,116.114
new_zealand,2009,43.54621
pakistan,2009,98.82776
philippines,2009,61.93443
singapore,2009,41.80183
south_korea,2009,452.44746
sri_lanka,2009,9.98688
taiwan,2009,230.03716
thailand,2009,145.9067
vietnam,2009,80.643
other_asia_pacific,2009,66.53865
total_asia_pacific,2009,7537.76176
total_world,2009,20278.17068
canada,2010,607.01185
mexico,2010,275.5675
united_states,2010,4394.25098
total_north_america,2010,5276.83033
argentina,2010,125.99205
brazil,2010,515.79869
chile,2010,61.33264
colombia,2010,64.66284
ecuador,2010,19.50985
peru,2010,35.908
trinidad_tobago,2010,8.48541
venezuela,2010,116.7162
central_america,2010,42.97485
other_caribbean,2010,73.92574
other_south_america,2010,75.23395
total_south_central_america,2010,1140.54022
austria,2010,71.1468
belgium,2010,94.6093
bulgaria,2010,46.65256
croatia,2010,14.90256
cyprus,2010,5.322
czech_republic,2010,85.903
denmark,2010,38.86279
estonia,2010,12.962
finland,2010,80.67276
france,2010,569.28811
germany,2010,632.81107
greece,2010,57.40492
hungary,2010,37.371
iceland,2010,17.05909
ireland,2010,28.68857
italy,2010,302.0622
latvia,2010,6.627
lithuania,2010,5.7486
luxembourg,2010,4.59128
netherlands,2010,118.13889
north_macedonia,2010,7.26
norway,2010,123.663
poland,2010,157.658
portugal,2010,54.093
romania,2010,60.979
slovakia,2010,27.858
slovenia,2010,16.44
spain,2010,300.43095
sweden,2010,148.255
switzerland,2010,68.00486
turkey,2010,211.21013
ukraine,2010,188.828
united_kingdom,2010,382.06825
other_europe,2010,87.20831
total_europe,2010,4064.78099
azerbaijan,2010,18.7095
belarus,2010,34.89
kazakhstan,2010,82.6465
russian_federation,2010,1038.0327
turkmenistan,2010,16.7
uzbekistan,2010,51.935
other_cis,2010,41.069
total_cis,2010,1283.9827
iran,2010,235.681
iraq,2010,41.70288
israel,2010,58.486
kuwait,2010,57.083
oman,2010,19.8187
qatar,2010,28.144
saudi_arabia,2010,248.77351
united_arab_emirates,2010,93.949
other_middle_east,2010,108.96114
total_middle_east,2010,892.59923
algeria,2010,45.735
egypt,2010,144.43172
morocco,2010,23.6834
south_africa,2010,259.601
eastern_africa,2010,74.17379
middle_africa,2010,22.51352
western_africa,2010,50.85841
other_northern_africa,2010,48.92988
other_southern_africa,2010,2.8309
total_africa,2010,672.75762
australia,2010,250.9617
bangladesh,2010,40.86062
china,2010,4207.16
china_hong_kong_sar,2010,38.33267
india,2010,936.39162
indonesia,2010,169.78624
japan,2010,1156.023
malaysia,2010,125.045
new_zealand,2010,44.99372
pakistan,2010,99.38472
philippines,2010,67.74276
singapore,2010,45.36916
south_korea,2010,495.02836
sri_lanka,2010,10.80074
taiwan,2010,247.05887
thailand,2010,157.57502
vietnam,2010,91.722
other_asia_pacific,2010,73.72185
total_asia_pacific,2010,8257.95806
total_world,2010,21589.44915
canada,2011,638.28133
mexico,2011,292.14306
united_states,2011,4363.37716
total_north_america,2011,5293.80154
argentina,2011,129.48331
brazil,2011,531.75823
chile,2011,65.22276
colombia,2011,66.15455
ecuador,2011,20.54414
peru,2011,38.8065
trinidad_tobago,2011,8.77241
venezuela,2011,122.89773
central_america,2011,44.48668
other_caribbean,2011,74.30226
other_south_america,2011,78.93269
total_south_central_america,2011,1181.36126
austria,2011,65.85511
belgium,2011,90.6377
bulgaria,2011,50.79661
croatia,2011,11.37217
cyprus,2011,4.929
czech_republic,2011,87.477
denmark,2011,35.22923
estonia,2011,12.892
finland,2011,73.5024
france,2011,566.08521
germany,2011,612.93837
greece,2011,59.43657
hungary,2011,36.019
iceland,2011,17.21041
ireland,2011,27.47822
italy,2011,302.5699
latvia,2011,6.094
lithuania,2011,4.8216
luxembourg,2011,3.71629
netherlands,2011,112.96594
north_macedonia,2011,6.759
norway,2011,127.652
poland,2011,163.548
portugal,2011,52.465
romania,2011,62.216
slovakia,2011,28.656
slovenia,2011,16.059
spain,2011,291.7587
sweden,2011,151.163
switzerland,2011,64.82463
turkey,2011,229.39792
ukraine,2011,194.9468
united_kingdom,2011,367.98182
other_europe,2011,81.59332
total_europe,2011,4021.04791
azerbaijan,2011,20.2938
belarus,2011,32.203
kazakhstan,2011,86.5855
russian_federation,2011,1054.8575
turkmenistan,2011,17.2
uzbekistan,2011,52.772
other_cis,2011,44.5952
total_cis,2011,1308.507
iran,2011,235.588
iraq,2011,42.22157
israel,2011,59.2767
kuwait,2011,57.489
oman,2011,21.8709
qatar,2011,30.731
saudi_arabia,2011,259.15266
united_arab_emirates,2011,99.137
other_middle_east,2011,103.99232
total_middle_east,2011,909.45915
algeria,2011,51.224
egypt,2011,149.56287
morocco,2011,25.3556
south_africa,2011,262.538
eastern_africa,2011,78.35593
middle_africa,2011,23.01268
western_africa,2011,52.78312
other_northern_africa,2011,42.49568
other_southern_africa,2011,2.89201
total_africa,2011,688.21988
australia,2011,256.30415
bangladesh,2011,44.3167
china,2011,4713.019
china_hong_kong_sar,2011,39.07339
india,2011,1032.33205
indonesia,2011,183.41873
japan,2011,1104.183
malaysia,2011,127.069
new_zealand,2011,44.6273
pakistan,2011,100.62142
philippines,2011,69.17565
singapore,2011,46.00433
south_korea,2011,518.16782
sri_lanka,2011,11.59987
taiwan,2011,252.16701
thailand,2011,153.31551
vietnam,2011,101.499
other_asia_pacific,2011,78.22072
total_asia_pacific,2011,8875.11464
total_world,2011,22277.51139
canada,2012,636.54913
mexico,2012,296.39583
united_states,2012,4310.5692
total_north_america,2012,5243.51417
argentina,2012,136.03362
brazil,2012,552.49835
chile,2012,69.74142
colombia,2012,67.71409
ecuador,2012,22.84796
peru,2012,41.036
trinidad_tobago,2012,9.13423
venezuela,2012,127.85427
central_america,2012,46.58836
other_caribbean,2012,76.14891
other_south_america,2012,82.32233
total_south_central_america,2012,1231.91954
austria,2012,72.7216
belgium,2012,83.0501
bulgaria,2012,47.29313
croatia,2012,10.75496
cyprus,2012,4.717
czech_republic,2012,87.418
denmark,2012,30.70193
estonia,2012,11.966
finland,2012,70.40977
france,2012,565.5372
germany,2012,629.00272
greece,2012,60.95909
hungary,2012,34.635
iceland,2012,17.54891
ireland,2012,27.60483
italy,2012,299.2759
latvia,2012,6.167
lithuania,2012,5.0424
luxembourg,2012,3.81697
netherlands,2012,102.50553
north_macedonia,2012,6.262
norway,2012,147.828
poland,2012,162.139
portugal,2012,46.613
romania,2012,59.047
slovakia,2012,28.664
slovenia,2012,15.736
spain,2012,297.55693
sweden,2012,166.302
switzerland,2012,70.02241
turkey,2012,239.50106
ukraine,2012,198.8777
united_kingdom,2012,363.873
other_europe,2012,79.34396
total_europe,2012,4052.89408
azerbaijan,2012,22.9881
belarus,2012,30.794
kazakhstan,2012,90.61389
russian_federation,2012,1069.2893
turkmenistan,2012,17.8
uzbekistan,2012,52.9641
other_cis,2012,45.959
total_cis,2012,1330.40839
iran,2012,248.756
iraq,2012,47.76809
israel,2012,62.9655
kuwait,2012,61.119
oman,2012,25.0173
qatar,2012,34.788
saudi_arabia,2012,281.62719
united_arab_emirates,2012,106.222
other_middle_east,2012,105.51131
total_middle_east,2012,973.7744
algeria,2012,57.397
egypt,2012,162.83109
morocco,2012,27.6585
south_africa,2012,257.919
eastern_africa,2012,81.85745
middle_africa,2012,23.7414
western_africa,2012,55.37196
other_northern_africa,2012,52.33579
other_southern_africa,2012,3.47431
total_africa,2012,722.58651
australia,2012,250.6716
bangladesh,2012,48.7477
china,2012,4987.553
china_hong_kong_sar,2012,38.79667
india,2012,1088.41791
indonesia,2012,200.34014
japan,2012,1106.87994
malaysia,2012,134.077
new_zealand,2012,44.24732
pakistan,2012,99.46126
philippines,2012,72.92201
singapore,2012,46.94423
south_korea,2012,531.20187
sri_lanka,2012,11.89762
taiwan,2012,250.37342
thailand,2012,168.95618
vietnam,2012,115.147
other_asia_pacific,2012,79.53655
total_asia_pacific,2012,9276.17142
total_world,2012,22831.2685
canada,2013,655.68101
mexico,2013,297.11806
united_states,2013,4330.29289
total_north_america,2013,5283.09196
argentina,2013,139.44142
brazil,2013,570.83465
chile,2013,72.96768
colombia,2013,69.82109
ecuador,2013,23.26033
peru,2013,43.3302
trinidad_tobago,2013,9.50723
venezuela,2013,132.62415
central_america,2013,48.05351
other_caribbean,2013,76.82439
other_south_america,2013,84.19597
total_south_central_america,2013,1270.86061
austria,2013,68.43795
belgium,2013,83.4937
bulgaria,2013,43.81595
croatia,2013,14.05326
cyprus,2013,4.29
czech_republic,2013,86.913
denmark,2013,34.74217
estonia,2013,13.274
finland,2013,71.25844
france,2013,575.66631
germany,2013,637.66733
greece,2013,57.15253
hungary,2013,30.294
iceland,2013,18.1161
ireland,2013,26.14669
italy,2013,289.8032
latvia,2013,6.209
lithuania,2013,4.7615
luxembourg,2013,2.88913
netherlands,2013,100.87534
north_macedonia,2013,6.09407
norway,2013,134.074
poland,2013,164.557
portugal,2013,51.67163
romania,2013,58.888
slovakia,2013,28.832
slovenia,2013,16.103
spain,2013,285.25763
sweden,2013,153.155
switzerland,2013,70.40072
turkey,2013,240.16073
ukraine,2013,194.3773
united_kingdom,2013,358.28374
other_europe,2013,90.13937
total_europe,2013,4021.85378
azerbaijan,2013,23.354
belarus,2013,31.495
kazakhstan,2013,92.61572
russian_federation,2013,1059.0855
turkmenistan,2013,18.9
uzbekistan,2013,54.9
other_cis,2013,43.3245
total_cis,2013,1323.67472
iran,2013,258.852
iraq,2013,62.10884
israel,2013,61.3589
kuwait,2013,60.9822
oman,2013,26.24002
qatar,2013,34.668
saudi_arabia,2013,294.72806
united_arab_emirates,2013,109.99542
other_middle_east,2013,99.4771
total_middle_east,2013,1008.41055
algeria,2013,59.89
egypt,2013,165.06384
morocco,2013,28.1207
south_africa,2013,256.137
eastern_africa,2013,86.99401
middle_africa,2013,28.48305
western_africa,2013,60.36839
other_northern_africa,2013,56.29679
other_southern_africa,2013,4.1439
total_africa,2013,745.49767
australia,2013,249.5631
bangladesh,2013,54.65483
china,2013,5431.635
china_hong_kong_sar,2013,39.10333
india,2013,1141.23409
indonesia,2013,216.18856
japan,2013,1087.75955
malaysia,2013,140.98501
new_zealand,2013,43.25266
pakistan,2013,100.968
philippines,2013,75.26584
singapore,2013,47.97585
south_korea,2013,537.16928
sri_lanka,2013,12.02901
taiwan,2013,252.34081
thailand,2013,168.63366
vietnam,2013,124.454
other_asia_pacific,2013,88.31449
total_asia_pacific,2013,9811.52707
total_world,2013,23464.91636
canada,2014,652.95255
mexico,2014,303.31583
united_states,2014,4363.28142
total_north_america,2014,5319.5498
argentina,2014,138.55115
brazil,2014,590.54212
chile,2014,71.61638
colombia,2014,72.74762
ecuador,2014,24.30721
peru,2014,45.5498
trinidad_tobago,2014,9.42323
venezuela,2014,130.95536
central_america,2014,49.42447
other_caribbean,2014,75.95181
other_south_america,2014,80.9098
total_south_central_america,2014,1289.97894
austria,2014,65.64758
belgium,2014,72.5456
bulgaria,2014,47.48965
croatia,2014,13.55284
cyprus,2014,4.352
czech_republic,2014,86.01349
denmark,2014,32.18255
estonia,2014,12.43
finland,2014,68.09352
france,2014,565.21122
germany,2014,626.58252
greece,2014,50.47329
hungary,2014,29.403
iceland,2014,18.12221
ireland,2014,26.3187
italy,2014,279.8285
latvia,2014,5.141
lithuania,2014,4.3969
luxembourg,2014,2.96498
netherlands,2014,103.41785
north_macedonia,2014,5.37369
norway,2014,141.97
poland,2014,159.058
portugal,2014,52.80213
romania,2014,63.2847
slovakia,2014,27.401
slovenia,2014,17.437
spain,2014,278.75012
sweden,2014,153.662
switzerland,2014,71.95195
turkey,2014,251.96277
ukraine,2014,182.8154
united_kingdom,2014,338.09592
other_europe,2014,80.15001
total_europe,2014,3938.88211
azerbaijan,2014,24.7277
belarus,2014,34.737
kazakhstan,2014,94.64324
russian_federation,2014,1064.1965
turkmenistan,2014,20.1
uzbekistan,2014,55.4
other_cis,2014,44.131
total_cis,2014,1337.93544
iran,2014,275.628
iraq,2014,71.17291
israel,2014,61.3303
kuwait,2014,65.1433
oman,2014,29.13709
qatar,2014,38.693
saudi_arabia,2014,328.20245
united_arab_emirates,2014,116.5449
other_middle_east,2014,97.13279
total_middle_east,2014,1082.98474
algeria,2014,64.241
egypt,2014,171.23428
morocco,2014,29.2785
south_africa,2014,254.765
eastern_africa,2014,93.57687
middle_africa,2014,31.61826
western_africa,2014,64.08335
other_northern_africa,2014,56.94279
other_southern_africa,2014,4.97382
total_africa,2014,770.71387
australia,2014,247.64734
bangladesh,2014,57.68848
china,2014,5794.457
china_hong_kong_sar,2014,39.85006
india,2014,1258.68895
indonesia,2014,228.55565
japan,2014,1062.72882
malaysia,2014,147.461
new_zealand,2014,43.98809
pakistan,2014,106.28798
philippines,2014,77.261
singapore,2014,49.33687
south_korea,2014,540.3788
sri_lanka,2014,12.86748
taiwan,2014,259.96394
thailand,2014,173.76418
vietnam,2014,141.25
other_asia_pacific,2014,91.09787
total_asia_pacific,2014,10333.2735
total_world,2014,24073.3184
canada,2015,661.08802
mexico,2015,310.34972
united_states,2015,4349.86604
total_north_america,2015,5321.30378
argentina,2015,145.42156
brazil,2015,581.22796
chile,2015,74.53855
colombia,2015,75.0228
ecuador,2015,25.95019
peru,2015,48.27
trinidad_tobago,2015,9.57025
venezuela,2015,126.29997
central_america,2015,52.16656
other_caribbean,2015,77.8412
other_south_america,2015,82.72849
total_south_central_america,2015,1299.03753
austria,2015,65.51279
belgium,2015,69.705
bulgaria,2015,49.2239
croatia,2015,11.40238
cyprus,2015,4.53459
czech_republic,2015,83.89376
denmark,2015,28.93433
estonia,2015,10.417
finland,2015,68.59809
france,2015,572.11089
germany,2015,647.00507
greece,2015,51.8744
hungary,2015,30.36
iceland,2015,18.79857
ireland,2015,28.38864
italy,2015,282.994
latvia,2015,5.533
lithuania,2015,4.9329
luxembourg,2015,2.76608
netherlands,2015,110.21343
north_macedonia,2015,5.64614
norway,2015,144.547
poland,2015,164.944
portugal,2015,52.42087
romania,2015,66.296
slovakia,2015,26.903
slovenia,2015,15.1
spain,2015,281.01976
sweden,2015,162.058
switzerland,2015,67.86974
turkey,2015,261.78336
ukraine,2015,163.6823
united_kingdom,2015,338.87533
other_europe,2015,85.24039
total_europe,2015,3983.5847
azerbaijan,2015,24.6876
belarus,2015,34.232
kazakhstan,2015,91.64512
russian_federation,2015,1067.5433
turkmenistan,2015,21.5
uzbekistan,2015,57.28
other_cis,2015,43.9989
total_cis,2015,1340.88692
iran,2015,280.238
iraq,2015,75.32354
israel,2015,64.3307
kuwait,2015,68.2931
oman,2015,32.75802
qatar,2015,41.4993
saudi_arabia,2015,350.64064
united_arab_emirates,2015,127.38302
other_middle_east,2015,93.93952
total_middle_east,2015,1134.40583
algeria,2015,68.798
egypt,2015,181.83643
morocco,2015,30.32098
south_africa,2015,250.39
eastern_africa,2015,98.67228
middle_africa,2015,34.085
western_africa,2015,64.38149
other_northern_africa,2015,57.21079
other_southern_africa,2015,5.01728
total_africa,2015,790.71224
australia,2015,253.98442
bangladesh,2015,62.11191
china,2015,5814.573
china_hong_kong_sar,2015,37.98561
india,2015,1310.55978
indonesia,2015,233.98198
japan,2015,1030.11431
malaysia,2015,150.123
new_zealand,2015,44.68977
pakistan,2015,110.52762
philippines,2015,82.41321
singapore,2015,50.32026
south_korea,2015,547.8018
sri_lanka,2015,13.2255
taiwan,2015,258.14189
thailand,2015,177.83193
vietnam,2015,161.92829
other_asia_pacific,2015,93.57306
total_asia_pacific,2015,10433.88734
total_world,2015,24303.81835
canada,2016,667.12697
mexico,2016,320.34472
united_states,2016,4348.87728
total_north_america,2016,5336.34898
argentina,2016,147.19282
brazil,2016,578.89831
chile,2016,77.74805
colombia,2016,74.44603
ecuador,2016,27.31386
peru,2016,51.7
trinidad_tobago,2016,9.41925
venezuela,2016,116.16088
central_america,2016,53.77263
other_caribbean,2016,78.6726
other_south_america,2016,91.25899
total_south_central_america,2016,1306.58343
austria,2016,68.51316
belgium,2016,85.606
bulgaria,2016,45.27942
croatia,2016,12.81981
cyprus,2016,4.88801
czech_republic,2016,83.30563
denmark,2016,30.53554
estonia,2016,12.17
finland,2016,68.75718
france,2016,556.67949
germany,2016,649.17108
greece,2016,54.43794
hungary,2016,31.902
iceland,2016,18.54877
ireland,2016,30.61304
italy,2016,289.7682
latvia,2016,6.425
lithuania,2016,4.2657
luxembourg,2016,2.19758
netherlands,2016,115.15841
north_macedonia,2016,5.62951
norway,2016,149.086
poland,2016,166.634
portugal,2016,60.278
romania,2016,65.103
slovakia,2016,27.064
slovenia,2016,16.5
spain,2016,274.63007
sweden,2016,156.131
switzerland,2016,63.31493
turkey,2016,274.4077
ukraine,2016,164.5729
united_kingdom,2016,339.16426
other_europe,2016,88.98276
total_europe,2016,4022.54008
azerbaijan,2016,24.9529
belarus,2016,33.572
kazakhstan,2016,94.64238
russian_federation,2016,1090.97022
turkmenistan,2016,22.6
uzbekistan,2016,59.1
other_cis,2016,43.4841
total_cis,2016,1369.32161
iran,2016,286.143
iraq,2016,86.31705
israel,2016,67.3643
kuwait,2016,70.13381
oman,2016,34.2277
qatar,2016,42.307
saudi_arabia,2016,357.65966
united_arab_emirates,2016,129.61299
other_middle_east,2016,93.01427
total_middle_east,2016,1166.77979
algeria,2016,70.997
egypt,2016,188.1911
morocco,2016,30.716
south_africa,2016,253.075
eastern_africa,2016,97.15187
middle_africa,2016,34.7055
western_africa,2016,69.14594
other_northern_africa,2016,51.27379
other_southern_africa,2016,4.67842
total_africa,2016,799.93461
australia,2016,258.21869
bangladesh,2016,70.21301
china,2016,6133.16
china_hong_kong_sar,2016,38.22444
india,2016,1394.94634
indonesia,2016,247.9178
japan,2016,1063.69422
malaysia,2016,156.665
new_zealand,2016,44.16326
pakistan,2016,115.64138
philippines,2016,90.79789
singapore,2016,51.5866
south_korea,2016,560.98459
sri_lanka,2016,14.36132
taiwan,2016,264.10766
thailand,2016,179.82852
vietnam,2016,179.16729
other_asia_pacific,2016,112.1738
total_asia_pacific,2016,10975.8518
total_world,2016,24977.3603
canada,2017,669.34387
mexico,2017,329.08528
united_states,2017,4303.7989
total_north_america,2017,5302.22805
argentina,2017,145.61845
brazil,2017,589.32733
chile,2017,78.60558
colombia,2017,74.97685
ecuador,2017,28.032
peru,2017,52.74258
trinidad_tobago,2017,9.32386
venezuela,2017,110.34358
central_america,2017,54.46134
other_caribbean,2017,74.43244
other_south_america,2017,87.89738
total_south_central_america,2017,1305.76139
austria,2017,71.32441
belgium,2017,86.619
bulgaria,2017,45.61279
croatia,2017,11.9835
cyprus,2017,5.00437
czech_republic,2017,87.04129
denmark,2017,31.02255
estonia,2017,13.16
finland,2017,67.52467
france,2017,554.51568
germany,2017,652.33279
greece,2017,55.26609
hungary,2017,32.915
iceland,2017,19.23853
ireland,2017,30.99724
italy,2017,295.83
latvia,2017,7.53119
lithuania,2017,4.1872
luxembourg,2017,2.23514
netherlands,2017,117.16774
north_macedonia,2017,5.60022
norway,2017,149.616
poland,2017,170.465
portugal,2017,59.433
romania,2017,64.296
slovakia,2017,27.738
slovenia,2017,16.32623
spain,2017,275.6317
sweden,2017,164.25
switzerland,2017,63.29963
turkey,2017,297.2775
ukraine,2017,156.0323
united_kingdom,2017,338.19733
other_europe,2017,82.92902
total_europe,2017,4062.60109
azerbaijan,2017,24.3209
belarus,2017,34.522
kazakhstan,2017,103.12796
russian_federation,2017,1091.184
turkmenistan,2017,22.8
uzbekistan,2017,60.82
other_cis,2017,46.2716
total_cis,2017,1383.04646
iran,2017,305.164
iraq,2017,93.57377
israel,2017,67.7115
kuwait,2017,72.84121
oman,2017,36.126
qatar,2017,45.555
saudi_arabia,2017,394.99196
united_arab_emirates,2017,134.56869
other_middle_east,2017,95.71234
total_middle_east,2017,1246.24448
algeria,2017,76.017
egypt,2017,193.21116
morocco,2017,31.6309
south_africa,2017,255.432
eastern_africa,2017,103.54243
middle_africa,2017,36.02841
western_africa,2017,71.67622
other_northern_africa,2017,53.87092
other_southern_africa,2017,5.65861
total_africa,2017,827.06766
australia,2017,258.96706
bangladesh,2017,73.69384
china,2017,6604.447
china_hong_kong_sar,2017,36.98892
india,2017,1462.39792
indonesia,2017,254.65998
japan,2017,1076.8767
malaysia,2017,160.634
new_zealand,2017,44.64101
pakistan,2017,127.0829
philippines,2017,94.37034
singapore,2017,52.2253
south_korea,2017,576.41213
sri_lanka,2017,14.9837
taiwan,2017,270.25641
thailand,2017,176.73811
vietnam,2017,194.71699
other_asia_pacific,2017,122.9234
total_asia_pacific,2017,11603.0157
total_world,2017,25729.96482
canada,2018,661.21089
mexico,2018,349.29889
united_states,2018,4464.50082
total_north_america,2018,5475.0106
argentina,2018,146.77388
brazil,2018,601.39649
chile,2018,82.29985
colombia,2018,78.26517
ecuador,2018,29.244
peru,2018,54.9823
trinidad_tobago,2018,9.22564
venezuela,2018,92.26342
central_america,2018,56.38429
other_caribbean,2018,76.19837
other_south_america,2018,87.92209
total_south_central_america,2018,1314.9555
austria,2018,68.61805
belgium,2018,75.0399
bulgaria,2018,46.83768
croatia,2018,13.6317
cyprus,2018,5.04888
czech_republic,2018,88.00238
denmark,2018,30.37017
estonia,2018,12.364
finland,2018,70.26313
france,2018,574.42875
germany,2018,641.42497
greece,2018,53.26279
hungary,2018,32.067
iceland,2018,19.82887
ireland,2018,31.27804
italy,2018,289.7084
latvia,2018,6.72487
lithuania,2018,3.5111
luxembourg,2018,2.19969
netherlands,2018,114.37971
north_macedonia,2018,5.60717
norway,2018,147.082
poland,2018,170.039
portugal,2018,59.64001
romania,2018,64.78591
slovakia,2018,26.971
slovenia,2018,16.32693
spain,2018,274.452
sweden,2018,163.384
switzerland,2018,67.61975
turkey,2018,304.8019
ukraine,2018,159.8528
united_kingdom,2018,333.7521
other_europe,2018,92.46257
total_europe,2018,4065.76722
azerbaijan,2018,25.2292
belarus,2018,38.927
kazakhstan,2018,107.26881
russian_federation,2018,1109.19779
turkmenistan,2018,24.2
uzbekistan,2018,62.8966
other_cis,2018,48.6376
total_cis,2018,1416.357
iran,2018,312.35
iraq,2018,99.00343
israel,2018,69.2799
kuwait,2018,74.15817
oman,2018,37.714
qatar,2018,47.913
saudi_arabia,2018,374.78261
united_arab_emirates,2018,136.01428
other_middle_east,2018,103.44468
total_middle_east,2018,1254.66007
algeria,2018,76.663
egypt,2018,199.39878
morocco,2018,34.44191
south_africa,2018,256.336
eastern_africa,2018,108.75772
middle_africa,2018,39.84739
western_africa,2018,74.31806
other_northern_africa,2018,55.18179
other_southern_africa,2018,5.04601
total_africa,2018,849.99065
australia,2018,262.63201
bangladesh,2018,79.72985
china,2018,7166.133
china_hong_kong_sar,2018,36.53371
india,2018,1571.65971
indonesia,2018,283.77097
japan,2018,1082.91231
malaysia,2018,170.578
new_zealand,2018,44.69247
pakistan,2018,137.05018
philippines,2018,101.00342
singapore,2018,52.9046
south_korea,2018,592.90463
sri_lanka,2018,16.2166
taiwan,2018,275.53916
thailand,2018,177.75856
vietnam,2018,217.184
other_asia_pacific,2018,130.60786
total_asia_pacific,2018,12399.81105
total_world,2018,26776.55208
canada,2019,655.6956
mexico,2019,344.57972
united_states,2019,4414.08265
total_north_america,2019,5414.35798
argentina,2019,139.52992
brazil,2019,633.31764
chile,2019,83.61852
colombia,2019,80.39116
ecuador,2019,32.284
peru,2019,57.0385
trinidad_tobago,2019,9.18874
venezuela,2019,78.11817
central_america,2019,59.32331
other_caribbean,2019,79.53812
other_south_america,2019,80.06708
total_south_central_america,2019,1332.41515
austria,2019,74.2343
belgium,2019,93.6443
bulgaria,2019,44.27659
croatia,2019,12.7603
cyprus,2019,5.14149
czech_republic,2019,86.99124
denmark,2019,29.51695
estonia,2019,7.615
finland,2019,68.65085
france,2019,563.37385
germany,2019,608.21735
greece,2019,48.62599
hungary,2019,34.291
iceland,2019,19.48884
ireland,2019,31.12155
italy,2019,293.8532
latvia,2019,6.43839
lithuania,2019,3.9716
luxembourg,2019,1.90842
netherlands,2019,121.41125
north_macedonia,2019,5.86977
norway,2019,134.89
poland,2019,163.9885
portugal,2019,53.155
romania,2019,59.51251
slovakia,2019,28.434
slovenia,2019,16.09956
spain,2019,267.50081
sweden,2019,168.423
switzerland,2019,71.91872
turkey,2019,303.89756
ukraine,2019,154.141
united_kingdom,2019,327.1735
other_europe,2019,87.55481
total_europe,2019,3998.0912
azerbaijan,2019,26.0729
belarus,2019,40.451
kazakhstan,2019,106.48316
russian_federation,2019,1118.14323
turkmenistan,2019,22.5
uzbekistan,2019,63.5316
other_cis,2019,49.1698
total_cis,2019,1426.35169
iran,2019,318.885
iraq,2019,115.21104
israel,2019,72.3771
kuwait,2019,75.13318
oman,2019,38.834
qatar,2019,49.873
saudi_arabia,2019,378.53632
united_arab_emirates,2019,138.45406
other_middle_east,2019,108.59241
total_middle_east,2019,1295.89611
algeria,2019,81.527
egypt,2019,200.56297
morocco,2019,40.14807
south_africa,2019,252.578
eastern_africa,2019,110.86891
middle_africa,2019,41.89435
western_africa,2019,82.1201
other_northern_africa,2019,56.71196
other_southern_africa,2019,4.48336
total_africa,2019,870.89472
australia,2019,265.9002
bangladesh,2019,84.66789
china,2019,7503.428
china_hong_kong_sar,2019,36.88661
india,2019,1611.17829
indonesia,2019,295.44928
japan,2019,1047.38897
malaysia,2019,178.493
new_zealand,2019,45.14212
pakistan,2019,136.751
philippines,2019,107.52464
singapore,2019,54.1423
south_korea,2019,586.806
sri_lanka,2019,16.8413
taiwan,2019,274.19357
thailand,2019,186.50302
vietnam,2019,236.886
other_asia_pacific,2019,132.53395
total_asia_pacific,2019,12800.71614
total_world,2019,27138.72299
canada,2020,655.88111
mexico,2020,325.72667
united_states,2020,4287.61383
total_north_america,2020,5269.22161
argentina,2020,144.64279
brazil,2020,628.76372
chile,2020,83.71429
colombia,2020,79.35422
ecuador,2020,31.24799
peru,2020,52.803
trinidad_tobago,2020,9.22564
venezuela,2020,76.59282
central_america,2020,57.19806
other_caribbean,2020,78.68878
other_south_america,2020,74.2
total_south_central_america,2020,1316.4313
austria,2020,72.55631
belgium,2020,89.4536
bulgaria,2020,40.75444
croatia,2020,13.3853
cyprus,2020,4.8492
czech_republic,2020,81.44589
denmark,2020,28.72866
estonia,2020,6.079
finland,2020,69.26707
france,2020,524.97515
germany,2020,574.66516
greece,2020,48.25188
hungary,2020,34.93
iceland,2020,19.1273
ireland,2020,32.4598
italy,2020,280.531
latvia,2020,5.72485
lithuania,2020,5.5175
luxembourg,2020,2.23426
netherlands,2020,123.27813
north_macedonia,2020,5.3471
norway,2020,155.196
poland,2020,158.04274
portugal,2020,53.079
romania,2020,55.81194
slovakia,2020,28.838
slovenia,2020,17.1907
spain,2020,263.37295
sweden,2020,163.817
switzerland,2020,70.18987
turkey,2020,306.70309
ukraine,2020,147.8014
united_kingdom,2020,310.2962
other_europe,2020,86.73188
total_europe,2020,3880.63239
azerbaijan,2020,25.8391
belarus,2020,38.685
kazakhstan,2020,108.62841
russian_federation,2020,1085.41873
turkmenistan,2020,25.7625
uzbekistan,2020,66.5007
other_cis,2020,49.14378
total_cis,2020,1399.97821
iran,2020,337.219
iraq,2020,116.79408
israel,2020,72.7603
kuwait,2020,74.81935
oman,2020,38.322
qatar,2020,49.259
saudi_arabia,2020,380.89398
united_arab_emirates,2020,137.31036
other_middle_east,2020,102.40741
total_middle_east,2020,1309.78548
algeria,2020,79.1553
egypt,2020,198.61019
morocco,2020,38.47201
south_africa,2020,239.459
eastern_africa,2020,110.85785
middle_africa,2020,43.41248
western_africa,2020,87.91562
other_northern_africa,2020,51.06105
other_southern_africa,2020,4.89453
total_africa,2020,853.83805
australia,2020,265.16209
bangladesh,2020,84.73946
china,2020,7779.06
china_hong_kong_sar,2020,35.2526
india,2020,1570.97573
indonesia,2020,291.82997
japan,2020,1011.02791
malaysia,2020,174.004
new_zealand,2020,44.53471
pakistan,2020,134.83038
philippines,2020,103.28206
singapore,2020,53.07159
south_korea,2020,577.1119
sri_lanka,2020,16.9169
taiwan,2020,279.99955
thailand,2020,176.48385
vietnam,2020,244.005
other_asia_pacific,2020,144.45423
total_asia_pacific,2020,12986.74192
total_world,2020,27016.62896
canada,2021,652.40376
mexico,2021,328.598
united_states,2021,4400.90062
total_north_america,2021,5381.90238
argentina,2021,153.15192
brazil,2021,656.3963
chile,2021,87.37844
colombia,2021,86.01253
ecuador,2021,32.20688
peru,2021,57.4832
trinidad_tobago,2021,9.26234
venezuela,2021,75.18936
central_america,2021,61.61152
other_caribbean,2021,80.16779
other_south_america,2021,71.81935
total_south_central_america,2021,1370.67964
austria,2021,70.88654
belgium,2021,100.4816
bulgaria,2021,47.5681
croatia,2021,15.2104
cyprus,2021,5.11942
czech_republic,2021,84.90795
denmark,2021,33.05062
estonia,2021,7.20446
finland,2021,72.12023
france,2021,547.80179
germany,2021,587.08643
greece,2021,54.71513
hungary,2021,36.1203
iceland,2021,19.614
ireland,2021,32.02812
italy,2021,289.0695
latvia,2021,5.84622
lithuania,2021,5.0786
luxembourg,2021,2.21099
netherlands,2021,122.09311
north_macedonia,2021,5.53151
norway,2021,157.92119
poland,2021,179.63151
portugal,2021,50.981
romania,2021,59.3339
slovakia,2021,30.016
slovenia,2021,15.87692
spain,2021,274.312
sweden,2021,171.779
switzerland,2021,64.73927
turkey,2021,334.72311
ukraine,2021,156.452
united_kingdom,2021,307.8807
other_europe,2021,94.82182
total_europe,2021,4042.21344
azerbaijan,2021,27.8878
belarus,2021,41.24
kazakhstan,2021,115.07921
russian_federation,2021,1157.08583
turkmenistan,2021,28.4
uzbekistan,2021,71.3646
other_cis,2021,50.15034
total_cis,2021,1491.20779
iran,2021,356.412
iraq,2021,118.05277
israel,2021,73.7881
kuwait,2021,80.781
oman,2021,40.99227
qatar,2021,51.641
saudi_arabia,2021,392.94357
united_arab_emirates,2021,149.05287
other_middle_east,2021,99.44586
total_middle_east,2021,1363.10946
algeria,2021,85.39
egypt,2021,209.6555
morocco,2021,41.02472
south_africa,2021,244.412
eastern_africa,2021,117.22143
middle_africa,2021,46.16506
western_africa,2021,94.84176
other_northern_africa,2021,56.67195
other_southern_africa,2021,4.67681
total_africa,2021,900.05923
australia,2021,267.45226
bangladesh,2021,94.95146
china,2021,8534.248
china_hong_kong_sar,2021,37.23557
india,2021,1683.31201
indonesia,2021,309.076
japan,2021,1034.66172
malaysia,2021,178.58
new_zealand,2021,44.61655
pakistan,2021,147.71071
philippines,2021,107.7692
singapore,2021,55.78829
south_korea,2021,607.7679
sri_lanka,2021,17.9477
taiwan,2021,291.03323
thailand,2021,176.36048
vietnam,2021,253.616
other_asia_pacific,2021,152.37701
total_asia_pacific,2021,13994.50409
total_world,2021,28543.67601
canada,2022,664.07655
mexico,2022,340.14722
united_states,2022,4537.72586
total_north_america,2022,5541.94963
argentina,2022,145.619
brazil,2022,677.16156
chile,2022,88.04004
colombia,2022,89.86497
ecuador,2022,33.0083
peru,2022,59.80678
trinidad_tobago,2022,9.49324
venezuela,2022,76.37193
central_america,2022,63.03832
other_caribbean,2022,79.56178
other_south_america,2022,74.49394
total_south_central_america,2022,1396.45986
austria,2022,69.19324
belgium,2022,95.9478
bulgaria,2022,50.4993
croatia,2022,14.2205
cyprus,2022,5.26793
czech_republic,2022,84.70163
denmark,2022,35.12389
estonia,2022,8.93685
finland,2022,72.18683
france,2022,467.18013
germany,2022,577.85278
greece,2022,52.67005
hungary,2022,35.80176
iceland,2022,20.12052
ireland,2022,34.04522
italy,2022,283.953
latvia,2022,5.03097
lithuania,2022,4.7828
luxembourg,2022,2.2581
netherlands,2022,121.57285
north_macedonia,2022,5.94246
norway,2022,146.73094
poland,2022,179.74812
portugal,2022,48.808
romania,2022,55.90016
slovakia,2022,26.838
slovenia,2022,13.61551
spain,2022,292.454
sweden,2022,173.142
switzerland,2022,64.21795
turkey,2022,328.37934
ukraine,2022,111.5045
united_kingdom,2022,324.9118
other_europe,2022,89.66813
total_europe,2022,3903.20706
azerbaijan,2022,29.0398
belarus,2022,39.7175
kazakhstan,2022,113.45317
russian_federation,2022,1166.93525
turkmenistan,2022,32.6
uzbekistan,2022,74.2693
other_cis,2022,49.8026
total_cis,2022,1505.81762
iran,2022,367.073
iraq,2022,131.30821
israel,2022,75.9845
kuwait,2022,83.544
oman,2022,42.51062
qatar,2022,54.623
saudi_arabia,2022,409.83884
united_arab_emirates,2022,155.4385
other_middle_east,2022,90.62932
total_middle_east,2022,1410.94998
algeria,2022,91.231
egypt,2022,216.71061
morocco,2022,41.15594
south_africa,2022,234.91
eastern_africa,2022,123.35515
middle_africa,2022,46.62993
western_africa,2022,95.73885
other_northern_africa,2022,56.53035
other_southern_africa,2022,5.47729
total_africa,2022,911.73912
australia,2022,272.92174
bangladesh,2022,100.15459
china,2022,8848.712
china_hong_kong_sar,2022,36.4208
india,2022,1806.14828
indonesia,2022,333.537
japan,2022,1040.56392
malaysia,2022,197.67341
new_zealand,2022,44.69403
pakistan,2022,146.94784
philippines,2022,113.28463
singapore,2022,57.11366
south_korea,2022,622.58513
sri_lanka,2022,17.41418
taiwan,2022,288.18573
thailand,2022,180.36609
vietnam,2022,265.11
other_asia_pacific,2022,161.65968
total_asia_pacific,2022,14533.49273
total_world,2022,29203.616
canada,2023,641.38293
mexico,2023,351.695
united_states,2023,4499.11028
total_north_america,2023,5492.18822
argentina,2023,148.57199
brazil,2023,708.11924
chile,2023,88.99282
colombia,2023,93.70964
ecuador,2023,35.36203
peru,2023,62.16787
trinidad_tobago,2023,9.51042
venezuela,2023,80.97126
central_america,2023,65.60059
other_caribbean,2023,84.15552
other_south_america,2023,82.28743
total_south_central_america,2023,1459.4488
austria,2023,74.45941
belgium,2023,83.6694
bulgaria,2023,40.25551
croatia,2023,17.5413
cyprus,2023,5.32909
czech_republic,2023,76.93853
denmark,2023,33.73293
estonia,2023,5.74504
finland,2023,81.54077
france,2023,518.27651
germany,2023,511.28057
greece,2023,49.91663
hungary,2023,35.54582
iceland,2023,20.24365
ireland,2023,31.85298
italy,2023,264.7081
latvia,2023,6.38758
lithuania,2023,5.9786
luxembourg,2023,2.53196
netherlands,2023,121.34202
north_macedonia,2023,6.87519
norway,2023,154.89507
poland,2023,167.36201
portugal,2023,49.043
romania,2023,57.983
slovakia,2023,29.903
slovenia,2023,15.87641
spain,2023,285.88075
sweden,2023,166.078
switzerland,2023,72.43794
turkey,2023,331.1489
ukraine,2023,103.93988
united_kingdom,2023,292.6819
other_europe,2023,96.96664
total_europe,2023,3818.34811
azerbaijan,2023,29.3059
belarus,2023,41.81669
kazakhstan,2023,113.58547
russian_federation,2023,1178.24898
turkmenistan,2023,33.4802
uzbekistan,2023,78.0054
other_cis,2023,49.5989
total_cis,2023,1524.04154
iran,2023,382.0179
iraq,2023,147.06919
israel,2023,76.5865
kuwait,2023,88.01747
oman,2023,45.0129
qatar,2023,56.3
saudi_arabia,2023,429.24419
united_arab_emirates,2023,167.5327
other_middle_east,2023,94.16117
total_middle_east,2023,1485.94202
algeria,2023,95.627
egypt,2023,221.91848
morocco,2023,42.20601
south_africa,2023,224.54
eastern_africa,2023,126.97596
middle_africa,2023,48.67324
western_africa,2023,101.88962
other_northern_africa,2023,56.44122
other_southern_africa,2023,6.05392
total_africa,2023,924.32544
australia,2023,273.1055
bangladesh,2023,100.29471
china,2023,9456.44
china_hong_kong_sar,2023,38.00826
india,2023,1918.97272
indonesia,2023,350.609
japan,2023,1006.72962
malaysia,2023,202.33912
new_zealand,2023,44.6681
pakistan,2023,138.43494
philippines,2023,119.9389
singapore,2023,57.38424
south_korea,2023,617.49067
sri_lanka,2023,16.84036
taiwan,2023,282.28661
thailand,2023,190.47811
vietnam,2023,276.594
other_asia_pacific,2023,168.32099
total_asia_pacific,2023,15258.93586
total_world,2023,29963.22999
canada,2024,636.78179
mexico,2024,355.2007
united_states,2024,4634.79044
total_north_america,2024,5626.77293
argentina,2024,152.50128
brazil,2024,745.71512
chile,2024,91.06342
colombia,2024,95.84066
ecuador,2024,34.37033
peru,2024,63.38244
trinidad_tobago,2024,9.75195
venezuela,2024,83.32207
central_america,2024,66.9445
other_caribbean,2024,86.56988
other_south_america,2024,76.80675
total_south_central_america,2024,1506.2684
austria,2024,83.20434
belgium,2024,75.3831
bulgaria,2024,38.47091
croatia,2024,15.42222
cyprus,2024,5.71599
czech_republic,2024,73.85737
denmark,2024,35.53152
estonia,2024,6.29559
finland,2024,83.15125
france,2024,561.31894
germany,2024,497.28773
greece,2024,55.68175
hungary,2024,37.43709
iceland,2024,19.56149
ireland,2024,31.55641
italy,2024,272.36685
latvia,2024,6.08861
lithuania,2024,7.80613
luxembourg,2024,2.92288
netherlands,2024,123.153
north_macedonia,2024,5.72907
norway,2024,158.07555
poland,2024,169.67017
portugal,2024,50.51644
romania,2024,54.28218
slovakia,2024,29.67444
slovenia,2024,17.65179
spain,2024,285.56525
sweden,2024,172.39758
switzerland,2024,80.29147
turkey,2024,352.94345
ukraine,2024,101.13637
united_kingdom,2024,284.9452
other_europe,2024,92.53837
total_europe,2024,3887.63051
azerbaijan,2024,28.39614
belarus,2024,43.90752
kazakhstan,2024,118.52173
russian_federation,2024,1209.32027
turkmenistan,2024,37.25685
uzbekistan,2024,81.2879
other_cis,2024,51.52086
total_cis,2024,1570.21127
iran,2024,395.78569
iraq,2024,169.45734
israel,2024,80.56856
kuwait,2024,89.49961
oman,2024,48.4527
qatar,2024,58.72444
saudi_arabia,2024,454.64429
united_arab_emirates,2024,177.25387
other_middle_east,2024,94.3624
total_middle_east,2024,1568.74888
algeria,2024,101.11089
egypt,2024,237.39359
morocco,2024,43.47219
south_africa,2024,235.821
eastern_africa,2024,129.12524
middle_africa,2024,49.07684
western_africa,2024,104.46351
other_northern_africa,2024,56.50376
other_southern_africa,2024,6.96425
total_africa,2024,963.93128
australia,2024,281.62855
bangladesh,2024,107.41738
china,2024,10086.88
china_hong_kong_sar,2024,39.02477
india,2024,2030.21161
indonesia,2024,375.11068
japan,2024,1016.38873
malaysia,2024,213.50801
new_zealand,2024,45.01711
pakistan,2024,133.74502
philippines,2024,129.90205
singapore,2024,59.61615
south_korea,2024,625.38762
sri_lanka,2024,18.91873
taiwan,2024,288.56381
thailand,2024,199.52737
vietnam,2024,303.588
other_asia_pacific,2024,177.91556
total_asia_pacific,2024,16132.35112
total_world,2024,31255.91438
