geo,year,hydro_consumption_twh
algeria,1965,0.39333
algeria,1966,0.36239
algeria,1967,0.40658
algeria,1968,0.55684
algeria,1969,0.36239
algeria,1970,0.58336
algeria,1971,0.32704
algeria,1972,0.49939
algeria,1973,0.75572
algeria,1974,0.49939
algeria,1975,0.32704
algeria,1976,0.38449
algeria,1977,0.26958
algeria,1978,0.25633
algeria,1979,0.29168
algeria,1980,0.25633
algeria,1981,0.36239
algeria,1982,0.47730
algeria,1983,0.23423
algeria,1984,0.45520
algeria,1985,0.64965
algeria,1986,0.25633
algeria,1987,0.49939
algeria,1988,0.18561
algeria,1989,0.26958
algeria,1990,0.13700
algeria,1991,0.29168
algeria,1992,0.19887
algeria,1993,0.35355
algeria,1994,0.16794
algeria,1995,0.19445
algeria,1996,0.13700
algeria,1997,0.075130
algeria,1998,0.21655
algeria,1999,0.20329
algeria,2000,0.053033
algeria,2001,0.070710
algeria,2002,0.057452
algeria,2003,0.26516
algeria,2004,0.25191
algeria,2005,0.55530
algeria,2006,0.21760
algeria,2007,0.22600
algeria,2008,0.28300
algeria,2009,0.34200
algeria,2010,0.17300
algeria,2011,0.37800
algeria,2012,0.38900
algeria,2013,0.099000
algeria,2014,0.19300
argentina,1965,1.2109
argentina,1966,1.2286
argentina,1967,1.2551
argentina,1968,1.4805
argentina,1969,1.3258
argentina,1970,1.5159
argentina,1971,1.5247
argentina,1972,1.4849
argentina,1973,2.9610
argentina,1974,4.9718
argentina,1975,5.1353
argentina,1976,4.9409
argentina,1977,5.7054
argentina,1978,7.6632
argentina,1979,10.536
argentina,1980,14.973
argentina,1981,14.500
argentina,1982,17.496
argentina,1983,18.208
argentina,1984,19.649
argentina,1985,20.656
argentina,1986,21.028
argentina,1987,21.889
argentina,1988,15.804
argentina,1989,13.329
argentina,1990,18.168
argentina,1991,16.431
argentina,1992,20.005
argentina,1993,23.847
argentina,1994,28.279
argentina,1995,28.612
argentina,1996,26.018
argentina,1997,33.196
argentina,1998,32.579
argentina,1999,26.807
argentina,2000,34.101
argentina,2001,41.926
argentina,2002,41.505
argentina,2003,39.108
argentina,2004,35.488
argentina,2005,39.609
argentina,2006,43.421
argentina,2007,37.667
argentina,2008,37.255
argentina,2009,40.726
argentina,2010,40.633
argentina,2011,39.648
argentina,2012,36.984
argentina,2013,40.737
argentina,2014,41.074
australia,1965,7.6898
australia,1966,7.3450
australia,1967,7.6058
australia,1968,7.9505
australia,1969,8.6841
australia,1970,10.171
australia,1971,11.507
australia,1972,11.553
australia,1973,12.286
australia,1974,13.874
australia,1975,14.888
australia,1976,14.154
australia,1977,13.544
australia,1978,14.675
australia,1979,14.246
australia,1980,13.467
australia,1981,13.866
australia,1982,12.770
australia,1983,12.124
australia,1984,13.126
australia,1985,13.941
australia,1986,14.026
australia,1987,13.614
australia,1988,14.334
australia,1989,14.254
australia,1990,14.762
australia,1991,15.654
australia,1992,15.946
australia,1993,16.389
australia,1994,16.155
australia,1995,15.794
australia,1996,16.303
australia,1997,16.299
australia,1998,15.812
australia,1999,15.771
australia,2000,15.771
australia,2001,15.761
australia,2002,15.857
australia,2003,16.211
australia,2004,15.755
australia,2005,15.690
australia,2006,15.862
australia,2007,14.426
australia,2008,12.031
australia,2009,11.098
australia,2010,16.590
australia,2011,14.087
australia,2012,16.734
australia,2013,19.372
australia,2014,14.399
austria,1965,17.306
austria,1966,17.343
austria,1967,17.698
austria,1968,18.155
austria,1969,16.602
austria,1970,21.290
austria,1971,16.820
austria,1972,17.288
austria,1973,19.209
austria,1974,22.712
austria,1975,23.795
austria,1976,20.566
austria,1977,24.921
austria,1978,24.941
austria,1979,28.097
austria,1980,29.110
austria,1981,30.847
austria,1982,30.896
austria,1983,30.606
austria,1984,26.850
austria,1985,30.775
austria,1986,30.904
austria,1987,35.388
austria,1988,35.304
austria,1989,35.082
austria,1990,31.509
austria,1991,31.443
austria,1992,34.848
austria,1993,36.706
austria,1994,35.707
austria,1995,37.067
austria,1996,34.216
austria,1997,36.105
austria,1998,37.163
austria,1999,40.699
austria,2000,41.836
austria,2001,40.455
austria,2002,40.227
austria,2003,33.215
austria,2004,36.762
austria,2005,36.676
austria,2006,35.838
austria,2007,37.103
austria,2008,38.353
austria,2009,40.877
austria,2010,38.380
austria,2011,34.207
austria,2012,43.727
austria,2013,37.204
austria,2014,35.823
azerbaijan,1985,1.3126
azerbaijan,1986,0.80433
azerbaijan,1987,0.80433
azerbaijan,1988,0.69827
azerbaijan,1989,0.69827
azerbaijan,1990,0.69827
azerbaijan,1991,1.7545
azerbaijan,1992,1.7457
azerbaijan,1993,2.3953
azerbaijan,1994,1.8252
azerbaijan,1995,1.5600
azerbaijan,1996,1.5335
azerbaijan,1997,1.7103
azerbaijan,1998,1.9534
azerbaijan,1999,1.5114
azerbaijan,2000,1.5335
azerbaijan,2001,1.2993
azerbaijan,2002,2.0197
azerbaijan,2003,2.4704
azerbaijan,2004,2.7577
azerbaijan,2005,3.0094
azerbaijan,2006,2.5180
azerbaijan,2007,2.3640
azerbaijan,2008,2.2320
azerbaijan,2009,2.3084
azerbaijan,2010,3.4463
azerbaijan,2011,2.6758
azerbaijan,2012,1.8210
azerbaijan,2013,1.4891
azerbaijan,2014,1.3022
bangladesh,1965,0.0000
bangladesh,1966,0.0000
bangladesh,1967,0.0000
bangladesh,1968,0.0000
bangladesh,1969,0.0000
bangladesh,1970,0.0000
bangladesh,1971,0.0000
bangladesh,1972,0.17500
bangladesh,1973,0.33100
bangladesh,1974,0.24300
bangladesh,1975,0.43600
bangladesh,1976,0.49400
bangladesh,1977,0.43700
bangladesh,1978,0.50600
bangladesh,1979,0.58700
bangladesh,1980,0.58300
bangladesh,1981,0.62500
bangladesh,1982,0.52300
bangladesh,1983,0.66200
bangladesh,1984,0.89700
bangladesh,1985,0.73900
bangladesh,1986,0.45000
bangladesh,1987,0.51700
bangladesh,1988,0.67500
bangladesh,1989,0.92000
bangladesh,1990,0.88400
bangladesh,1991,0.83800
bangladesh,1992,0.79600
bangladesh,1993,0.60800
bangladesh,1994,0.84700
bangladesh,1995,0.37200
bangladesh,1996,0.73900
bangladesh,1997,0.71900
bangladesh,1998,0.86500
bangladesh,1999,0.83300
bangladesh,2000,0.74900
bangladesh,2001,0.99300
bangladesh,2002,0.74900
bangladesh,2003,0.74900
bangladesh,2004,0.74900
bangladesh,2005,0.74900
bangladesh,2006,0.74900
bangladesh,2007,0.74900
bangladesh,2008,0.95000
bangladesh,2009,0.41700
bangladesh,2010,0.72900
bangladesh,2011,0.87200
bangladesh,2012,0.77700
bangladesh,2013,0.72315
bangladesh,2014,0.55789
belarus,1985,0.022097
belarus,1986,0.022097
belarus,1987,0.022097
belarus,1988,0.022097
belarus,1989,0.022097
belarus,1990,0.022097
belarus,1991,0.022097
belarus,1992,0.022097
belarus,1993,0.022097
belarus,1994,0.022097
belarus,1995,0.022097
belarus,1996,0.017678
belarus,1997,0.022097
belarus,1998,0.026516
belarus,1999,0.017678
belarus,2000,0.022097
belarus,2001,0.030936
belarus,2002,0.026516
belarus,2003,0.026516
belarus,2004,0.013258
belarus,2005,0.036000
belarus,2006,0.035000
belarus,2007,0.035000
belarus,2008,0.039000
belarus,2009,0.045000
belarus,2010,0.045000
belarus,2011,0.042000
belarus,2012,0.070000
belarus,2013,0.13800
belarus,2014,0.13800
belgium,1965,0.27200
belgium,1966,0.29900
belgium,1967,0.23800
belgium,1968,0.24400
belgium,1969,0.23000
belgium,1970,0.24600
belgium,1971,0.13400
belgium,1972,0.18000
belgium,1973,0.17100
belgium,1974,0.24000
belgium,1975,0.18300
belgium,1976,0.10900
belgium,1977,0.22400
belgium,1978,0.22300
belgium,1979,0.23400
belgium,1980,0.27800
belgium,1981,0.38100
belgium,1982,0.33300
belgium,1983,0.33600
belgium,1984,0.35100
belgium,1985,0.28700
belgium,1986,0.34300
belgium,1987,0.42900
belgium,1988,0.35900
belgium,1989,0.30500
belgium,1990,0.26600
belgium,1991,0.22900
belgium,1992,0.34100
belgium,1993,0.25400
belgium,1994,0.34600
belgium,1995,0.33800
belgium,1996,0.23900
belgium,1997,0.30500
belgium,1998,0.38900
belgium,1999,0.34100
belgium,2000,0.46000
belgium,2001,0.44100
belgium,2002,0.36000
belgium,2003,0.24700
belgium,2004,0.31700
belgium,2005,0.28800
belgium,2006,0.35900
belgium,2007,0.38900
belgium,2008,0.41000
belgium,2009,0.32800
belgium,2010,0.31200
belgium,2011,0.21037
belgium,2012,0.35700
belgium,2013,0.38000
belgium,2014,0.26900
brazil,1965,23.975
brazil,1966,26.225
brazil,1967,27.431
brazil,1968,28.708
brazil,1969,30.724
brazil,1970,39.810
brazil,1971,43.204
brazil,1972,50.695
brazil,1973,57.907
brazil,1974,65.686
brazil,1975,72.306
brazil,1976,82.934
brazil,1977,93.492
brazil,1978,102.76
brazil,1979,116.60
brazil,1980,128.93
brazil,1981,130.79
brazil,1982,141.15
brazil,1983,151.51
brazil,1984,166.62
brazil,1985,178.40
brazil,1986,182.45
brazil,1987,185.64
brazil,1988,199.13
brazil,1989,204.72
brazil,1990,206.75
brazil,1991,217.82
brazil,1992,223.38
brazil,1993,235.11
brazil,1994,242.75
brazil,1995,253.95
brazil,1996,265.81
brazil,1997,279.03
brazil,1998,291.52
brazil,1999,293.05
brazil,2000,304.46
brazil,2001,267.93
brazil,2002,286.14
brazil,2003,305.62
brazil,2004,320.80
brazil,2005,337.46
brazil,2006,348.80
brazil,2007,374.02
brazil,2008,369.56
brazil,2009,390.99
brazil,2010,403.25
brazil,2011,428.33
brazil,2012,415.34
brazil,2013,390.99
brazil,2014,369.49
bulgaria,1965,2.0020
bulgaria,1966,2.0108
bulgaria,1967,2.0241
bulgaria,1968,1.3037
bulgaria,1969,1.8385
bulgaria,1970,2.1522
bulgaria,1971,2.1743
bulgaria,1972,2.0948
bulgaria,1973,2.5721
bulgaria,1974,2.0815
bulgaria,1975,2.4528
bulgaria,1976,2.9522
bulgaria,1977,3.5223
bulgaria,1978,2.9080
bulgaria,1979,3.3146
bulgaria,1980,3.7079
bulgaria,1981,3.6151
bulgaria,1982,3.0450
bulgaria,1983,3.3499
bulgaria,1984,3.2571
bulgaria,1985,2.2318
bulgaria,1986,2.3246
bulgaria,1987,2.5367
bulgaria,1988,2.5942
bulgaria,1989,2.6870
bulgaria,1990,1.8827
bulgaria,1991,2.4439
bulgaria,1992,2.0594
bulgaria,1993,1.9401
bulgaria,1994,1.4672
bulgaria,1995,2.3158
bulgaria,1996,2.9212
bulgaria,1997,2.7481
bulgaria,1998,3.0954
bulgaria,1999,2.7541
bulgaria,2000,2.3957
bulgaria,2001,1.3028
bulgaria,2002,2.1947
bulgaria,2003,2.9630
bulgaria,2004,3.0975
bulgaria,2005,4.2590
bulgaria,2006,3.9910
bulgaria,2007,2.8790
bulgaria,2008,2.8740
bulgaria,2009,3.4710
bulgaria,2010,5.0570
bulgaria,2011,2.9170
bulgaria,2012,3.2260
bulgaria,2013,4.0800
bulgaria,2014,4.4084
canada,1965,117.12
canada,1966,128.82
canada,1967,133.13
canada,1968,136.32
canada,1969,148.23
canada,1970,155.32
canada,1971,157.03
canada,1972,171.33
canada,1973,178.83
canada,1974,197.94
canada,1975,195.04
canada,1976,202.83
canada,1977,198.56
canada,1978,217.00
canada,1979,212.62
canada,1980,222.51
canada,1981,225.06
canada,1982,257.91
canada,1983,266.07
canada,1984,286.25
canada,1985,303.78
canada,1986,310.75
canada,1987,316.35
canada,1988,307.61
canada,1989,290.55
canada,1990,295.79
canada,1991,307.39
canada,1992,315.29
canada,1993,322.32
canada,1994,327.97
canada,1995,334.17
canada,1996,354.70
canada,1997,348.79
canada,1998,330.98
canada,1999,345.11
canada,2000,356.87
canada,2001,331.63
canada,2002,349.39
canada,2003,336.25
canada,2004,338.51
canada,2005,362.80
canada,2006,354.63
canada,2007,369.50
canada,2008,376.41
canada,2009,366.55
canada,2010,350.93
canada,2011,376.54
canada,2012,380.16
canada,2013,391.21
canada,2014,378.90
chile,1965,3.9554
chile,1966,4.1631
chile,1967,4.2559
chile,1968,3.5709
chile,1969,4.0261
chile,1970,4.3045
chile,1971,4.3973
chile,1972,5.2237
chile,1973,5.3165
chile,1974,6.0457
chile,1975,6.1385
chile,1976,6.2358
chile,1977,6.5009
chile,1978,6.8280
chile,1979,6.9429
chile,1980,7.3406
chile,1981,7.5925
chile,1982,8.4543
chile,1983,8.9316
chile,1984,9.3382
chile,1985,10.363
chile,1986,11.305
chile,1987,12.105
chile,1988,11.468
chile,1989,9.6078
chile,1990,8.9670
chile,1991,13.689
chile,1992,17.357
chile,1993,17.624
chile,1994,17.256
chile,1995,18.641
chile,1996,17.070
chile,1997,19.072
chile,1998,16.152
chile,1999,14.058
chile,2000,20.103
chile,2001,24.011
chile,2002,25.425
chile,2003,24.848
chile,2004,21.731
chile,2005,26.656
chile,2006,31.129
chile,2007,22.795
chile,2008,25.034
chile,2009,25.990
chile,2010,22.259
chile,2011,20.681
chile,2012,20.158
chile,2013,19.736
chile,2014,23.761
china,1965,22.097
china,1966,22.486
china,1967,19.383
china,1968,22.870
china,1969,23.259
china,1970,24.037
china,1971,29.075
china,1972,32.951
china,1973,36.827
china,1974,41.675
china,1975,43.611
china,1976,44.194
china,1977,46.134
china,1978,43.226
china,1979,48.556
china,1980,58.221
china,1981,65.513
china,1982,74.414
china,1983,86.417
china,1984,86.815
china,1985,92.388
china,1986,94.549
china,1987,100.02
china,1988,109.17
china,1989,118.41
china,1990,126.74
china,1991,124.69
china,1992,130.69
china,1993,151.85
china,1994,167.43
china,1995,190.58
china,1996,187.97
china,1997,195.98
china,1998,198.89
china,1999,196.58
china,2000,222.41
china,2001,277.43
china,2002,287.97
china,2003,283.68
china,2004,353.54
china,2005,397.02
china,2006,435.79
china,2007,485.26
china,2008,636.96
china,2009,615.64
china,2010,722.17
china,2011,698.94
china,2012,872.10
china,2013,920.29
china,2014,1064.3
china_hong_kong_sar,1965,0.0000
china_hong_kong_sar,1966,0.0000
china_hong_kong_sar,1967,0.0000
china_hong_kong_sar,1968,0.0000
china_hong_kong_sar,1969,0.0000
china_hong_kong_sar,1970,0.0000
china_hong_kong_sar,1971,0.0000
china_hong_kong_sar,1972,0.0000
china_hong_kong_sar,1973,0.0000
china_hong_kong_sar,1974,0.0000
china_hong_kong_sar,1975,0.0000
china_hong_kong_sar,1976,0.0000
china_hong_kong_sar,1977,0.0000
china_hong_kong_sar,1978,0.0000
china_hong_kong_sar,1979,0.0000
china_hong_kong_sar,1980,0.0000
china_hong_kong_sar,1981,0.0000
china_hong_kong_sar,1982,0.0000
china_hong_kong_sar,1983,0.0000
china_hong_kong_sar,1984,0.0000
china_hong_kong_sar,1985,0.0000
china_hong_kong_sar,1986,0.0000
china_hong_kong_sar,1987,0.0000
china_hong_kong_sar,1988,0.0000
china_hong_kong_sar,1989,0.0000
china_hong_kong_sar,1990,0.0000
china_hong_kong_sar,1991,0.0000
china_hong_kong_sar,1992,0.0000
china_hong_kong_sar,1993,0.0000
china_hong_kong_sar,1994,0.0000
china_hong_kong_sar,1995,0.0000
china_hong_kong_sar,1996,0.0000
china_hong_kong_sar,1997,0.0000
china_hong_kong_sar,1998,0.0000
china_hong_kong_sar,1999,0.0000
china_hong_kong_sar,2000,0.0000
china_hong_kong_sar,2001,0.0000
china_hong_kong_sar,2002,0.0000
china_hong_kong_sar,2003,0.0000
china_hong_kong_sar,2004,0.0000
china_hong_kong_sar,2005,0.0000
china_hong_kong_sar,2006,0.0000
china_hong_kong_sar,2007,0.0000
china_hong_kong_sar,2008,0.0000
china_hong_kong_sar,2009,0.0000
china_hong_kong_sar,2010,0.0000
china_hong_kong_sar,2011,0.0000
china_hong_kong_sar,2012,0.0000
china_hong_kong_sar,2013,0.0000
china_hong_kong_sar,2014,0.0000
colombia,1965,3.1699
colombia,1966,3.5216
colombia,1967,3.9259
colombia,1968,4.3747
colombia,1969,4.8640
colombia,1970,5.4138
colombia,1971,5.7454
colombia,1972,6.3640
colombia,1973,6.9260
colombia,1974,7.8640
colombia,1975,8.7050
colombia,1976,9.0280
colombia,1977,10.277
colombia,1978,11.931
colombia,1979,13.127
colombia,1980,14.146
colombia,1981,14.090
colombia,1982,14.904
colombia,1983,15.081
colombia,1984,16.760
colombia,1985,18.193
colombia,1986,20.974
colombia,1987,22.957
colombia,1988,24.075
colombia,1989,26.350
colombia,1990,27.358
colombia,1991,27.590
colombia,1992,22.039
colombia,1993,27.639
colombia,1994,31.841
colombia,1995,31.942
colombia,1996,35.272
colombia,1997,31.254
colombia,1998,30.559
colombia,1999,33.520
colombia,2000,31.853
colombia,2001,31.577
colombia,2002,33.747
colombia,2003,35.953
colombia,2004,39.856
colombia,2005,39.576
colombia,2006,42.517
colombia,2007,44.214
colombia,2008,46.161
colombia,2009,40.837
colombia,2010,40.401
colombia,2011,48.878
colombia,2012,47.582
colombia,2013,44.362
colombia,2014,44.695
czech_republic,1965,2.2318
czech_republic,1966,2.1036
czech_republic,1967,1.8959
czech_republic,1968,1.4672
czech_republic,1969,1.1977
czech_republic,1970,1.7103
czech_republic,1971,1.1756
czech_republic,1972,1.2551
czech_republic,1973,1.0828
czech_republic,1974,1.7324
czech_republic,1975,1.8164
czech_republic,1976,1.4407
czech_republic,1977,1.9666
czech_republic,1978,1.8252
czech_republic,1979,2.2892
czech_republic,1980,2.3953
czech_republic,1981,2.0594
czech_republic,1982,1.6750
czech_republic,1983,1.6529
czech_republic,1984,1.3037
czech_republic,1985,1.6750
czech_republic,1986,1.8738
czech_republic,1987,2.4660
czech_republic,1988,2.1036
czech_republic,1989,1.6396
czech_republic,1990,1.1610
czech_republic,1991,1.0890
czech_republic,1992,1.4020
czech_republic,1993,1.3690
czech_republic,1994,1.4600
czech_republic,1995,2.0020
czech_republic,1996,1.9690
czech_republic,1997,1.6990
czech_republic,1998,1.3960
czech_republic,1999,1.6810
czech_republic,2000,1.7580
czech_republic,2001,2.0540
czech_republic,2002,2.4920
czech_republic,2003,1.3830
czech_republic,2004,2.0190
czech_republic,2005,2.3800
czech_republic,2006,2.5500
czech_republic,2007,2.1054
czech_republic,2008,2.0359
czech_republic,2009,2.4460
czech_republic,2010,2.8090
czech_republic,2011,1.9788
czech_republic,2012,2.1357
czech_republic,2013,2.8728
czech_republic,2014,1.9571
denmark,1965,0.022097
denmark,1966,0.022097
denmark,1967,0.022097
denmark,1968,0.022097
denmark,1969,0.022097
denmark,1970,0.022097
denmark,1971,0.022097
denmark,1972,0.022097
denmark,1973,0.022097
denmark,1974,0.022097
denmark,1975,0.022097
denmark,1976,0.022097
denmark,1977,0.022097
denmark,1978,0.022097
denmark,1979,0.022097
denmark,1980,0.022097
denmark,1981,0.022097
denmark,1982,0.022097
denmark,1983,0.022097
denmark,1984,0.022097
denmark,1985,0.035355
denmark,1986,0.035355
denmark,1987,0.035355
denmark,1988,0.035355
denmark,1989,0.022097
denmark,1990,0.022097
denmark,1991,0.022097
denmark,1992,0.022097
denmark,1993,0.022097
denmark,1994,0.035355
denmark,1995,0.035355
denmark,1996,0.022097
denmark,1997,0.022097
denmark,1998,0.022097
denmark,1999,0.035355
denmark,2000,0.030936
denmark,2001,0.026516
denmark,2002,0.030936
denmark,2003,0.022097
denmark,2004,0.026516
denmark,2005,0.023232
denmark,2006,0.023232
denmark,2007,0.028283
denmark,2008,0.026263
denmark,2009,0.019192
denmark,2010,0.021212
denmark,2011,0.017039
denmark,2012,0.017620
denmark,2013,0.013555
denmark,2014,0.015256
ecuador,1965,0.34471
ecuador,1966,0.39333
ecuador,1967,0.43752
ecuador,1968,0.45520
ecuador,1969,0.50823
ecuador,1970,0.55684
ecuador,1971,0.60988
ecuador,1972,1.0739
ecuador,1973,0.57894
ecuador,1974,0.57894
ecuador,1975,0.60546
ecuador,1976,0.63197
ecuador,1977,0.95017
ecuador,1978,1.0828
ecuador,1979,0.97669
ecuador,1980,1.1579
ecuador,1981,1.0562
ecuador,1982,1.1844
ecuador,1983,2.2937
ecuador,1984,4.2117
ecuador,1985,3.3013
ecuador,1986,4.0128
ecuador,1987,4.8127
ecuador,1988,4.8260
ecuador,1989,4.9541
ecuador,1990,5.0116
ecuador,1991,5.1177
ecuador,1992,5.1398
ecuador,1993,5.8248
ecuador,1994,6.6512
ecuador,1995,5.5022
ecuador,1996,6.3728
ecuador,1997,6.5716
ecuador,1998,6.5496
ecuador,1999,7.1774
ecuador,2000,7.3590
ecuador,2001,6.8863
ecuador,2002,7.3389
ecuador,2003,7.0071
ecuador,2004,7.2062
ecuador,2005,6.6775
ecuador,2006,6.9178
ecuador,2007,8.7192
ecuador,2008,11.026
ecuador,2009,9.2254
ecuador,2010,8.6364
ecuador,2011,11.133
ecuador,2012,12.238
ecuador,2013,11.039
ecuador,2014,11.458
egypt,1965,1.7324
egypt,1966,1.8252
egypt,1967,1.9666
egypt,1968,3.0008
egypt,1969,3.9907
egypt,1970,4.6890
egypt,1971,5.0470
egypt,1972,5.1619
egypt,1973,5.1530
egypt,1974,6.1164
egypt,1975,6.7926
egypt,1976,8.0035
egypt,1977,9.0377
egypt,1978,9.9304
egypt,1979,9.6078
egypt,1980,9.8022
egypt,1981,10.213
egypt,1982,10.492
egypt,1983,9.8155
egypt,1984,9.6299
egypt,1985,8.6664
egypt,1986,9.2807
egypt,1987,8.6664
egypt,1988,8.7902
egypt,1989,9.6520
egypt,1990,9.8508
egypt,1991,9.9657
egypt,1992,10.350
egypt,1993,10.735
egypt,1994,11.199
egypt,1995,11.490
egypt,1996,11.769
egypt,1997,12.105
egypt,1998,13.758
egypt,1999,14.977
egypt,2000,14.182
egypt,2001,14.416
egypt,2002,13.996
egypt,2003,13.019
egypt,2004,12.644
egypt,2005,12.644
egypt,2006,12.925
egypt,2007,15.510
egypt,2008,14.682
egypt,2009,12.863
egypt,2010,13.046
egypt,2011,12.934
egypt,2012,14.085
egypt,2013,12.934
egypt,2014,13.617
finland,1965,9.5194
finland,1966,10.567
finland,1967,11.835
finland,1968,10.567
finland,1969,8.8079
finland,1970,9.5194
finland,1971,10.682
finland,1972,9.8950
finland,1973,10.085
finland,1974,12.122
finland,1975,12.153
finland,1976,9.4310
finland,1977,12.118
finland,1978,9.7448
finland,1979,10.876
finland,1980,10.222
finland,1981,13.652
finland,1982,13.095
finland,1983,13.585
finland,1984,13.245
finland,1985,12.339
finland,1986,12.396
finland,1987,13.793
finland,1988,13.364
finland,1989,13.037
finland,1990,10.863
finland,1991,13.201
finland,1992,15.106
finland,1993,13.479
finland,1994,11.782
finland,1995,12.922
finland,1996,11.826
finland,1997,11.981
finland,1998,14.748
finland,1999,12.737
finland,2000,14.602
finland,2001,13.590
finland,2002,10.730
finland,2003,9.4001
finland,2004,14.886
finland,2005,13.726
finland,2006,11.457
finland,2007,14.132
finland,2008,17.060
finland,2009,12.690
finland,2010,12.872
finland,2011,12.402
finland,2012,16.835
finland,2013,12.800
finland,2014,13.331
france,1965,46.881
france,1966,52.208
france,1967,45.378
france,1968,50.423
france,1969,52.942
france,1970,56.681
france,1971,48.857
france,1972,48.831
france,1973,47.696
france,1974,56.230
france,1975,60.108
france,1976,48.565
france,1977,76.323
france,1978,68.360
france,1979,66.419
france,1980,69.527
france,1981,72.195
france,1982,70.575
france,1983,69.443
france,1984,65.690
france,1985,62.321
france,1986,63.081
france,1987,71.075
france,1988,77.099
france,1989,46.650
france,1990,53.832
france,1991,57.635
france,1992,68.990
france,1993,64.950
france,1994,78.827
france,1995,72.937
france,1996,66.111
france,1997,63.791
france,1998,62.111
france,1999,73.190
france,2000,67.811
france,2001,75.287
france,2002,61.391
france,2003,59.738
france,2004,59.860
france,2005,52.063
france,2006,56.234
france,2007,58.183
france,2008,60.274
france,2009,57.452
france,2010,63.228
france,2011,45.599
france,2012,59.046
france,2013,69.860
france,2014,62.684
germany,1965,16.212
germany,1966,17.534
germany,1967,16.652
germany,1968,16.899
germany,1969,13.713
germany,1970,17.534
germany,1971,13.455
germany,1972,13.206
germany,1973,15.229
germany,1974,17.638
germany,1975,17.059
germany,1976,13.847
germany,1977,17.582
germany,1978,18.362
germany,1979,18.384
germany,1980,19.069
germany,1981,19.915
germany,1982,19.738
germany,1983,18.712
germany,1984,18.479
germany,1985,17.401
germany,1986,18.572
germany,1987,20.343
germany,1988,20.079
germany,1989,18.244
germany,1990,17.359
germany,1991,14.661
germany,1992,17.322
germany,1993,19.000
germany,1994,20.200
germany,1995,21.600
germany,1996,18.800
germany,1997,19.000
germany,1998,19.000
germany,1999,20.700
germany,2000,24.900
germany,2001,23.200
germany,2002,23.700
germany,2003,17.700
germany,2004,19.900
germany,2005,19.600
germany,2006,20.000
germany,2007,21.200
germany,2008,20.400
germany,2009,19.000
germany,2010,21.000
germany,2011,17.700
germany,2012,22.100
germany,2013,23.000
germany,2014,20.500
greece,1965,0.83085
greece,1966,1.8915
greece,1967,1.8164
greece,1968,1.5026
greece,1969,2.2583
greece,1970,2.9212
greece,1971,2.9433
greece,1972,2.9654
greece,1973,2.4616
greece,1974,2.2318
greece,1975,2.2274
greece,1976,2.0771
greece,1977,2.1302
greece,1978,3.3101
greece,1979,3.9509
greece,1980,3.7742
greece,1981,3.3455
greece,1982,3.5046
greece,1983,2.3379
greece,1984,2.8594
greece,1985,2.8019
greece,1986,3.2369
greece,1987,2.7814
greece,1988,2.3672
greece,1989,1.9052
greece,1990,1.7740
greece,1991,3.1011
greece,1992,2.1961
greece,1993,2.2866
greece,1994,2.6429
greece,1995,3.5609
greece,1996,4.3429
greece,1997,3.8784
greece,1998,3.7136
greece,1999,4.5934
greece,2000,3.6920
greece,2001,2.0988
greece,2002,2.8018
greece,2003,4.7682
greece,2004,4.6973
greece,2005,5.0454
greece,2006,5.9052
greece,2007,2.6160
greece,2008,3.3115
greece,2009,5.3987
greece,2010,7.5063
greece,2011,4.0411
greece,2012,4.4342
greece,2013,6.4176
greece,2014,4.4891
hungary,1965,0.070710
hungary,1966,0.10607
hungary,1967,0.079549
hungary,1968,0.092807
hungary,1969,0.092807
hungary,1970,0.092807
hungary,1971,0.092807
hungary,1972,0.10607
hungary,1973,0.092807
hungary,1974,0.079549
hungary,1975,0.16352
hungary,1976,0.16352
hungary,1977,0.15026
hungary,1978,0.14142
hungary,1979,0.14142
hungary,1980,0.11490
hungary,1981,0.16352
hungary,1982,0.16352
hungary,1983,0.15026
hungary,1984,0.18561
hungary,1985,0.15026
hungary,1986,0.15026
hungary,1987,0.17236
hungary,1988,0.17236
hungary,1989,0.16352
hungary,1990,0.17236
hungary,1991,0.19887
hungary,1992,0.16352
hungary,1993,0.16352
hungary,1994,0.16352
hungary,1995,0.16352
hungary,1996,0.20771
hungary,1997,0.22097
hungary,1998,0.15026
hungary,1999,0.18561
hungary,2000,0.17678
hungary,2001,0.18561
hungary,2002,0.19445
hungary,2003,0.17236
hungary,2004,0.20329
hungary,2005,0.20200
hungary,2006,0.18600
hungary,2007,0.21000
hungary,2008,0.21300
hungary,2009,0.22800
hungary,2010,0.18800
hungary,2011,0.22200
hungary,2012,0.21300
hungary,2013,0.21300
hungary,2014,0.30000
india,1965,19.167
india,1966,20.015
india,1967,22.398
india,1968,25.849
india,1969,28.700
india,1970,30.436
india,1971,33.384
india,1972,32.403
india,1973,34.507
india,1974,33.203
india,1975,39.669
india,1976,41.498
india,1977,45.277
india,1978,56.175
india,1979,54.169
india,1980,55.441
india,1981,59.083
india,1982,49.860
india,1983,48.043
india,1984,53.682
india,1985,51.813
india,1986,52.569
india,1987,48.963
india,1988,54.615
india,1989,63.370
india,1990,66.397
india,1991,73.919
india,1992,70.061
india,1993,70.732
india,1994,80.212
india,1995,75.921
india,1996,69.058
india,1997,70.211
india,1998,83.633
india,1999,82.249
india,2000,76.990
india,2001,72.023
india,2002,68.545
india,2003,69.296
india,2004,83.840
india,2005,97.420
india,2006,112.41
india,2007,122.41
india,2008,115.01
india,2009,106.19
india,2010,110.71
india,2011,131.57
india,2012,115.66
india,2013,131.86
india,2014,130.80
indonesia,1965,1.8252
indonesia,1966,2.3732
indonesia,1967,2.6649
indonesia,1968,3.2925
indonesia,1969,3.4427
indonesia,1970,4.1852
indonesia,1971,1.3789
indonesia,1972,1.2330
indonesia,1973,1.5556
indonesia,1974,1.7236
indonesia,1975,1.8075
indonesia,1976,1.0607
indonesia,1977,1.7633
indonesia,1978,1.2595
indonesia,1979,1.4009
indonesia,1980,1.2684
indonesia,1981,1.2639
indonesia,1982,1.3789
indonesia,1983,2.0727
indonesia,1984,2.2627
indonesia,1985,2.7665
indonesia,1986,4.4548
indonesia,1987,4.5829
indonesia,1988,5.0337
indonesia,1989,6.2800
indonesia,1990,5.6745
indonesia,1991,5.6657
indonesia,1992,8.5692
indonesia,1993,7.8400
indonesia,1994,6.8854
indonesia,1995,7.5130
indonesia,1996,8.1405
indonesia,1997,5.1530
indonesia,1998,9.6520
indonesia,1999,9.3735
indonesia,2000,10.019
indonesia,2001,11.658
indonesia,2002,9.9436
indonesia,2003,9.0810
indonesia,2004,9.6730
indonesia,2005,10.759
indonesia,2006,9.6230
indonesia,2007,11.286
indonesia,2008,11.528
indonesia,2009,11.384
indonesia,2010,17.456
indonesia,2011,12.419
indonesia,2012,12.799
indonesia,2013,16.930
indonesia,2014,14.892
iran,1965,1.7191
iran,1966,1.8473
iran,1967,1.9887
iran,1968,2.1390
iran,1969,2.3025
iran,1970,2.4793
iran,1971,2.6649
iran,1972,3.5002
iran,1973,2.9654
iran,1974,3.2659
iran,1975,3.4295
iran,1976,3.8360
iran,1977,3.9642
iran,1978,6.2093
iran,1979,5.3828
iran,1980,5.5817
iran,1981,6.0944
iran,1982,6.3949
iran,1983,6.2579
iran,1984,5.8513
iran,1985,5.5950
iran,1986,7.0931
iran,1987,8.1980
iran,1988,7.5483
iran,1989,7.4776
iran,1990,6.3949
iran,1991,6.8501
iran,1992,8.8388
iran,1993,9.7227
iran,1994,7.9549
iran,1995,8.3261
iran,1996,7.8489
iran,1997,5.9441
iran,1998,7.4909
iran,1999,5.1398
iran,2000,3.7830
iran,2001,4.1366
iran,2002,8.0124
iran,2003,9.5901
iran,2004,11.933
iran,2005,13.054
iran,2006,18.510
iran,2007,17.959
iran,2008,7.4650
iran,2009,6.4716
iran,2010,9.5283
iran,2011,10.474
iran,2012,12.180
iran,2013,14.921
iran,2014,15.093
israel,1965,0.0000
israel,1966,0.0000
israel,1967,0.0000
israel,1968,0.0000
israel,1969,0.0000
israel,1970,0.0000
israel,1971,0.0000
israel,1972,0.0000
israel,1973,0.0000
israel,1974,0.0000
israel,1975,0.0000
israel,1976,0.0000
israel,1977,0.0000
israel,1978,0.0000
israel,1979,0.0000
israel,1980,0.0000
israel,1981,0.0020000
israel,1982,0.0020000
israel,1983,0.0010000
israel,1984,0.0020000
israel,1985,0.0020000
israel,1986,0.0060000
israel,1987,0.010000
israel,1988,0.010000
israel,1989,0.0030000
israel,1990,0.0030000
israel,1991,0.0060000
israel,1992,0.029000
israel,1993,0.026000
israel,1994,0.023000
israel,1995,0.025000
israel,1996,0.024000
israel,1997,0.025000
israel,1998,0.025000
israel,1999,0.033000
israel,2000,0.031000
israel,2001,0.010000
israel,2002,0.021000
israel,2003,0.031000
israel,2004,0.028000
israel,2005,0.028000
israel,2006,0.015000
israel,2007,0.014000
israel,2008,0.016000
israel,2009,0.024000
israel,2010,0.031000
israel,2011,0.029000
israel,2012,0.033000
israel,2013,0.033000
israel,2014,0.033000
italy,1965,46.012
italy,1966,47.177
italy,1967,45.755
italy,1968,46.183
italy,1969,44.725
italy,1970,43.872
italy,1971,42.489
italy,1972,45.655
italy,1973,37.554
italy,1974,36.208
italy,1975,35.855
italy,1976,41.570
italy,1977,54.623
italy,1978,45.534
italy,1979,43.074
italy,1980,40.765
italy,1981,41.625
italy,1982,40.033
italy,1983,40.080
italy,1984,40.997
italy,1985,41.098
italy,1986,41.108
italy,1987,39.510
italy,1988,40.682
italy,1989,34.067
italy,1990,31.633
italy,1991,42.246
italy,1992,42.212
italy,1993,41.429
italy,1994,44.670
italy,1995,37.789
italy,1996,42.045
italy,1997,41.733
italy,1998,41.222
italy,1999,45.375
italy,2000,44.212
italy,2001,46.819
italy,2002,39.528
italy,2003,36.680
italy,2004,42.338
italy,2005,36.069
italy,2006,36.994
italy,2007,32.834
italy,2008,41.623
italy,2009,49.138
italy,2010,51.117
italy,2011,45.823
italy,2012,41.875
italy,2013,52.773
italy,2014,57.002
japan,1965,70.045
japan,1966,79.811
japan,1967,69.004
japan,1968,69.204
japan,1969,76.581
japan,1970,73.408
japan,1971,79.408
japan,1972,83.948
japan,1973,69.973
japan,1974,79.009
japan,1975,80.678
japan,1976,83.517
japan,1977,72.223
japan,1978,68.271
japan,1979,79.112
japan,1980,86.356
japan,1981,86.851
japan,1982,78.712
japan,1983,86.862
japan,1984,68.923
japan,1985,82.514
japan,1986,75.603
japan,1987,76.012
japan,1988,82.274
japan,1989,90.970
japan,1990,87.347
japan,1991,95.290
japan,1992,81.330
japan,1993,95.151
japan,1994,68.363
japan,1995,78.715
japan,1996,78.047
japan,1997,83.143
japan,1998,94.144
japan,1999,83.554
japan,2000,81.754
japan,2001,82.156
japan,2002,83.645
japan,2003,93.432
japan,2004,93.031
japan,2005,78.966
japan,2006,90.135
japan,2007,77.539
japan,2008,77.489
japan,2009,72.454
japan,2010,90.917
japan,2011,85.252
japan,2012,80.746
japan,2013,84.153
japan,2014,87.484
kazakhstan,1985,5.2105
kazakhstan,1986,4.7818
kazakhstan,1987,5.7320
kazakhstan,1988,6.9915
kazakhstan,1989,7.2920
kazakhstan,1990,7.3627
kazakhstan,1991,7.1992
kazakhstan,1992,6.8633
kazakhstan,1993,7.6279
kazakhstan,1994,9.1747
kazakhstan,1995,8.3261
kazakhstan,1996,7.3274
kazakhstan,1997,6.5009
kazakhstan,1998,6.1385
kazakhstan,1999,6.1341
kazakhstan,2000,7.5307
kazakhstan,2001,8.0831
kazakhstan,2002,8.8918
kazakhstan,2003,8.6267
kazakhstan,2004,8.0566
kazakhstan,2005,7.8560
kazakhstan,2006,7.7681
kazakhstan,2007,8.1714
kazakhstan,2008,7.4705
kazakhstan,2009,6.8790
kazakhstan,2010,8.0221
kazakhstan,2011,7.8830
kazakhstan,2012,7.6370
kazakhstan,2013,7.7310
kazakhstan,2014,7.6304
kuwait,1965,0.0000
kuwait,1966,0.0000
kuwait,1967,0.0000
kuwait,1968,0.0000
kuwait,1969,0.0000
kuwait,1970,0.0000
kuwait,1971,0.0000
kuwait,1972,0.0000
kuwait,1973,0.0000
kuwait,1974,0.0000
kuwait,1975,0.0000
kuwait,1976,0.0000
kuwait,1977,0.0000
kuwait,1978,0.0000
kuwait,1979,0.0000
kuwait,1980,0.0000
kuwait,1981,0.0000
kuwait,1982,0.0000
kuwait,1983,0.0000
kuwait,1984,0.0000
kuwait,1985,0.0000
kuwait,1986,0.0000
kuwait,1987,0.0000
kuwait,1988,0.0000
kuwait,1989,0.0000
kuwait,1990,0.0000
kuwait,1991,0.0000
kuwait,1992,0.0000
kuwait,1993,0.0000
kuwait,1994,0.0000
kuwait,1995,0.0000
kuwait,1996,0.0000
kuwait,1997,0.0000
kuwait,1998,0.0000
kuwait,1999,0.0000
kuwait,2000,0.0000
kuwait,2001,0.0000
kuwait,2002,0.0000
kuwait,2003,0.0000
kuwait,2004,0.0000
kuwait,2005,0.0000
kuwait,2006,0.0000
kuwait,2007,0.0000
kuwait,2008,0.0000
kuwait,2009,0.0000
kuwait,2010,0.0000
kuwait,2011,0.0000
kuwait,2012,0.0000
kuwait,2013,0.0000
kuwait,2014,0.0000
lithuania,1985,0.39333
lithuania,1986,0.38449
lithuania,1987,0.36239
lithuania,1988,0.38449
lithuania,1989,0.38449
lithuania,1990,0.41400
lithuania,1991,0.33800
lithuania,1992,0.31100
lithuania,1993,0.39300
lithuania,1994,0.45200
lithuania,1995,0.37300
lithuania,1996,0.32600
lithuania,1997,0.29500
lithuania,1998,0.41700
lithuania,1999,0.41400
lithuania,2000,0.33930
lithuania,2001,0.32550
lithuania,2002,0.35320
lithuania,2003,0.32510
lithuania,2004,0.42050
lithuania,2005,0.45070
lithuania,2006,0.39710
lithuania,2007,0.42060
lithuania,2008,0.40190
lithuania,2009,0.42430
lithuania,2010,0.54000
lithuania,2011,0.47990
lithuania,2012,0.42230
lithuania,2013,0.52120
lithuania,2014,0.39400
malaysia,1965,0.59662
malaysia,1966,0.70710
malaysia,1967,0.73804
malaysia,1968,0.81759
malaysia,1969,1.0297
malaysia,1970,1.3037
malaysia,1971,1.3126
malaysia,1972,1.2419
malaysia,1973,1.3081
malaysia,1974,1.2949
malaysia,1975,1.2949
malaysia,1976,1.1844
malaysia,1977,0.98995
malaysia,1978,1.0651
malaysia,1979,1.3037
malaysia,1980,1.6617
malaysia,1981,1.8385
malaysia,1982,1.7678
malaysia,1983,2.0594
malaysia,1984,4.0703
malaysia,1985,3.7697
malaysia,1986,4.0703
malaysia,1987,4.9100
malaysia,1988,5.6038
malaysia,1989,5.2900
malaysia,1990,3.9775
malaysia,1991,4.4415
malaysia,1992,4.3619
malaysia,1993,4.9321
malaysia,1994,6.5230
malaysia,1995,6.2225
malaysia,1996,5.1884
malaysia,1997,3.8714
malaysia,1998,4.8525
malaysia,1999,7.5218
malaysia,2000,7.4158
malaysia,2001,6.4346
malaysia,2002,5.3033
malaysia,2003,5.7452
malaysia,2004,5.8270
malaysia,2005,5.1870
malaysia,2006,7.0710
malaysia,2007,6.5756
malaysia,2008,8.5526
malaysia,2009,7.0851
malaysia,2010,6.8673
malaysia,2011,8.0562
malaysia,2012,9.2513
malaysia,2013,11.799
malaysia,2014,11.799
mexico,1965,8.8609
mexico,1966,10.165
mexico,1967,11.071
mexico,1968,12.644
mexico,1969,13.550
mexico,1970,15.004
mexico,1971,14.456
mexico,1972,15.419
mexico,1973,16.272
mexico,1974,16.780
mexico,1975,15.176
mexico,1976,17.249
mexico,1977,19.202
mexico,1978,16.210
mexico,1979,18.013
mexico,1980,16.922
mexico,1981,24.620
mexico,1982,22.901
mexico,1983,20.749
mexico,1984,23.608
mexico,1985,26.247
mexico,1986,20.029
mexico,1987,18.341
mexico,1988,20.979
mexico,1989,24.400
mexico,1990,23.551
mexico,1991,21.947
mexico,1992,26.309
mexico,1993,26.459
mexico,1994,20.272
mexico,1995,27.528
mexico,1996,31.448
mexico,1997,26.437
mexico,1998,24.620
mexico,1999,32.712
mexico,2000,33.075
mexico,2001,28.435
mexico,2002,24.862
mexico,2003,19.753
mexico,2004,25.076
mexico,2005,27.611
mexico,2006,30.305
mexico,2007,27.042
mexico,2008,38.892
mexico,2009,26.445
mexico,2010,36.738
mexico,2011,35.796
mexico,2012,31.248
mexico,2013,27.444
mexico,2014,38.145
netherlands,1965,0.0000
netherlands,1966,0.0000
netherlands,1967,0.0000
netherlands,1968,0.0000
netherlands,1969,0.0000
netherlands,1970,0.0000
netherlands,1971,0.0000
netherlands,1972,0.0000
netherlands,1973,0.0000
netherlands,1974,0.0000
netherlands,1975,0.0000
netherlands,1976,0.0000
netherlands,1977,0.0000
netherlands,1978,0.0000
netherlands,1979,0.0000
netherlands,1980,0.0000
netherlands,1981,0.0000
netherlands,1982,0.0000
netherlands,1983,0.0000
netherlands,1984,0.0000
netherlands,1985,0.0000
netherlands,1986,0.0000
netherlands,1987,0.0000
netherlands,1988,0.0000
netherlands,1989,0.035355
netherlands,1990,0.11490
netherlands,1991,0.079549
netherlands,1992,0.11490
netherlands,1993,0.092807
netherlands,1994,0.10607
netherlands,1995,0.092807
netherlands,1996,0.092807
netherlands,1997,0.092807
netherlands,1998,0.092807
netherlands,1999,0.092807
netherlands,2000,0.14142
netherlands,2001,0.11490
netherlands,2002,0.11932
netherlands,2003,0.070710
netherlands,2004,0.095000
netherlands,2005,0.088000
netherlands,2006,0.10600
netherlands,2007,0.10700
netherlands,2008,0.10200
netherlands,2009,0.098000
netherlands,2010,0.10500
netherlands,2011,0.057000
netherlands,2012,0.10439
netherlands,2013,0.11431
netherlands,2014,0.11200
new_zealand,1965,10.019
new_zealand,1966,10.805
new_zealand,1967,11.221
new_zealand,1968,11.773
new_zealand,1969,11.636
new_zealand,1970,12.670
new_zealand,1971,14.394
new_zealand,1972,15.265
new_zealand,1973,15.097
new_zealand,1974,15.189
new_zealand,1975,16.664
new_zealand,1976,15.499
new_zealand,1977,14.720
new_zealand,1978,15.660
new_zealand,1979,18.443
new_zealand,1980,19.365
new_zealand,1981,19.680
new_zealand,1982,18.304
new_zealand,1983,19.752
new_zealand,1984,20.377
new_zealand,1985,19.708
new_zealand,1986,22.098
new_zealand,1987,21.929
new_zealand,1988,22.963
new_zealand,1989,22.559
new_zealand,1990,23.185
new_zealand,1991,22.894
new_zealand,1992,21.093
new_zealand,1993,23.493
new_zealand,1994,25.837
new_zealand,1995,27.535
new_zealand,1996,26.183
new_zealand,1997,23.258
new_zealand,1998,25.319
new_zealand,1999,22.919
new_zealand,2000,24.435
new_zealand,2001,21.681
new_zealand,2002,24.873
new_zealand,2003,23.623
new_zealand,2004,26.929
new_zealand,2005,23.328
new_zealand,2006,23.573
new_zealand,2007,23.641
new_zealand,2008,22.348
new_zealand,2009,24.218
new_zealand,2010,24.740
new_zealand,2011,25.120
new_zealand,2012,22.903
new_zealand,2013,23.046
new_zealand,2014,24.337
norway,1965,49.365
norway,1966,48.693
norway,1967,53.324
norway,1968,60.228
norway,1969,57.395
norway,1970,57.854
norway,1971,63.940
norway,1972,68.138
norway,1973,73.654
norway,1974,76.654
norway,1975,77.432
norway,1976,82.051
norway,1977,72.209
norway,1978,80.875
norway,1979,88.993
norway,1980,83.982
norway,1981,93.285
norway,1982,92.900
norway,1983,106.07
norway,1984,106.36
norway,1985,102.96
norway,1986,96.833
norway,1987,103.78
norway,1988,109.57
norway,1989,118.72
norway,1990,121.41
norway,1991,110.60
norway,1992,117.08
norway,1993,119.64
norway,1994,112.84
norway,1995,122.51
norway,1996,103.94
norway,1997,110.94
norway,1998,116.28
norway,1999,121.86
norway,2000,142.25
norway,2001,121.00
norway,2002,129.75
norway,2003,106.12
norway,2004,109.28
norway,2005,136.57
norway,2006,119.80
norway,2007,135.29
norway,2008,140.52
norway,2009,127.07
norway,2010,117.94
norway,2011,122.08
norway,2012,142.90
norway,2013,129.02
norway,2014,136.64
other_africa,1965,8.7333
other_africa,1966,9.2157
other_africa,1967,10.264
other_africa,1968,12.166
other_africa,1969,14.220
other_africa,1970,15.575
other_africa,1971,16.114
other_africa,1972,20.194
other_africa,1973,20.563
other_africa,1974,25.074
other_africa,1975,25.712
other_africa,1976,27.798
other_africa,1977,30.669
other_africa,1978,30.721
other_africa,1979,33.001
other_africa,1980,34.962
other_africa,1981,36.624
other_africa,1982,37.468
other_africa,1983,34.675
other_africa,1984,34.619
other_africa,1985,38.234
other_africa,1986,40.478
other_africa,1987,38.943
other_africa,1988,40.649
other_africa,1989,43.224
other_africa,1990,45.811
other_africa,1991,48.602
other_africa,1992,46.967
other_africa,1993,45.771
other_africa,1994,45.907
other_africa,1995,48.530
other_africa,1996,49.254
other_africa,1997,51.289
other_africa,1998,53.571
other_africa,1999,60.387
other_africa,2000,59.158
other_africa,2001,60.760
other_africa,2002,66.108
other_africa,2003,66.494
other_africa,2004,73.452
other_africa,2005,75.212
other_africa,2006,80.751
other_africa,2007,78.449
other_africa,2008,80.593
other_africa,2009,84.574
other_africa,2010,94.224
other_africa,2011,90.612
other_africa,2012,98.053
other_africa,2013,102.46
other_africa,2014,106.77
other_asia_pacific,1965,11.066
other_asia_pacific,1966,11.143
other_asia_pacific,1967,11.184
other_asia_pacific,1968,11.407
other_asia_pacific,1969,11.552
other_asia_pacific,1970,11.785
other_asia_pacific,1971,12.024
other_asia_pacific,1972,12.377
other_asia_pacific,1973,12.451
other_asia_pacific,1974,12.932
other_asia_pacific,1975,13.202
other_asia_pacific,1976,13.593
other_asia_pacific,1977,14.048
other_asia_pacific,1978,14.612
other_asia_pacific,1979,14.906
other_asia_pacific,1980,15.503
other_asia_pacific,1981,16.020
other_asia_pacific,1982,16.510
other_asia_pacific,1983,16.326
other_asia_pacific,1984,17.333
other_asia_pacific,1985,18.994
other_asia_pacific,1986,20.291
other_asia_pacific,1987,20.962
other_asia_pacific,1988,23.366
other_asia_pacific,1989,23.969
other_asia_pacific,1990,25.375
other_asia_pacific,1991,24.808
other_asia_pacific,1992,23.797
other_asia_pacific,1993,23.983
other_asia_pacific,1994,24.781
other_asia_pacific,1995,26.325
other_asia_pacific,1996,23.884
other_asia_pacific,1997,22.043
other_asia_pacific,1998,22.275
other_asia_pacific,1999,23.012
other_asia_pacific,2000,24.158
other_asia_pacific,2001,24.835
other_asia_pacific,2002,24.523
other_asia_pacific,2003,26.708
other_asia_pacific,2004,26.940
other_asia_pacific,2005,28.674
other_asia_pacific,2006,32.477
other_asia_pacific,2007,35.110
other_asia_pacific,2008,36.983
other_asia_pacific,2009,35.480
other_asia_pacific,2010,44.141
other_asia_pacific,2011,48.783
other_asia_pacific,2012,48.353
other_asia_pacific,2013,58.415
other_asia_pacific,2014,53.081
other_europe_eurasia,1965,95.293
other_europe_eurasia,1966,107.10
other_europe_eurasia,1967,104.56
other_europe_eurasia,1968,121.95
other_europe_eurasia,1969,134.65
other_europe_eurasia,1970,144.83
other_europe_eurasia,1971,147.65
other_europe_eurasia,1972,147.16
other_europe_eurasia,1973,145.89
other_europe_eurasia,1974,160.41
other_europe_eurasia,1975,152.91
other_europe_eurasia,1976,164.55
other_europe_eurasia,1977,180.42
other_europe_eurasia,1978,194.32
other_europe_eurasia,1979,211.78
other_europe_eurasia,1980,217.87
other_europe_eurasia,1981,218.19
other_europe_eurasia,1982,204.79
other_europe_eurasia,1983,208.34
other_europe_eurasia,1984,235.59
other_europe_eurasia,1985,62.625
other_europe_eurasia,1986,64.350
other_europe_eurasia,1987,67.415
other_europe_eurasia,1988,75.621
other_europe_eurasia,1989,69.863
other_europe_eurasia,1990,69.754
other_europe_eurasia,1991,69.916
other_europe_eurasia,1992,69.034
other_europe_eurasia,1993,69.114
other_europe_eurasia,1994,72.506
other_europe_eurasia,1995,71.523
other_europe_eurasia,1996,79.264
other_europe_eurasia,1997,72.685
other_europe_eurasia,1998,74.693
other_europe_eurasia,1999,80.801
other_europe_eurasia,2000,77.080
other_europe_eurasia,2001,75.113
other_europe_eurasia,2002,73.680
other_europe_eurasia,2003,77.981
other_europe_eurasia,2004,83.381
other_europe_eurasia,2005,84.331
other_europe_eurasia,2006,81.456
other_europe_eurasia,2007,78.059
other_europe_eurasia,2008,81.708
other_europe_eurasia,2009,89.083
other_europe_eurasia,2010,103.16
other_europe_eurasia,2011,85.825
other_europe_eurasia,2012,87.518
other_europe_eurasia,2013,99.129
other_europe_eurasia,2014,95.942
other_middle_east,1965,0.21894
other_middle_east,1966,0.25871
other_middle_east,1967,0.29407
other_middle_east,1968,0.34268
other_middle_east,1969,0.38245
other_middle_east,1970,0.44875
other_middle_east,1971,0.51504
other_middle_east,1972,0.51720
other_middle_east,1973,0.45894
other_middle_east,1974,1.0813
other_middle_east,1975,1.6737
other_middle_east,1976,2.2951
other_middle_east,1977,3.0982
other_middle_east,1978,3.6771
other_middle_east,1979,4.3486
other_middle_east,1980,4.2713
other_middle_east,1981,4.3816
other_middle_east,1982,4.1832
other_middle_east,1983,4.3841
other_middle_east,1984,4.8718
other_middle_east,1985,4.5176
other_middle_east,1986,3.9295
other_middle_east,1987,4.6631
other_middle_east,1988,4.6412
other_middle_east,1989,3.6824
other_middle_east,1990,3.5102
other_middle_east,1991,3.3823
other_middle_east,1992,4.1293
other_middle_east,1993,3.9351
other_middle_east,1994,3.7497
other_middle_east,1995,3.8358
other_middle_east,1996,3.9554
other_middle_east,1997,3.9258
other_middle_east,1998,4.0965
other_middle_east,1999,3.7939
other_middle_east,2000,4.3226
other_middle_east,2001,4.4044
other_middle_east,2002,4.7462
other_middle_east,2003,4.6398
other_middle_east,2004,5.9150
other_middle_east,2005,9.5135
other_middle_east,2006,10.836
other_middle_east,2007,9.9020
other_middle_east,2008,6.7894
other_middle_east,2009,5.7661
other_middle_east,2010,8.2583
other_middle_east,2011,8.3557
other_middle_east,2012,10.220
other_middle_east,2013,9.0213
other_middle_east,2014,7.8676
other_s_cent_america,1965,3.4822
other_s_cent_america,1966,4.9295
other_s_cent_america,1967,5.1499
other_s_cent_america,1968,5.3289
other_s_cent_america,1969,5.7631
other_s_cent_america,1970,6.4094
other_s_cent_america,1971,7.8098
other_s_cent_america,1972,7.3165
other_s_cent_america,1973,8.0943
other_s_cent_america,1974,8.1291
other_s_cent_america,1975,8.1550
other_s_cent_america,1976,8.7323
other_s_cent_america,1977,9.9884
other_s_cent_america,1978,10.747
other_s_cent_america,1979,11.381
other_s_cent_america,1980,11.909
other_s_cent_america,1981,12.438
other_s_cent_america,1982,12.739
other_s_cent_america,1983,17.117
other_s_cent_america,1984,18.512
other_s_cent_america,1985,21.226
other_s_cent_america,1986,32.349
other_s_cent_america,1987,38.837
other_s_cent_america,1988,39.743
other_s_cent_america,1989,43.526
other_s_cent_america,1990,49.975
other_s_cent_america,1991,51.257
other_s_cent_america,1992,50.081
other_s_cent_america,1993,56.090
other_s_cent_america,1994,59.252
other_s_cent_america,1995,63.278
other_s_cent_america,1996,72.366
other_s_cent_america,1997,76.260
other_s_cent_america,1998,77.433
other_s_cent_america,1999,78.179
other_s_cent_america,2000,81.096
other_s_cent_america,2001,74.156
other_s_cent_america,2002,78.037
other_s_cent_america,2003,80.146
other_s_cent_america,2004,78.439
other_s_cent_america,2005,80.748
other_s_cent_america,2006,81.320
other_s_cent_america,2007,85.671
other_s_cent_america,2008,85.701
other_s_cent_america,2009,84.581
other_s_cent_america,2010,89.315
other_s_cent_america,2011,89.577
other_s_cent_america,2012,93.791
other_s_cent_america,2013,96.546
other_s_cent_america,2014,91.803
pakistan,1965,2.1964
pakistan,1966,2.1964
pakistan,1967,2.6030
pakistan,1968,3.1289
pakistan,1969,3.3013
pakistan,1970,2.9212
pakistan,1971,3.8139
pakistan,1972,4.0128
pakistan,1973,4.2338
pakistan,1974,4.2559
pakistan,1975,4.8967
pakistan,1976,5.3165
pakistan,1977,6.3153
pakistan,1978,7.8400
pakistan,1979,8.4764
pakistan,1980,8.8874
pakistan,1981,9.2807
pakistan,1982,10.443
pakistan,1983,12.096
pakistan,1984,12.538
pakistan,1985,13.024
pakistan,1986,12.454
pakistan,1987,16.374
pakistan,1988,17.165
pakistan,1989,17.443
pakistan,1990,17.085
pakistan,1991,18.283
pakistan,1992,19.945
pakistan,1993,21.933
pakistan,1994,21.527
pakistan,1995,22.747
pakistan,1996,24.797
pakistan,1997,18.447
pakistan,1998,24.108
pakistan,1999,21.505
pakistan,2000,17.558
pakistan,2001,18.292
pakistan,2002,20.418
pakistan,2003,25.628
pakistan,2004,24.205
pakistan,2005,30.698
pakistan,2006,30.246
pakistan,2007,31.622
pakistan,2008,26.963
pakistan,2009,28.180
pakistan,2010,29.475
pakistan,2011,30.379
pakistan,2012,21.190
pakistan,2013,30.895
pakistan,2014,31.777
peru,1965,2.6295
peru,1966,2.8240
peru,1967,3.1643
peru,1968,3.3941
peru,1969,3.6990
peru,1970,3.8272
peru,1971,4.2780
peru,1972,4.4415
peru,1973,4.7685
peru,1974,5.2237
peru,1975,5.4668
peru,1976,5.8027
peru,1977,6.0236
peru,1978,6.2004
peru,1979,6.6998
peru,1980,7.0136
peru,1981,8.0035
peru,1982,8.3969
peru,1983,8.1184
peru,1984,8.5692
peru,1985,9.3868
peru,1986,9.8862
peru,1987,10.655
peru,1988,10.434
peru,1989,10.399
peru,1990,10.178
peru,1991,11.234
peru,1992,9.6873
peru,1993,11.676
peru,1994,12.816
peru,1995,12.944
peru,1996,13.329
peru,1997,13.210
peru,1998,13.815
peru,1999,14.544
peru,2000,16.179
peru,2001,17.620
peru,2002,18.044
peru,2003,18.557
peru,2004,17.525
peru,2005,17.981
peru,2006,19.594
peru,2007,19.502
peru,2008,19.040
peru,2009,19.845
peru,2010,20.044
peru,2011,21.557
peru,2012,22.044
peru,2013,21.709
peru,2014,21.586
philippines,1965,0.76014
philippines,1966,0.79549
philippines,1967,1.0739
philippines,1968,0.70268
philippines,1969,0.79991
philippines,1970,1.5424
philippines,1971,1.7059
philippines,1972,1.4319
philippines,1973,1.8473
philippines,1974,2.2230
philippines,1975,2.2230
philippines,1976,2.6340
philippines,1977,1.9269
philippines,1978,2.8019
philippines,1979,2.7754
philippines,1980,3.4383
philippines,1981,3.6902
philippines,1982,3.8184
philippines,1983,2.9610
philippines,1984,5.2149
philippines,1985,5.5729
philippines,1986,6.0015
philippines,1987,5.2458
philippines,1988,6.2667
philippines,1989,6.4877
philippines,1990,6.0590
philippines,1991,5.1398
philippines,1992,4.2559
philippines,1993,4.9895
philippines,1994,5.7673
philippines,1995,6.2358
philippines,1996,7.0710
philippines,1997,6.0723
philippines,1998,5.0691
philippines,1999,7.8400
philippines,2000,7.8002
philippines,2001,7.0578
philippines,2002,7.0357
philippines,2003,7.8710
philippines,2004,8.5397
philippines,2005,8.3868
philippines,2006,9.9394
philippines,2007,8.5634
philippines,2008,9.8430
philippines,2009,9.7876
philippines,2010,7.8034
philippines,2011,9.6975
philippines,2012,10.252
philippines,2013,10.019
philippines,2014,9.0875
poland,1965,0.91877
poland,1966,0.93040
poland,1967,0.98855
poland,1968,1.0583
poland,1969,0.90714
poland,1970,1.8841
poland,1971,1.9189
poland,1972,1.9306
poland,1973,1.8492
poland,1974,2.4539
poland,1975,2.3725
poland,1976,2.0934
poland,1977,2.3958
poland,1978,2.3841
poland,1979,2.4539
poland,1980,3.2797
poland,1981,3.0122
poland,1982,2.6051
poland,1983,3.3262
poland,1984,3.3494
poland,1985,3.8960
poland,1986,3.8030
poland,1987,4.0589
poland,1988,4.1984
poland,1989,3.7565
poland,1990,3.3146
poland,1991,3.4076
poland,1992,3.5704
poland,1993,3.5355
poland,1994,3.7681
poland,1995,3.8495
poland,1996,3.9077
poland,1997,3.8146
poland,1998,4.3264
poland,1999,4.2798
poland,2000,4.1145
poland,2001,4.2205
poland,2002,3.9023
poland,2003,3.2925
poland,2004,2.0820
poland,2005,2.2010
poland,2006,2.0420
poland,2007,2.3520
poland,2008,2.1530
poland,2009,2.3750
poland,2010,2.9200
poland,2011,2.3320
poland,2012,2.0370
poland,2013,2.4390
poland,2014,2.1720
portugal,1965,3.9750
portugal,1966,5.2760
portugal,1967,5.4810
portugal,1968,5.1880
portugal,1969,6.3110
portugal,1970,5.8040
portugal,1971,6.1700
portugal,1972,7.0860
portugal,1973,7.3250
portugal,1974,7.8280
portugal,1975,6.4100
portugal,1976,4.7870
portugal,1977,9.9660
portugal,1978,10.811
portugal,1979,11.213
portugal,1980,8.0150
portugal,1981,5.0190
portugal,1982,6.9210
portugal,1983,8.0260
portugal,1984,9.7650
portugal,1985,10.693
portugal,1986,8.5140
portugal,1987,9.1530
portugal,1988,12.233
portugal,1989,5.8190
portugal,1990,9.1570
portugal,1991,9.0430
portugal,1992,4.6460
portugal,1993,8.5380
portugal,1994,10.658
portugal,1995,8.3430
portugal,1996,14.761
portugal,1997,13.105
portugal,1998,12.983
portugal,1999,7.2860
portugal,2000,11.323
portugal,2001,14.034
portugal,2002,7.8000
portugal,2003,15.723
portugal,2004,9.8690
portugal,2005,4.6130
portugal,2006,10.775
portugal,2007,9.9290
portugal,2008,6.6030
portugal,2009,7.9930
portugal,2010,16.410
portugal,2011,11.946
portugal,2012,6.5111
portugal,2013,14.786
portugal,2014,16.336
qatar,1965,0.0000
qatar,1966,0.0000
qatar,1967,0.0000
qatar,1968,0.0000
qatar,1969,0.0000
qatar,1970,0.0000
qatar,1971,0.0000
qatar,1972,0.0000
qatar,1973,0.0000
qatar,1974,0.0000
qatar,1975,0.0000
qatar,1976,0.0000
qatar,1977,0.0000
qatar,1978,0.0000
qatar,1979,0.0000
qatar,1980,0.0000
qatar,1981,0.0000
qatar,1982,0.0000
qatar,1983,0.0000
qatar,1984,0.0000
qatar,1985,0.0000
qatar,1986,0.0000
qatar,1987,0.0000
qatar,1988,0.0000
qatar,1989,0.0000
qatar,1990,0.0000
qatar,1991,0.0000
qatar,1992,0.0000
qatar,1993,0.0000
qatar,1994,0.0000
qatar,1995,0.0000
qatar,1996,0.0000
qatar,1997,0.0000
qatar,1998,0.0000
qatar,1999,0.0000
qatar,2000,0.0000
qatar,2001,0.0000
qatar,2002,0.0000
qatar,2003,0.0000
qatar,2004,0.0000
qatar,2005,0.0000
qatar,2006,0.0000
qatar,2007,0.0000
qatar,2008,0.0000
qatar,2009,0.0000
qatar,2010,0.0000
qatar,2011,0.0000
qatar,2012,0.0000
qatar,2013,0.0000
qatar,2014,0.0000
republic_of_ireland,1965,0.94203
republic_of_ireland,1966,0.84899
republic_of_ireland,1967,0.80247
republic_of_ireland,1968,0.76758
republic_of_ireland,1969,0.58150
republic_of_ireland,1970,0.80247
republic_of_ireland,1971,0.46520
republic_of_ireland,1972,0.68617
republic_of_ireland,1973,0.63965
republic_of_ireland,1974,0.79084
republic_of_ireland,1975,0.52335
republic_of_ireland,1976,0.59313
republic_of_ireland,1977,0.74432
republic_of_ireland,1978,0.69780
republic_of_ireland,1979,0.82573
republic_of_ireland,1980,0.83736
republic_of_ireland,1981,0.86062
republic_of_ireland,1982,0.80247
republic_of_ireland,1983,0.77921
republic_of_ireland,1984,0.68617
republic_of_ireland,1985,0.83736
republic_of_ireland,1986,0.91877
republic_of_ireland,1987,0.68617
republic_of_ireland,1988,0.87225
republic_of_ireland,1989,0.69780
republic_of_ireland,1990,0.69780
republic_of_ireland,1991,0.74432
republic_of_ireland,1992,0.81410
republic_of_ireland,1993,0.76758
republic_of_ireland,1994,0.91877
republic_of_ireland,1995,0.70943
republic_of_ireland,1996,0.72106
republic_of_ireland,1997,0.67454
republic_of_ireland,1998,0.91877
republic_of_ireland,1999,0.84899
republic_of_ireland,2000,0.84899
republic_of_ireland,2001,0.59313
republic_of_ireland,2002,0.90714
republic_of_ireland,2003,0.59313
republic_of_ireland,2004,0.62802
republic_of_ireland,2005,0.62802
republic_of_ireland,2006,0.72106
republic_of_ireland,2007,0.66291
republic_of_ireland,2008,0.96529
republic_of_ireland,2009,0.90714
republic_of_ireland,2010,0.60476
republic_of_ireland,2011,0.70943
republic_of_ireland,2012,0.80247
republic_of_ireland,2013,0.58150
republic_of_ireland,2014,0.70943
romania,1965,0.99878
romania,1966,1.0341
romania,1967,1.4761
romania,1968,1.5600
romania,1969,2.2230
romania,1970,2.7665
romania,1971,4.4989
romania,1972,7.3406
romania,1973,7.5483
romania,1974,8.4764
romania,1975,8.7106
romania,1976,8.1052
romania,1977,9.3382
romania,1978,10.620
romania,1979,11.340
romania,1980,12.644
romania,1981,12.737
romania,1982,11.853
romania,1983,10.036
romania,1984,11.327
romania,1985,11.897
romania,1986,10.814
romania,1987,11.212
romania,1988,13.621
romania,1989,12.631
romania,1990,10.978
romania,1991,14.248
romania,1992,11.698
romania,1993,12.768
romania,1994,13.050
romania,1995,16.701
romania,1996,15.760
romania,1997,17.514
romania,1998,18.889
romania,1999,18.292
romania,2000,14.778
romania,2001,14.924
romania,2002,16.047
romania,2003,13.263
romania,2004,16.513
romania,2005,20.207
romania,2006,18.356
romania,2007,15.966
romania,2008,17.195
romania,2009,15.534
romania,2010,19.883
romania,2011,14.728
romania,2012,12.066
romania,2013,14.793
romania,2014,18.646
russian_federation,1985,159.73
russian_federation,1986,164.33
russian_federation,1987,162.53
russian_federation,1988,160.92
russian_federation,1989,159.73
russian_federation,1990,166.85
russian_federation,1991,168.12
russian_federation,1992,172.63
russian_federation,1993,175.21
russian_federation,1994,175.83
russian_federation,1995,177.03
russian_federation,1996,154.03
russian_federation,1997,157.53
russian_federation,1998,158.73
russian_federation,1999,160.92
russian_federation,2000,165.33
russian_federation,2001,175.93
russian_federation,2002,164.15
russian_federation,2003,157.63
russian_federation,2004,177.64
russian_federation,2005,174.54
russian_federation,2006,175.21
russian_federation,2007,178.98
russian_federation,2008,166.73
russian_federation,2009,176.13
russian_federation,2010,168.40
russian_federation,2011,164.82
russian_federation,2012,164.87
russian_federation,2013,182.65
russian_federation,2014,173.52
saudi_arabia,1965,0.0000
saudi_arabia,1966,0.0000
saudi_arabia,1967,0.0000
saudi_arabia,1968,0.0000
saudi_arabia,1969,0.0000
saudi_arabia,1970,0.0000
saudi_arabia,1971,0.0000
saudi_arabia,1972,0.0000
saudi_arabia,1973,0.0000
saudi_arabia,1974,0.0000
saudi_arabia,1975,0.0000
saudi_arabia,1976,0.0000
saudi_arabia,1977,0.0000
saudi_arabia,1978,0.0000
saudi_arabia,1979,0.0000
saudi_arabia,1980,0.0000
saudi_arabia,1981,0.0000
saudi_arabia,1982,0.0000
saudi_arabia,1983,0.0000
saudi_arabia,1984,0.0000
saudi_arabia,1985,0.0000
saudi_arabia,1986,0.0000
saudi_arabia,1987,0.0000
saudi_arabia,1988,0.0000
saudi_arabia,1989,0.0000
saudi_arabia,1990,0.0000
saudi_arabia,1991,0.0000
saudi_arabia,1992,0.0000
saudi_arabia,1993,0.0000
saudi_arabia,1994,0.0000
saudi_arabia,1995,0.0000
saudi_arabia,1996,0.0000
saudi_arabia,1997,0.0000
saudi_arabia,1998,0.0000
saudi_arabia,1999,0.0000
saudi_arabia,2000,0.0000
saudi_arabia,2001,0.0000
saudi_arabia,2002,0.0000
saudi_arabia,2003,0.0000
saudi_arabia,2004,0.0000
saudi_arabia,2005,0.0000
saudi_arabia,2006,0.0000
saudi_arabia,2007,0.0000
saudi_arabia,2008,0.0000
saudi_arabia,2009,0.0000
saudi_arabia,2010,0.0000
saudi_arabia,2011,0.0000
saudi_arabia,2012,0.0000
saudi_arabia,2013,0.0000
saudi_arabia,2014,0.0000
singapore,1965,0.0000
singapore,1966,0.0000
singapore,1967,0.0000
singapore,1968,0.0000
singapore,1969,0.0000
singapore,1970,0.0000
singapore,1971,0.0000
singapore,1972,0.0000
singapore,1973,0.0000
singapore,1974,0.0000
singapore,1975,0.0000
singapore,1976,0.0000
singapore,1977,0.0000
singapore,1978,0.0000
singapore,1979,0.0000
singapore,1980,0.0000
singapore,1981,0.0000
singapore,1982,0.0000
singapore,1983,0.0000
singapore,1984,0.0000
singapore,1985,0.0000
singapore,1986,0.0000
singapore,1987,0.0000
singapore,1988,0.0000
singapore,1989,0.0000
singapore,1990,0.0000
singapore,1991,0.0000
singapore,1992,0.0000
singapore,1993,0.0000
singapore,1994,0.0000
singapore,1995,0.0000
singapore,1996,0.0000
singapore,1997,0.0000
singapore,1998,0.0000
singapore,1999,0.0000
singapore,2000,0.0000
singapore,2001,0.0000
singapore,2002,0.0000
singapore,2003,0.0000
singapore,2004,0.0000
singapore,2005,0.0000
singapore,2006,0.0000
singapore,2007,0.0000
singapore,2008,0.0000
singapore,2009,0.0000
singapore,2010,0.0000
singapore,2011,0.0000
singapore,2012,0.0000
singapore,2013,0.0000
singapore,2014,0.0000
slovakia,1965,2.2230
slovakia,1966,2.1302
slovakia,1967,1.8252
slovakia,1968,1.6750
slovakia,1969,1.3037
slovakia,1970,1.9666
slovakia,1971,1.4760
slovakia,1972,1.5460
slovakia,1973,1.3220
slovakia,1974,2.2230
slovakia,1975,2.0020
slovakia,1976,2.0190
slovakia,1977,2.4080
slovakia,1978,2.2590
slovakia,1979,1.8840
slovakia,1980,2.2570
slovakia,1981,1.9660
slovakia,1982,1.7260
slovakia,1983,1.8320
slovakia,1984,1.5550
slovakia,1985,2.1170
slovakia,1986,1.6750
slovakia,1987,1.9320
slovakia,1988,1.7550
slovakia,1989,1.9620
slovakia,1990,1.8800
slovakia,1991,1.4080
slovakia,1992,1.9370
slovakia,1993,3.4670
slovakia,1994,4.3550
slovakia,1995,4.8800
slovakia,1996,4.2270
slovakia,1997,4.0640
slovakia,1998,4.2670
slovakia,1999,4.4740
slovakia,2000,4.6150
slovakia,2001,4.9270
slovakia,2002,5.2680
slovakia,2003,3.4800
slovakia,2004,4.1000
slovakia,2005,4.6380
slovakia,2006,4.3990
slovakia,2007,4.4510
slovakia,2008,4.0390
slovakia,2009,4.3680
slovakia,2010,5.2550
slovakia,2011,3.7780
slovakia,2012,4.1030
slovakia,2013,4.8480
slovakia,2014,4.2440
south_africa,1965,0.0000
south_africa,1966,0.0000
south_africa,1967,0.0000
south_africa,1968,0.0000
south_africa,1969,0.0000
south_africa,1970,0.0000
south_africa,1971,0.092807
south_africa,1972,0.82643
south_africa,1973,0.19003
south_africa,1974,1.1225
south_africa,1975,1.1093
south_africa,1976,1.8738
south_africa,1977,1.9445
south_africa,1978,1.9048
south_africa,1979,1.1579
south_africa,1980,1.0032
south_africa,1981,1.6530
south_africa,1982,1.0160
south_africa,1983,0.59500
south_africa,1984,0.56000
south_africa,1985,0.62400
south_africa,1986,1.6230
south_africa,1987,1.6170
south_africa,1988,3.1620
south_africa,1989,2.7590
south_africa,1990,1.0100
south_africa,1991,1.9800
south_africa,1992,0.75200
south_africa,1993,0.14600
south_africa,1994,1.0740
south_africa,1995,0.52900
south_africa,1996,1.3190
south_africa,1997,2.1131
south_africa,1998,1.6121
south_africa,1999,0.73333
south_africa,2000,1.1010
south_africa,2001,1.9850
south_africa,2002,2.3830
south_africa,2003,0.70100
south_africa,2004,0.95000
south_africa,2005,1.3320
south_africa,2006,2.8980
south_africa,2007,0.86800
south_africa,2008,1.2030
south_africa,2009,1.4000
south_africa,2010,2.1140
south_africa,2011,2.0570
south_africa,2012,1.1636
south_africa,2013,1.1193
south_africa,2014,1.1193
south_korea,1965,0.71152
south_korea,1966,0.98995
south_korea,1967,0.95459
south_korea,1968,0.93249
south_korea,1969,1.4319
south_korea,1970,1.2198
south_korea,1971,1.3258
south_korea,1972,1.3744
south_korea,1973,1.2772
south_korea,1974,1.9092
south_korea,1975,1.6882
south_korea,1976,1.7899
south_korea,1977,1.3965
south_korea,1978,1.8031
south_korea,1979,2.3246
south_korea,1980,1.9887
south_korea,1981,2.7091
south_korea,1982,2.0020
south_korea,1983,2.7224
south_korea,1984,2.3953
south_korea,1985,3.6637
south_korea,1986,4.0261
south_korea,1987,5.3519
south_korea,1988,3.5709
south_korea,1989,4.5608
south_korea,1990,6.3595
south_korea,1991,3.4820
south_korea,1992,3.0953
south_korea,1993,4.2358
south_korea,1994,2.3404
south_korea,1995,2.7576
south_korea,1996,2.4202
south_korea,1997,2.8193
south_korea,1998,4.2876
south_korea,1999,4.1653
south_korea,2000,4.0126
south_korea,2001,2.3288
south_korea,2002,3.2341
south_korea,2003,4.8888
south_korea,2004,4.3110
south_korea,2005,3.5610
south_korea,2006,3.4680
south_korea,2007,3.6310
south_korea,2008,3.0680
south_korea,2009,2.8130
south_korea,2010,3.6820
south_korea,2011,4.5980
south_korea,2012,3.9690
south_korea,2013,4.3780
south_korea,2014,3.7180
spain,1965,20.033
spain,1966,27.743
spain,1967,23.060
spain,1968,24.819
spain,1969,31.144
spain,1970,28.270
spain,1971,32.387
spain,1972,34.790
spain,1973,28.521
spain,1974,30.921
spain,1975,26.058
spain,1976,20.760
spain,1977,39.633
spain,1978,40.385
spain,1979,46.556
spain,1980,29.551
spain,1981,21.944
spain,1982,26.337
spain,1983,27.050
spain,1984,31.488
spain,1985,31.293
spain,1986,26.500
spain,1987,27.385
spain,1988,35.252
spain,1989,19.353
spain,1990,25.419
spain,1991,27.366
spain,1992,18.558
spain,1993,24.337
spain,1994,27.817
spain,1995,23.000
spain,1996,40.656
spain,1997,36.120
spain,1998,37.196
spain,1999,28.176
spain,2000,34.236
spain,2001,41.074
spain,2002,23.117
spain,2003,41.076
spain,2004,31.813
spain,2005,17.872
spain,2006,25.583
spain,2007,27.225
spain,2008,23.505
spain,2009,26.352
spain,2010,42.278
spain,2011,30.596
spain,2012,20.545
spain,2013,36.780
spain,2014,39.168
sweden,1965,46.452
sweden,1966,45.533
sweden,1967,49.312
sweden,1968,48.786
sweden,1969,41.856
sweden,1970,41.542
sweden,1971,52.034
sweden,1972,53.775
sweden,1973,59.905
sweden,1974,57.302
sweden,1975,57.686
sweden,1976,54.871
sweden,1977,53.532
sweden,1978,57.779
sweden,1979,61.231
sweden,1980,59.255
sweden,1981,60.219
sweden,1982,55.614
sweden,1983,64.081
sweden,1984,68.487
sweden,1985,71.608
sweden,1986,61.509
sweden,1987,72.792
sweden,1988,70.476
sweden,1989,71.930
sweden,1990,73.048
sweden,1991,63.675
sweden,1992,74.873
sweden,1993,75.399
sweden,1994,59.383
sweden,1995,67.732
sweden,1996,51.543
sweden,1997,69.071
sweden,1998,73.632
sweden,1999,71.691
sweden,2000,78.584
sweden,2001,79.061
sweden,2002,66.358
sweden,2003,53.529
sweden,2004,60.631
sweden,2005,72.852
sweden,2006,61.728
sweden,2007,66.265
sweden,2008,69.211
sweden,2009,65.897
sweden,2010,66.884
sweden,2011,66.689
sweden,2012,78.789
sweden,2013,61.431
sweden,2014,64.533
switzerland,1965,24.097
switzerland,1966,27.519
switzerland,1967,29.850
switzerland,1968,29.515
switzerland,1969,28.245
switzerland,1970,29.173
switzerland,1971,29.044
switzerland,1972,24.234
switzerland,1973,26.587
switzerland,1974,27.850
switzerland,1975,32.236
switzerland,1976,25.849
switzerland,1977,34.890
switzerland,1978,31.561
switzerland,1979,29.684
switzerland,1980,33.448
switzerland,1981,35.125
switzerland,1982,35.971
switzerland,1983,35.063
switzerland,1984,29.894
switzerland,1985,32.049
switzerland,1986,32.914
switzerland,1987,34.680
switzerland,1988,35.797
switzerland,1989,29.776
switzerland,1990,29.797
switzerland,1991,32.088
switzerland,1992,32.703
switzerland,1993,35.786
switzerland,1994,39.064
switzerland,1995,35.176
switzerland,1996,28.409
switzerland,1997,34.048
switzerland,1998,33.478
switzerland,1999,40.012
switzerland,2000,36.841
switzerland,2001,41.326
switzerland,2002,35.174
switzerland,2003,34.772
switzerland,2004,33.755
switzerland,2005,31.230
switzerland,2006,30.962
switzerland,2007,35.253
switzerland,2008,36.040
switzerland,2009,35.727
switzerland,2010,36.064
switzerland,2011,31.670
switzerland,2012,37.898
switzerland,2013,37.840
switzerland,2014,37.350
taiwan,1965,3.6725
taiwan,1966,3.8139
taiwan,1967,3.5930
taiwan,1968,5.2326
taiwan,1969,3.9863
taiwan,1970,3.5576
taiwan,1971,3.0936
taiwan,1972,3.6416
taiwan,1973,3.3941
taiwan,1974,4.7111
taiwan,1975,5.2547
taiwan,1976,4.2780
taiwan,1977,4.0261
taiwan,1978,4.9674
taiwan,1979,4.5697
taiwan,1980,2.9301
taiwan,1981,4.7906
taiwan,1982,4.7818
taiwan,1983,4.9895
taiwan,1984,4.1835
taiwan,1985,5.7254
taiwan,1986,5.8481
taiwan,1987,5.2563
taiwan,1988,4.4589
taiwan,1989,4.6396
taiwan,1990,6.0876
taiwan,1991,3.6765
taiwan,1992,6.2553
taiwan,1993,3.9200
taiwan,1994,4.8292
taiwan,1995,4.6176
taiwan,1996,4.5248
taiwan,1997,5.0048
taiwan,1998,5.9170
taiwan,1999,4.8192
taiwan,2000,4.3581
taiwan,2001,4.8651
taiwan,2002,2.6596
taiwan,2003,2.8961
taiwan,2004,3.0628
taiwan,2005,3.8033
taiwan,2006,3.9001
taiwan,2007,4.2144
taiwan,2008,4.1076
taiwan,2009,3.5757
taiwan,2010,4.0019
taiwan,2011,3.8162
taiwan,2012,5.4090
taiwan,2013,5.1735
taiwan,2014,4.1216
thailand,1965,1.0960
thailand,1966,1.2728
thailand,1967,1.7412
thailand,1968,1.5777
thailand,1969,1.1800
thailand,1970,2.0020
thailand,1971,2.2937
thailand,1972,2.1478
thailand,1973,2.3290
thailand,1974,2.9787
thailand,1975,2.9698
thailand,1976,3.1731
thailand,1977,2.8594
thailand,1978,1.8782
thailand,1979,3.0626
thailand,1980,1.3435
thailand,1981,2.7931
thailand,1982,3.5399
thailand,1983,3.3632
thailand,1984,4.0835
thailand,1985,3.6990
thailand,1986,5.5596
thailand,1987,4.0703
thailand,1988,3.7786
thailand,1989,5.5729
thailand,1990,4.9762
thailand,1991,4.5829
thailand,1992,4.2338
thailand,1993,3.6990
thailand,1994,4.5122
thailand,1995,6.7086
thailand,1996,7.3406
thailand,1997,7.1992
thailand,1998,5.1751
thailand,1999,3.5355
thailand,2000,6.0281
thailand,2001,6.3021
thailand,2002,7.4732
thailand,2003,7.3008
thailand,2004,6.0400
thailand,2005,5.7980
thailand,2006,8.1250
thailand,2007,8.1440
thailand,2008,7.1130
thailand,2009,7.1480
thailand,2010,5.5370
thailand,2011,8.1640
thailand,2012,8.6960
thailand,2013,5.5820
thailand,2014,5.3257
total_africa,1965,10.859
total_africa,1966,11.403
total_africa,1967,12.637
total_africa,1968,15.723
total_africa,1969,18.573
total_africa,1970,20.848
total_africa,1971,21.581
total_africa,1972,26.682
total_africa,1973,26.662
total_africa,1974,32.813
total_africa,1975,33.941
total_africa,1976,38.060
total_africa,1977,41.921
total_africa,1978,42.812
total_africa,1979,44.058
total_africa,1980,46.024
total_africa,1981,48.852
total_africa,1982,49.453
total_africa,1983,45.320
total_africa,1984,45.264
total_africa,1985,48.174
total_africa,1986,51.638
total_africa,1987,49.726
total_africa,1988,52.787
total_africa,1989,55.905
total_africa,1990,56.808
total_africa,1991,60.839
total_africa,1992,58.268
total_africa,1993,57.005
total_africa,1994,58.347
total_africa,1995,60.743
total_africa,1996,62.479
total_africa,1997,65.582
total_africa,1998,69.157
total_africa,1999,76.300
total_africa,2000,74.493
total_africa,2001,77.232
total_africa,2002,82.545
total_africa,2003,80.479
total_africa,2004,87.297
total_africa,2005,89.743
total_africa,2006,96.791
total_africa,2007,95.053
total_africa,2008,96.761
total_africa,2009,99.179
total_africa,2010,109.56
total_africa,2011,105.98
total_africa,2012,113.69
total_africa,2013,116.61
total_africa,2014,121.70
total_asia_pacific,1965,152.11
total_asia_pacific,1966,164.93
total_asia_pacific,1967,155.33
total_asia_pacific,1968,165.91
total_asia_pacific,1969,176.75
total_asia_pacific,1970,180.41
total_asia_pacific,1971,195.89
total_asia_pacific,1972,204.93
total_asia_pacific,1973,198.59
total_asia_pacific,1974,216.39
total_asia_pacific,1975,230.45
total_asia_pacific,1976,233.56
total_asia_pacific,1977,226.83
total_asia_pacific,1978,235.91
total_asia_pacific,1979,255.09
total_asia_pacific,1980,271.65
total_asia_pacific,1981,289.25
total_asia_pacific,1982,280.14
total_asia_pacific,1983,301.81
total_asia_pacific,1984,297.30
total_asia_pacific,1985,319.79
total_asia_pacific,1986,323.41
total_asia_pacific,1987,329.19
total_asia_pacific,1988,355.06
total_asia_pacific,1989,388.56
total_asia_pacific,1990,400.30
total_asia_pacific,1991,409.69
total_asia_pacific,1992,401.52
total_asia_pacific,1993,441.61
total_asia_pacific,1994,444.91
total_asia_pacific,1995,482.63
total_asia_pacific,1996,473.67
total_asia_pacific,1997,471.90
total_asia_pacific,1998,511.09
total_asia_pacific,1999,497.61
total_asia_pacific,2000,518.10
total_asia_pacific,2001,570.22
total_asia_pacific,2002,580.43
total_asia_pacific,2003,596.10
total_asia_pacific,2004,681.45
total_asia_pacific,2005,726.57
total_asia_pacific,2006,803.08
total_asia_pacific,2007,855.61
total_asia_pacific,2008,998.93
total_asia_pacific,2009,965.44
total_asia_pacific,2010,1112.4
total_asia_pacific,2011,1122.7
total_asia_pacific,2012,1281.6
total_asia_pacific,2013,1376.1
total_asia_pacific,2014,1509.9
total_europe_eurasia,1965,392.48
total_europe_eurasia,1966,424.98
total_europe_eurasia,1967,421.37
total_europe_eurasia,1968,449.36
total_europe_eurasia,1969,453.84
total_europe_eurasia,1970,478.57
total_europe_eurasia,1971,484.35
total_europe_eurasia,1972,494.96
total_europe_eurasia,1973,495.87
total_europe_eurasia,1974,533.64
total_europe_eurasia,1975,531.93
total_europe_eurasia,1976,519.33
total_europe_eurasia,1977,611.64
total_europe_eurasia,1978,620.48
total_europe_eurasia,1979,657.36
total_europe_eurasia,1980,645.42
total_europe_eurasia,1981,657.21
total_europe_eurasia,1982,641.30
total_europe_eurasia,1983,660.75
total_europe_eurasia,1984,689.70
total_europe_eurasia,1985,700.50
total_europe_eurasia,1986,684.20
total_europe_eurasia,1987,731.04
total_europe_eurasia,1988,776.51
total_europe_eurasia,1989,694.92
total_europe_eurasia,1990,717.72
total_europe_eurasia,1991,722.17
total_europe_eurasia,1992,747.56
total_europe_eurasia,1993,777.53
total_europe_eurasia,1994,784.26
total_europe_eurasia,1995,789.11
total_europe_eurasia,1996,748.46
total_europe_eurasia,1997,768.67
total_europe_eurasia,1998,796.01
total_europe_eurasia,1999,809.31
total_europe_eurasia,2000,834.75
total_europe_eurasia,2001,833.15
total_europe_eurasia,2002,776.79
total_europe_eurasia,2003,740.70
total_europe_eurasia,2004,794.91
total_europe_eurasia,2005,794.47
total_europe_eurasia,2006,783.42
total_europe_eurasia,2007,794.65
total_europe_eurasia,2008,806.62
total_europe_eurasia,2009,814.53
total_europe_eurasia,2010,872.82
total_europe_eurasia,2011,790.12
total_europe_eurasia,2012,846.91
total_europe_eurasia,2013,892.26
total_europe_eurasia,2014,864.95
total_middle_east,1965,1.9381
total_middle_east,1966,2.1060
total_middle_east,1967,2.2828
total_middle_east,1968,2.4817
total_middle_east,1969,2.6850
total_middle_east,1970,2.9280
total_middle_east,1971,3.1799
total_middle_east,1972,4.0174
total_middle_east,1973,3.4244
total_middle_east,1974,4.3472
total_middle_east,1975,5.1031
total_middle_east,1976,6.1311
total_middle_east,1977,7.0624
total_middle_east,1978,9.8864
total_middle_east,1979,9.7314
total_middle_east,1980,9.8530
total_middle_east,1981,10.478
total_middle_east,1982,10.580
total_middle_east,1983,10.643
total_middle_east,1984,10.725
total_middle_east,1985,10.115
total_middle_east,1986,11.029
total_middle_east,1987,12.871
total_middle_east,1988,12.200
total_middle_east,1989,11.163
total_middle_east,1990,9.9081
total_middle_east,1991,10.238
total_middle_east,1992,12.997
total_middle_east,1993,13.684
total_middle_east,1994,11.728
total_middle_east,1995,12.187
total_middle_east,1996,11.828
total_middle_east,1997,9.8949
total_middle_east,1998,11.612
total_middle_east,1999,8.9667
total_middle_east,2000,8.1366
total_middle_east,2001,8.5509
total_middle_east,2002,12.780
total_middle_east,2003,14.261
total_middle_east,2004,17.876
total_middle_east,2005,22.595
total_middle_east,2006,29.361
total_middle_east,2007,27.875
total_middle_east,2008,14.270
total_middle_east,2009,12.262
total_middle_east,2010,17.818
total_middle_east,2011,18.858
total_middle_east,2012,22.434
total_middle_east,2013,23.975
total_middle_east,2014,22.994
total_north_america,1965,324.96
total_north_america,1966,338.92
total_north_america,1967,371.42
total_north_america,1968,377.12
total_north_america,1969,417.80
total_north_america,1970,423.82
total_north_america,1971,443.74
total_north_america,1972,465.47
total_north_america,1973,473.32
total_north_america,1974,522.00
total_north_america,1975,516.43
total_north_america,1976,509.90
total_north_america,1977,443.62
total_north_america,1978,519.54
total_north_america,1979,516.57
total_north_america,1980,521.44
total_north_america,1981,516.19
total_north_america,1982,596.34
total_north_america,1983,625.50
total_north_america,1984,637.44
total_north_america,1985,617.21
total_north_america,1986,627.76
total_north_america,1987,590.10
total_north_america,1988,556.98
total_north_america,1989,589.67
total_north_america,1990,615.17
total_north_america,1991,621.25
total_north_america,1992,597.24
total_north_america,1993,632.11
total_north_america,1994,610.99
total_north_america,1995,675.67
total_north_america,1996,736.82
total_north_america,1997,735.28
total_north_america,1998,682.20
total_north_america,1999,700.59
total_north_america,2000,668.30
total_north_america,2001,579.22
total_north_america,2002,641.25
total_north_america,2003,634.60
total_north_america,2004,634.71
total_north_america,2005,663.46
total_north_america,2006,677.10
total_north_america,2007,646.55
total_north_america,2008,672.71
total_north_america,2009,669.20
total_north_america,2010,650.50
total_north_america,2011,734.92
total_north_america,2012,690.44
total_north_america,2013,689.94
total_north_america,2014,678.41
total_s_cent_america,1965,40.164
total_s_cent_america,1966,44.717
total_s_cent_america,1967,47.282
total_s_cent_america,1968,50.106
total_s_cent_america,1969,54.189
total_s_cent_america,1970,65.943
total_s_cent_america,1971,72.965
total_s_cent_america,1972,82.623
total_s_cent_america,1973,92.775
total_s_cent_america,1974,106.21
total_s_cent_america,1975,115.44
total_s_cent_america,1976,128.89
total_s_cent_america,1977,145.10
total_s_cent_america,1978,159.45
total_s_cent_america,1979,180.51
total_s_cent_america,1980,200.06
total_s_cent_america,1981,203.57
total_s_cent_america,1982,220.14
total_s_cent_america,1983,239.32
total_s_cent_america,1984,263.91
total_s_cent_america,1985,284.15
total_s_cent_america,1986,307.15
total_s_cent_america,1987,327.74
total_s_cent_america,1988,339.68
total_s_cent_america,1989,347.56
total_s_cent_america,1990,363.39
total_s_cent_america,1991,387.68
total_s_cent_america,1992,394.96
total_s_cent_america,1993,425.30
total_s_cent_america,1994,450.14
total_s_cent_america,1995,466.34
total_s_cent_america,1996,490.10
total_s_cent_america,1997,515.87
total_s_cent_america,1998,526.54
total_s_cent_america,1999,527.95
total_s_cent_america,2000,558.05
total_s_cent_america,2001,524.56
total_s_cent_america,2002,549.79
total_s_cent_america,2003,571.78
total_s_cent_america,2004,591.13
total_s_cent_america,2005,625.79
total_s_cent_america,2006,655.12
total_s_cent_america,2007,675.62
total_s_cent_america,2008,680.49
total_s_cent_america,2009,698.03
total_s_cent_america,2010,701.20
total_s_cent_america,2011,742.96
total_s_cent_america,2012,729.88
total_s_cent_america,2013,708.92
total_s_cent_america,2014,686.68
total_world,1965,922.52
total_world,1966,987.06
total_world,1967,1010.3
total_world,1968,1060.7
total_world,1969,1123.8
total_world,1970,1172.5
total_world,1971,1221.7
total_world,1972,1278.7
total_world,1973,1290.6
total_world,1974,1415.4
total_world,1975,1433.3
total_world,1976,1435.9
total_world,1977,1476.2
total_world,1978,1588.1
total_world,1979,1663.3
total_world,1980,1694.4
total_world,1981,1725.6
total_world,1982,1797.9
total_world,1983,1883.3
total_world,1984,1944.4
total_world,1985,1979.9
total_world,1986,2005.2
total_world,1987,2040.7
total_world,1988,2093.2
total_world,1989,2087.8
total_world,1990,2163.3
total_world,1991,2211.9
total_world,1992,2212.5
total_world,1993,2347.2
total_world,1994,2360.4
total_world,1995,2486.7
total_world,1996,2523.4
total_world,1997,2567.2
total_world,1998,2596.6
total_world,1999,2620.7
total_world,2000,2661.8
total_world,2001,2592.9
total_world,2002,2643.6
total_world,2003,2637.9
total_world,2004,2807.4
total_world,2005,2922.6
total_world,2006,3044.9
total_world,2007,3095.4
total_world,2008,3269.8
total_world,2009,3258.7
total_world,2010,3464.3
total_world,2011,3515.5
total_world,2012,3685.0
total_world,2013,3807.8
total_world,2014,3884.6
trinidad_tobago,1965,0.0000
trinidad_tobago,1966,0.0000
trinidad_tobago,1967,0.0000
trinidad_tobago,1968,0.0000
trinidad_tobago,1969,0.0000
trinidad_tobago,1970,0.0000
trinidad_tobago,1971,0.0000
trinidad_tobago,1972,0.0000
trinidad_tobago,1973,0.0000
trinidad_tobago,1974,0.0000
trinidad_tobago,1975,0.0000
trinidad_tobago,1976,0.0000
trinidad_tobago,1977,0.0000
trinidad_tobago,1978,0.0000
trinidad_tobago,1979,0.0000
trinidad_tobago,1980,0.0000
trinidad_tobago,1981,0.0000
trinidad_tobago,1982,0.0000
trinidad_tobago,1983,0.0000
trinidad_tobago,1984,0.0000
trinidad_tobago,1985,0.0000
trinidad_tobago,1986,0.0000
trinidad_tobago,1987,0.0000
trinidad_tobago,1988,0.0000
trinidad_tobago,1989,0.0000
trinidad_tobago,1990,0.0000
trinidad_tobago,1991,0.0000
trinidad_tobago,1992,0.0000
trinidad_tobago,1993,0.0000
trinidad_tobago,1994,0.0000
trinidad_tobago,1995,0.0000
trinidad_tobago,1996,0.0000
trinidad_tobago,1997,0.0000
trinidad_tobago,1998,0.0000
trinidad_tobago,1999,0.0000
trinidad_tobago,2000,0.0000
trinidad_tobago,2001,0.0000
trinidad_tobago,2002,0.0000
trinidad_tobago,2003,0.0000
trinidad_tobago,2004,0.0000
trinidad_tobago,2005,0.0000
trinidad_tobago,2006,0.0000
trinidad_tobago,2007,0.0000
trinidad_tobago,2008,0.0000
trinidad_tobago,2009,0.0000
trinidad_tobago,2010,0.0000
trinidad_tobago,2011,0.0000
trinidad_tobago,2012,0.0000
trinidad_tobago,2013,0.0000
trinidad_tobago,2014,0.0000
turkey,1965,2.2141
turkey,1966,2.3776
turkey,1967,2.4130
turkey,1968,3.2350
turkey,1969,3.5444
turkey,1970,3.0936
turkey,1971,2.5456
turkey,1972,3.3941
turkey,1973,2.6163
turkey,1974,3.3632
turkey,1975,5.9087
turkey,1976,8.3748
turkey,1977,8.5692
turkey,1978,9.3382
turkey,1979,10.293
turkey,1980,11.349
turkey,1981,12.617
turkey,1982,14.164
turkey,1983,11.340
turkey,1984,13.431
turkey,1985,12.047
turkey,1986,11.875
turkey,1987,18.619
turkey,1988,28.960
turkey,1989,17.947
turkey,1990,23.153
turkey,1991,22.689
turkey,1992,26.574
turkey,1993,33.959
turkey,1994,30.587
turkey,1995,35.554
turkey,1996,40.486
turkey,1997,39.006
turkey,1998,42.205
turkey,1999,34.679
turkey,2000,30.883
turkey,2001,24.015
turkey,2002,33.716
turkey,2003,35.329
turkey,2004,46.084
turkey,2005,39.560
turkey,2006,44.244
turkey,2007,35.851
turkey,2008,33.270
turkey,2009,35.958
turkey,2010,51.795
turkey,2011,52.339
turkey,2012,57.865
turkey,2013,59.421
turkey,2014,40.402
turkmenistan,1985,0.60546
turkmenistan,1986,0.10607
turkmenistan,1987,0.80433
turkmenistan,1988,0.99878
turkmenistan,1989,0.10607
turkmenistan,1990,0.69827
turkmenistan,1991,0.69827
turkmenistan,1992,0.0040404
turkmenistan,1993,0.0050505
turkmenistan,1994,0.0040404
turkmenistan,1995,0.0040404
turkmenistan,1996,0.0050505
turkmenistan,1997,0.0050505
turkmenistan,1998,0.0060606
turkmenistan,1999,0.0050505
turkmenistan,2000,0.0050505
turkmenistan,2001,0.0030303
turkmenistan,2002,0.0030303
turkmenistan,2003,0.0030303
turkmenistan,2004,0.0030303
turkmenistan,2005,0.0030303
turkmenistan,2006,0.0030303
turkmenistan,2007,0.0030303
turkmenistan,2008,0.0030303
turkmenistan,2009,0.0030303
turkmenistan,2010,0.0030303
turkmenistan,2011,0.0030303
turkmenistan,2012,0.0030386
turkmenistan,2013,0.0030303
turkmenistan,2014,0.0030303
ukraine,1985,10.713
ukraine,1986,10.655
ukraine,1987,9.5945
ukraine,1988,11.932
ukraine,1989,10.129
ukraine,1990,10.721
ukraine,1991,11.932
ukraine,1992,8.0963
ukraine,1993,11.212
ukraine,1994,12.326
ukraine,1995,10.151
ukraine,1996,8.8388
ukraine,1997,10.036
ukraine,1998,15.897
ukraine,1999,14.504
ukraine,2000,11.451
ukraine,2001,12.202
ukraine,2002,9.7890
ukraine,2003,9.2498
ukraine,2004,11.900
ukraine,2005,12.400
ukraine,2006,12.843
ukraine,2007,10.108
ukraine,2008,11.346
ukraine,2009,11.769
ukraine,2010,12.952
ukraine,2011,10.485
ukraine,2012,10.479
ukraine,2013,13.801
ukraine,2014,8.5798
united_arab_emirates,1965,0.0000
united_arab_emirates,1966,0.0000
united_arab_emirates,1967,0.0000
united_arab_emirates,1968,0.0000
united_arab_emirates,1969,0.0000
united_arab_emirates,1970,0.0000
united_arab_emirates,1971,0.0000
united_arab_emirates,1972,0.0000
united_arab_emirates,1973,0.0000
united_arab_emirates,1974,0.0000
united_arab_emirates,1975,0.0000
united_arab_emirates,1976,0.0000
united_arab_emirates,1977,0.0000
united_arab_emirates,1978,0.0000
united_arab_emirates,1979,0.0000
united_arab_emirates,1980,0.0000
united_arab_emirates,1981,0.0000
united_arab_emirates,1982,0.0000
united_arab_emirates,1983,0.0000
united_arab_emirates,1984,0.0000
united_arab_emirates,1985,0.0000
united_arab_emirates,1986,0.0000
united_arab_emirates,1987,0.0000
united_arab_emirates,1988,0.0000
united_arab_emirates,1989,0.0000
united_arab_emirates,1990,0.0000
united_arab_emirates,1991,0.0000
united_arab_emirates,1992,0.0000
united_arab_emirates,1993,0.0000
united_arab_emirates,1994,0.0000
united_arab_emirates,1995,0.0000
united_arab_emirates,1996,0.0000
united_arab_emirates,1997,0.0000
united_arab_emirates,1998,0.0000
united_arab_emirates,1999,0.0000
united_arab_emirates,2000,0.0000
united_arab_emirates,2001,0.0000
united_arab_emirates,2002,0.0000
united_arab_emirates,2003,0.0000
united_arab_emirates,2004,0.0000
united_arab_emirates,2005,0.0000
united_arab_emirates,2006,0.0000
united_arab_emirates,2007,0.0000
united_arab_emirates,2008,0.0000
united_arab_emirates,2009,0.0000
united_arab_emirates,2010,0.0000
united_arab_emirates,2011,0.0000
united_arab_emirates,2012,0.0000
united_arab_emirates,2013,0.0000
united_arab_emirates,2014,0.0000
united_kingdom,1965,4.6120
united_kingdom,1966,4.5360
united_kingdom,1967,4.8850
united_kingdom,1968,3.7220
united_kingdom,1969,3.2560
united_kingdom,1970,4.5360
united_kingdom,1971,3.3730
united_kingdom,1972,3.3730
united_kingdom,1973,3.8380
united_kingdom,1974,4.0710
united_kingdom,1975,3.8380
united_kingdom,1976,4.5360
united_kingdom,1977,3.9540
united_kingdom,1978,4.0710
united_kingdom,1979,4.3030
united_kingdom,1980,3.9540
united_kingdom,1981,4.4190
united_kingdom,1982,4.5360
united_kingdom,1983,4.5360
united_kingdom,1984,4.5360
united_kingdom,1985,3.9540
united_kingdom,1986,4.7680
united_kingdom,1987,4.1870
united_kingdom,1988,4.8850
united_kingdom,1989,4.7680
united_kingdom,1990,5.1170
united_kingdom,1991,4.5360
united_kingdom,1992,5.3500
united_kingdom,1993,4.3030
united_kingdom,1994,5.1170
united_kingdom,1995,4.6520
united_kingdom,1996,3.3930
united_kingdom,1997,4.1690
united_kingdom,1998,5.1176
united_kingdom,1999,5.3356
united_kingdom,2000,5.0857
united_kingdom,2001,4.0546
united_kingdom,2002,4.7875
united_kingdom,2003,3.2277
united_kingdom,2004,4.8445
united_kingdom,2005,4.9229
united_kingdom,2006,4.5934
united_kingdom,2007,5.0773
united_kingdom,2008,5.1448
united_kingdom,2009,5.2305
united_kingdom,2010,3.5675
united_kingdom,2011,5.6821
united_kingdom,2012,5.2847
united_kingdom,2013,4.6980
united_kingdom,2014,5.9298
us,1965,198.97
us,1966,199.94
us,1967,227.22
us,1968,228.15
us,1969,256.03
us,1970,253.49
us,1971,272.25
us,1972,278.72
us,1973,278.21
us,1974,307.28
us,1975,306.22
us,1976,289.82
us,1977,225.86
us,1978,286.33
us,1979,285.94
us,1980,282.00
us,1981,266.51
us,1982,315.53
us,1983,338.68
us,1984,327.59
us,1985,287.18
us,1986,296.97
us,1987,255.41
us,1988,228.38
us,1989,274.72
us,1990,295.82
us,1991,291.91
us,1992,255.64
us,1993,283.33
us,1994,262.75
us,1995,313.97
us,1996,350.67
us,1997,360.05
us,1998,326.60
us,1999,322.76
us,2000,278.36
us,2001,219.15
us,2002,267.00
us,2003,278.59
us,2004,271.13
us,2005,273.05
us,2006,292.17
us,2007,250.01
us,2008,257.41
us,2009,276.21
us,2010,262.83
us,2011,322.58
us,2012,279.03
us,2013,271.28
us,2014,261.36
uzbekistan,1985,5.4314
uzbekistan,1986,4.6183
uzbekistan,1987,6.7705
uzbekistan,1988,7.1638
uzbekistan,1989,5.5022
uzbekistan,1990,6.6512
uzbekistan,1991,6.0369
uzbekistan,1992,6.2800
uzbekistan,1993,7.3627
uzbekistan,1994,7.1506
uzbekistan,1995,6.1872
uzbekistan,1996,6.5230
uzbekistan,1997,5.7806
uzbekistan,1998,5.7585
uzbekistan,1999,5.6833
uzbekistan,2000,5.8778
uzbekistan,2001,5.3519
uzbekistan,2002,7.2832
uzbekistan,2003,7.6235
uzbekistan,2004,6.9429
uzbekistan,2005,6.1270
uzbekistan,2006,6.3330
uzbekistan,2007,6.4000
uzbekistan,2008,11.360
uzbekistan,2009,9.3300
uzbekistan,2010,10.048
uzbekistan,2011,10.189
uzbekistan,2012,11.210
uzbekistan,2013,10.421
uzbekistan,2014,10.421
venezuela,1965,1.3965
venezuela,1966,1.4319
venezuela,1967,1.6617
venezuela,1968,2.7931
venezuela,1969,3.2792
venezuela,1970,4.1056
venezuela,1971,5.3961
venezuela,1972,6.0236
venezuela,1973,6.2225
venezuela,1974,7.7119
venezuela,1975,8.9316
venezuela,1976,10.584
venezuela,1977,12.167
venezuela,1978,12.233
venezuela,1979,14.248
venezuela,1980,14.584
venezuela,1981,15.097
venezuela,1982,15.817
venezuela,1983,18.062
venezuela,1984,20.250
venezuela,1985,22.618
venezuela,1986,25.142
venezuela,1987,30.843
venezuela,1988,34.202
venezuela,1989,34.670
venezuela,1990,36.982
venezuela,1991,44.543
venezuela,1992,47.274
venezuela,1993,47.486
venezuela,1994,51.287
venezuela,1995,51.464
venezuela,1996,53.859
venezuela,1997,57.280
venezuela,1998,57.934
venezuela,1999,60.612
venezuela,2000,62.897
venezuela,2001,60.453
venezuela,2002,59.547
venezuela,2003,60.541
venezuela,2004,70.087
venezuela,2005,77.088
venezuela,2006,81.413
venezuela,2007,83.034
venezuela,2008,86.713
venezuela,2009,85.839
venezuela,2010,76.660
venezuela,2011,83.155
venezuela,2012,81.736
venezuela,2013,83.795
venezuela,2014,82.820
vietnam,1965,1.1705
vietnam,1966,1.1705
vietnam,1967,1.1705
vietnam,1968,1.1705
vietnam,1969,1.1705
vietnam,1970,1.1705
vietnam,1971,1.1705
vietnam,1972,1.1705
vietnam,1973,1.1705
vietnam,1974,1.1705
vietnam,1975,1.1707
vietnam,1976,1.1707
vietnam,1977,1.1707
vietnam,1978,1.1707
vietnam,1979,1.1564
vietnam,1980,1.2009
vietnam,1981,1.2454
vietnam,1982,1.3121
vietnam,1983,1.3566
vietnam,1984,1.4011
vietnam,1985,1.4770
vietnam,1986,1.4070
vietnam,1987,1.3840
vietnam,1988,1.7910
vietnam,1989,3.8380
vietnam,1990,5.3850
vietnam,1991,6.3270
vietnam,1992,7.0930
vietnam,1993,7.8620
vietnam,1994,8.9020
vietnam,1995,10.582
vietnam,1996,12.008
vietnam,1997,11.677
vietnam,1998,11.092
vietnam,1999,13.936
vietnam,2000,14.637
vietnam,2001,18.400
vietnam,2002,18.200
vietnam,2003,18.986
vietnam,2004,19.005
vietnam,2005,16.535
vietnam,2006,19.711
vietnam,2007,22.437
vietnam,2008,25.984
vietnam,2009,29.977
vietnam,2010,27.550
vietnam,2011,40.924
vietnam,2012,52.795
vietnam,2013,53.465
vietnam,2014,54.144
