geo,year,gas_consumption_tonnes
algeria,1965,0.69500
algeria,1966,0.72200
algeria,1967,0.70000
algeria,1968,0.73600
algeria,1969,0.96800
algeria,1970,0.91000
algeria,1971,1.0330
algeria,1972,1.2000
algeria,1973,1.6700
algeria,1974,1.9330
algeria,1975,2.6640
algeria,1976,3.1500
algeria,1977,3.3570
algeria,1978,5.3910
algeria,1979,7.6230
algeria,1980,10.233
algeria,1981,13.302
algeria,1982,15.093
algeria,1983,16.524
algeria,1984,14.517
algeria,1985,14.382
algeria,1986,15.750
algeria,1987,16.110
algeria,1988,18.153
algeria,1989,17.082
algeria,1990,18.243
algeria,1991,18.018
algeria,1992,18.603
algeria,1993,16.695
algeria,1994,17.595
algeria,1995,18.909
algeria,1996,19.422
algeria,1997,18.144
algeria,1998,18.765
algeria,1999,19.179
algeria,2000,17.861
algeria,2001,18.451
algeria,2002,18.219
algeria,2003,19.256
algeria,2004,19.814
algeria,2005,20.904
algeria,2006,21.366
algeria,2007,21.862
algeria,2008,22.820
algeria,2009,24.510
algeria,2010,23.683
algeria,2011,25.057
algeria,2012,27.934
algeria,2013,30.036
algeria,2014,33.748
argentina,1965,3.8160
argentina,1966,4.1330
argentina,1967,4.3220
argentina,1968,4.8120
argentina,1969,4.7940
argentina,1970,5.4180
argentina,1971,5.8490
argentina,1972,6.5640
argentina,1973,7.4690
argentina,1974,7.9060
argentina,1975,8.1000
argentina,1976,9.1170
argentina,1977,9.5220
argentina,1978,9.2610
argentina,1979,9.5220
argentina,1980,10.377
argentina,1981,10.845
argentina,1982,12.321
argentina,1983,13.248
argentina,1984,14.103
argentina,1985,14.409
argentina,1986,15.570
argentina,1987,15.579
argentina,1988,18.198
argentina,1989,19.116
argentina,1990,18.261
argentina,1991,18.594
argentina,1992,20.106
argentina,1993,21.231
argentina,1994,21.825
argentina,1995,24.291
argentina,1996,27.873
argentina,1997,25.686
argentina,1998,27.459
argentina,1999,29.124
argentina,2000,29.889
argentina,2001,27.981
argentina,2002,27.243
argentina,2003,31.122
argentina,2004,34.119
argentina,2005,36.360
argentina,2006,37.620
argentina,2007,39.528
argentina,2008,39.969
argentina,2009,38.885
argentina,2010,38.960
argentina,2011,41.115
argentina,2012,42.343
argentina,2013,42.911
argentina,2014,42.439
australia,1965,0.0030000
australia,1966,0.0040000
australia,1967,0.0040000
australia,1968,0.028000
australia,1969,0.37800
australia,1970,1.5660
australia,1971,2.3373
australia,1972,3.3552
australia,1973,4.2597
australia,1974,4.8600
australia,1975,5.2191
australia,1976,6.1614
australia,1977,7.0380
australia,1978,7.5771
australia,1979,8.7219
australia,1980,10.015
australia,1981,10.855
australia,1982,10.587
australia,1983,11.500
australia,1984,11.341
australia,1985,12.123
australia,1986,13.243
australia,1987,13.520
australia,1988,13.846
australia,1989,15.108
australia,1990,15.207
australia,1991,14.586
australia,1992,15.096
australia,1993,15.652
australia,1994,17.388
australia,1995,17.564
australia,1996,17.690
australia,1997,17.375
australia,1998,17.814
australia,1999,18.203
australia,2000,18.484
australia,2001,19.817
australia,2002,20.187
australia,2003,20.195
australia,2004,20.513
australia,2005,19.950
australia,2006,21.971
australia,2007,23.923
australia,2008,22.964
australia,2009,22.678
australia,2010,23.410
australia,2011,23.892
australia,2012,25.059
australia,2013,26.283
australia,2014,26.252
austria,1965,1.6360
austria,1966,1.7570
austria,1967,1.6830
austria,1968,1.7950
austria,1969,2.1780
austria,1970,2.6410
austria,1971,3.0340
austria,1972,3.2790
austria,1973,3.6040
austria,1974,3.9070
austria,1975,3.9020
austria,1976,4.4440
austria,1977,4.5290
austria,1978,4.7110
austria,1979,4.6710
austria,1980,4.4870
austria,1981,4.2770
austria,1982,4.1400
austria,1983,4.2250
austria,1984,4.7040
austria,1985,5.0400
austria,1986,4.8930
austria,1987,5.1050
austria,1988,4.8900
austria,1989,5.2520
austria,1990,5.7810
austria,1991,6.1290
austria,1992,6.0190
austria,1993,6.3300
austria,1994,6.5110
austria,1995,7.1090
austria,1996,7.5670
austria,1997,7.2930
austria,1998,7.4870
austria,1999,7.6480
austria,2000,7.3000
austria,2001,7.7370
austria,2002,7.6720
austria,2003,8.4610
austria,2004,8.5370
austria,2005,9.0010
austria,2006,8.4575
austria,2007,8.0085
austria,2008,8.5572
austria,2009,8.3559
austria,2010,9.0735
austria,2011,8.5260
austria,2012,8.1397
austria,2013,7.6429
austria,2014,6.9991
azerbaijan,1985,11.875
azerbaijan,1986,13.195
azerbaijan,1987,13.032
azerbaijan,1988,12.869
azerbaijan,1989,13.521
azerbaijan,1990,13.790
azerbaijan,1991,13.195
azerbaijan,1992,10.262
azerbaijan,1993,7.5748
azerbaijan,1994,7.0859
azerbaijan,1995,7.0044
azerbaijan,1996,5.1310
azerbaijan,1997,4.8866
azerbaijan,1998,4.5606
azerbaijan,1999,4.8866
azerbaijan,2000,4.7236
azerbaijan,2001,6.7754
azerbaijan,2002,6.7948
azerbaijan,2003,6.9675
azerbaijan,2004,7.4940
azerbaijan,2005,7.7408
azerbaijan,2006,8.1831
azerbaijan,2007,7.2049
azerbaijan,2008,8.2430
azerbaijan,2009,7.0384
azerbaijan,2010,6.6907
azerbaijan,2011,7.3275
azerbaijan,2012,7.6901
azerbaijan,2013,7.7242
azerbaijan,2014,8.2924
bangladesh,1965,0.0000
bangladesh,1966,0.0000
bangladesh,1967,0.0000
bangladesh,1968,0.0000
bangladesh,1969,0.0000
bangladesh,1970,0.0000
bangladesh,1971,0.0000
bangladesh,1972,0.37800
bangladesh,1973,0.52300
bangladesh,1974,0.57500
bangladesh,1975,0.57800
bangladesh,1976,0.76100
bangladesh,1977,0.84900
bangladesh,1978,0.93700
bangladesh,1979,1.0780
bangladesh,1980,1.2140
bangladesh,1981,1.2730
bangladesh,1982,1.6527
bangladesh,1983,1.8390
bangladesh,1984,2.1227
bangladesh,1985,2.4106
bangladesh,1986,2.7182
bangladesh,1987,3.1938
bangladesh,1988,3.7591
bangladesh,1989,3.9739
bangladesh,1990,4.2772
bangladesh,1991,4.4049
bangladesh,1992,4.8034
bangladesh,1993,5.3769
bangladesh,1994,5.7026
bangladesh,1995,6.3045
bangladesh,1996,6.7666
bangladesh,1997,6.6514
bangladesh,1998,7.1873
bangladesh,1999,7.8362
bangladesh,2000,8.4700
bangladesh,2001,9.4846
bangladesh,2002,9.9782
bangladesh,2003,10.733
bangladesh,2004,11.539
bangladesh,2005,12.402
bangladesh,2006,13.580
bangladesh,2007,14.341
bangladesh,2008,15.313
bangladesh,2009,16.656
bangladesh,2010,17.916
bangladesh,2011,18.066
bangladesh,2012,18.950
bangladesh,2013,20.403
bangladesh,2014,21.239
belarus,1985,8.0715
belarus,1986,8.2258
belarus,1987,9.2852
belarus,1988,10.751
belarus,1989,11.321
belarus,1990,12.063
belarus,1991,12.624
belarus,1992,14.661
belarus,1993,13.602
belarus,1994,11.891
belarus,1995,10.751
belarus,1996,11.321
belarus,1997,12.950
belarus,1998,13.113
belarus,1999,13.358
belarus,2000,14.172
belarus,2001,14.090
belarus,2002,14.498
belarus,2003,14.253
belarus,2004,16.127
belarus,2005,16.534
belarus,2006,16.875
belarus,2007,16.942
belarus,2008,17.351
belarus,2009,14.502
belarus,2010,17.766
belarus,2011,16.470
belarus,2012,16.673
belarus,2013,16.687
belarus,2014,16.512
belgium,1965,0.063199
belgium,1966,0.11406
belgium,1967,0.43469
belgium,1968,1.0575
belgium,1969,2.1784
belgium,1970,3.4180
belgium,1971,4.7132
belgium,1972,5.9427
belgium,1973,7.1429
belgium,1974,8.3712
belgium,1975,8.2713
belgium,1976,8.7370
belgium,1977,8.5958
belgium,1978,8.5232
belgium,1979,9.3126
belgium,1980,8.9107
belgium,1981,8.2184
belgium,1982,6.8518
belgium,1983,7.1203
belgium,1984,7.3474
belgium,1985,7.3830
belgium,1986,6.6290
belgium,1987,7.3101
belgium,1988,7.2146
belgium,1989,8.0176
belgium,1990,8.1690
belgium,1991,8.7345
belgium,1992,9.0497
belgium,1993,9.4066
belgium,1994,9.6726
belgium,1995,10.611
belgium,1996,11.816
belgium,1997,11.265
belgium,1998,12.474
belgium,1999,13.335
belgium,2000,13.369
belgium,2001,13.180
belgium,2002,13.378
belgium,2003,14.402
belgium,2004,14.570
belgium,2005,14.728
belgium,2006,15.003
belgium,2007,14.929
belgium,2008,14.838
belgium,2009,15.112
belgium,2010,16.960
belgium,2011,14.943
belgium,2012,15.234
belgium,2013,15.138
belgium,2014,13.274
brazil,1965,0.044897
brazil,1966,0.052503
brazil,1967,0.059351
brazil,1968,0.062724
brazil,1969,0.066106
brazil,1970,0.070920
brazil,1971,0.11170
brazil,1972,0.15336
brazil,1973,0.17553
brazil,1974,0.33776
brazil,1975,0.36701
brazil,1976,0.42286
brazil,1977,0.52747
brazil,1978,0.69413
brazil,1979,0.76062
brazil,1980,0.88916
brazil,1981,0.79785
brazil,1982,1.1400
brazil,1983,1.5416
brazil,1984,1.7943
brazil,1985,2.2508
brazil,1986,2.6223
brazil,1987,2.9272
brazil,1988,2.9467
brazil,1989,3.0212
brazil,1990,2.7506
brazil,1991,2.8595
brazil,1992,3.2394
brazil,1993,3.7947
brazil,1994,4.1442
brazil,1995,4.5739
brazil,1996,5.0393
brazil,1997,5.4763
brazil,1998,5.7392
brazil,1999,6.8104
brazil,2000,8.4862
brazil,2001,10.744
brazil,2002,12.694
brazil,2003,14.208
brazil,2004,16.897
brazil,2005,17.600
brazil,2006,18.512
brazil,2007,19.065
brazil,2008,22.439
brazil,2009,18.074
brazil,2010,24.115
brazil,2011,24.033
brazil,2012,28.487
brazil,2013,33.556
brazil,2014,35.683
bulgaria,1965,0.055000
bulgaria,1966,0.082000
bulgaria,1967,0.24900
bulgaria,1968,0.38200
bulgaria,1969,0.39700
bulgaria,1970,0.35800
bulgaria,1971,0.24700
bulgaria,1972,0.16700
bulgaria,1973,0.16800
bulgaria,1974,0.36600
bulgaria,1975,0.97200
bulgaria,1976,1.6990
bulgaria,1977,2.1680
bulgaria,1978,2.3130
bulgaria,1979,2.4750
bulgaria,1980,3.1810
bulgaria,1981,3.4600
bulgaria,1982,3.8290
bulgaria,1983,4.0230
bulgaria,1984,4.2300
bulgaria,1985,4.6130
bulgaria,1986,4.5820
bulgaria,1987,5.1100
bulgaria,1988,4.9630
bulgaria,1989,5.6770
bulgaria,1990,5.3280
bulgaria,1991,4.5350
bulgaria,1992,3.8930
bulgaria,1993,3.7110
bulgaria,1994,3.6750
bulgaria,1995,4.4690
bulgaria,1996,4.6490
bulgaria,1997,3.6990
bulgaria,1998,3.1290
bulgaria,1999,2.6860
bulgaria,2000,2.9320
bulgaria,2001,2.7380
bulgaria,2002,2.4030
bulgaria,2003,2.5000
bulgaria,2004,2.4920
bulgaria,2005,2.8086
bulgaria,2006,2.8940
bulgaria,2007,2.9165
bulgaria,2008,2.9167
bulgaria,2009,2.0863
bulgaria,2010,2.2977
bulgaria,2011,2.6307
bulgaria,2012,2.4516
bulgaria,2013,2.3684
bulgaria,2014,2.3527
canada,1965,20.474
canada,1966,22.415
canada,1967,23.803
canada,1968,26.506
canada,1969,29.622
canada,1970,32.725
canada,1971,34.929
canada,1972,39.288
canada,1973,41.781
canada,1974,42.234
canada,1975,43.614
canada,1976,44.001
canada,1977,46.152
canada,1978,46.593
canada,1979,47.304
canada,1980,47.007
canada,1981,45.612
canada,1982,48.303
canada,1983,46.062
canada,1984,51.129
canada,1985,53.632
canada,1986,51.615
canada,1987,52.240
canada,1988,57.494
canada,1989,62.153
canada,1990,60.246
canada,1991,60.662
canada,1992,64.304
canada,1993,68.228
canada,1994,70.633
canada,1995,74.215
canada,1996,77.920
canada,1997,78.455
canada,1998,75.086
canada,1999,78.626
canada,2000,83.426
canada,2001,79.374
canada,2002,81.152
canada,2003,87.893
canada,2004,85.564
canada,2005,88.022
canada,2006,87.250
canada,2007,86.580
canada,2008,86.467
canada,2009,85.441
canada,2010,85.541
canada,2011,90.765
canada,2012,90.249
canada,2013,93.506
canada,2014,93.802
chile,1965,0.56880
chile,1966,0.59400
chile,1967,0.52650
chile,1968,0.45000
chile,1969,0.59220
chile,1970,0.59130
chile,1971,0.60300
chile,1972,0.54900
chile,1973,0.43110
chile,1974,0.44910
chile,1975,0.50940
chile,1976,0.55620
chile,1977,0.57240
chile,1978,0.53460
chile,1979,0.63270
chile,1980,0.64800
chile,1981,0.63810
chile,1982,0.66060
chile,1983,0.71280
chile,1984,0.72900
chile,1985,0.72810
chile,1986,0.66600
chile,1987,0.64620
chile,1988,0.90810
chile,1989,1.4166
chile,1990,1.5210
chile,1991,1.3167
chile,1992,1.5084
chile,1993,1.4544
chile,1994,1.5183
chile,1995,1.4778
chile,1996,1.4895
chile,1997,2.3213
chile,1998,3.2949
chile,1999,4.5009
chile,2000,5.8104
chile,2001,6.5862
chile,2002,6.6420
chile,2003,7.1856
chile,2004,7.7999
chile,2005,7.5454
chile,2006,6.9825
chile,2007,4.1159
chile,2008,2.3890
chile,2009,2.8070
chile,2010,4.7551
chile,2011,4.8353
chile,2012,4.3915
chile,2013,4.4012
chile,2014,4.3034
china,1965,1.0228
china,1966,1.2460
china,1967,1.3576
china,1968,1.3018
china,1969,1.8225
china,1970,2.6687
china,1971,3.4776
china,1972,4.5005
china,1973,5.5605
china,1974,7.0018
china,1975,8.2292
china,1976,9.3915
china,1977,11.270
china,1978,12.767
china,1979,13.492
china,1980,13.269
china,1981,11.846
china,1982,11.093
china,1983,11.353
china,1984,11.558
china,1985,12.023
china,1986,12.795
china,1987,12.916
china,1988,13.353
china,1989,13.976
china,1990,14.180
china,1991,14.775
china,1992,14.766
china,1993,15.584
china,1994,16.125
china,1995,16.496
china,1996,17.191
china,1997,18.173
china,1998,18.836
china,1999,19.986
china,2000,22.784
china,2001,25.506
china,2002,27.137
china,2003,31.529
china,2004,36.889
china,2005,43.483
china,2006,52.203
china,2007,65.576
china,2008,75.591
china,2009,83.240
china,2010,99.439
china,2011,121.37
china,2012,136.04
china,2013,153.72
china,2014,166.94
china_hong_kong_sar,1965,0.0000
china_hong_kong_sar,1966,0.0000
china_hong_kong_sar,1967,0.0000
china_hong_kong_sar,1968,0.0000
china_hong_kong_sar,1969,0.0000
china_hong_kong_sar,1970,0.0000
china_hong_kong_sar,1971,0.0000
china_hong_kong_sar,1972,0.0000
china_hong_kong_sar,1973,0.0000
china_hong_kong_sar,1974,0.0000
china_hong_kong_sar,1975,0.0000
china_hong_kong_sar,1976,0.0000
china_hong_kong_sar,1977,0.0000
china_hong_kong_sar,1978,0.0000
china_hong_kong_sar,1979,0.0000
china_hong_kong_sar,1980,0.0000
china_hong_kong_sar,1981,0.0000
china_hong_kong_sar,1982,0.0000
china_hong_kong_sar,1983,0.0000
china_hong_kong_sar,1984,0.0000
china_hong_kong_sar,1985,0.0000
china_hong_kong_sar,1986,0.0000
china_hong_kong_sar,1987,0.0000
china_hong_kong_sar,1988,0.0000
china_hong_kong_sar,1989,0.0000
china_hong_kong_sar,1990,0.0000
china_hong_kong_sar,1991,0.0000
china_hong_kong_sar,1992,0.0000
china_hong_kong_sar,1993,0.0000
china_hong_kong_sar,1994,0.0000
china_hong_kong_sar,1995,0.029340
china_hong_kong_sar,1996,1.8481
china_hong_kong_sar,1997,2.8857
china_hong_kong_sar,1998,2.7072
china_hong_kong_sar,1999,2.9852
china_hong_kong_sar,2000,2.6987
china_hong_kong_sar,2001,2.7236
china_hong_kong_sar,2002,2.5875
china_hong_kong_sar,2003,1.6638
china_hong_kong_sar,2004,2.4036
china_hong_kong_sar,2005,2.4092
china_hong_kong_sar,2006,2.6430
china_hong_kong_sar,2007,2.4692
china_hong_kong_sar,2008,2.8563
china_hong_kong_sar,2009,2.7740
china_hong_kong_sar,2010,3.4474
china_hong_kong_sar,2011,2.7455
china_hong_kong_sar,2012,2.5282
china_hong_kong_sar,2013,2.3818
china_hong_kong_sar,2014,2.2895
colombia,1965,0.83700
colombia,1966,0.87300
colombia,1967,1.0800
colombia,1968,1.1010
colombia,1969,1.2020
colombia,1970,1.1680
colombia,1971,1.2440
colombia,1972,1.5050
colombia,1973,1.4960
colombia,1974,1.5180
colombia,1975,1.4610
colombia,1976,1.5340
colombia,1977,1.7720
colombia,1978,2.2560
colombia,1979,2.5730
colombia,1980,2.8500
colombia,1981,3.0550
colombia,1982,3.2210
colombia,1983,3.4570
colombia,1984,3.4930
colombia,1985,3.6180
colombia,1986,3.7080
colombia,1987,3.7690
colombia,1988,3.8680
colombia,1989,3.5700
colombia,1990,3.7150
colombia,1991,3.6930
colombia,1992,3.6360
colombia,1993,3.8150
colombia,1994,3.7390
colombia,1995,3.9660
colombia,1996,4.2340
colombia,1997,5.3220
colombia,1998,5.5840
colombia,1999,4.6610
colombia,2000,5.3634
colombia,2001,5.5533
colombia,2002,5.6092
colombia,2003,5.3766
colombia,2004,5.7365
colombia,2005,6.0278
colombia,2006,6.3254
colombia,2007,6.6966
colombia,2008,6.8027
colombia,2009,7.8352
colombia,2010,8.1773
colombia,2011,7.9621
colombia,2012,8.8512
colombia,2013,9.0088
colombia,2014,9.8461
czech_republic,1965,0.29100
czech_republic,1966,0.32300
czech_republic,1967,0.38700
czech_republic,1968,0.47300
czech_republic,1969,0.59800
czech_republic,1970,0.76100
czech_republic,1971,0.86300
czech_republic,1972,0.95700
czech_republic,1973,1.0360
czech_republic,1974,1.2620
czech_republic,1975,1.3770
czech_republic,1976,1.6050
czech_republic,1977,2.0290
czech_republic,1978,2.2850
czech_republic,1979,2.5930
czech_republic,1980,3.3060
czech_republic,1981,3.1250
czech_republic,1982,3.2490
czech_republic,1983,3.3230
czech_republic,1984,3.7280
czech_republic,1985,3.7090
czech_republic,1986,4.0510
czech_republic,1987,4.3820
czech_republic,1988,4.4410
czech_republic,1989,4.5720
czech_republic,1990,4.8660
czech_republic,1991,5.3330
czech_republic,1992,5.2190
czech_republic,1993,5.3330
czech_republic,1994,5.7080
czech_republic,1995,6.5310
czech_republic,1996,7.5550
czech_republic,1997,7.6790
czech_republic,1998,7.6850
czech_republic,1999,7.7460
czech_republic,2000,7.5120
czech_republic,2001,8.0440
czech_republic,2002,7.8360
czech_republic,2003,7.8410
czech_republic,2004,8.1990
czech_republic,2005,8.5428
czech_republic,2006,8.3628
czech_republic,2007,7.7859
czech_republic,2008,7.8192
czech_republic,2009,7.3656
czech_republic,2010,8.3520
czech_republic,2011,7.5735
czech_republic,2012,7.5474
czech_republic,2013,7.6194
czech_republic,2014,6.7608
denmark,1965,0.0000
denmark,1966,0.0000
denmark,1967,0.0000
denmark,1968,0.0000
denmark,1969,0.0000
denmark,1970,0.0000
denmark,1971,0.0000
denmark,1972,0.0000
denmark,1973,0.0000
denmark,1974,0.0000
denmark,1975,0.0000
denmark,1976,0.0000
denmark,1977,0.0000
denmark,1978,0.0000
denmark,1979,0.0000
denmark,1980,0.0000
denmark,1981,0.0000
denmark,1982,0.0000
denmark,1983,0.013000
denmark,1984,0.10200
denmark,1985,0.58000
denmark,1986,1.0330
denmark,1987,1.3110
denmark,1988,1.5990
denmark,1989,1.7050
denmark,1990,1.8170
denmark,1991,2.0975
denmark,1992,2.2054
denmark,1993,2.4783
denmark,1994,2.7693
denmark,1995,3.2067
denmark,1996,3.7774
denmark,1997,3.9470
denmark,1998,4.2559
denmark,1999,4.4628
denmark,2000,4.4045
denmark,2001,4.6027
denmark,2002,4.5917
denmark,2003,4.6561
denmark,2004,4.6537
denmark,2005,4.4807
denmark,2006,4.5799
denmark,2007,4.0999
denmark,2008,4.1309
denmark,2009,3.9694
denmark,2010,4.4902
denmark,2011,3.7608
denmark,2012,3.5090
denmark,2013,3.3574
denmark,2014,2.8440
ecuador,1965,0.0000
ecuador,1966,0.0000
ecuador,1967,0.0000
ecuador,1968,0.0000
ecuador,1969,0.0000
ecuador,1970,0.060000
ecuador,1971,0.060000
ecuador,1972,0.087000
ecuador,1973,0.050000
ecuador,1974,0.10000
ecuador,1975,0.12500
ecuador,1976,0.11400
ecuador,1977,0.073000
ecuador,1978,0.075000
ecuador,1979,0.054000
ecuador,1980,0.042000
ecuador,1981,0.068000
ecuador,1982,0.088000
ecuador,1983,0.10900
ecuador,1984,0.15700
ecuador,1985,0.16000
ecuador,1986,0.15900
ecuador,1987,0.14800
ecuador,1988,0.17300
ecuador,1989,0.13700
ecuador,1990,0.22500
ecuador,1991,0.27600
ecuador,1992,0.27700
ecuador,1993,0.31900
ecuador,1994,0.28800
ecuador,1995,0.27800
ecuador,1996,0.29500
ecuador,1997,0.26900
ecuador,1998,0.27400
ecuador,1999,0.25800
ecuador,2000,0.28100
ecuador,2001,0.28600
ecuador,2002,0.13025
ecuador,2003,0.22730
ecuador,2004,0.28854
ecuador,2005,0.31353
ecuador,2006,0.40062
ecuador,2007,0.41944
ecuador,2008,0.36660
ecuador,2009,0.49190
ecuador,2010,0.51072
ecuador,2011,0.45130
ecuador,2012,0.59213
ecuador,2013,0.53906
ecuador,2014,0.56860
egypt,1965,0.044100
egypt,1966,0.050400
egypt,1967,0.050400
egypt,1968,0.050400
egypt,1969,0.063900
egypt,1970,0.076500
egypt,1971,0.076500
egypt,1972,0.063900
egypt,1973,0.051300
egypt,1974,0.054000
egypt,1975,0.045000
egypt,1976,0.34200
egypt,1977,0.41400
egypt,1978,0.66600
egypt,1979,1.0080
egypt,1980,1.9620
egypt,1981,2.1960
egypt,1982,2.4030
egypt,1983,2.8170
egypt,1984,3.6180
egypt,1985,4.4370
egypt,1986,5.1120
egypt,1987,5.6520
egypt,1988,6.2280
egypt,1989,6.9660
egypt,1990,7.2630
egypt,1991,8.1720
egypt,1992,8.8380
egypt,1993,10.161
egypt,1994,10.800
egypt,1995,11.340
egypt,1996,11.700
egypt,1997,12.060
egypt,1998,12.330
egypt,1999,14.760
egypt,2000,18.000
egypt,2001,22.050
egypt,2002,23.850
egypt,2003,26.730
egypt,2004,28.530
egypt,2005,28.440
egypt,2006,32.850
egypt,2007,34.524
egypt,2008,36.756
egypt,2009,38.286
egypt,2010,40.599
egypt,2011,44.658
egypt,2012,47.349
egypt,2013,46.287
egypt,2014,43.218
finland,1965,0.0000
finland,1966,0.0000
finland,1967,0.0000
finland,1968,0.0000
finland,1969,0.0000
finland,1970,0.0000
finland,1971,0.0000
finland,1972,0.0000
finland,1973,0.0000
finland,1974,0.38215
finland,1975,0.63242
finland,1976,0.74104
finland,1977,0.75365
finland,1978,0.82058
finland,1979,0.81767
finland,1980,0.76918
finland,1981,0.61204
finland,1982,0.57810
finland,1983,0.56064
finland,1984,0.64211
finland,1985,0.81475
finland,1986,0.98643
finland,1987,1.3046
finland,1988,1.4033
finland,1989,1.8401
finland,1990,2.1677
finland,1991,2.2846
finland,1992,2.3723
finland,1993,2.4514
finland,1994,2.7059
finland,1995,2.8100
finland,1996,2.9398
finland,1997,2.8925
finland,1998,3.3138
finland,1999,3.3173
finland,2000,3.3887
finland,2001,3.6767
finland,2002,3.6509
finland,2003,4.0413
finland,2004,3.8934
finland,2005,3.5623
finland,2006,3.8074
finland,2007,3.5219
finland,2008,3.6010
finland,2009,3.2141
finland,2010,3.5512
finland,2011,3.1058
finland,2012,2.7468
finland,2013,2.5543
finland,2014,2.1897
france,1965,4.9890
france,1966,5.2640
france,1967,5.9490
france,1968,7.0890
france,1969,8.5330
france,1970,9.2630
france,1971,11.134
france,1972,13.229
france,1973,15.700
france,1974,17.200
france,1975,17.000
france,1976,19.000
france,1977,20.400
france,1978,20.900
france,1979,23.300
france,1980,23.600
france,1981,24.500
france,1982,24.000
france,1983,22.200
france,1984,23.480
france,1985,23.260
france,1986,24.210
france,1987,25.000
france,1988,23.600
france,1989,24.400
france,1990,26.400
france,1991,27.500
france,1992,28.300
france,1993,29.033
france,1994,27.787
france,1995,29.348
france,1996,32.145
france,1997,30.787
france,1998,33.095
france,1999,33.893
france,2000,35.264
france,2001,37.494
france,2002,36.606
france,2003,38.890
france,2004,40.567
france,2005,40.278
france,2006,39.298
france,2007,38.181
france,2008,39.424
france,2009,37.599
france,2010,42.177
france,2011,36.435
france,2012,38.010
france,2013,38.550
france,2014,32.266
germany,1965,2.6200
germany,1966,3.1490
germany,1967,4.0590
germany,1968,6.6710
germany,1969,9.5000
germany,1970,13.511
germany,1971,17.849
germany,1972,23.110
germany,1973,29.801
germany,1974,37.281
germany,1975,39.343
germany,1976,41.639
germany,1977,44.219
germany,1978,47.402
germany,1979,52.397
germany,1980,51.657
germany,1981,49.391
germany,1982,45.832
germany,1983,47.649
germany,1984,49.760
germany,1985,49.184
germany,1986,49.041
germany,1987,53.170
germany,1988,52.344
germany,1989,53.571
germany,1990,53.930
germany,1991,56.602
germany,1992,56.724
germany,1993,59.750
germany,1994,61.143
germany,1995,67.001
germany,1996,75.242
germany,1997,71.265
germany,1998,71.729
germany,1999,72.139
germany,2000,71.521
germany,2001,74.601
germany,2002,74.338
germany,2003,76.989
germany,2004,77.276
germany,2005,77.625
germany,2006,78.461
germany,2007,74.615
germany,2008,73.111
germany,2009,70.221
germany,2010,74.974
germany,2011,67.068
germany,2012,70.531
germany,2013,74.209
germany,2014,63.844
greece,1965,0.0000
greece,1966,0.0000
greece,1967,0.0000
greece,1968,0.0000
greece,1969,0.0000
greece,1970,0.0000
greece,1971,0.0000
greece,1972,0.0000
greece,1973,0.0000
greece,1974,0.0000
greece,1975,0.0000
greece,1976,0.0000
greece,1977,0.0000
greece,1978,0.0000
greece,1979,0.0000
greece,1980,0.0000
greece,1981,0.0000
greece,1982,0.0000
greece,1983,0.0000
greece,1984,0.077000
greece,1985,0.072000
greece,1986,0.089000
greece,1987,0.10000
greece,1988,0.13500
greece,1989,0.13600
greece,1990,0.13900
greece,1991,0.12400
greece,1992,0.12700
greece,1993,0.093000
greece,1994,0.020000
greece,1995,0.021000
greece,1996,0.029000
greece,1997,0.16800
greece,1998,0.75186
greece,1999,1.3480
greece,2000,1.8094
greece,2001,1.7857
greece,2002,1.9205
greece,2003,2.1711
greece,2004,2.3866
greece,2005,2.4030
greece,2006,2.8332
greece,2007,3.3420
greece,2008,3.5014
greece,2009,2.9439
greece,2010,3.2235
greece,2011,3.9750
greece,2012,3.6507
greece,2013,3.2212
greece,2014,2.4654
hungary,1965,0.95000
hungary,1966,1.2900
hungary,1967,1.6650
hungary,1968,2.1450
hungary,1969,2.5600
hungary,1970,2.7350
hungary,1971,2.9160
hungary,1972,3.0670
hungary,1973,3.6470
hungary,1974,3.8240
hungary,1975,4.3600
hungary,1976,5.3370
hungary,1977,5.6580
hungary,1978,6.1640
hungary,1979,6.5390
hungary,1980,7.0020
hungary,1981,7.1850
hungary,1982,7.5080
hungary,1983,7.5080
hungary,1984,7.5560
hungary,1985,8.6100
hungary,1986,9.0930
hungary,1987,9.0720
hungary,1988,8.8430
hungary,1989,9.1860
hungary,1990,8.6640
hungary,1991,8.6410
hungary,1992,7.4070
hungary,1993,8.0660
hungary,1994,8.4300
hungary,1995,9.1600
hungary,1996,10.220
hungary,1997,9.7100
hungary,1998,9.7700
hungary,1999,9.9000
hungary,2000,9.6500
hungary,2001,10.710
hungary,2002,10.647
hungary,2003,11.883
hungary,2004,12.452
hungary,2005,13.271
hungary,2006,13.066
hungary,2007,12.158
hungary,2008,12.086
hungary,2009,10.489
hungary,2010,11.255
hungary,2011,9.9694
hungary,2012,9.0621
hungary,2013,8.3108
hungary,2014,7.5190
india,1965,0.20400
india,1966,0.22900
india,1967,0.30600
india,1968,0.34000
india,1969,0.40800
india,1970,0.59175
india,1971,0.62708
india,1972,0.68783
india,1973,0.68602
india,1974,0.77648
india,1975,0.99405
india,1976,1.2076
india,1977,1.2897
india,1978,1.4405
india,1979,1.7914
india,1980,1.0595
india,1981,1.8497
india,1982,2.4251
india,1983,2.8854
india,1984,3.3046
india,1985,4.0421
india,1986,5.6478
india,1987,6.5059
india,1988,7.6212
india,1989,9.0612
india,1990,10.840
india,1991,12.072
india,1992,13.497
india,1993,13.715
india,1994,14.827
india,1995,16.904
india,1996,18.450
india,1997,20.060
india,1998,22.014
india,1999,22.557
india,2000,23.716
india,2001,23.777
india,2002,24.830
india,2003,26.581
india,2004,28.678
india,2005,32.097
india,2006,33.547
india,2007,36.290
india,2008,37.391
india,2009,47.150
india,2010,56.437
india,2011,57.164
india,2012,53.242
india,2013,46.254
india,2014,45.559
indonesia,1965,0.45000
indonesia,1966,0.45900
indonesia,1967,0.56100
indonesia,1968,0.57000
indonesia,1969,1.0740
indonesia,1970,1.1150
indonesia,1971,1.1280
indonesia,1972,1.1060
indonesia,1973,0.72000
indonesia,1974,1.0140
indonesia,1975,2.0970
indonesia,1976,2.1150
indonesia,1977,4.5000
indonesia,1978,5.2020
indonesia,1979,6.7140
indonesia,1980,6.3270
indonesia,1981,6.3180
indonesia,1982,6.0030
indonesia,1983,8.0550
indonesia,1984,9.4050
indonesia,1985,11.124
indonesia,1986,11.997
indonesia,1987,12.411
indonesia,1988,13.176
indonesia,1989,14.751
indonesia,1990,15.227
indonesia,1991,17.529
indonesia,1992,19.117
indonesia,1993,20.278
indonesia,1994,24.015
indonesia,1995,25.323
indonesia,1996,26.362
indonesia,1997,27.498
indonesia,1998,26.511
indonesia,1999,28.810
indonesia,2000,29.266
indonesia,2001,30.267
indonesia,2002,32.900
indonesia,2003,35.076
indonesia,2004,32.100
indonesia,2005,32.270
indonesia,2006,32.907
indonesia,2007,30.717
indonesia,2008,35.197
indonesia,2009,37.331
indonesia,2010,39.057
indonesia,2011,37.892
indonesia,2012,38.025
indonesia,2013,32.841
indonesia,2014,34.531
iran,1965,0.74452
iran,1966,0.78057
iran,1967,0.81833
iran,1968,0.87411
iran,1969,1.0257
iran,1970,2.4322
iran,1971,2.8152
iran,1972,3.2225
iran,1973,3.9142
iran,1974,3.9797
iran,1975,4.0601
iran,1976,4.5734
iran,1977,4.6768
iran,1978,3.6218
iran,1979,4.8522
iran,1980,4.3217
iran,1981,4.6959
iran,1982,6.4311
iran,1983,7.3499
iran,1984,8.5558
iran,1985,9.2301
iran,1986,8.8670
iran,1987,10.855
iran,1988,11.785
iran,1989,14.881
iran,1990,21.724
iran,1991,25.281
iran,1992,29.080
iran,1993,15.735
iran,1994,24.875
iran,1995,30.367
iran,1996,35.714
iran,1997,37.879
iran,1998,44.053
iran,1999,52.383
iran,2000,56.640
iran,2001,63.398
iran,2002,74.535
iran,2003,76.495
iran,2004,88.862
iran,2005,92.506
iran,2006,100.80
iran,2007,112.98
iran,2008,121.28
iran,2009,128.88
iran,2010,137.59
iran,2011,146.18
iran,2012,145.36
iran,2013,143.43
iran,2014,153.20
israel,1965,0.069218
israel,1966,0.089733
israel,1967,0.10049
israel,1968,0.12895
israel,1969,0.13255
israel,1970,0.12113
israel,1971,0.11338
israel,1972,0.11208
israel,1973,0.048651
israel,1974,0.059457
israel,1975,0.054334
israel,1976,0.052347
israel,1977,0.052015
israel,1978,0.051174
israel,1979,0.036444
israel,1980,0.0017330
israel,1981,0.0018349
israel,1982,0.040853
israel,1983,0.057877
israel,1984,0.050537
israel,1985,0.047555
israel,1986,0.035654
israel,1987,0.040623
israel,1988,0.037285
israel,1989,0.034227
israel,1990,0.029614
israel,1991,0.024644
israel,1992,0.021076
israel,1993,0.021000
israel,1994,0.019394
israel,1995,0.022605
israel,1996,0.014195
israel,1997,0.016948
israel,1998,0.010653
israel,1999,0.0095824
israel,2000,0.0086140
israel,2001,0.0090217
israel,2002,0.0080533
israel,2003,0.0073142
israel,2004,1.0735
israel,2005,1.4898
israel,2006,2.0817
israel,2007,2.4822
israel,2008,3.3930
israel,2009,3.7620
israel,2010,4.8060
israel,2011,4.4640
israel,2012,2.3040
israel,2013,6.2640
israel,2014,6.8130
italy,1965,7.2740
italy,1966,8.1750
italy,1967,8.6720
italy,1968,9.6990
italy,1969,11.152
italy,1970,12.281
italy,1971,12.543
italy,1972,12.301
italy,1973,14.400
italy,1974,15.770
italy,1975,18.000
italy,1976,21.978
italy,1977,21.590
italy,1978,22.500
italy,1979,22.904
italy,1980,22.900
italy,1981,22.800
italy,1982,22.031
italy,1983,22.600
italy,1984,26.458
italy,1985,27.220
italy,1986,28.876
italy,1987,32.175
italy,1988,34.176
italy,1989,36.875
italy,1990,39.086
italy,1991,41.537
italy,1992,41.148
italy,1993,42.130
italy,1994,40.760
italy,1995,44.868
italy,1996,46.387
italy,1997,47.833
italy,1998,51.500
italy,1999,55.976
italy,2000,58.365
italy,2001,58.525
italy,2002,58.128
italy,2003,64.087
italy,2004,66.502
italy,2005,71.169
italy,2006,69.698
italy,2007,70.040
italy,2008,70.029
italy,2009,64.370
italy,2010,68.555
italy,2011,64.282
italy,2012,61.805
italy,2013,57.807
italy,2014,51.078
japan,1965,1.5702
japan,1966,1.6113
japan,1967,1.6669
japan,1968,1.8138
japan,1969,2.0069
japan,1970,3.0729
japan,1971,3.2948
japan,1972,3.2961
japan,1973,4.5862
japan,1974,6.2675
japan,1975,7.5065
japan,1976,8.9985
japan,1977,10.989
japan,1978,15.422
japan,1979,18.298
japan,1980,21.653
japan,1981,21.696
japan,1982,22.218
japan,1983,23.910
japan,1984,32.158
japan,1985,34.446
japan,1986,35.050
japan,1987,35.947
japan,1988,38.126
japan,1989,39.602
japan,1990,43.265
japan,1991,45.746
japan,1992,47.560
japan,1993,47.889
japan,1994,51.215
japan,1995,52.123
japan,1996,55.614
japan,1997,57.727
japan,1998,59.472
japan,1999,62.461
japan,2000,65.060
japan,2001,66.834
japan,2002,65.388
japan,2003,71.796
japan,2004,69.307
japan,2005,70.697
japan,2006,75.365
japan,2007,81.210
japan,2008,84.366
japan,2009,78.700
japan,2010,85.056
japan,2011,94.918
japan,2012,102.16
japan,2013,102.15
japan,2014,101.25
kazakhstan,1985,7.5341
kazakhstan,1986,9.1222
kazakhstan,1987,9.5296
kazakhstan,1988,9.9371
kazakhstan,1989,10.262
kazakhstan,1990,10.938
kazakhstan,1991,11.484
kazakhstan,1992,11.810
kazakhstan,1993,11.321
kazakhstan,1994,8.9592
kazakhstan,1995,9.4482
kazakhstan,1996,4.0435
kazakhstan,1997,4.8579
kazakhstan,1998,3.6651
kazakhstan,1999,4.1986
kazakhstan,2000,4.5224
kazakhstan,2001,5.5930
kazakhstan,2002,6.8620
kazakhstan,2003,6.5500
kazakhstan,2004,5.0913
kazakhstan,2005,4.8714
kazakhstan,2006,8.5055
kazakhstan,2007,7.3039
kazakhstan,2008,9.4275
kazakhstan,2009,5.3414
kazakhstan,2010,6.3476
kazakhstan,2011,7.5687
kazakhstan,2012,6.1470
kazakhstan,2013,4.1009
kazakhstan,2014,5.0822
kuwait,1965,1.1830
kuwait,1966,1.2720
kuwait,1967,1.3690
kuwait,1968,1.4730
kuwait,1969,1.5850
kuwait,1970,1.8330
kuwait,1971,1.8940
kuwait,1972,2.2380
kuwait,1973,2.5070
kuwait,1974,2.6380
kuwait,1975,2.8910
kuwait,1976,3.4780
kuwait,1977,3.7920
kuwait,1978,4.2490
kuwait,1979,5.6260
kuwait,1980,3.6640
kuwait,1981,4.2160
kuwait,1982,3.3080
kuwait,1983,3.6320
kuwait,1984,3.9380
kuwait,1985,3.7800
kuwait,1986,5.1570
kuwait,1987,4.3020
kuwait,1988,6.1560
kuwait,1989,7.3440
kuwait,1990,3.7710
kuwait,1991,0.45000
kuwait,1992,2.3580
kuwait,1993,4.8780
kuwait,1994,5.3730
kuwait,1995,8.3500
kuwait,1996,8.3720
kuwait,1997,8.3430
kuwait,1998,8.5420
kuwait,1999,7.7760
kuwait,2000,8.6400
kuwait,2001,9.4500
kuwait,2002,8.5140
kuwait,2003,9.9180
kuwait,2004,10.710
kuwait,2005,10.980
kuwait,2006,11.250
kuwait,2007,10.890
kuwait,2008,11.475
kuwait,2009,11.143
kuwait,2010,13.068
kuwait,2011,15.291
kuwait,2012,16.551
kuwait,2013,16.692
kuwait,2014,18.062
lithuania,1985,3.7700
lithuania,1986,3.7780
lithuania,1987,3.9460
lithuania,1988,4.1140
lithuania,1989,4.3660
lithuania,1990,5.0290
lithuania,1991,4.8690
lithuania,1992,2.6870
lithuania,1993,1.5110
lithuania,1994,1.7630
lithuania,1995,2.0990
lithuania,1996,2.2670
lithuania,1997,2.3760
lithuania,1998,2.0810
lithuania,1999,2.1670
lithuania,2000,2.4510
lithuania,2001,2.5460
lithuania,2002,2.5740
lithuania,2003,2.7950
lithuania,2004,2.7803
lithuania,2005,2.9393
lithuania,2006,2.9125
lithuania,2007,3.2536
lithuania,2008,2.9204
lithuania,2009,2.4543
lithuania,2010,2.8035
lithuania,2011,3.0587
lithuania,2012,2.9866
lithuania,2013,2.4349
lithuania,2014,2.3102
malaysia,1965,0.0000
malaysia,1966,0.0000
malaysia,1967,0.0000
malaysia,1968,0.0000
malaysia,1969,0.0000
malaysia,1970,0.0070000
malaysia,1971,0.071259
malaysia,1972,0.099785
malaysia,1973,0.099785
malaysia,1974,0.20802
malaysia,1975,0.25075
malaysia,1976,0.29852
malaysia,1977,0.27315
malaysia,1978,2.0210
malaysia,1979,2.5150
malaysia,1980,2.2370
malaysia,1981,1.8810
malaysia,1982,2.3680
malaysia,1983,3.3190
malaysia,1984,4.1120
malaysia,1985,3.9710
malaysia,1986,6.1620
malaysia,1987,6.1470
malaysia,1988,6.2710
malaysia,1989,7.1810
malaysia,1990,6.8010
malaysia,1991,10.112
malaysia,1992,10.798
malaysia,1993,10.792
malaysia,1994,10.578
malaysia,1995,11.573
malaysia,1996,13.633
malaysia,1997,16.836
malaysia,1998,17.203
malaysia,1999,19.360
malaysia,2000,23.971
malaysia,2001,23.101
malaysia,2002,23.381
malaysia,2003,25.408
malaysia,2004,27.416
malaysia,2005,31.417
malaysia,2006,31.813
malaysia,2007,31.941
malaysia,2008,35.309
malaysia,2009,31.822
malaysia,2010,31.018
malaysia,2011,31.316
malaysia,2012,31.935
malaysia,2013,36.263
malaysia,2014,36.909
mexico,1965,7.5256
mexico,1966,7.9219
mexico,1967,6.8106
mexico,1968,7.2964
mexico,1969,9.0249
mexico,1970,9.2088
mexico,1971,9.5397
mexico,1972,10.207
mexico,1973,11.302
mexico,1974,11.894
mexico,1975,12.089
mexico,1976,11.878
mexico,1977,12.530
mexico,1978,15.757
mexico,1979,19.141
mexico,1980,20.717
mexico,1981,22.432
mexico,1982,24.474
mexico,1983,25.104
mexico,1984,25.423
mexico,1985,25.893
mexico,1986,23.013
mexico,1987,23.372
mexico,1988,23.594
mexico,1989,22.924
mexico,1990,24.776
mexico,1991,26.275
mexico,1992,26.255
mexico,1993,26.761
mexico,1994,28.395
mexico,1995,28.296
mexico,1996,29.847
mexico,1997,32.071
mexico,1998,35.264
mexico,1999,34.812
mexico,2000,36.728
mexico,2001,38.065
mexico,2002,41.842
mexico,2003,46.167
mexico,2004,48.840
mexico,2005,54.809
mexico,2006,59.902
mexico,2007,57.066
mexico,2008,59.658
mexico,2009,65.018
mexico,2010,65.215
mexico,2011,68.950
mexico,2012,71.915
mexico,2013,76.185
mexico,2014,77.228
netherlands,1965,1.2866
netherlands,1966,2.4659
netherlands,1967,4.3384
netherlands,1968,7.3168
netherlands,1969,10.782
netherlands,1970,15.174
netherlands,1971,19.827
netherlands,1972,25.794
netherlands,1973,28.674
netherlands,1974,30.528
netherlands,1975,31.820
netherlands,1976,33.061
netherlands,1977,33.181
netherlands,1978,33.253
netherlands,1979,33.100
netherlands,1980,30.261
netherlands,1981,28.805
netherlands,1982,27.516
netherlands,1983,29.427
netherlands,1984,31.253
netherlands,1985,32.961
netherlands,1986,32.860
netherlands,1987,33.910
netherlands,1988,30.673
netherlands,1989,31.456
netherlands,1990,31.129
netherlands,1991,34.777
netherlands,1992,33.845
netherlands,1993,34.879
netherlands,1994,33.685
netherlands,1995,34.657
netherlands,1996,38.175
netherlands,1997,35.854
netherlands,1998,35.616
netherlands,1999,34.670
netherlands,2000,35.086
netherlands,2001,36.019
netherlands,2002,35.836
netherlands,2003,36.019
netherlands,2004,36.772
netherlands,2005,35.356
netherlands,2006,34.278
netherlands,2007,33.316
netherlands,2008,34.724
netherlands,2009,35.001
netherlands,2010,39.237
netherlands,2011,34.251
netherlands,2012,32.794
netherlands,2013,33.343
netherlands,2014,28.900
new_zealand,1965,0.0000
new_zealand,1966,0.0000
new_zealand,1967,0.0000
new_zealand,1968,0.0000
new_zealand,1969,0.0000
new_zealand,1970,0.10000
new_zealand,1971,0.12700
new_zealand,1972,0.23000
new_zealand,1973,0.26700
new_zealand,1974,0.27777
new_zealand,1975,0.30151
new_zealand,1976,0.80694
new_zealand,1977,1.3258
new_zealand,1978,1.2450
new_zealand,1979,0.82122
new_zealand,1980,0.76252
new_zealand,1981,0.93797
new_zealand,1982,1.6901
new_zealand,1983,1.8330
new_zealand,1984,2.3677
new_zealand,1985,3.0112
new_zealand,1986,3.6182
new_zealand,1987,3.4969
new_zealand,1988,3.7931
new_zealand,1989,3.8933
new_zealand,1990,3.8733
new_zealand,1991,4.2089
new_zealand,1992,4.4671
new_zealand,1993,4.3435
new_zealand,1994,4.0513
new_zealand,1995,3.8262
new_zealand,1996,4.3711
new_zealand,1997,4.6794
new_zealand,1998,4.1579
new_zealand,1999,4.8093
new_zealand,2000,5.0553
new_zealand,2001,5.3196
new_zealand,2002,5.0572
new_zealand,2003,3.8570
new_zealand,2004,3.4660
new_zealand,2005,3.2275
new_zealand,2006,3.3103
new_zealand,2007,3.6438
new_zealand,2008,3.4370
new_zealand,2009,3.5939
new_zealand,2010,3.8539
new_zealand,2011,3.4801
new_zealand,2012,3.7977
new_zealand,2013,4.0234
new_zealand,2014,4.3248
norway,1965,0.0000
norway,1966,0.0000
norway,1967,0.0000
norway,1968,0.0000
norway,1969,0.0000
norway,1970,0.0000
norway,1971,0.0000
norway,1972,0.0000
norway,1973,0.0000
norway,1974,0.0000
norway,1975,0.0000
norway,1976,0.0000
norway,1977,0.34300
norway,1978,0.57600
norway,1979,0.65800
norway,1980,0.70700
norway,1981,0.86900
norway,1982,0.93800
norway,1983,1.0560
norway,1984,1.0160
norway,1985,1.0710
norway,1986,1.1800
norway,1987,1.2990
norway,1988,1.6360
norway,1989,1.8120
norway,1990,1.9190
norway,1991,2.1620
norway,1992,2.3270
norway,1993,2.4480
norway,1994,2.6280
norway,1995,2.6530
norway,1996,2.8800
norway,1997,3.3260
norway,1998,3.3970
norway,1999,3.2450
norway,2000,3.6430
norway,2001,3.3760
norway,2002,3.6030
norway,2003,3.8820
norway,2004,4.1050
norway,2005,4.0129
norway,2006,3.9576
norway,2007,3.8335
norway,2008,3.8955
norway,2009,3.7205
norway,2010,3.7021
norway,2011,3.9632
norway,2012,3.9316
norway,2013,3.9782
norway,2014,4.2011
other_africa,1965,0.16200
other_africa,1966,0.23700
other_africa,1967,0.24400
other_africa,1968,0.22100
other_africa,1969,0.17000
other_africa,1970,0.51081
other_africa,1971,0.54198
other_africa,1972,0.94861
other_africa,1973,1.5494
other_africa,1974,1.6564
other_africa,1975,2.1224
other_africa,1976,2.1403
other_africa,1977,2.5385
other_africa,1978,2.9835
other_africa,1979,5.2173
other_africa,1980,5.1665
other_africa,1981,5.7693
other_africa,1982,5.4511
other_africa,1983,5.9109
other_africa,1984,6.0578
other_africa,1985,7.0628
other_africa,1986,8.2353
other_africa,1987,8.2253
other_africa,1988,8.8643
other_africa,1989,10.488
other_africa,1990,9.9548
other_africa,1991,9.5190
other_africa,1992,10.168
other_africa,1993,10.518
other_africa,1994,10.776
other_africa,1995,11.556
other_africa,1996,12.954
other_africa,1997,13.108
other_africa,1998,14.580
other_africa,1999,11.681
other_africa,2000,14.808
other_africa,2001,17.327
other_africa,2002,19.110
other_africa,2003,19.364
other_africa,2004,22.750
other_africa,2005,24.780
other_africa,2006,22.884
other_africa,2007,26.874
other_africa,2008,27.905
other_africa,2009,23.807
other_africa,2010,28.695
other_africa,2011,29.230
other_africa,2012,30.818
other_africa,2013,28.459
other_africa,2014,27.439
other_asia_pacific,1965,0.21768
other_asia_pacific,1966,0.27920
other_asia_pacific,1967,0.34768
other_asia_pacific,1968,0.39918
other_asia_pacific,1969,0.40690
other_asia_pacific,1970,0.48875
other_asia_pacific,1971,0.47605
other_asia_pacific,1972,0.42495
other_asia_pacific,1973,0.97888
other_asia_pacific,1974,1.6320
other_asia_pacific,1975,1.3880
other_asia_pacific,1976,1.3950
other_asia_pacific,1977,1.4920
other_asia_pacific,1978,1.1120
other_asia_pacific,1979,1.4480
other_asia_pacific,1980,1.7500
other_asia_pacific,1981,1.9620
other_asia_pacific,1982,2.0290
other_asia_pacific,1983,2.2680
other_asia_pacific,1984,2.3150
other_asia_pacific,1985,2.6030
other_asia_pacific,1986,2.7380
other_asia_pacific,1987,2.7690
other_asia_pacific,1988,2.5170
other_asia_pacific,1989,2.3240
other_asia_pacific,1990,2.2480
other_asia_pacific,1991,2.1520
other_asia_pacific,1992,2.2360
other_asia_pacific,1993,2.5820
other_asia_pacific,1994,2.7810
other_asia_pacific,1995,3.0450
other_asia_pacific,1996,3.0600
other_asia_pacific,1997,3.0340
other_asia_pacific,1998,3.2594
other_asia_pacific,1999,3.3064
other_asia_pacific,2000,3.1663
other_asia_pacific,2001,3.1832
other_asia_pacific,2002,3.2926
other_asia_pacific,2003,3.7631
other_asia_pacific,2004,4.0723
other_asia_pacific,2005,4.6915
other_asia_pacific,2006,4.9339
other_asia_pacific,2007,5.3910
other_asia_pacific,2008,5.0948
other_asia_pacific,2009,4.6421
other_asia_pacific,2010,5.1878
other_asia_pacific,2011,5.5598
other_asia_pacific,2012,5.5512
other_asia_pacific,2013,5.7107
other_asia_pacific,2014,5.5868
other_europe_eurasia,1965,104.95
other_europe_eurasia,1966,117.11
other_europe_eurasia,1967,128.95
other_europe_eurasia,1968,139.32
other_europe_eurasia,1969,148.98
other_europe_eurasia,1970,163.87
other_europe_eurasia,1971,179.21
other_europe_eurasia,1972,188.77
other_europe_eurasia,1973,205.39
other_europe_eurasia,1974,217.89
other_europe_eurasia,1975,237.71
other_europe_eurasia,1976,261.55
other_europe_eurasia,1977,280.22
other_europe_eurasia,1978,298.94
other_europe_eurasia,1979,317.57
other_europe_eurasia,1980,327.65
other_europe_eurasia,1981,346.65
other_europe_eurasia,1982,374.64
other_europe_eurasia,1983,401.69
other_europe_eurasia,1984,438.40
other_europe_eurasia,1985,19.167
other_europe_eurasia,1986,19.517
other_europe_eurasia,1987,21.365
other_europe_eurasia,1988,24.049
other_europe_eurasia,1989,25.696
other_europe_eurasia,1990,24.583
other_europe_eurasia,1991,21.768
other_europe_eurasia,1992,19.565
other_europe_eurasia,1993,14.648
other_europe_eurasia,1994,12.715
other_europe_eurasia,1995,12.713
other_europe_eurasia,1996,12.588
other_europe_eurasia,1997,13.646
other_europe_eurasia,1998,13.549
other_europe_eurasia,1999,12.064
other_europe_eurasia,2000,12.580
other_europe_eurasia,2001,13.768
other_europe_eurasia,2002,13.276
other_europe_eurasia,2003,13.777
other_europe_eurasia,2004,15.240
other_europe_eurasia,2005,15.384
other_europe_eurasia,2006,15.739
other_europe_eurasia,2007,16.168
other_europe_eurasia,2008,15.718
other_europe_eurasia,2009,13.869
other_europe_eurasia,2010,15.015
other_europe_eurasia,2011,15.203
other_europe_eurasia,2012,15.134
other_europe_eurasia,2013,13.687
other_europe_eurasia,2014,13.441
other_middle_east,1965,0.71600
other_middle_east,1966,0.86100
other_middle_east,1967,0.80600
other_middle_east,1968,0.87300
other_middle_east,1969,1.1990
other_middle_east,1970,1.3100
other_middle_east,1971,1.5440
other_middle_east,1972,1.7060
other_middle_east,1973,2.2180
other_middle_east,1974,2.4760
other_middle_east,1975,2.9760
other_middle_east,1976,3.5640
other_middle_east,1977,3.1640
other_middle_east,1978,3.6690
other_middle_east,1979,4.5860
other_middle_east,1980,3.9130
other_middle_east,1981,3.2760
other_middle_east,1982,4.5290
other_middle_east,1983,4.7020
other_middle_east,1984,5.2070
other_middle_east,1985,6.5340
other_middle_east,1986,7.6320
other_middle_east,1987,7.8070
other_middle_east,1988,9.8890
other_middle_east,1989,11.038
other_middle_east,1990,10.838
other_middle_east,1991,10.638
other_middle_east,1992,12.242
other_middle_east,1993,12.808
other_middle_east,1994,13.828
other_middle_east,1995,14.995
other_middle_east,1996,15.691
other_middle_east,1997,17.878
other_middle_east,1998,19.394
other_middle_east,1999,20.241
other_middle_east,2000,21.007
other_middle_east,2001,21.337
other_middle_east,2002,22.180
other_middle_east,2003,22.466
other_middle_east,2004,23.894
other_middle_east,2005,25.521
other_middle_east,2006,28.287
other_middle_east,2007,29.144
other_middle_east,2008,32.861
other_middle_east,2009,34.975
other_middle_east,2010,39.793
other_middle_east,2011,36.580
other_middle_east,2012,37.938
other_middle_east,2013,40.537
other_middle_east,2014,40.430
other_s_cent_america,1965,0.038000
other_s_cent_america,1966,0.041000
other_s_cent_america,1967,0.043000
other_s_cent_america,1968,0.044000
other_s_cent_america,1969,0.045000
other_s_cent_america,1970,0.049000
other_s_cent_america,1971,0.053000
other_s_cent_america,1972,0.097000
other_s_cent_america,1973,0.11000
other_s_cent_america,1974,0.11500
other_s_cent_america,1975,0.15100
other_s_cent_america,1976,0.18700
other_s_cent_america,1977,0.21400
other_s_cent_america,1978,0.23000
other_s_cent_america,1979,0.26900
other_s_cent_america,1980,0.27900
other_s_cent_america,1981,0.31800
other_s_cent_america,1982,0.33100
other_s_cent_america,1983,0.36000
other_s_cent_america,1984,0.31600
other_s_cent_america,1985,0.34800
other_s_cent_america,1986,0.39800
other_s_cent_america,1987,0.47700
other_s_cent_america,1988,0.48500
other_s_cent_america,1989,0.60000
other_s_cent_america,1990,0.65400
other_s_cent_america,1991,0.67900
other_s_cent_america,1992,0.77126
other_s_cent_america,1993,0.79602
other_s_cent_america,1994,0.93361
other_s_cent_america,1995,1.0330
other_s_cent_america,1996,1.0598
other_s_cent_america,1997,1.0321
other_s_cent_america,1998,1.2494
other_s_cent_america,1999,1.5833
other_s_cent_america,2000,1.5969
other_s_cent_america,2001,2.1252
other_s_cent_america,2002,2.1592
other_s_cent_america,2003,2.7605
other_s_cent_america,2004,2.7113
other_s_cent_america,2005,3.0729
other_s_cent_america,2006,3.5197
other_s_cent_america,2007,3.9419
other_s_cent_america,2008,4.2585
other_s_cent_america,2009,4.5372
other_s_cent_america,2010,4.8463
other_s_cent_america,2011,5.2475
other_s_cent_america,2012,6.3178
other_s_cent_america,2013,7.1450
other_s_cent_america,2014,7.1499
pakistan,1965,1.5920
pakistan,1966,1.7990
pakistan,1967,2.0990
pakistan,1968,2.3550
pakistan,1969,2.9020
pakistan,1970,3.1370
pakistan,1971,3.1280
pakistan,1972,2.8990
pakistan,1973,3.3020
pakistan,1974,3.6530
pakistan,1975,4.1040
pakistan,1976,4.1850
pakistan,1977,4.5720
pakistan,1978,4.6980
pakistan,1979,5.2920
pakistan,1980,6.4620
pakistan,1981,7.0470
pakistan,1982,7.6860
pakistan,1983,7.5780
pakistan,1984,7.7760
pakistan,1985,7.9380
pakistan,1986,8.5140
pakistan,1987,9.1170
pakistan,1988,9.6660
pakistan,1989,10.305
pakistan,1990,11.007
pakistan,1991,11.889
pakistan,1992,11.664
pakistan,1993,13.428
pakistan,1994,13.689
pakistan,1995,14.040
pakistan,1996,15.255
pakistan,1997,15.210
pakistan,1998,16.020
pakistan,1999,18.270
pakistan,2000,19.350
pakistan,2001,20.430
pakistan,2002,22.149
pakistan,2003,27.396
pakistan,2004,31.014
pakistan,2005,35.148
pakistan,2006,35.850
pakistan,2007,36.495
pakistan,2008,37.276
pakistan,2009,37.429
pakistan,2010,38.100
pakistan,2011,38.091
pakistan,2012,39.354
pakistan,2013,38.429
pakistan,2014,37.814
peru,1965,0.34200
peru,1966,0.35700
peru,1967,0.33400
peru,1968,0.37200
peru,1969,0.37900
peru,1970,0.37200
peru,1971,0.44400
peru,1972,0.42700
peru,1973,0.41800
peru,1974,0.43000
peru,1975,0.53100
peru,1976,0.57600
peru,1977,0.57200
peru,1978,0.59800
peru,1979,0.55300
peru,1980,0.59400
peru,1981,0.68200
peru,1982,0.71600
peru,1983,0.47200
peru,1984,0.63700
peru,1985,0.49700
peru,1986,0.52700
peru,1987,0.52400
peru,1988,0.49400
peru,1989,0.41900
peru,1990,0.40100
peru,1991,0.37600
peru,1992,0.33900
peru,1993,0.35700
peru,1994,0.37300
peru,1995,0.36100
peru,1996,0.36600
peru,1997,0.21700
peru,1998,0.36800
peru,1999,0.37000
peru,2000,0.31100
peru,2001,0.33300
peru,2002,0.39800
peru,2003,0.47100
peru,2004,0.77400
peru,2005,1.3652
peru,2006,1.5977
peru,2007,2.4080
peru,2008,3.0571
peru,2009,3.1265
peru,2010,4.8762
peru,2011,5.5289
peru,2012,6.0928
peru,2013,5.9104
peru,2014,6.4867
philippines,1965,0.0000
philippines,1966,0.0000
philippines,1967,0.0000
philippines,1968,0.0000
philippines,1969,0.0000
philippines,1970,0.0000
philippines,1971,0.0000
philippines,1972,0.0000
philippines,1973,0.0000
philippines,1974,0.0000
philippines,1975,0.0000
philippines,1976,0.0000
philippines,1977,0.0000
philippines,1978,0.0000
philippines,1979,0.0000
philippines,1980,0.0000
philippines,1981,0.0000
philippines,1982,0.0000
philippines,1983,0.0000
philippines,1984,0.0000
philippines,1985,0.0000
philippines,1986,0.0000
philippines,1987,0.0000
philippines,1988,0.0000
philippines,1989,0.0000
philippines,1990,0.0000
philippines,1991,0.0000
philippines,1992,0.0000
philippines,1993,0.0000
philippines,1994,0.0049696
philippines,1995,0.0047912
philippines,1996,0.0081043
philippines,1997,0.0049186
philippines,1998,0.0083846
philippines,1999,0.0064477
philippines,2000,0.0095824
philippines,2001,0.0091492
philippines,2002,1.4812
philippines,2003,2.2280
philippines,2004,2.1397
philippines,2005,2.8223
philippines,2006,2.7122
philippines,2007,3.2473
philippines,2008,3.3638
philippines,2009,3.4270
philippines,2010,3.1857
philippines,2011,3.4931
philippines,2012,3.3167
philippines,2013,3.0391
philippines,2014,3.2012
poland,1965,1.4731
poland,1966,1.7511
poland,1967,2.1400
poland,1968,2.9400
poland,1969,4.0760
poland,1970,5.1985
poland,1971,5.7173
poland,1972,6.0160
poland,1973,6.2566
poland,1974,6.4311
poland,1975,6.8870
poland,1976,7.3482
poland,1977,7.7967
poland,1978,8.2077
poland,1979,8.5609
poland,1980,8.7725
poland,1981,8.2744
poland,1982,8.2710
poland,1983,8.4600
poland,1984,8.8006
poland,1985,8.9259
poland,1986,9.4598
poland,1987,9.7664
poland,1988,9.6982
poland,1989,9.5202
poland,1990,8.9377
poland,1991,8.3344
poland,1992,7.7622
poland,1993,8.1538
poland,1994,8.2160
poland,1995,8.9948
poland,1996,9.4452
poland,1997,9.4174
poland,1998,9.5143
poland,1999,9.2632
poland,2000,9.9597
poland,2001,10.377
poland,2002,10.113
poland,2003,11.261
poland,2004,11.881
poland,2005,12.235
poland,2006,12.373
poland,2007,12.377
poland,2008,13.451
poland,2009,12.979
poland,2010,13.958
poland,2011,14.147
poland,2012,14.978
poland,2013,14.960
poland,2014,14.650
portugal,1965,0.0000
portugal,1966,0.0000
portugal,1967,0.0000
portugal,1968,0.0000
portugal,1969,0.0000
portugal,1970,0.0000
portugal,1971,0.0000
portugal,1972,0.0000
portugal,1973,0.0000
portugal,1974,0.0000
portugal,1975,0.0000
portugal,1976,0.0000
portugal,1977,0.0000
portugal,1978,0.0000
portugal,1979,0.0000
portugal,1980,0.0000
portugal,1981,0.0000
portugal,1982,0.0000
portugal,1983,0.0000
portugal,1984,0.0000
portugal,1985,0.0000
portugal,1986,0.0000
portugal,1987,0.0000
portugal,1988,0.0000
portugal,1989,0.0000
portugal,1990,0.0000
portugal,1991,0.0000
portugal,1992,0.0000
portugal,1993,0.0000
portugal,1994,0.0000
portugal,1995,0.0000
portugal,1996,0.0000
portugal,1997,0.090000
portugal,1998,0.72720
portugal,1999,2.0286
portugal,2000,2.1353
portugal,2001,2.2888
portugal,2002,2.7842
portugal,2003,2.6846
portugal,2004,3.3630
portugal,2005,3.8114
portugal,2006,3.6608
portugal,2007,3.9017
portugal,2008,4.2688
portugal,2009,4.2394
portugal,2010,4.6122
portugal,2011,4.6699
portugal,2012,4.0493
portugal,2013,3.8385
portugal,2014,3.4008
qatar,1965,0.073000
qatar,1966,0.074000
qatar,1967,0.10100
qatar,1968,0.46200
qatar,1969,0.76500
qatar,1970,0.90500
qatar,1971,0.90500
qatar,1972,0.99300
qatar,1973,1.4220
qatar,1974,1.1680
qatar,1975,1.9890
qatar,1976,1.3320
qatar,1977,1.4490
qatar,1978,1.3310
qatar,1979,3.9260
qatar,1980,4.6890
qatar,1981,3.7530
qatar,1982,4.4280
qatar,1983,4.2750
qatar,1984,5.3370
qatar,1985,4.9500
qatar,1986,5.2020
qatar,1987,5.2110
qatar,1988,5.6160
qatar,1989,5.3280
qatar,1990,5.6700
qatar,1991,6.8670
qatar,1992,11.358
qatar,1993,12.150
qatar,1994,12.150
qatar,1995,12.150
qatar,1996,12.330
qatar,1997,13.086
qatar,1998,13.293
qatar,1999,12.555
qatar,2000,8.6940
qatar,2001,9.8550
qatar,2002,9.9990
qatar,2003,10.989
qatar,2004,13.527
qatar,2005,16.830
qatar,2006,17.649
qatar,2007,17.415
qatar,2008,17.412
qatar,2009,22.445
qatar,2010,27.027
qatar,2011,34.399
qatar,2012,36.896
qatar,2013,36.891
qatar,2014,40.318
republic_of_ireland,1965,0.0000
republic_of_ireland,1966,0.0000
republic_of_ireland,1967,0.0000
republic_of_ireland,1968,0.0000
republic_of_ireland,1969,0.0000
republic_of_ireland,1970,0.0000
republic_of_ireland,1971,0.0000
republic_of_ireland,1972,0.0000
republic_of_ireland,1973,0.0000
republic_of_ireland,1974,0.0000
republic_of_ireland,1975,0.0000
republic_of_ireland,1976,0.0000
republic_of_ireland,1977,0.0000
republic_of_ireland,1978,0.0000
republic_of_ireland,1979,0.25800
republic_of_ireland,1980,0.75400
republic_of_ireland,1981,1.1340
republic_of_ireland,1982,1.6640
republic_of_ireland,1983,1.8000
republic_of_ireland,1984,1.9070
republic_of_ireland,1985,1.9640
republic_of_ireland,1986,1.3850
republic_of_ireland,1987,1.3800
republic_of_ireland,1988,1.6550
republic_of_ireland,1989,1.8770
republic_of_ireland,1990,1.8770
republic_of_ireland,1991,1.9230
republic_of_ireland,1992,1.9020
republic_of_ireland,1993,2.1610
republic_of_ireland,1994,2.1980
republic_of_ireland,1995,2.3390
republic_of_ireland,1996,2.6570
republic_of_ireland,1997,2.7770
republic_of_ireland,1998,2.8080
republic_of_ireland,1999,3.0030
republic_of_ireland,2000,3.4430
republic_of_ireland,2001,3.5910
republic_of_ireland,2002,3.6860
republic_of_ireland,2003,3.6590
republic_of_ireland,2004,3.6530
republic_of_ireland,2005,3.4770
republic_of_ireland,2006,3.9470
republic_of_ireland,2007,4.2850
republic_of_ireland,2008,4.4890
republic_of_ireland,2009,4.2740
republic_of_ireland,2010,4.6920
republic_of_ireland,2011,4.1250
republic_of_ireland,2012,4.0230
republic_of_ireland,2013,3.8720
republic_of_ireland,2014,3.7210
romania,1965,13.731
romania,1966,14.804
romania,1967,16.321
romania,1968,17.269
romania,1969,20.053
romania,1970,20.843
romania,1971,22.286
romania,1972,22.623
romania,1973,23.903
romania,1974,24.672
romania,1975,26.805
romania,1976,29.546
romania,1977,31.298
romania,1978,32.354
romania,1979,31.180
romania,1980,32.380
romania,1981,34.024
romania,1982,34.604
romania,1983,34.458
romania,1984,34.330
romania,1985,31.920
romania,1986,32.494
romania,1987,31.909
romania,1988,32.008
romania,1989,31.882
romania,1990,27.676
romania,1991,22.256
romania,1992,22.837
romania,1993,22.718
romania,1994,21.761
romania,1995,21.601
romania,1996,21.762
romania,1997,17.975
romania,1998,16.824
romania,1999,15.463
romania,2000,15.408
romania,2001,14.909
romania,2002,15.471
romania,2003,16.497
romania,2004,15.741
romania,2005,15.840
romania,2006,16.315
romania,2007,14.475
romania,2008,14.294
romania,2009,11.931
romania,2010,12.221
romania,2011,12.534
romania,2012,12.180
romania,2013,11.314
romania,2014,10.559
russian_federation,1985,315.37
russian_federation,1986,319.03
russian_federation,1987,337.44
russian_federation,1988,356.09
russian_federation,1989,361.38
russian_federation,1990,366.84
russian_federation,1991,376.37
russian_federation,1992,364.32
russian_federation,1993,363.26
russian_federation,1994,341.27
russian_federation,1995,329.86
russian_federation,1996,331.71
russian_federation,1997,305.92
russian_federation,1998,318.46
russian_federation,1999,317.48
russian_federation,2000,324.33
russian_federation,2001,329.62
russian_federation,2002,333.61
russian_federation,2003,341.51
russian_federation,2004,350.39
russian_federation,2005,354.62
russian_federation,2006,373.52
russian_federation,2007,379.79
russian_federation,2008,374.42
russian_federation,2009,350.68
russian_federation,2010,372.73
russian_federation,2011,382.11
russian_federation,2012,374.61
russian_federation,2013,372.12
russian_federation,2014,368.31
saudi_arabia,1965,0.56900
saudi_arabia,1966,0.68400
saudi_arabia,1967,0.82400
saudi_arabia,1968,0.99100
saudi_arabia,1969,1.1930
saudi_arabia,1970,1.4550
saudi_arabia,1971,1.2140
saudi_arabia,1972,1.3760
saudi_arabia,1973,1.6200
saudi_arabia,1974,2.0500
saudi_arabia,1975,2.4390
saudi_arabia,1976,2.6330
saudi_arabia,1977,3.7050
saudi_arabia,1978,5.1090
saudi_arabia,1979,6.2730
saudi_arabia,1980,8.7520
saudi_arabia,1981,10.204
saudi_arabia,1982,10.815
saudi_arabia,1983,10.561
saudi_arabia,1984,16.380
saudi_arabia,1985,16.920
saudi_arabia,1986,22.680
saudi_arabia,1987,24.120
saudi_arabia,1988,26.190
saudi_arabia,1989,26.820
saudi_arabia,1990,30.168
saudi_arabia,1991,31.653
saudi_arabia,1992,34.425
saudi_arabia,1993,36.036
saudi_arabia,1994,38.493
saudi_arabia,1995,38.637
saudi_arabia,1996,39.969
saudi_arabia,1997,40.806
saudi_arabia,1998,42.138
saudi_arabia,1999,41.580
saudi_arabia,2000,44.829
saudi_arabia,2001,48.321
saudi_arabia,2002,51.030
saudi_arabia,2003,54.054
saudi_arabia,2004,59.112
saudi_arabia,2005,64.116
saudi_arabia,2006,66.115
saudi_arabia,2007,66.978
saudi_arabia,2008,72.396
saudi_arabia,2009,70.605
saudi_arabia,2010,78.894
saudi_arabia,2011,83.034
saudi_arabia,2012,89.397
saudi_arabia,2013,90.027
saudi_arabia,2014,97.417
singapore,1965,0.0000
singapore,1966,0.0000
singapore,1967,0.0000
singapore,1968,0.0000
singapore,1969,0.0000
singapore,1970,0.0000
singapore,1971,0.0000
singapore,1972,0.0000
singapore,1973,0.0000
singapore,1974,0.0000
singapore,1975,0.0000
singapore,1976,0.0000
singapore,1977,0.0000
singapore,1978,0.0000
singapore,1979,0.0000
singapore,1980,0.0000
singapore,1981,0.0000
singapore,1982,0.0000
singapore,1983,0.0000
singapore,1984,0.0000
singapore,1985,0.0000
singapore,1986,0.0000
singapore,1987,0.0000
singapore,1988,0.0000
singapore,1989,0.0000
singapore,1990,0.0000
singapore,1991,0.0000
singapore,1992,0.99000
singapore,1993,1.3500
singapore,1994,1.3500
singapore,1995,1.3500
singapore,1996,1.3500
singapore,1997,1.3500
singapore,1998,1.3500
singapore,1999,1.3500
singapore,2000,1.5702
singapore,2001,4.1264
singapore,2002,4.4599
singapore,2003,4.8422
singapore,2004,5.8616
singapore,2005,5.8603
singapore,2006,7.7207
singapore,2007,7.7207
singapore,2008,8.2556
singapore,2009,8.6974
singapore,2010,7.8973
singapore,2011,7.8510
singapore,2012,8.4600
singapore,2013,9.4881
singapore,2014,9.7486
slovakia,1965,0.28900
slovakia,1966,0.32100
slovakia,1967,0.38500
slovakia,1968,0.46900
slovakia,1969,0.59400
slovakia,1970,0.75600
slovakia,1971,0.85700
slovakia,1972,0.95100
slovakia,1973,1.0290
slovakia,1974,1.2540
slovakia,1975,1.3680
slovakia,1976,1.5950
slovakia,1977,2.0160
slovakia,1978,2.2700
slovakia,1979,2.5760
slovakia,1980,3.2840
slovakia,1981,3.1050
slovakia,1982,3.2280
slovakia,1983,3.3020
slovakia,1984,3.7040
slovakia,1985,4.2290
slovakia,1986,4.2690
slovakia,1987,4.3200
slovakia,1988,4.3870
slovakia,1989,4.6250
slovakia,1990,5.3190
slovakia,1991,4.8800
slovakia,1992,4.9170
slovakia,1993,4.6360
slovakia,1994,4.5030
slovakia,1995,5.1310
slovakia,1996,5.5490
slovakia,1997,5.6310
slovakia,1998,5.7260
slovakia,1999,5.7950
slovakia,2000,5.8340
slovakia,2001,6.2290
slovakia,2002,5.8280
slovakia,2003,5.6680
slovakia,2004,5.4984
slovakia,2005,5.9027
slovakia,2006,5.3779
slovakia,2007,5.0893
slovakia,2008,5.1663
slovakia,2009,4.4254
slovakia,2010,5.0064
slovakia,2011,4.6371
slovakia,2012,4.3653
slovakia,2013,4.8144
slovakia,2014,3.3390
south_africa,1965,0.0000
south_africa,1966,0.0000
south_africa,1967,0.0000
south_africa,1968,0.0000
south_africa,1969,0.0000
south_africa,1970,0.0000
south_africa,1971,0.0000
south_africa,1972,0.0000
south_africa,1973,0.0000
south_africa,1974,0.0000
south_africa,1975,0.0000
south_africa,1976,0.0000
south_africa,1977,0.0000
south_africa,1978,0.0000
south_africa,1979,0.0000
south_africa,1980,0.22664
south_africa,1981,0.21992
south_africa,1982,0.20019
south_africa,1983,0.22684
south_africa,1984,0.22755
south_africa,1985,0.21484
south_africa,1986,0.22542
south_africa,1987,0.20853
south_africa,1988,0.21036
south_africa,1989,0.21443
south_africa,1990,0.23539
south_africa,1991,0.26035
south_africa,1992,0.67895
south_africa,1993,0.92730
south_africa,1994,0.95783
south_africa,1995,0.92147
south_africa,1996,0.94921
south_africa,1997,0.88737
south_africa,1998,1.0104
south_africa,1999,1.1335
south_africa,2000,1.0575
south_africa,2001,1.0892
south_africa,2002,0.93937
south_africa,2003,0.93067
south_africa,2004,1.9272
south_africa,2005,2.8280
south_africa,2006,3.1274
south_africa,2007,3.1467
south_africa,2008,3.3657
south_africa,2009,3.0261
south_africa,2010,3.5254
south_africa,2011,3.5470
south_africa,2012,3.5570
south_africa,2013,3.4514
south_africa,2014,3.6889
south_korea,1965,0.0000
south_korea,1966,0.0000
south_korea,1967,0.0000
south_korea,1968,0.0000
south_korea,1969,0.0000
south_korea,1970,0.0000
south_korea,1971,0.0000
south_korea,1972,0.0000
south_korea,1973,0.0000
south_korea,1974,0.0000
south_korea,1975,0.0000
south_korea,1976,0.0000
south_korea,1977,0.0000
south_korea,1978,0.0000
south_korea,1979,0.0000
south_korea,1980,0.0000
south_korea,1981,0.0000
south_korea,1982,0.0000
south_korea,1983,0.0000
south_korea,1984,0.0000
south_korea,1985,0.0000
south_korea,1986,0.061200
south_korea,1987,1.8936
south_korea,1988,2.4462
south_korea,1989,2.3670
south_korea,1990,2.7207
south_korea,1991,3.1518
south_korea,1992,4.1229
south_korea,1993,5.1507
south_korea,1994,6.8562
south_korea,1995,8.2917
south_korea,1996,10.955
south_korea,1997,13.313
south_korea,1998,12.454
south_korea,1999,15.164
south_korea,2000,17.032
south_korea,2001,18.708
south_korea,2002,20.789
south_korea,2003,21.775
south_korea,2004,25.516
south_korea,2005,27.320
south_korea,2006,28.804
south_korea,2007,31.197
south_korea,2008,32.104
south_korea,2009,30.517
south_korea,2010,38.707
south_korea,2011,41.656
south_korea,2012,45.166
south_korea,2013,47.271
south_korea,2014,42.996
spain,1965,0.0000
spain,1966,0.0000
spain,1967,0.0000
spain,1968,0.0000
spain,1969,0.084000
spain,1970,0.067000
spain,1971,0.35500
spain,1972,1.0440
spain,1973,1.0080
spain,1974,1.2600
spain,1975,1.3000
spain,1976,1.4920
spain,1977,1.4350
spain,1978,1.4700
spain,1979,1.4200
spain,1980,1.8210
spain,1981,2.0790
spain,1982,2.2670
spain,1983,2.4520
spain,1984,2.0110
spain,1985,2.1330
spain,1986,2.5130
spain,1987,2.6900
spain,1988,3.4710
spain,1989,4.4560
spain,1990,4.9694
spain,1991,5.5985
spain,1992,5.8538
spain,1993,5.7420
spain,1994,6.2956
spain,1995,7.7208
spain,1996,8.6406
spain,1997,11.306
spain,1998,11.607
spain,1999,13.287
spain,2000,15.216
spain,2001,16.397
spain,2002,18.748
spain,2003,21.349
spain,2004,25.167
spain,2005,29.838
spain,2006,31.227
spain,2007,31.778
spain,2008,34.903
spain,2009,31.219
spain,2010,31.123
spain,2011,28.930
spain,2012,28.569
spain,2013,26.077
spain,2014,23.664
sweden,1965,0.0000
sweden,1966,0.0000
sweden,1967,0.0000
sweden,1968,0.0000
sweden,1969,0.0000
sweden,1970,0.0000
sweden,1971,0.0000
sweden,1972,0.0000
sweden,1973,0.0000
sweden,1974,0.0000
sweden,1975,0.0000
sweden,1976,0.0000
sweden,1977,0.0000
sweden,1978,0.0000
sweden,1979,0.0000
sweden,1980,0.0000
sweden,1981,0.0000
sweden,1982,0.0000
sweden,1983,0.0000
sweden,1984,0.0000
sweden,1985,0.090000
sweden,1986,0.20000
sweden,1987,0.28600
sweden,1988,0.40900
sweden,1989,0.64200
sweden,1990,0.61500
sweden,1991,0.59100
sweden,1992,0.66600
sweden,1993,0.73000
sweden,1994,0.73100
sweden,1995,0.73400
sweden,1996,0.78400
sweden,1997,0.73700
sweden,1998,0.76800
sweden,1999,0.75600
sweden,2000,0.66800
sweden,2001,0.63800
sweden,2002,0.73400
sweden,2003,0.74300
sweden,2004,0.74100
sweden,2005,0.70600
sweden,2006,0.81090
sweden,2007,0.92970
sweden,2008,0.84420
sweden,2009,1.0332
sweden,2010,1.4031
sweden,2011,1.1349
sweden,2012,0.99180
sweden,2013,0.97920
sweden,2014,0.84330
switzerland,1965,0.0000
switzerland,1966,0.0000
switzerland,1967,0.0000
switzerland,1968,0.0000
switzerland,1969,0.0000
switzerland,1970,0.037000
switzerland,1971,0.089000
switzerland,1972,0.11300
switzerland,1973,0.15300
switzerland,1974,0.32100
switzerland,1975,0.51800
switzerland,1976,0.54000
switzerland,1977,0.61700
switzerland,1978,0.67700
switzerland,1979,0.75900
switzerland,1980,0.86600
switzerland,1981,0.93500
switzerland,1982,0.98700
switzerland,1983,1.0850
switzerland,1984,1.2100
switzerland,1985,1.2670
switzerland,1986,1.2980
switzerland,1987,1.3920
switzerland,1988,1.4010
switzerland,1989,1.5240
switzerland,1990,1.6310
switzerland,1991,1.8310
switzerland,1992,1.9250
switzerland,1993,2.0190
switzerland,1994,1.9920
switzerland,1995,2.1950
switzerland,1996,2.3760
switzerland,1997,2.2940
switzerland,1998,2.3610
switzerland,1999,2.4470
switzerland,2000,2.4330
switzerland,2001,2.5320
switzerland,2002,2.4850
switzerland,2003,2.6270
switzerland,2004,2.7100
switzerland,2005,2.7828
switzerland,2006,2.7059
switzerland,2007,2.6347
switzerland,2008,2.8072
switzerland,2009,2.6944
switzerland,2010,3.0097
switzerland,2011,2.6696
switzerland,2012,2.9263
switzerland,2013,3.0818
switzerland,2014,2.6839
taiwan,1965,0.20600
taiwan,1966,0.23100
taiwan,1967,0.29900
taiwan,1968,0.42100
taiwan,1969,0.52900
taiwan,1970,0.50206
taiwan,1971,1.0092
taiwan,1972,1.1749
taiwan,1973,1.3558
taiwan,1974,1.4272
taiwan,1975,1.4170
taiwan,1976,1.6189
taiwan,1977,1.7086
taiwan,1978,1.6830
taiwan,1979,1.6246
taiwan,1980,1.6806
taiwan,1981,1.4321
taiwan,1982,1.2169
taiwan,1983,1.1359
taiwan,1984,1.1430
taiwan,1985,1.0247
taiwan,1986,0.93361
taiwan,1987,0.94434
taiwan,1988,1.0771
taiwan,1989,1.0851
taiwan,1990,1.7415
taiwan,1991,2.5292
taiwan,1992,2.5081
taiwan,1993,2.6248
taiwan,1994,3.1878
taiwan,1995,3.5626
taiwan,1996,3.6353
taiwan,1997,4.2651
taiwan,1998,5.0537
taiwan,1999,5.1431
taiwan,2000,5.5480
taiwan,2001,5.9760
taiwan,2002,6.6837
taiwan,2003,6.8985
taiwan,2004,8.3920
taiwan,2005,8.4605
taiwan,2006,9.0752
taiwan,2007,9.6287
taiwan,2008,10.466
taiwan,2009,10.220
taiwan,2010,12.691
taiwan,2011,13.970
taiwan,2012,14.663
taiwan,2013,14.706
taiwan,2014,15.468
thailand,1965,0.0000
thailand,1966,0.0000
thailand,1967,0.0000
thailand,1968,0.0000
thailand,1969,0.0000
thailand,1970,0.0000
thailand,1971,0.0000
thailand,1972,0.0000
thailand,1973,0.0000
thailand,1974,0.0000
thailand,1975,0.0000
thailand,1976,0.0000
thailand,1977,0.0000
thailand,1978,0.0000
thailand,1979,0.0000
thailand,1980,0.0000
thailand,1981,0.23700
thailand,1982,1.2080
thailand,1983,1.4220
thailand,1984,2.1230
thailand,1985,2.7910
thailand,1986,3.2557
thailand,1987,4.5487
thailand,1988,5.6432
thailand,1989,5.3859
thailand,1990,5.8696
thailand,1991,7.2742
thailand,1992,7.7605
thailand,1993,8.7347
thailand,1994,9.6556
thailand,1995,10.223
thailand,1996,11.818
thailand,1997,14.548
thailand,1998,15.814
thailand,1999,17.311
thailand,2000,19.709
thailand,2001,22.288
thailand,2002,24.213
thailand,2003,25.702
thailand,2004,26.901
thailand,2005,29.292
thailand,2006,29.971
thailand,2007,31.822
thailand,2008,33.635
thailand,2009,35.292
thailand,2010,40.548
thailand,2011,41.906
thailand,2012,46.134
thailand,2013,47.041
thailand,2014,47.441
total_africa,1965,0.90110
total_africa,1966,1.0094
total_africa,1967,0.99440
total_africa,1968,1.0074
total_africa,1969,1.2019
total_africa,1970,1.4973
total_africa,1971,1.6515
total_africa,1972,2.2125
total_africa,1973,3.2707
total_africa,1974,3.6434
total_africa,1975,4.8314
total_africa,1976,5.6323
total_africa,1977,6.3095
total_africa,1978,9.0405
total_africa,1979,13.848
total_africa,1980,17.588
total_africa,1981,21.487
total_africa,1982,23.147
total_africa,1983,25.479
total_africa,1984,24.420
total_africa,1985,26.097
total_africa,1986,29.323
total_africa,1987,30.196
total_africa,1988,33.456
total_africa,1989,34.751
total_africa,1990,35.696
total_africa,1991,35.969
total_africa,1992,38.288
total_africa,1993,38.302
total_africa,1994,40.129
total_africa,1995,42.726
total_africa,1996,45.025
total_africa,1997,44.199
total_africa,1998,46.686
total_africa,1999,46.754
total_africa,2000,51.727
total_africa,2001,58.917
total_africa,2002,62.118
total_africa,2003,66.280
total_africa,2004,73.021
total_africa,2005,76.952
total_africa,2006,80.228
total_africa,2007,86.407
total_africa,2008,90.847
total_africa,2009,89.629
total_africa,2010,96.502
total_africa,2011,102.49
total_africa,2012,109.66
total_africa,2013,108.23
total_africa,2014,108.09
total_asia_pacific,1965,5.2657
total_asia_pacific,1966,5.8585
total_asia_pacific,1967,6.6412
total_asia_pacific,1968,7.2288
total_asia_pacific,1969,9.5274
total_asia_pacific,1970,13.249
total_asia_pacific,1971,15.676
total_asia_pacific,1972,18.152
total_asia_pacific,1973,22.339
total_asia_pacific,1974,27.693
total_asia_pacific,1975,32.085
total_asia_pacific,1976,36.939
total_asia_pacific,1977,45.307
total_asia_pacific,1978,54.105
total_asia_pacific,1979,61.796
total_asia_pacific,1980,66.430
total_asia_pacific,1981,67.344
total_asia_pacific,1982,70.194
total_asia_pacific,1983,77.158
total_asia_pacific,1984,89.777
total_asia_pacific,1985,97.540
total_asia_pacific,1986,106.77
total_asia_pacific,1987,113.44
total_asia_pacific,1988,121.32
total_asia_pacific,1989,129.04
total_asia_pacific,1990,137.29
total_asia_pacific,1991,150.50
total_asia_pacific,1992,159.58
total_asia_pacific,1993,167.73
total_asia_pacific,1994,181.65
total_asia_pacific,1995,190.79
total_asia_pacific,1996,208.27
total_asia_pacific,1997,224.09
total_asia_pacific,1998,230.67
total_asia_pacific,1999,248.73
total_asia_pacific,2000,267.33
total_asia_pacific,2001,283.35
total_asia_pacific,2002,296.67
total_asia_pacific,2003,321.58
total_asia_pacific,2004,339.95
total_asia_pacific,2005,367.34
total_asia_pacific,2006,392.71
total_asia_pacific,2007,421.98
total_asia_pacific,2008,449.37
total_asia_pacific,2009,461.38
total_asia_pacific,2010,514.41
total_asia_pacific,2011,551.01
total_asia_pacific,2012,582.80
total_asia_pacific,2013,598.78
total_asia_pacific,2014,610.74
total_europe_eurasia,1965,140.34
total_europe_eurasia,1966,157.33
total_europe_eurasia,1967,176.45
total_europe_eurasia,1968,199.36
total_europe_eurasia,1969,227.01
total_europe_eurasia,1970,261.08
total_europe_eurasia,1971,298.04
total_europe_eurasia,1972,330.64
total_europe_eurasia,1973,367.09
total_europe_eurasia,1974,400.84
total_europe_eurasia,1975,431.82
total_europe_eurasia,1976,473.78
total_europe_eurasia,1977,502.42
total_europe_eurasia,1978,530.27
total_europe_eurasia,1979,561.52
total_europe_eurasia,1980,572.61
total_europe_eurasia,1981,590.30
total_europe_eurasia,1982,612.82
total_europe_eurasia,1983,645.36
total_europe_eurasia,1984,694.10
total_europe_eurasia,1985,742.18
total_europe_eurasia,1986,762.45
total_europe_eurasia,1987,800.41
total_europe_eurasia,1988,824.67
total_europe_eurasia,1989,847.22
total_europe_eurasia,1990,876.21
total_europe_eurasia,1991,887.72
total_europe_eurasia,1992,853.73
total_europe_eurasia,1993,851.23
total_europe_eurasia,1994,815.10
total_europe_eurasia,1995,823.14
total_europe_eurasia,1996,861.21
total_europe_eurasia,1997,828.65
total_europe_eurasia,1998,848.28
total_europe_eurasia,1999,868.49
total_europe_eurasia,2000,888.32
total_europe_eurasia,2001,910.72
total_europe_eurasia,2002,917.52
total_europe_eurasia,2003,946.92
total_europe_eurasia,2004,970.10
total_europe_eurasia,2005,988.60
total_europe_eurasia,2006,1009.8
total_europe_eurasia,2007,1014.5
total_europe_eurasia,2008,1022.2
total_europe_eurasia,2009,937.35
total_europe_eurasia,2010,1009.2
total_europe_eurasia,2011,988.04
total_europe_eurasia,2012,972.77
total_europe_eurasia,2013,954.72
total_europe_eurasia,2014,908.66
total_middle_east,1965,3.3547
total_middle_east,1966,3.7613
total_middle_east,1967,4.4278
total_middle_east,1968,5.3421
total_middle_east,1969,6.4312
total_middle_east,1970,8.8123
total_middle_east,1971,9.6825
total_middle_east,1972,10.890
total_middle_east,1973,13.287
total_middle_east,1974,13.991
total_middle_east,1975,15.903
total_middle_east,1976,17.379
total_middle_east,1977,19.881
total_middle_east,1978,21.640
total_middle_east,1979,29.224
total_middle_east,1980,29.769
total_middle_east,1981,31.736
total_middle_east,1982,35.420
total_middle_east,1983,35.933
total_middle_east,1984,46.830
total_middle_east,1985,50.570
total_middle_east,1986,60.635
total_middle_east,1987,64.954
total_middle_east,1988,72.435
total_middle_east,1989,80.988
total_middle_east,1990,87.420
total_middle_east,1991,93.238
total_middle_east,1992,106.36
total_middle_east,1993,99.304
total_middle_east,1994,115.18
total_middle_east,1995,126.83
total_middle_east,1996,136.52
total_middle_east,1997,144.11
total_middle_east,1998,154.78
total_middle_east,1999,162.82
total_middle_east,2000,168.11
total_middle_east,2001,186.44
total_middle_east,2002,199.06
total_middle_east,2003,208.02
total_middle_east,2004,233.37
total_middle_east,2005,249.29
total_middle_east,2006,265.21
total_middle_east,2007,284.14
total_middle_east,2008,312.33
total_middle_east,2009,324.97
total_middle_east,2010,355.89
total_middle_east,2011,376.84
total_middle_east,2012,387.46
total_middle_east,2013,393.93
total_middle_east,2014,418.64
total_north_america,1965,425.36
total_north_america,1966,458.61
total_north_america,1967,482.81
total_north_america,1968,517.88
total_north_america,1969,559.72
total_north_america,1970,591.15
total_north_america,1971,610.68
total_north_america,1972,621.48
total_north_america,1973,620.39
total_north_america,1974,601.78
total_north_america,1975,558.38
total_north_america,1976,568.58
total_north_america,1977,560.92
total_north_america,1978,566.35
total_north_america,1979,587.22
total_north_america,1980,577.65
total_north_america,1981,565.67
total_north_america,1982,535.35
total_north_america,1983,505.12
total_north_america,1984,540.06
total_north_america,1985,525.64
total_north_america,1986,492.72
total_north_america,1987,520.13
total_north_america,1988,545.98
total_north_america,1989,579.03
total_north_america,1990,579.01
total_north_america,1991,591.76
total_north_america,1992,612.53
total_north_america,1993,629.95
total_north_america,1994,646.57
total_north_america,1995,673.81
total_north_america,1996,689.49
total_north_america,1997,695.73
total_north_america,1998,685.66
total_north_america,1999,690.74
total_north_america,2000,720.51
total_north_america,2001,691.30
total_north_america,2002,715.44
total_north_america,2003,709.38
total_north_america,2004,712.06
total_north_america,2005,711.47
total_north_america,2006,707.56
total_north_america,2007,739.94
total_north_america,2008,746.96
total_north_america,2009,740.53
total_north_america,2010,770.03
total_north_america,2011,788.56
total_north_america,2012,819.59
total_north_america,2013,845.51
total_north_america,2014,866.33
total_s_cent_america,1965,12.795
total_s_cent_america,1966,13.677
total_s_cent_america,1967,14.731
total_s_cent_america,1968,15.501
total_s_cent_america,1969,15.955
total_s_cent_america,1970,16.312
total_s_cent_america,1971,16.692
total_s_cent_america,1972,17.722
total_s_cent_america,1973,19.974
total_s_cent_america,1974,21.011
total_s_cent_america,1975,21.029
total_s_cent_america,1976,24.486
total_s_cent_america,1977,26.453
total_s_cent_america,1978,27.292
total_s_cent_america,1979,29.585
total_s_cent_america,1980,31.487
total_s_cent_america,1981,32.405
total_s_cent_america,1982,35.960
total_s_cent_america,1983,37.533
total_s_cent_america,1984,40.509
total_s_cent_america,1985,41.310
total_s_cent_america,1986,44.727
total_s_cent_america,1987,44.850
total_s_cent_america,1988,48.759
total_s_cent_america,1989,50.468
total_s_cent_america,1990,52.041
total_s_cent_america,1991,52.636
total_s_cent_america,1992,54.282
total_s_cent_america,1993,58.316
total_s_cent_america,1994,61.392
total_s_cent_america,1995,67.563
total_s_cent_america,1996,74.828
total_s_cent_america,1997,76.441
total_s_cent_america,1998,81.441
total_s_cent_america,1999,80.563
total_s_cent_america,2000,85.603
total_s_cent_america,2001,90.289
total_s_cent_america,2002,91.253
total_s_cent_america,2003,96.070
total_s_cent_america,2004,107.12
total_s_cent_america,2005,111.64
total_s_cent_america,2006,122.36
total_s_cent_america,2007,128.45
total_s_cent_america,2008,129.33
total_s_cent_america,2009,125.23
total_s_cent_america,2010,133.75
total_s_cent_america,2011,136.88
total_s_cent_america,2012,145.52
total_s_cent_america,2013,151.58
total_s_cent_america,2014,153.06
total_world,1965,588.02
total_world,1966,640.24
total_world,1967,686.06
total_world,1968,746.32
total_world,1969,819.85
total_world,1970,892.10
total_world,1971,952.42
total_world,1972,1001.1
total_world,1973,1046.3
total_world,1974,1069.0
total_world,1975,1064.0
total_world,1976,1126.8
total_world,1977,1161.3
total_world,1978,1208.7
total_world,1979,1283.2
total_world,1980,1295.5
total_world,1981,1308.9
total_world,1982,1312.9
total_world,1983,1326.6
total_world,1984,1435.7
total_world,1985,1483.3
total_world,1986,1496.6
total_world,1987,1574.0
total_world,1988,1646.6
total_world,1989,1721.5
total_world,1990,1767.7
total_world,1991,1811.8
total_world,1992,1824.8
total_world,1993,1844.8
total_world,1994,1860.0
total_world,1995,1924.9
total_world,1996,2015.3
total_world,1997,2013.2
total_world,1998,2047.5
total_world,1999,2098.1
total_world,2000,2181.6
total_world,2001,2221.0
total_world,2002,2282.1
total_world,2003,2348.3
total_world,2004,2435.6
total_world,2005,2505.3
total_world,2006,2577.9
total_world,2007,2675.4
total_world,2008,2751.0
total_world,2009,2679.1
total_world,2010,2879.7
total_world,2011,2943.8
total_world,2012,3017.8
total_world,2013,3052.8
total_world,2014,3065.5
trinidad_tobago,1965,1.0520
trinidad_tobago,1966,1.2340
trinidad_tobago,1967,1.3620
trinidad_tobago,1968,1.4290
trinidad_tobago,1969,1.4370
trinidad_tobago,1970,1.6440
trinidad_tobago,1971,1.6023
trinidad_tobago,1972,1.6561
trinidad_tobago,1973,1.5905
trinidad_tobago,1974,1.4531
trinidad_tobago,1975,1.3207
trinidad_tobago,1976,1.4865
trinidad_tobago,1977,1.7473
trinidad_tobago,1978,2.0860
trinidad_tobago,1979,2.2770
trinidad_tobago,1980,2.4830
trinidad_tobago,1981,2.6040
trinidad_tobago,1982,3.1870
trinidad_tobago,1983,3.5570
trinidad_tobago,1984,3.7100
trinidad_tobago,1985,3.7060
trinidad_tobago,1986,3.9100
trinidad_tobago,1987,4.0520
trinidad_tobago,1988,4.5610
trinidad_tobago,1989,4.6040
trinidad_tobago,1990,4.7440
trinidad_tobago,1991,5.1300
trinidad_tobago,1992,4.9500
trinidad_tobago,1993,5.5530
trinidad_tobago,1994,6.3630
trinidad_tobago,1995,6.8310
trinidad_tobago,1996,7.7130
trinidad_tobago,1997,8.3700
trinidad_tobago,1998,8.3700
trinidad_tobago,1999,8.5860
trinidad_tobago,2000,8.7336
trinidad_tobago,2001,10.047
trinidad_tobago,2002,10.803
trinidad_tobago,2003,12.017
trinidad_tobago,2004,13.226
trinidad_tobago,2005,14.679
trinidad_tobago,2006,19.070
trinidad_tobago,2007,19.739
trinidad_tobago,2008,19.181
trinidad_tobago,2009,19.944
trinidad_tobago,2010,20.858
trinidad_tobago,2011,20.966
trinidad_tobago,2012,19.995
trinidad_tobago,2013,20.175
trinidad_tobago,2014,19.773
turkey,1965,0.0000
turkey,1966,0.0000
turkey,1967,0.0000
turkey,1968,0.0000
turkey,1969,0.0000
turkey,1970,0.0000
turkey,1971,0.0000
turkey,1972,0.0000
turkey,1973,0.0000
turkey,1974,0.0000
turkey,1975,0.0000
turkey,1976,0.0000
turkey,1977,0.0000
turkey,1978,0.0000
turkey,1979,0.0000
turkey,1980,0.0000
turkey,1981,0.0000
turkey,1982,0.032000
turkey,1983,0.035000
turkey,1984,0.034000
turkey,1985,0.044000
turkey,1986,0.37600
turkey,1987,0.46980
turkey,1988,1.0674
turkey,1989,2.8377
turkey,1990,3.0357
turkey,1991,3.7188
turkey,1992,4.0689
turkey,1993,4.4568
turkey,1994,4.7259
turkey,1995,6.1137
turkey,1996,7.1154
turkey,1997,8.7489
turkey,1998,9.2439
turkey,1999,11.144
turkey,2000,13.109
turkey,2001,14.424
turkey,2002,15.640
turkey,2003,18.844
turkey,2004,19.897
turkey,2005,24.178
turkey,2006,27.444
turkey,2007,32.455
turkey,2008,33.750
turkey,2009,32.130
turkey,2010,35.100
turkey,2011,40.242
turkey,2012,40.729
turkey,2013,41.076
turkey,2014,43.746
turkmenistan,1985,7.5418
turkmenistan,1986,12.217
turkmenistan,1987,12.135
turkmenistan,1988,12.298
turkmenistan,1989,12.706
turkmenistan,1990,8.5605
turkmenistan,1991,8.3888
turkmenistan,1992,8.1453
turkmenistan,1993,8.1453
turkmenistan,1994,8.8777
turkmenistan,1995,7.0044
turkmenistan,1996,8.7147
turkmenistan,1997,8.7962
turkmenistan,1998,8.9592
turkmenistan,1999,9.8556
turkmenistan,2000,10.996
turkmenistan,2001,11.240
turkmenistan,2002,11.566
turkmenistan,2003,12.787
turkmenistan,2004,13.521
turkmenistan,2005,14.498
turkmenistan,2006,16.534
turkmenistan,2007,19.140
turkmenistan,2008,19.266
turkmenistan,2009,17.688
turkmenistan,2010,20.361
turkmenistan,2011,21.190
turkmenistan,2012,23.684
turkmenistan,2013,20.582
turkmenistan,2014,24.926
ukraine,1985,78.410
ukraine,1986,82.751
ukraine,1987,84.543
ukraine,1988,89.593
ukraine,1989,90.570
ukraine,1990,111.60
ukraine,1991,106.05
ukraine,1992,90.407
ukraine,1993,81.122
ukraine,1994,71.023
ukraine,1995,66.543
ukraine,1996,72.000
ukraine,1997,64.833
ukraine,1998,60.027
ukraine,1999,63.774
ukraine,2000,63.855
ukraine,2001,61.900
ukraine,2002,60.923
ukraine,2003,62.145
ukraine,2004,61.656
ukraine,2005,62.145
ukraine,2006,60.271
ukraine,2007,56.851
ukraine,2008,54.000
ukraine,2009,42.091
ukraine,2010,46.955
ukraine,2011,48.303
ukraine,2012,44.612
ukraine,2013,41.050
ukraine,2014,34.587
united_arab_emirates,1965,0.0000
united_arab_emirates,1966,0.0000
united_arab_emirates,1967,0.40900
united_arab_emirates,1968,0.54000
united_arab_emirates,1969,0.53100
united_arab_emirates,1970,0.75600
united_arab_emirates,1971,1.1970
united_arab_emirates,1972,1.2420
united_arab_emirates,1973,1.5570
united_arab_emirates,1974,1.6200
united_arab_emirates,1975,1.4940
united_arab_emirates,1976,1.7460
united_arab_emirates,1977,3.0420
united_arab_emirates,1978,3.6090
united_arab_emirates,1979,3.9240
united_arab_emirates,1980,4.4280
united_arab_emirates,1981,5.5890
united_arab_emirates,1982,5.8680
united_arab_emirates,1983,5.3550
united_arab_emirates,1984,7.3620
united_arab_emirates,1985,9.1080
united_arab_emirates,1986,11.061
united_arab_emirates,1987,12.618
united_arab_emirates,1988,12.762
united_arab_emirates,1989,15.543
united_arab_emirates,1990,15.219
united_arab_emirates,1991,18.324
united_arab_emirates,1992,16.875
united_arab_emirates,1993,17.676
united_arab_emirates,1994,20.439
united_arab_emirates,1995,22.311
united_arab_emirates,1996,24.435
united_arab_emirates,1997,26.100
united_arab_emirates,1998,27.351
united_arab_emirates,1999,28.278
united_arab_emirates,2000,28.287
united_arab_emirates,2001,34.074
united_arab_emirates,2002,32.796
united_arab_emirates,2003,34.092
united_arab_emirates,2004,36.189
united_arab_emirates,2005,37.845
united_arab_emirates,2006,39.024
united_arab_emirates,2007,44.251
united_arab_emirates,2008,53.513
united_arab_emirates,2009,53.158
united_arab_emirates,2010,54.712
united_arab_emirates,2011,56.895
united_arab_emirates,2012,59.013
united_arab_emirates,2013,60.092
united_arab_emirates,2014,62.398
united_kingdom,1965,0.73900
united_kingdom,1966,0.72100
united_kingdom,1967,1.2130
united_kingdom,1968,2.7390
united_kingdom,1969,5.3370
united_kingdom,1970,10.170
united_kingdom,1971,16.398
united_kingdom,1972,23.270
united_kingdom,1973,25.177
united_kingdom,1974,30.114
united_kingdom,1975,31.554
united_kingdom,1976,33.469
united_kingdom,1977,35.573
united_kingdom,1978,36.899
united_kingdom,1979,40.427
united_kingdom,1980,40.307
united_kingdom,1981,40.853
united_kingdom,1982,40.649
united_kingdom,1983,42.372
united_kingdom,1984,43.351
united_kingdom,1985,46.623
united_kingdom,1986,47.399
united_kingdom,1987,48.681
united_kingdom,1988,46.370
united_kingdom,1989,45.316
united_kingdom,1990,47.183
united_kingdom,1991,50.969
united_kingdom,1992,50.724
united_kingdom,1993,57.805
united_kingdom,1994,59.523
united_kingdom,1995,63.464
united_kingdom,1996,73.933
united_kingdom,1997,76.026
united_kingdom,1998,79.032
united_kingdom,1999,84.146
united_kingdom,2000,87.116
united_kingdom,2001,86.677
united_kingdom,2002,85.546
united_kingdom,2003,85.765
united_kingdom,2004,87.647
united_kingdom,2005,85.414
united_kingdom,2006,81.005
united_kingdom,2007,81.903
united_kingdom,2008,84.402
united_kingdom,2009,78.423
united_kingdom,2010,84.753
united_kingdom,2011,70.356
united_kingdom,2012,66.534
united_kingdom,2013,66.076
united_kingdom,2014,60.007
us,1965,397.36
us,1966,428.28
us,1967,452.20
us,1968,484.08
us,1969,521.08
us,1970,549.22
us,1971,566.21
us,1972,571.98
us,1973,567.30
us,1974,547.65
us,1975,502.68
us,1976,512.70
us,1977,502.24
us,1978,504.00
us,1979,520.77
us,1980,509.92
us,1981,497.62
us,1982,462.57
us,1983,433.96
us,1984,463.51
us,1985,446.12
us,1986,418.10
us,1987,444.52
us,1988,464.89
us,1989,493.95
us,1990,493.99
us,1991,504.82
us,1992,521.97
us,1993,534.96
us,1994,547.54
us,1995,571.30
us,1996,581.72
us,1997,585.20
us,1998,575.31
us,1999,577.30
us,2000,600.35
us,2001,573.86
us,2002,592.44
us,2003,575.32
us,2004,577.65
us,2005,568.64
us,2006,560.41
us,2007,596.29
us,2008,600.83
us,2009,590.07
us,2010,619.27
us,2011,628.84
us,2012,657.42
us,2013,675.82
us,2014,695.30
uzbekistan,1985,28.727
uzbekistan,1986,27.693
uzbekistan,1987,28.995
uzbekistan,1988,28.588
uzbekistan,1989,30.217
uzbekistan,1990,32.164
uzbekistan,1991,32.416
uzbekistan,1992,32.579
uzbekistan,1993,35.511
uzbekistan,1994,36.081
uzbekistan,1995,36.978
uzbekistan,1996,37.792
uzbekistan,1997,39.665
uzbekistan,1998,41.049
uzbekistan,1999,43.004
uzbekistan,2000,41.131
uzbekistan,2001,44.633
uzbekistan,2002,45.774
uzbekistan,2003,41.212
uzbekistan,2004,39.095
uzbekistan,2005,38.443
uzbekistan,2006,37.710
uzbekistan,2007,41.294
uzbekistan,2008,43.845
uzbekistan,2009,35.889
uzbekistan,2010,36.755
uzbekistan,2011,42.878
uzbekistan,2012,42.468
uzbekistan,2013,42.153
uzbekistan,2014,43.890
venezuela,1965,6.0960
venezuela,1966,6.3920
venezuela,1967,7.0040
venezuela,1968,7.2300
venezuela,1969,7.4400
venezuela,1970,6.9390
venezuela,1971,6.7250
venezuela,1972,6.6840
venezuela,1973,8.2340
venezuela,1974,8.7020
venezuela,1975,8.4640
venezuela,1976,10.492
venezuela,1977,11.453
venezuela,1978,11.557
venezuela,1979,12.944
venezuela,1980,13.325
venezuela,1981,13.397
venezuela,1982,14.295
venezuela,1983,14.076
venezuela,1984,15.570
venezuela,1985,15.593
venezuela,1986,17.167
venezuela,1987,16.728
venezuela,1988,17.125
venezuela,1989,17.584
venezuela,1990,19.769
venezuela,1991,19.712
venezuela,1992,19.455
venezuela,1993,20.996
venezuela,1994,22.208
venezuela,1995,24.751
venezuela,1996,26.758
venezuela,1997,27.747
venezuela,1998,29.102
venezuela,1999,24.669
venezuela,2000,25.132
venezuela,2001,26.634
venezuela,2002,25.574
venezuela,2003,22.702
venezuela,2004,25.564
venezuela,2005,24.677
venezuela,2006,28.335
venezuela,2007,32.539
venezuela,2008,30.862
venezuela,2009,29.532
venezuela,2010,26.653
venezuela,2011,26.741
venezuela,2012,28.454
venezuela,2013,27.931
venezuela,2014,26.813
vietnam,1965,0.0000
vietnam,1966,0.0000
vietnam,1967,0.0000
vietnam,1968,0.0000
vietnam,1969,0.0000
vietnam,1970,0.0000
vietnam,1971,0.0000
vietnam,1972,0.0000
vietnam,1973,0.0000
vietnam,1974,0.0000
vietnam,1975,0.0000
vietnam,1976,0.0000
vietnam,1977,0.0000
vietnam,1978,0.0000
vietnam,1979,0.0000
vietnam,1980,0.0000
vietnam,1981,0.0090000
vietnam,1982,0.017000
vietnam,1983,0.059000
vietnam,1984,0.051000
vietnam,1985,0.032000
vietnam,1986,0.033000
vietnam,1987,0.033000
vietnam,1988,0.025000
vietnam,1989,0.030000
vietnam,1990,0.036000
vietnam,1991,0.065000
vietnam,1992,0.18900
vietnam,1993,0.22500
vietnam,1994,0.22500
vietnam,1995,0.13100
vietnam,1996,0.25800
vietnam,1997,0.47800
vietnam,1998,0.81000
vietnam,1999,1.1700
vietnam,2000,1.4400
vietnam,2001,1.8000
vietnam,2002,2.1600
vietnam,2003,2.1360
vietnam,2004,3.7440
vietnam,2005,5.7960
vietnam,2006,6.3000
vietnam,2007,6.3717
vietnam,2008,6.7491
vietnam,2009,7.2094
vietnam,2010,8.4618
vietnam,2011,7.6320
vietnam,2012,8.4195
vietnam,2013,8.7759
vietnam,2014,9.1890
