geo,year,solar_consumption_twh
algeria,1965,0.0
algeria,1966,0.0
algeria,1967,0.0
algeria,1968,0.0
algeria,1969,0.0
algeria,1970,0.0
algeria,1971,0.0
algeria,1972,0.0
algeria,1973,0.0
algeria,1974,0.0
algeria,1975,0.0
algeria,1976,0.0
algeria,1977,0.0
algeria,1978,0.0
algeria,1979,0.0
algeria,1980,0.0
algeria,1981,0.0
algeria,1982,0.0
algeria,1983,0.0
algeria,1984,0.0
algeria,1985,0.0
algeria,1986,0.0
algeria,1987,0.0
algeria,1988,0.0
algeria,1989,0.0
algeria,1990,0.0
algeria,1991,0.0
algeria,1992,0.0
algeria,1993,0.0
algeria,1994,0.0
algeria,1995,0.0
algeria,1996,0.0
algeria,1997,0.0
algeria,1998,0.0
algeria,1999,0.0
algeria,2000,0.0
algeria,2001,0.0
algeria,2002,0.0
algeria,2003,0.0
algeria,2004,0.0
algeria,2005,0.0
algeria,2006,0.0
algeria,2007,0.0
algeria,2008,0.0
algeria,2009,0.0
algeria,2010,0.0
algeria,2011,0.124
algeria,2012,0.232
algeria,2013,0.231
algeria,2014,0.237
argentina,1965,0.0
argentina,1966,0.0
argentina,1967,0.0
argentina,1968,0.0
argentina,1969,0.0
argentina,1970,0.0
argentina,1971,0.0
argentina,1972,0.0
argentina,1973,0.0
argentina,1974,0.0
argentina,1975,0.0
argentina,1976,0.0
argentina,1977,0.0
argentina,1978,0.0
argentina,1979,0.0
argentina,1980,0.0
argentina,1981,0.0
argentina,1982,0.0
argentina,1983,0.0
argentina,1984,0.0
argentina,1985,0.0
argentina,1986,0.0
argentina,1987,0.0
argentina,1988,0.0
argentina,1989,0.0
argentina,1990,0.0
argentina,1991,0.0
argentina,1992,0.0
argentina,1993,0.0
argentina,1994,0.0
argentina,1995,0.0
argentina,1996,0.0
argentina,1997,0.0
argentina,1998,1.7e-05
argentina,1999,2.6e-05
argentina,2000,3.6e-05
argentina,2001,4.3e-05
argentina,2002,4.7e-05
argentina,2003,6.5e-05
argentina,2004,7e-05
argentina,2005,8.1e-05
argentina,2006,9e-05
argentina,2007,0.0001089
argentina,2008,0.0001437
argentina,2009,7.6e-05
argentina,2010,8.6e-05
argentina,2011,0.00141414141414
argentina,2012,0.00818181818182
argentina,2013,0.01515151515151
argentina,2014,0.01585858585859
australia,1965,0.0
australia,1966,0.0
australia,1967,0.0
australia,1968,0.0
australia,1969,0.0
australia,1970,0.0
australia,1971,0.0
australia,1972,0.0
australia,1973,0.0
australia,1974,0.0
australia,1975,0.0
australia,1976,0.0
australia,1977,0.0
australia,1978,0.0
australia,1979,0.0
australia,1980,0.0
australia,1981,0.0
australia,1982,0.0
australia,1983,0.0
australia,1984,0.0
australia,1985,0.0
australia,1986,0.0
australia,1987,0.0
australia,1988,0.0
australia,1989,0.0
australia,1990,0.0
australia,1991,0.005
australia,1992,0.012
australia,1993,0.015
australia,1994,0.017
australia,1995,0.021
australia,1996,0.026
australia,1997,0.031
australia,1998,0.036
australia,1999,0.041
australia,2000,0.047
australia,2001,0.054
australia,2002,0.058
australia,2003,0.063
australia,2004,0.073
australia,2005,0.084
australia,2006,0.098
australia,2007,0.114
australia,2008,0.139
australia,2009,0.29024203008217
australia,2010,0.97764827982089
australia,2011,2.04454657009879
australia,2012,2.41199999999999
australia,2013,3.84739999999998
australia,2014,4.51437839999998
austria,1965,0.0
austria,1966,0.0
austria,1967,0.0
austria,1968,0.0
austria,1969,0.0
austria,1970,0.0
austria,1971,0.0
austria,1972,0.0
austria,1973,0.0
austria,1974,0.0
austria,1975,0.0
austria,1976,0.0
austria,1977,0.0
austria,1978,0.0
austria,1979,0.0
austria,1980,0.0
austria,1981,0.0
austria,1982,0.0
austria,1983,0.0
austria,1984,0.0
austria,1985,0.0
austria,1986,0.0
austria,1987,0.0
austria,1988,0.0
austria,1989,0.0
austria,1990,0.0
austria,1991,0.0
austria,1992,0.0
austria,1993,0.001
austria,1994,0.001
austria,1995,0.001
austria,1996,0.001
austria,1997,0.002
austria,1998,0.002
austria,1999,0.002
austria,2000,0.003
austria,2001,0.005
austria,2002,0.009
austria,2003,0.015
austria,2004,0.018
austria,2005,0.021018
austria,2006,0.022387
austria,2007,0.024238
austria,2008,0.03011991
austria,2009,0.04891428
austria,2010,0.08881314
austria,2011,0.17406996
austria,2012,0.33748305
austria,2013,0.58215582
austria,2014,0.81945687272727
azerbaijan,1985,0.0
azerbaijan,1986,0.0
azerbaijan,1987,0.0
azerbaijan,1988,0.0
azerbaijan,1989,0.0
azerbaijan,1990,0.0
azerbaijan,1991,0.0
azerbaijan,1992,0.0
azerbaijan,1993,0.0
azerbaijan,1994,0.0
azerbaijan,1995,0.0
azerbaijan,1996,0.0
azerbaijan,1997,0.0
azerbaijan,1998,0.0
azerbaijan,1999,0.0
azerbaijan,2000,0.0
azerbaijan,2001,0.0
azerbaijan,2002,0.0
azerbaijan,2003,0.0
azerbaijan,2004,0.0
azerbaijan,2005,0.0
azerbaijan,2006,0.0
azerbaijan,2007,0.0
azerbaijan,2008,0.0
azerbaijan,2009,0.0
azerbaijan,2010,0.0
azerbaijan,2011,0.0
azerbaijan,2012,0.0
azerbaijan,2013,0.0008
azerbaijan,2014,0.0029
bangladesh,1965,0.0
bangladesh,1966,0.0
bangladesh,1967,0.0
bangladesh,1968,0.0
bangladesh,1969,0.0
bangladesh,1970,0.0
bangladesh,1971,0.0
bangladesh,1972,0.0
bangladesh,1973,0.0
bangladesh,1974,0.0
bangladesh,1975,0.0
bangladesh,1976,0.0
bangladesh,1977,0.0
bangladesh,1978,0.0
bangladesh,1979,0.0
bangladesh,1980,0.0
bangladesh,1981,0.0
bangladesh,1982,0.0
bangladesh,1983,0.0
bangladesh,1984,0.0
bangladesh,1985,0.0
bangladesh,1986,0.0
bangladesh,1987,0.0
bangladesh,1988,0.0
bangladesh,1989,0.0
bangladesh,1990,0.0
bangladesh,1991,0.0
bangladesh,1992,0.0
bangladesh,1993,0.0
bangladesh,1994,0.0
bangladesh,1995,0.0
bangladesh,1996,0.0
bangladesh,1997,0.0
bangladesh,1998,0.0
bangladesh,1999,0.0
bangladesh,2000,0.0010101010101
bangladesh,2001,0.0010101010101
bangladesh,2002,0.0020202020202
bangladesh,2003,0.0030303030303
bangladesh,2004,0.0040404040404
bangladesh,2005,0.0050505050505
bangladesh,2006,0.01010101010101
bangladesh,2007,0.02020202020202
bangladesh,2008,0.02020202020202
bangladesh,2009,0.037
bangladesh,2010,0.055
bangladesh,2011,0.078
bangladesh,2012,0.108
bangladesh,2013,0.16947797095096
bangladesh,2014,0.22814342243398
belarus,1985,0.0
belarus,1986,0.0
belarus,1987,0.0
belarus,1988,0.0
belarus,1989,0.0
belarus,1990,0.0
belarus,1991,0.0
belarus,1992,0.0
belarus,1993,0.0
belarus,1994,0.0
belarus,1995,0.0
belarus,1996,0.0
belarus,1997,0.0
belarus,1998,0.0
belarus,1999,0.0
belarus,2000,0.0
belarus,2001,0.0
belarus,2002,0.0
belarus,2003,0.0
belarus,2004,0.0
belarus,2005,0.0
belarus,2006,0.0
belarus,2007,0.0
belarus,2008,0.0
belarus,2009,0.0
belarus,2010,0.002255
belarus,2011,0.00253
belarus,2012,0.00501871232877
belarus,2013,0.00781
belarus,2014,0.00891
belgium,1965,0.0
belgium,1966,0.0
belgium,1967,0.0
belgium,1968,0.0
belgium,1969,0.0
belgium,1970,0.0
belgium,1971,0.0
belgium,1972,0.0
belgium,1973,0.0
belgium,1974,0.0
belgium,1975,0.0
belgium,1976,0.0
belgium,1977,0.0
belgium,1978,0.0
belgium,1979,0.0
belgium,1980,0.0
belgium,1981,0.0
belgium,1982,0.0
belgium,1983,0.0
belgium,1984,0.0
belgium,1985,0.0
belgium,1986,0.0
belgium,1987,0.0
belgium,1988,0.0
belgium,1989,0.0
belgium,1990,0.0
belgium,1991,0.0
belgium,1992,0.0
belgium,1993,0.0
belgium,1994,0.0
belgium,1995,0.0
belgium,1996,0.0
belgium,1997,0.0
belgium,1998,0.0
belgium,1999,0.0
belgium,2000,0.0
belgium,2001,0.0
belgium,2002,0.0
belgium,2003,0.0
belgium,2004,0.001
belgium,2005,0.001
belgium,2006,0.002
belgium,2007,0.006
belgium,2008,0.042
belgium,2009,0.166
belgium,2010,0.56
belgium,2011,1.169
belgium,2012,2.14799999999999
belgium,2013,2.63999999999999
belgium,2014,3.08615999999999
brazil,1965,0.0
brazil,1966,0.0
brazil,1967,0.0
brazil,1968,0.0
brazil,1969,0.0
brazil,1970,0.0
brazil,1971,0.0
brazil,1972,0.0
brazil,1973,0.0
brazil,1974,0.0
brazil,1975,0.0
brazil,1976,0.0
brazil,1977,0.0
brazil,1978,0.0
brazil,1979,0.0
brazil,1980,0.0
brazil,1981,0.0
brazil,1982,0.0
brazil,1983,0.0
brazil,1984,0.0
brazil,1985,0.0
brazil,1986,0.0
brazil,1987,0.0
brazil,1988,0.0
brazil,1989,0.0
brazil,1990,0.0
brazil,1991,0.0
brazil,1992,0.0
brazil,1993,0.0
brazil,1994,0.0
brazil,1995,0.0
brazil,1996,0.0
brazil,1997,0.0
brazil,1998,0.0
brazil,1999,0.0
brazil,2000,0.0
brazil,2001,0.0
brazil,2002,0.0
brazil,2003,0.0
brazil,2004,0.0
brazil,2005,0.0
brazil,2006,0.0
brazil,2007,0.0
brazil,2008,0.0
brazil,2009,0.0
brazil,2010,0.0
brazil,2011,0.0
brazil,2012,0.00098
brazil,2013,0.00139
brazil,2014,0.00398
bulgaria,1965,0.0
bulgaria,1966,0.0
bulgaria,1967,0.0
bulgaria,1968,0.0
bulgaria,1969,0.0
bulgaria,1970,0.0
bulgaria,1971,0.0
bulgaria,1972,0.0
bulgaria,1973,0.0
bulgaria,1974,0.0
bulgaria,1975,0.0
bulgaria,1976,0.0
bulgaria,1977,0.0
bulgaria,1978,0.0
bulgaria,1979,0.0
bulgaria,1980,0.0
bulgaria,1981,0.0
bulgaria,1982,0.0
bulgaria,1983,0.0
bulgaria,1984,0.0
bulgaria,1985,0.0
bulgaria,1986,0.0
bulgaria,1987,0.0
bulgaria,1988,0.0
bulgaria,1989,0.0
bulgaria,1990,0.0
bulgaria,1991,0.0
bulgaria,1992,0.0
bulgaria,1993,0.0
bulgaria,1994,0.0
bulgaria,1995,0.0
bulgaria,1996,0.0
bulgaria,1997,0.0
bulgaria,1998,0.0
bulgaria,1999,0.0
bulgaria,2000,0.0
bulgaria,2001,0.0
bulgaria,2002,0.0
bulgaria,2003,0.0
bulgaria,2004,0.0
bulgaria,2005,0.0
bulgaria,2006,0.0
bulgaria,2007,0.0
bulgaria,2008,0.0
bulgaria,2009,0.003
bulgaria,2010,0.011
bulgaria,2011,0.10467
bulgaria,2012,0.8141
bulgaria,2013,1.36070999999999
bulgaria,2014,1.36875360591132
canada,1965,0.0
canada,1966,0.0
canada,1967,0.0
canada,1968,0.0
canada,1969,0.0
canada,1970,0.0
canada,1971,0.0
canada,1972,0.0
canada,1973,0.0
canada,1974,0.0
canada,1975,0.0
canada,1976,0.0
canada,1977,0.0
canada,1978,0.0
canada,1979,0.0
canada,1980,0.0
canada,1981,0.0
canada,1982,0.0
canada,1983,0.0
canada,1984,0.0
canada,1985,0.0
canada,1986,0.0
canada,1987,0.0
canada,1988,0.0
canada,1989,0.0
canada,1990,0.0
canada,1991,0.0
canada,1992,0.002052632
canada,1993,0.002052632
canada,1994,0.002052632
canada,1995,0.003842105
canada,1996,0.005894737
canada,1997,0.006947368
canada,1998,0.010105263
canada,1999,0.01326315789474
canada,2000,0.01642105263158
canada,2001,0.01957894736842
canada,2002,0.02273684210526
canada,2003,0.02278947368421
canada,2004,0.01426315789474
canada,2005,0.01847368421053
canada,2006,0.02268421052632
canada,2007,0.02894736842105
canada,2008,0.03542105263158
canada,2009,0.11
canada,2010,0.12052525252525
canada,2011,0.2665707070707
canada,2012,0.33522424242424
canada,2013,0.5003176887046
canada,2014,0.73927539077247
chile,1965,0.0
chile,1966,0.0
chile,1967,0.0
chile,1968,0.0
chile,1969,0.0
chile,1970,0.0
chile,1971,0.0
chile,1972,0.0
chile,1973,0.0
chile,1974,0.0
chile,1975,0.0
chile,1976,0.0
chile,1977,0.0
chile,1978,0.0
chile,1979,0.0
chile,1980,0.0
chile,1981,0.0
chile,1982,0.0
chile,1983,0.0
chile,1984,0.0
chile,1985,0.0
chile,1986,0.0
chile,1987,0.0
chile,1988,0.0
chile,1989,0.0
chile,1990,0.0
chile,1991,0.0
chile,1992,0.0
chile,1993,0.0
chile,1994,0.0
chile,1995,0.0
chile,1996,0.0
chile,1997,0.0
chile,1998,0.0
chile,1999,0.0
chile,2000,0.0
chile,2001,0.0
chile,2002,0.0
chile,2003,0.0
chile,2004,0.0
chile,2005,0.0
chile,2006,0.0
chile,2007,0.0
chile,2008,0.0
chile,2009,0.0
chile,2010,0.0
chile,2011,0.0
chile,2012,0.00034039
chile,2013,0.00675656
chile,2014,0.458712984
china,1965,0.0
china,1966,0.0
china,1967,0.0
china,1968,0.0
china,1969,0.0
china,1970,0.0
china,1971,0.0
china,1972,0.0
china,1973,0.0
china,1974,0.0
china,1975,0.0
china,1976,0.0
china,1977,0.0
china,1978,0.0
china,1979,0.0
china,1980,0.0
china,1981,0.0
china,1982,0.0
china,1983,0.0
china,1984,0.0
china,1985,0.0
china,1986,0.0
china,1987,0.0
china,1988,0.0
china,1989,0.0
china,1990,0.0020202020202
china,1991,0.0020202020202
china,1992,0.0030303030303
china,1993,0.0040404040404
china,1994,0.0050505050505
china,1995,0.00707070707071
china,1996,0.00909090909091
china,1997,0.01111111111111
china,1998,0.01414141414141
china,1999,0.01717171717172
china,2000,0.02020202020202
china,2001,0.02424242424242
china,2002,0.04040404040404
china,2003,0.06363636363636
china,2004,0.06868686868687
china,2005,0.07474747474747
china,2006,0.08484848484848
china,2007,0.1060606060606
china,2008,0.15353535353535
china,2009,0.39595959595959
china,2010,0.94848484848484
china,2011,2.6313131313131
china,2012,6.43030303030295
china,2013,15.5171550346811
china,2014,29.1042294243896
china_hong_kong_sar,1965,0.0
china_hong_kong_sar,1966,0.0
china_hong_kong_sar,1967,0.0
china_hong_kong_sar,1968,0.0
china_hong_kong_sar,1969,0.0
china_hong_kong_sar,1970,0.0
china_hong_kong_sar,1971,0.0
china_hong_kong_sar,1972,0.0
china_hong_kong_sar,1973,0.0
china_hong_kong_sar,1974,0.0
china_hong_kong_sar,1975,0.0
china_hong_kong_sar,1976,0.0
china_hong_kong_sar,1977,0.0
china_hong_kong_sar,1978,0.0
china_hong_kong_sar,1979,0.0
china_hong_kong_sar,1980,0.0
china_hong_kong_sar,1981,0.0
china_hong_kong_sar,1982,0.0
china_hong_kong_sar,1983,0.0
china_hong_kong_sar,1984,0.0
china_hong_kong_sar,1985,0.0
china_hong_kong_sar,1986,0.0
china_hong_kong_sar,1987,0.0
china_hong_kong_sar,1988,0.0
china_hong_kong_sar,1989,0.0
china_hong_kong_sar,1990,0.0
china_hong_kong_sar,1991,0.0
china_hong_kong_sar,1992,0.0
china_hong_kong_sar,1993,0.0
china_hong_kong_sar,1994,0.0
china_hong_kong_sar,1995,0.0
china_hong_kong_sar,1996,0.0
china_hong_kong_sar,1997,0.0
china_hong_kong_sar,1998,0.0
china_hong_kong_sar,1999,0.0
china_hong_kong_sar,2000,0.0
china_hong_kong_sar,2001,0.0
china_hong_kong_sar,2002,0.0
china_hong_kong_sar,2003,0.0
china_hong_kong_sar,2004,0.0
china_hong_kong_sar,2005,0.0
china_hong_kong_sar,2006,0.0
china_hong_kong_sar,2007,0.0
china_hong_kong_sar,2008,0.0
china_hong_kong_sar,2009,0.0
china_hong_kong_sar,2010,0.00035
china_hong_kong_sar,2011,0.000691
china_hong_kong_sar,2012,0.000854
china_hong_kong_sar,2013,0.001112
china_hong_kong_sar,2014,0.001102
colombia,1965,0.0
colombia,1966,0.0
colombia,1967,0.0
colombia,1968,0.0
colombia,1969,0.0
colombia,1970,0.0
colombia,1971,0.0
colombia,1972,0.0
colombia,1973,0.0
colombia,1974,0.0
colombia,1975,0.0
colombia,1976,0.0
colombia,1977,0.0
colombia,1978,0.0
colombia,1979,0.0
colombia,1980,0.0
colombia,1981,0.0
colombia,1982,0.0
colombia,1983,0.0
colombia,1984,0.0
colombia,1985,0.0
colombia,1986,0.0
colombia,1987,0.0
colombia,1988,0.0
colombia,1989,0.0
colombia,1990,0.0
colombia,1991,0.0
colombia,1992,0.0
colombia,1993,0.0
colombia,1994,0.0
colombia,1995,0.0
colombia,1996,0.0
colombia,1997,0.0
colombia,1998,0.0
colombia,1999,0.0
colombia,2000,0.0
colombia,2001,0.0
colombia,2002,0.0
colombia,2003,0.0
colombia,2004,0.0
colombia,2005,0.0
colombia,2006,0.0
colombia,2007,0.0
colombia,2008,0.0
colombia,2009,0.0
colombia,2010,0.0
colombia,2011,0.0
colombia,2012,0.0
colombia,2013,0.0
colombia,2014,0.0
czech_republic,1965,0.0
czech_republic,1966,0.0
czech_republic,1967,0.0
czech_republic,1968,0.0
czech_republic,1969,0.0
czech_republic,1970,0.0
czech_republic,1971,0.0
czech_republic,1972,0.0
czech_republic,1973,0.0
czech_republic,1974,0.0
czech_republic,1975,0.0
czech_republic,1976,0.0
czech_republic,1977,0.0
czech_republic,1978,0.0
czech_republic,1979,0.0
czech_republic,1980,0.0
czech_republic,1981,0.0
czech_republic,1982,0.0
czech_republic,1983,0.0
czech_republic,1984,0.0
czech_republic,1985,0.0
czech_republic,1986,0.0
czech_republic,1987,0.0
czech_republic,1988,0.0
czech_republic,1989,0.0
czech_republic,1990,0.0
czech_republic,1991,0.0
czech_republic,1992,0.0
czech_republic,1993,0.0
czech_republic,1994,0.0
czech_republic,1995,0.0
czech_republic,1996,0.0
czech_republic,1997,0.0
czech_republic,1998,0.0
czech_republic,1999,0.0
czech_republic,2000,0.0
czech_republic,2001,0.0
czech_republic,2002,0.0
czech_republic,2003,0.0
czech_republic,2004,0.0
czech_republic,2005,0.0
czech_republic,2006,0.001
czech_republic,2007,0.002
czech_republic,2008,0.013
czech_republic,2009,0.089
czech_republic,2010,0.616
czech_republic,2011,2.11799999999999
czech_republic,2012,2.17309999999999
czech_republic,2013,2.07019999999999
czech_republic,2014,2.12169999999999
denmark,1965,0.0
denmark,1966,0.0
denmark,1967,0.0
denmark,1968,0.0
denmark,1969,0.0
denmark,1970,0.0
denmark,1971,0.0
denmark,1972,0.0
denmark,1973,0.0
denmark,1974,0.0
denmark,1975,0.0
denmark,1976,0.0
denmark,1977,0.0
denmark,1978,0.0
denmark,1979,0.0
denmark,1980,0.0
denmark,1981,0.0
denmark,1982,0.0
denmark,1983,0.0
denmark,1984,0.0
denmark,1985,0.0
denmark,1986,0.0
denmark,1987,0.0
denmark,1988,0.0
denmark,1989,0.0
denmark,1990,0.0
denmark,1991,0.0
denmark,1992,0.0
denmark,1993,0.0
denmark,1994,0.0
denmark,1995,0.0
denmark,1996,0.00016
denmark,1997,0.00032
denmark,1998,0.0004
denmark,1999,0.001
denmark,2000,0.001
denmark,2001,0.001
denmark,2002,0.001
denmark,2003,0.002
denmark,2004,0.002
denmark,2005,0.002
denmark,2006,0.002
denmark,2007,0.002
denmark,2008,0.003
denmark,2009,0.003
denmark,2010,0.006
denmark,2011,0.01494
denmark,2012,0.103861
denmark,2013,0.51754120118636
denmark,2014,0.595518
ecuador,1965,0.0
ecuador,1966,0.0
ecuador,1967,0.0
ecuador,1968,0.0
ecuador,1969,0.0
ecuador,1970,0.0
ecuador,1971,0.0
ecuador,1972,0.0
ecuador,1973,0.0
ecuador,1974,0.0
ecuador,1975,0.0
ecuador,1976,0.0
ecuador,1977,0.0
ecuador,1978,0.0
ecuador,1979,0.0
ecuador,1980,0.0
ecuador,1981,0.0
ecuador,1982,0.0
ecuador,1983,0.0
ecuador,1984,0.0
ecuador,1985,0.0
ecuador,1986,0.0
ecuador,1987,0.0
ecuador,1988,0.0
ecuador,1989,0.0
ecuador,1990,0.0
ecuador,1991,0.0
ecuador,1992,0.0
ecuador,1993,0.0
ecuador,1994,0.0
ecuador,1995,0.0
ecuador,1996,0.0
ecuador,1997,0.0
ecuador,1998,0.0
ecuador,1999,0.0006
ecuador,2000,0.0
ecuador,2001,0.0
ecuador,2002,0.0
ecuador,2003,0.0
ecuador,2004,0.0
ecuador,2005,1e-05
ecuador,2006,1e-05
ecuador,2007,2e-05
ecuador,2008,3e-05
ecuador,2009,1e-05
ecuador,2010,0.0
ecuador,2011,6e-05
ecuador,2012,0.00033
ecuador,2013,0.0019
ecuador,2014,0.01648
egypt,1965,0.0
egypt,1966,0.0
egypt,1967,0.0
egypt,1968,0.0
egypt,1969,0.0
egypt,1970,0.0
egypt,1971,0.0
egypt,1972,0.0
egypt,1973,0.0
egypt,1974,0.0
egypt,1975,0.0
egypt,1976,0.0
egypt,1977,0.0
egypt,1978,0.0
egypt,1979,0.0
egypt,1980,0.0
egypt,1981,0.0
egypt,1982,0.0
egypt,1983,0.0
egypt,1984,0.0
egypt,1985,0.0
egypt,1986,0.0
egypt,1987,0.0
egypt,1988,0.0
egypt,1989,0.0
egypt,1990,0.0
egypt,1991,0.0
egypt,1992,0.0
egypt,1993,0.0
egypt,1994,0.0
egypt,1995,0.0
egypt,1996,0.0
egypt,1997,0.0
egypt,1998,0.0
egypt,1999,0.0
egypt,2000,0.0
egypt,2001,0.0
egypt,2002,0.0
egypt,2003,0.0
egypt,2004,0.0
egypt,2005,0.0
egypt,2006,0.0
egypt,2007,0.0
egypt,2008,0.0
egypt,2009,0.0
egypt,2010,0.0
egypt,2011,0.023
egypt,2012,0.057
egypt,2013,0.05684426229508
egypt,2014,0.05639375
finland,1965,0.0
finland,1966,0.0
finland,1967,0.0
finland,1968,0.0
finland,1969,0.0
finland,1970,0.0
finland,1971,0.0
finland,1972,0.0
finland,1973,0.0
finland,1974,0.0
finland,1975,0.0
finland,1976,0.0
finland,1977,0.0
finland,1978,0.0
finland,1979,0.0
finland,1980,0.0
finland,1981,0.0
finland,1982,0.0
finland,1983,0.0
finland,1984,0.0
finland,1985,0.0
finland,1986,0.0
finland,1987,0.0
finland,1988,0.0
finland,1989,0.0
finland,1990,0.0
finland,1991,0.001
finland,1992,0.001
finland,1993,0.001
finland,1994,0.001
finland,1995,0.001
finland,1996,0.001
finland,1997,0.001
finland,1998,0.001
finland,1999,0.001
finland,2000,0.002
finland,2001,0.002
finland,2002,0.002
finland,2003,0.002
finland,2004,0.002
finland,2005,0.003
finland,2006,0.003
finland,2007,0.004
finland,2008,0.004
finland,2009,0.004
finland,2010,0.005
finland,2011,0.005
finland,2012,0.00501369863014
finland,2013,0.006
finland,2014,0.006
france,1965,0.0
france,1966,0.0
france,1967,0.0
france,1968,0.0
france,1969,0.0
france,1970,0.0
france,1971,0.0
france,1972,0.0
france,1973,0.0
france,1974,0.0
france,1975,0.0
france,1976,0.0
france,1977,0.0
france,1978,0.0
france,1979,0.0
france,1980,0.0
france,1981,0.0
france,1982,0.0
france,1983,0.0
france,1984,0.0
france,1985,0.0
france,1986,0.0
france,1987,0.0
france,1988,0.0
france,1989,0.0
france,1990,0.0
france,1991,0.0
france,1992,0.001488
france,1993,0.001683
france,1994,0.0018785
france,1995,0.00204
france,1996,0.0026503
france,1997,0.0034068
france,1998,0.0040885
france,1999,0.0045475
france,2000,0.00522325
france,2001,0.0061605
france,2002,0.00710345
france,2003,0.0077673
france,2004,0.008447984
france,2005,0.01050076
france,2006,0.01190605
france,2007,0.017206
france,2008,0.041492
france,2009,0.16363636363636
france,2010,0.5
france,2011,2.09999999999999
france,2012,4.09999999999998
france,2013,4.64999999999998
france,2014,5.91479999999998
germany,1965,0.0
germany,1966,0.0
germany,1967,0.0
germany,1968,0.0
germany,1969,0.0
germany,1970,0.0
germany,1971,0.0
germany,1972,0.0
germany,1973,0.0
germany,1974,0.0
germany,1975,0.0
germany,1976,0.0
germany,1977,0.0
germany,1978,0.0
germany,1979,0.0
germany,1980,0.0
germany,1981,0.0
germany,1982,0.0
germany,1983,0.0
germany,1984,0.0
germany,1985,0.0
germany,1986,0.0
germany,1987,0.0
germany,1988,0.0
germany,1989,0.0
germany,1990,0.001
germany,1991,0.002
germany,1992,0.003
germany,1993,0.006
germany,1994,0.008
germany,1995,0.011
germany,1996,0.016
germany,1997,0.026
germany,1998,0.032
germany,1999,0.042
germany,2000,0.064
germany,2001,0.076
germany,2002,0.162
germany,2003,0.313
germany,2004,0.556
germany,2005,1.28199999999999
germany,2006,2.21999999999999
germany,2007,3.07499999999999
germany,2008,4.41999999999998
germany,2009,6.58299999999997
germany,2010,11.7289999999999
germany,2011,19.5989999999999
germany,2012,26.3799999999999
germany,2013,31.0099999999998
germany,2014,34.9299999999998
greece,1965,0.0
greece,1966,0.0
greece,1967,0.0
greece,1968,0.0
greece,1969,0.0
greece,1970,0.0
greece,1971,0.0
greece,1972,0.0
greece,1973,0.0
greece,1974,0.0
greece,1975,0.0
greece,1976,0.0
greece,1977,0.0
greece,1978,0.0
greece,1979,0.0
greece,1980,0.0
greece,1981,0.0
greece,1982,0.0
greece,1983,0.0
greece,1984,0.0
greece,1985,0.0
greece,1986,0.0
greece,1987,0.0
greece,1988,0.0
greece,1989,0.0
greece,1990,0.0
greece,1991,0.0
greece,1992,0.0
greece,1993,0.0
greece,1994,0.0
greece,1995,0.0
greece,1996,0.0
greece,1997,0.0
greece,1998,0.0
greece,1999,0.0
greece,2000,0.0
greece,2001,0.0
greece,2002,0.0
greece,2003,0.0
greece,2004,0.001
greece,2005,0.001
greece,2006,0.001
greece,2007,0.001
greece,2008,0.005
greece,2009,0.05
greece,2010,0.158
greece,2011,0.61
greece,2012,1.69399999999999
greece,2013,3.64799999999999
greece,2014,4.49999999999998
hungary,1965,0.0
hungary,1966,0.0
hungary,1967,0.0
hungary,1968,0.0
hungary,1969,0.0
hungary,1970,0.0
hungary,1971,0.0
hungary,1972,0.0
hungary,1973,0.0
hungary,1974,0.0
hungary,1975,0.0
hungary,1976,0.0
hungary,1977,0.0
hungary,1978,0.0
hungary,1979,0.0
hungary,1980,0.0
hungary,1981,0.0
hungary,1982,0.0
hungary,1983,0.0
hungary,1984,0.0
hungary,1985,0.0
hungary,1986,0.0
hungary,1987,0.0
hungary,1988,0.0
hungary,1989,0.0
hungary,1990,0.0
hungary,1991,0.0
hungary,1992,0.0
hungary,1993,0.0
hungary,1994,0.0
hungary,1995,0.0
hungary,1996,0.0
hungary,1997,0.0
hungary,1998,0.0
hungary,1999,0.0
hungary,2000,0.0
hungary,2001,0.0
hungary,2002,0.0
hungary,2003,0.0
hungary,2004,0.0
hungary,2005,0.0
hungary,2006,0.0
hungary,2007,0.0
hungary,2008,0.001
hungary,2009,0.001
hungary,2010,0.001
hungary,2011,0.001
hungary,2012,0.008
hungary,2013,0.025
hungary,2014,0.025
india,1965,0.0
india,1966,0.0
india,1967,0.0
india,1968,0.0
india,1969,0.0
india,1970,0.0
india,1971,0.0
india,1972,0.0
india,1973,0.0
india,1974,0.0
india,1975,0.0
india,1976,0.0
india,1977,0.0
india,1978,0.0
india,1979,0.0
india,1980,0.0
india,1981,0.0
india,1982,0.0
india,1983,0.0
india,1984,0.0
india,1985,0.0
india,1986,0.0
india,1987,0.0
india,1988,0.0
india,1989,0.0
india,1990,0.0
india,1991,0.0
india,1992,0.0
india,1993,0.0
india,1994,0.0
india,1995,0.0010101010101
india,1996,0.00606060606061
india,1997,0.00606060606061
india,1998,0.00606060606061
india,1999,0.00606060606061
india,2000,0.00707070707071
india,2001,0.01111111111111
india,2002,0.01313131313131
india,2003,0.01616161616162
india,2004,0.01818181818182
india,2005,0.01818181818182
india,2006,0.01818181818182
india,2007,0.01818181818182
india,2008,0.01919191919192
india,2009,0.03030303030303
india,2010,0.2543125
india,2011,0.535015
india,2012,1.3505957773972601
india,2013,2.84070312499999
india,2014,4.37287499999998
indonesia,1965,0.0
indonesia,1966,0.0
indonesia,1967,0.0
indonesia,1968,0.0
indonesia,1969,0.0
indonesia,1970,0.0
indonesia,1971,0.0
indonesia,1972,0.0
indonesia,1973,0.0
indonesia,1974,0.0
indonesia,1975,0.0
indonesia,1976,0.0
indonesia,1977,0.0
indonesia,1978,0.0
indonesia,1979,0.0
indonesia,1980,0.0
indonesia,1981,0.0
indonesia,1982,0.0
indonesia,1983,0.0
indonesia,1984,0.0
indonesia,1985,0.0
indonesia,1986,0.0
indonesia,1987,0.0
indonesia,1988,0.0
indonesia,1989,0.0
indonesia,1990,0.0
indonesia,1991,0.0
indonesia,1992,0.0
indonesia,1993,0.0
indonesia,1994,0.0
indonesia,1995,0.0
indonesia,1996,0.0
indonesia,1997,0.0
indonesia,1998,0.0
indonesia,1999,0.0
indonesia,2000,0.0
indonesia,2001,0.0
indonesia,2002,0.0
indonesia,2003,0.0
indonesia,2004,0.0
indonesia,2005,0.0
indonesia,2006,0.0
indonesia,2007,0.0
indonesia,2008,0.00037
indonesia,2009,0.0001
indonesia,2010,0.00053
indonesia,2011,0.00077
indonesia,2012,0.00301
indonesia,2013,0.00559
indonesia,2014,0.00877952286282
iran,1965,0.0
iran,1966,0.0
iran,1967,0.0
iran,1968,0.0
iran,1969,0.0
iran,1970,0.0
iran,1971,0.0
iran,1972,0.0
iran,1973,0.0
iran,1974,0.0
iran,1975,0.0
iran,1976,0.0
iran,1977,0.0
iran,1978,0.0
iran,1979,0.0
iran,1980,0.0
iran,1981,0.0
iran,1982,0.0
iran,1983,0.0
iran,1984,0.0
iran,1985,0.0
iran,1986,0.0
iran,1987,0.0
iran,1988,0.0
iran,1989,0.0
iran,1990,0.0
iran,1991,0.0
iran,1992,0.0
iran,1993,0.0
iran,1994,0.0
iran,1995,0.0
iran,1996,0.0
iran,1997,0.0
iran,1998,0.0
iran,1999,0.0
iran,2000,0.0
iran,2001,0.0
iran,2002,0.0
iran,2003,0.0
iran,2004,0.0
iran,2005,0.0
iran,2006,0.0
iran,2007,0.0
iran,2008,0.0
iran,2009,0.0
iran,2010,0.0053625
iran,2011,0.011055
iran,2012,0.0150561369863
iran,2013,0.015015
iran,2014,0.015015
israel,1965,0.0
israel,1966,0.0
israel,1967,0.0
israel,1968,0.0
israel,1969,0.0
israel,1970,0.0
israel,1971,0.0
israel,1972,0.0
israel,1973,0.0
israel,1974,0.0
israel,1975,0.0
israel,1976,0.0
israel,1977,0.0
israel,1978,0.0
israel,1979,0.0
israel,1980,0.0
israel,1981,0.0
israel,1982,0.0
israel,1983,0.0
israel,1984,0.0
israel,1985,0.0
israel,1986,0.0
israel,1987,0.0
israel,1988,0.0
israel,1989,0.0
israel,1990,0.0
israel,1991,0.0
israel,1992,0.0
israel,1993,0.0
israel,1994,0.0
israel,1995,0.0
israel,1996,0.0
israel,1997,0.0
israel,1998,0.0
israel,1999,0.0
israel,2000,0.0
israel,2001,0.0
israel,2002,0.0
israel,2003,0.0
israel,2004,0.0
israel,2005,0.0
israel,2006,0.0
israel,2007,0.0
israel,2008,0.0
israel,2009,0.02424242424242
israel,2010,0.07070707070707
israel,2011,0.19393939393939
israel,2012,0.37272727272727
israel,2013,0.60928
israel,2014,1.02986
italy,1965,0.0
italy,1966,0.0
italy,1967,0.0
italy,1968,0.0
italy,1969,0.0
italy,1970,0.0
italy,1971,0.0
italy,1972,0.0
italy,1973,0.0
italy,1974,0.0
italy,1975,0.0
italy,1976,0.0
italy,1977,0.0
italy,1978,0.0
italy,1979,0.0
italy,1980,0.0
italy,1981,0.0
italy,1982,0.0
italy,1983,0.0
italy,1984,0.0
italy,1985,0.0
italy,1986,0.0
italy,1987,0.0
italy,1988,0.0
italy,1989,0.0020202020202
italy,1990,0.004
italy,1991,0.005
italy,1992,0.009
italy,1993,0.011
italy,1994,0.011
italy,1995,0.013
italy,1996,0.014
italy,1997,0.015
italy,1998,0.016
italy,1999,0.017
italy,2000,0.018
italy,2001,0.019
italy,2002,0.021
italy,2003,0.024
italy,2004,0.029
italy,2005,0.031
italy,2006,0.035
italy,2007,0.039
italy,2008,0.193
italy,2009,0.677
italy,2010,1.90569999999999
italy,2011,10.7956999999999
italy,2012,18.8616999999999
italy,2013,21.5885999999999
italy,2014,23.6934884999999
japan,1965,0.0
japan,1966,0.0
japan,1967,0.0
japan,1968,0.0
japan,1969,0.0
japan,1970,0.0
japan,1971,0.0
japan,1972,0.0
japan,1973,0.0
japan,1974,0.0
japan,1975,0.0
japan,1976,0.0
japan,1977,0.0
japan,1978,0.0
japan,1979,0.0
japan,1980,0.0
japan,1981,0.0
japan,1982,0.0
japan,1983,0.0
japan,1984,0.0
japan,1985,0.0
japan,1986,0.0
japan,1987,0.0
japan,1988,0.0
japan,1989,0.0
japan,1990,0.001
japan,1991,0.001
japan,1992,0.0105
japan,1993,0.0225
japan,1994,0.029
japan,1995,0.0395
japan,1996,0.0545
japan,1997,0.07931304
japan,1998,0.11810232
japan,1999,0.1797552
japan,2000,0.28319328
japan,2001,0.4115448
japan,2002,0.57269376
japan,2003,0.78650784
japan,2004,1.04678496
japan,2005,1.34232983999999
japan,2006,1.64533823999999
japan,2007,1.90656143999999
japan,2008,2.13556535999999
japan,2009,2.50784783999999
japan,2010,3.28252967999999
japan,2011,4.48441919999998
japan,2012,6.06836735999998
japan,2013,10.6333610399999
japan,2014,19.3942195199999
kazakhstan,1985,0.0
kazakhstan,1986,0.0
kazakhstan,1987,0.0
kazakhstan,1988,0.0
kazakhstan,1989,0.0
kazakhstan,1990,0.0
kazakhstan,1991,0.0
kazakhstan,1992,0.0
kazakhstan,1993,0.0
kazakhstan,1994,0.0
kazakhstan,1995,0.0
kazakhstan,1996,0.0
kazakhstan,1997,0.0
kazakhstan,1998,0.0
kazakhstan,1999,0.0
kazakhstan,2000,0.0
kazakhstan,2001,0.0
kazakhstan,2002,0.0
kazakhstan,2003,0.0
kazakhstan,2004,0.0
kazakhstan,2005,0.0
kazakhstan,2006,0.0
kazakhstan,2007,0.0
kazakhstan,2008,0.0
kazakhstan,2009,0.0
kazakhstan,2010,0.00031625
kazakhstan,2011,0.001093125
kazakhstan,2012,0.00413630136986
kazakhstan,2013,0.01203125
kazakhstan,2014,0.0264
kuwait,1965,0.0
kuwait,1966,0.0
kuwait,1967,0.0
kuwait,1968,0.0
kuwait,1969,0.0
kuwait,1970,0.0
kuwait,1971,0.0
kuwait,1972,0.0
kuwait,1973,0.0
kuwait,1974,0.0
kuwait,1975,0.0
kuwait,1976,0.0
kuwait,1977,0.0
kuwait,1978,0.0
kuwait,1979,0.0
kuwait,1980,0.0
kuwait,1981,0.0
kuwait,1982,0.0
kuwait,1983,0.0
kuwait,1984,0.0
kuwait,1985,0.0
kuwait,1986,0.0
kuwait,1987,0.0
kuwait,1988,0.0
kuwait,1989,0.0
kuwait,1990,0.0
kuwait,1991,0.0
kuwait,1992,0.0
kuwait,1993,0.0
kuwait,1994,0.0
kuwait,1995,0.0
kuwait,1996,0.0
kuwait,1997,0.0
kuwait,1998,0.0
kuwait,1999,0.0
kuwait,2000,0.0
kuwait,2001,0.0
kuwait,2002,0.0
kuwait,2003,0.0
kuwait,2004,0.0
kuwait,2005,0.0
kuwait,2006,0.0
kuwait,2007,0.0
kuwait,2008,0.0
kuwait,2009,0.0
kuwait,2010,0.0026
kuwait,2011,0.00430625
kuwait,2012,0.00773989726027
kuwait,2013,0.01243125
kuwait,2014,0.01844
lithuania,1985,0.0
lithuania,1986,0.0
lithuania,1987,0.0
lithuania,1988,0.0
lithuania,1989,0.0
lithuania,1990,0.0
lithuania,1991,0.0
lithuania,1992,0.0
lithuania,1993,0.0
lithuania,1994,0.0
lithuania,1995,0.0
lithuania,1996,0.0
lithuania,1997,0.0
lithuania,1998,0.0
lithuania,1999,0.0
lithuania,2000,0.0
lithuania,2001,0.0
lithuania,2002,0.0
lithuania,2003,0.0
lithuania,2004,0.0
lithuania,2005,0.0
lithuania,2006,0.0
lithuania,2007,0.0
lithuania,2008,0.0
lithuania,2009,0.0
lithuania,2010,0.0
lithuania,2011,0.0001
lithuania,2012,0.0023
lithuania,2013,0.0448
lithuania,2014,0.073
malaysia,1965,0.0
malaysia,1966,0.0
malaysia,1967,0.0
malaysia,1968,0.0
malaysia,1969,0.0
malaysia,1970,0.0
malaysia,1971,0.0
malaysia,1972,0.0
malaysia,1973,0.0
malaysia,1974,0.0
malaysia,1975,0.0
malaysia,1976,0.0
malaysia,1977,0.0
malaysia,1978,0.0
malaysia,1979,0.0
malaysia,1980,0.0
malaysia,1981,0.0
malaysia,1982,0.0
malaysia,1983,0.0
malaysia,1984,0.0
malaysia,1985,0.0
malaysia,1986,0.0
malaysia,1987,0.0
malaysia,1988,0.0
malaysia,1989,0.0
malaysia,1990,0.0
malaysia,1991,0.0
malaysia,1992,0.0
malaysia,1993,0.0
malaysia,1994,0.0
malaysia,1995,0.0
malaysia,1996,0.0
malaysia,1997,0.0
malaysia,1998,0.0
malaysia,1999,0.0
malaysia,2000,0.0
malaysia,2001,0.0
malaysia,2002,0.0
malaysia,2003,0.0
malaysia,2004,0.0
malaysia,2005,0.0
malaysia,2006,0.0
malaysia,2007,1.01010101e-05
malaysia,2008,1.01010101e-05
malaysia,2009,1.01010101e-05
malaysia,2010,1.01010101e-05
malaysia,2011,1.01010101e-05
malaysia,2012,0.04747474747475
malaysia,2013,0.09748
malaysia,2014,0.23135385551956
mexico,1965,0.0
mexico,1966,0.0
mexico,1967,0.0
mexico,1968,0.0
mexico,1969,0.0
mexico,1970,0.0
mexico,1971,0.0
mexico,1972,0.0
mexico,1973,0.0
mexico,1974,0.0
mexico,1975,0.0
mexico,1976,0.0
mexico,1977,0.0
mexico,1978,0.0
mexico,1979,0.0
mexico,1980,0.0
mexico,1981,0.0
mexico,1982,0.0
mexico,1983,0.0
mexico,1984,0.0
mexico,1985,0.0
mexico,1986,0.0
mexico,1987,0.0
mexico,1988,0.0
mexico,1989,0.0
mexico,1990,0.0009595959596
mexico,1991,0.0020202020202
mexico,1992,0.0030303030303
mexico,1993,0.0040404040404
mexico,1994,0.0050505050505
mexico,1995,0.0050505050505
mexico,1996,0.00606060606061
mexico,1997,0.00606060606061
mexico,1998,0.00707070707071
mexico,1999,0.00707070707071
mexico,2000,0.00707070707071
mexico,2001,0.00808080808081
mexico,2002,0.00808080808081
mexico,2003,0.00808080808081
mexico,2004,0.00909090909091
mexico,2005,0.00909090909091
mexico,2006,0.01010101010101
mexico,2007,0.00909090909091
mexico,2008,0.00909090909091
mexico,2009,0.01212121212121
mexico,2010,0.03131313131313
mexico,2011,0.03131313131313
mexico,2012,0.06969696969697
mexico,2013,0.08686868686869
mexico,2014,0.09968
netherlands,1965,0.0
netherlands,1966,0.0
netherlands,1967,0.0
netherlands,1968,0.0
netherlands,1969,0.0
netherlands,1970,0.0
netherlands,1971,0.0
netherlands,1972,0.0
netherlands,1973,0.0
netherlands,1974,0.0
netherlands,1975,0.0
netherlands,1976,0.0
netherlands,1977,0.0
netherlands,1978,0.0
netherlands,1979,0.0
netherlands,1980,0.0
netherlands,1981,0.0
netherlands,1982,0.0
netherlands,1983,0.0
netherlands,1984,0.0
netherlands,1985,0.0
netherlands,1986,0.0
netherlands,1987,0.0
netherlands,1988,0.0
netherlands,1989,0.0
netherlands,1990,0.0
netherlands,1991,0.0
netherlands,1992,0.001
netherlands,1993,0.001
netherlands,1994,1e-05
netherlands,1995,0.001
netherlands,1996,0.002
netherlands,1997,0.002
netherlands,1998,0.004
netherlands,1999,0.005
netherlands,2000,0.008
netherlands,2001,0.013
netherlands,2002,0.017
netherlands,2003,0.031
netherlands,2004,0.033
netherlands,2005,0.034
netherlands,2006,0.035
netherlands,2007,0.036
netherlands,2008,0.038
netherlands,2009,0.046
netherlands,2010,0.06
netherlands,2011,0.1
netherlands,2012,0.253753
netherlands,2013,0.5159
netherlands,2014,0.724
new_zealand,1965,0.0
new_zealand,1966,0.0
new_zealand,1967,0.0
new_zealand,1968,0.0
new_zealand,1969,0.0
new_zealand,1970,0.0
new_zealand,1971,0.0
new_zealand,1972,0.0
new_zealand,1973,0.0
new_zealand,1974,0.0
new_zealand,1975,0.0
new_zealand,1976,0.0
new_zealand,1977,0.0
new_zealand,1978,0.0
new_zealand,1979,0.0
new_zealand,1980,0.0
new_zealand,1981,0.0
new_zealand,1982,0.0
new_zealand,1983,0.0
new_zealand,1984,0.0
new_zealand,1985,0.0
new_zealand,1986,0.0
new_zealand,1987,0.0
new_zealand,1988,0.0
new_zealand,1989,0.0
new_zealand,1990,0.0
new_zealand,1991,0.0
new_zealand,1992,0.0
new_zealand,1993,0.0
new_zealand,1994,0.0
new_zealand,1995,0.0
new_zealand,1996,0.0
new_zealand,1997,0.0
new_zealand,1998,0.0
new_zealand,1999,0.0
new_zealand,2000,0.0
new_zealand,2001,0.0
new_zealand,2002,0.0
new_zealand,2003,0.0
new_zealand,2004,0.0
new_zealand,2005,0.0
new_zealand,2006,0.0
new_zealand,2007,0.0
new_zealand,2008,0.0
new_zealand,2009,0.0
new_zealand,2010,0.00408375
new_zealand,2011,0.0053625
new_zealand,2012,0.0090998630137
new_zealand,2013,0.015675
new_zealand,2014,0.02472841880342
norway,1965,0.0
norway,1966,0.0
norway,1967,0.0
norway,1968,0.0
norway,1969,0.0
norway,1970,0.0
norway,1971,0.0
norway,1972,0.0
norway,1973,0.0
norway,1974,0.0
norway,1975,0.0
norway,1976,0.0
norway,1977,0.0
norway,1978,0.0
norway,1979,0.0
norway,1980,0.0
norway,1981,0.0
norway,1982,0.0
norway,1983,0.0
norway,1984,0.0
norway,1985,0.0
norway,1986,0.0
norway,1987,0.0
norway,1988,0.0
norway,1989,0.0
norway,1990,0.0
norway,1991,0.0
norway,1992,0.0
norway,1993,0.0
norway,1994,0.0
norway,1995,0.0
norway,1996,0.0
norway,1997,0.0
norway,1998,0.0
norway,1999,0.0
norway,2000,0.0
norway,2001,0.0
norway,2002,0.0
norway,2003,0.0
norway,2004,0.0
norway,2005,0.0
norway,2006,0.0
norway,2007,0.0
norway,2008,0.0
norway,2009,0.0
norway,2010,0.00801
norway,2011,0.00837
norway,2012,0.00879904109589
norway,2013,0.00927
norway,2014,0.00927
other_africa,1965,0.0
other_africa,1966,0.0
other_africa,1967,0.0
other_africa,1968,0.0
other_africa,1969,0.0
other_africa,1970,0.0
other_africa,1971,0.0
other_africa,1972,0.0
other_africa,1973,0.0
other_africa,1974,0.0
other_africa,1975,0.0
other_africa,1976,0.0
other_africa,1977,0.0
other_africa,1978,0.0
other_africa,1979,0.0
other_africa,1980,0.0
other_africa,1981,0.0
other_africa,1982,0.0
other_africa,1983,0.0
other_africa,1984,0.0
other_africa,1985,0.0
other_africa,1986,0.0
other_africa,1987,0.0
other_africa,1988,0.0
other_africa,1989,0.0
other_africa,1990,0.0
other_africa,1991,0.0
other_africa,1992,0.0
other_africa,1993,0.0
other_africa,1994,0.0
other_africa,1995,0.0
other_africa,1996,0.0
other_africa,1997,0.0
other_africa,1998,0.0
other_africa,1999,0.0
other_africa,2000,0.0020202020202
other_africa,2001,0.0020202020202
other_africa,2002,0.00212121212121
other_africa,2003,0.00212121212121
other_africa,2004,0.00414141414141
other_africa,2005,0.00515151515152
other_africa,2006,0.02541674118231
other_africa,2007,0.10054132224491
other_africa,2008,0.19710276644941
other_africa,2009,0.22133840963123
other_africa,2010,0.3059062023282
other_africa,2011,0.3762438783282
other_africa,2012,0.45517437093469
other_africa,2013,0.58987061901084
other_africa,2014,0.58987061901084
other_asia_pacific,1965,0.0
other_asia_pacific,1966,0.0
other_asia_pacific,1967,0.0
other_asia_pacific,1968,0.0
other_asia_pacific,1969,0.0
other_asia_pacific,1970,0.0
other_asia_pacific,1971,0.0
other_asia_pacific,1972,0.0
other_asia_pacific,1973,0.0
other_asia_pacific,1974,0.0
other_asia_pacific,1975,0.0
other_asia_pacific,1976,0.0
other_asia_pacific,1977,0.0
other_asia_pacific,1978,0.0
other_asia_pacific,1979,0.0
other_asia_pacific,1980,0.0
other_asia_pacific,1981,0.0
other_asia_pacific,1982,0.0
other_asia_pacific,1983,0.0
other_asia_pacific,1984,0.0
other_asia_pacific,1985,0.0
other_asia_pacific,1986,0.0
other_asia_pacific,1987,0.0
other_asia_pacific,1988,0.0
other_asia_pacific,1989,0.0
other_asia_pacific,1990,0.0
other_asia_pacific,1991,0.0
other_asia_pacific,1992,0.00010101010101
other_asia_pacific,1993,0.00010101010101
other_asia_pacific,1994,0.00010101010101
other_asia_pacific,1995,0.00010101010101
other_asia_pacific,1996,0.00010101010101
other_asia_pacific,1997,0.00012121212121
other_asia_pacific,1998,0.00020202020202
other_asia_pacific,1999,0.00020202020202
other_asia_pacific,2000,0.00828282828283
other_asia_pacific,2001,0.00828282828283
other_asia_pacific,2002,0.01030303030303
other_asia_pacific,2003,0.01141414141414
other_asia_pacific,2004,0.01272727272727
other_asia_pacific,2005,0.01475757575758
other_asia_pacific,2006,0.01780808080808
other_asia_pacific,2007,0.0190202020202
other_asia_pacific,2008,0.0190202020202
other_asia_pacific,2009,0.0230303030303
other_asia_pacific,2010,0.02492111111111
other_asia_pacific,2011,0.02300783838384
other_asia_pacific,2012,0.02968975439325
other_asia_pacific,2013,0.02898721142205
other_asia_pacific,2014,0.02889524142205
other_europe_eurasia,1965,0.0
other_europe_eurasia,1966,0.0
other_europe_eurasia,1967,0.0
other_europe_eurasia,1968,0.0
other_europe_eurasia,1969,0.0
other_europe_eurasia,1970,0.0
other_europe_eurasia,1971,0.0
other_europe_eurasia,1972,0.0
other_europe_eurasia,1973,0.0
other_europe_eurasia,1974,0.0
other_europe_eurasia,1975,0.0
other_europe_eurasia,1976,0.0
other_europe_eurasia,1977,0.0
other_europe_eurasia,1978,0.0
other_europe_eurasia,1979,0.0
other_europe_eurasia,1980,0.0
other_europe_eurasia,1981,0.0
other_europe_eurasia,1982,0.0
other_europe_eurasia,1983,0.0
other_europe_eurasia,1984,0.0
other_europe_eurasia,1985,0.0
other_europe_eurasia,1986,0.0
other_europe_eurasia,1987,0.0
other_europe_eurasia,1988,0.0
other_europe_eurasia,1989,0.0
other_europe_eurasia,1990,0.0
other_europe_eurasia,1991,0.0
other_europe_eurasia,1992,0.0
other_europe_eurasia,1993,0.0
other_europe_eurasia,1994,0.0
other_europe_eurasia,1995,0.0
other_europe_eurasia,1996,0.0
other_europe_eurasia,1997,0.0
other_europe_eurasia,1998,0.0
other_europe_eurasia,1999,0.0
other_europe_eurasia,2000,4.027777778e-05
other_europe_eurasia,2001,4.638888889e-05
other_europe_eurasia,2002,5.888888889e-05
other_europe_eurasia,2003,0.00137
other_europe_eurasia,2004,0.00959916666667
other_europe_eurasia,2005,0.01826433333333
other_europe_eurasia,2006,0.02211588888889
other_europe_eurasia,2007,0.02263411111111
other_europe_eurasia,2008,0.02403166666667
other_europe_eurasia,2009,0.02934212056566
other_europe_eurasia,2010,0.04170199177778
other_europe_eurasia,2011,0.10895740844444
other_europe_eurasia,2012,0.24688050564383
other_europe_eurasia,2013,0.393373015
other_europe_eurasia,2014,0.4612402180677
other_middle_east,1965,0.0
other_middle_east,1966,0.0
other_middle_east,1967,0.0
other_middle_east,1968,0.0
other_middle_east,1969,0.0
other_middle_east,1970,0.0
other_middle_east,1971,0.0
other_middle_east,1972,0.0
other_middle_east,1973,0.0
other_middle_east,1974,0.0
other_middle_east,1975,0.0
other_middle_east,1976,0.0
other_middle_east,1977,0.0
other_middle_east,1978,0.0
other_middle_east,1979,0.0
other_middle_east,1980,0.0
other_middle_east,1981,0.0
other_middle_east,1982,0.0
other_middle_east,1983,0.0
other_middle_east,1984,0.0
other_middle_east,1985,0.0
other_middle_east,1986,0.0
other_middle_east,1987,0.0
other_middle_east,1988,0.0
other_middle_east,1989,0.0
other_middle_east,1990,0.0
other_middle_east,1991,0.0
other_middle_east,1992,0.0
other_middle_east,1993,0.0
other_middle_east,1994,0.0
other_middle_east,1995,0.0
other_middle_east,1996,0.0
other_middle_east,1997,0.0
other_middle_east,1998,0.0
other_middle_east,1999,0.0
other_middle_east,2000,0.0
other_middle_east,2001,0.0
other_middle_east,2002,0.0
other_middle_east,2003,0.0
other_middle_east,2004,0.0
other_middle_east,2005,0.0
other_middle_east,2006,0.0
other_middle_east,2007,0.0
other_middle_east,2008,0.0
other_middle_east,2009,0.0
other_middle_east,2010,0.0
other_middle_east,2011,0.0
other_middle_east,2012,0.0
other_middle_east,2013,0.0
other_middle_east,2014,0.0
other_s_cent_america,1965,0.0
other_s_cent_america,1966,0.0
other_s_cent_america,1967,0.0
other_s_cent_america,1968,0.0
other_s_cent_america,1969,0.0
other_s_cent_america,1970,0.0
other_s_cent_america,1971,0.0
other_s_cent_america,1972,0.0
other_s_cent_america,1973,0.0
other_s_cent_america,1974,0.0
other_s_cent_america,1975,0.0
other_s_cent_america,1976,0.0
other_s_cent_america,1977,0.0
other_s_cent_america,1978,0.0
other_s_cent_america,1979,0.0
other_s_cent_america,1980,0.0
other_s_cent_america,1981,0.0
other_s_cent_america,1982,0.0
other_s_cent_america,1983,0.0
other_s_cent_america,1984,0.0
other_s_cent_america,1985,0.0
other_s_cent_america,1986,0.0
other_s_cent_america,1987,0.0
other_s_cent_america,1988,0.0
other_s_cent_america,1989,0.0
other_s_cent_america,1990,0.0
other_s_cent_america,1991,0.0
other_s_cent_america,1992,0.0
other_s_cent_america,1993,0.0
other_s_cent_america,1994,0.0
other_s_cent_america,1995,0.0
other_s_cent_america,1996,0.0
other_s_cent_america,1997,0.0
other_s_cent_america,1998,0.00020202020202
other_s_cent_america,1999,0.00030303030303
other_s_cent_america,2000,0.00030303030303
other_s_cent_america,2001,0.00030303030303
other_s_cent_america,2002,0.00030303030303
other_s_cent_america,2003,0.00030303030303
other_s_cent_america,2004,0.00030303030303
other_s_cent_america,2005,0.00030303030303
other_s_cent_america,2006,0.00030303030303
other_s_cent_america,2007,0.00030303030303
other_s_cent_america,2008,0.00131313131313
other_s_cent_america,2009,0.00232323232323
other_s_cent_america,2010,0.02830235858586
other_s_cent_america,2011,0.0995535479798
other_s_cent_america,2012,0.28052942905033
other_s_cent_america,2013,0.39946438107527
other_s_cent_america,2014,0.40692177914855
pakistan,1965,0.0
pakistan,1966,0.0
pakistan,1967,0.0
pakistan,1968,0.0
pakistan,1969,0.0
pakistan,1970,0.0
pakistan,1971,0.0
pakistan,1972,0.0
pakistan,1973,0.0
pakistan,1974,0.0
pakistan,1975,0.0
pakistan,1976,0.0
pakistan,1977,0.0
pakistan,1978,0.0
pakistan,1979,0.0
pakistan,1980,0.0
pakistan,1981,0.0
pakistan,1982,0.0
pakistan,1983,0.0
pakistan,1984,0.0
pakistan,1985,0.0
pakistan,1986,0.0
pakistan,1987,0.0
pakistan,1988,0.0
pakistan,1989,0.0
pakistan,1990,0.0
pakistan,1991,0.0
pakistan,1992,0.0
pakistan,1993,0.0
pakistan,1994,0.0
pakistan,1995,0.0
pakistan,1996,0.0
pakistan,1997,0.0
pakistan,1998,0.0
pakistan,1999,0.0
pakistan,2000,0.0
pakistan,2001,0.0
pakistan,2002,0.0
pakistan,2003,0.0
pakistan,2004,0.0
pakistan,2005,0.0
pakistan,2006,0.0
pakistan,2007,0.0
pakistan,2008,0.0
pakistan,2009,0.0
pakistan,2010,0.00527625
pakistan,2011,0.012395
pakistan,2012,0.02435404109589
pakistan,2013,0.05334875
pakistan,2014,0.1157425
peru,1965,0.0
peru,1966,0.0
peru,1967,0.0
peru,1968,0.0
peru,1969,0.0
peru,1970,0.0
peru,1971,0.0
peru,1972,0.0
peru,1973,0.0
peru,1974,0.0
peru,1975,0.0
peru,1976,0.0
peru,1977,0.0
peru,1978,0.0
peru,1979,0.0
peru,1980,0.0
peru,1981,0.0
peru,1982,0.0
peru,1983,0.0
peru,1984,0.0
peru,1985,0.0
peru,1986,0.0
peru,1987,0.0
peru,1988,0.0
peru,1989,0.0
peru,1990,0.0
peru,1991,0.0
peru,1992,0.0
peru,1993,0.0
peru,1994,0.0
peru,1995,0.0
peru,1996,0.0
peru,1997,0.0
peru,1998,0.0
peru,1999,0.0
peru,2000,0.0
peru,2001,0.0
peru,2002,0.0
peru,2003,0.0
peru,2004,0.0
peru,2005,0.0
peru,2006,0.0
peru,2007,0.0
peru,2008,0.0
peru,2009,0.0
peru,2010,0.0
peru,2011,0.0
peru,2012,0.05558
peru,2013,0.197
peru,2014,0.1993036
philippines,1965,0.0
philippines,1966,0.0
philippines,1967,0.0
philippines,1968,0.0
philippines,1969,0.0
philippines,1970,0.0
philippines,1971,0.0
philippines,1972,0.0
philippines,1973,0.0
philippines,1974,0.0
philippines,1975,0.0
philippines,1976,0.0
philippines,1977,0.0
philippines,1978,0.0
philippines,1979,0.0
philippines,1980,0.0
philippines,1981,0.0
philippines,1982,0.0
philippines,1983,0.0
philippines,1984,0.0
philippines,1985,0.0
philippines,1986,0.0
philippines,1987,0.0
philippines,1988,0.0
philippines,1989,0.0
philippines,1990,0.0
philippines,1991,0.0
philippines,1992,0.0
philippines,1993,0.0
philippines,1994,0.0
philippines,1995,0.0
philippines,1996,0.0
philippines,1997,0.0
philippines,1998,0.0
philippines,1999,0.0
philippines,2000,0.0
philippines,2001,0.0
philippines,2002,0.0
philippines,2003,0.0
philippines,2004,0.0
philippines,2005,0.001517
philippines,2006,0.001376
philippines,2007,0.001309
philippines,2008,0.001304
philippines,2009,0.001252
philippines,2010,0.0012538
philippines,2011,0.0012116
philippines,2012,0.00132
philippines,2013,0.001414
philippines,2014,0.00252771505376
poland,1965,0.0
poland,1966,0.0
poland,1967,0.0
poland,1968,0.0
poland,1969,0.0
poland,1970,0.0
poland,1971,0.0
poland,1972,0.0
poland,1973,0.0
poland,1974,0.0
poland,1975,0.0
poland,1976,0.0
poland,1977,0.0
poland,1978,0.0
poland,1979,0.0
poland,1980,0.0
poland,1981,0.0
poland,1982,0.0
poland,1983,0.0
poland,1984,0.0
poland,1985,0.0
poland,1986,0.0
poland,1987,0.0
poland,1988,0.0
poland,1989,0.0
poland,1990,0.0
poland,1991,0.0
poland,1992,0.0
poland,1993,0.0
poland,1994,0.0
poland,1995,0.0
poland,1996,0.0
poland,1997,0.0
poland,1998,0.0
poland,1999,0.0
poland,2000,0.0
poland,2001,0.0
poland,2002,0.0
poland,2003,0.0
poland,2004,0.0
poland,2005,0.0
poland,2006,0.0
poland,2007,0.0
poland,2008,0.0
poland,2009,0.0
poland,2010,0.0
poland,2011,0.0002
poland,2012,0.0011
poland,2013,0.0015
poland,2014,0.007
portugal,1965,0.0
portugal,1966,0.0
portugal,1967,0.0
portugal,1968,0.0
portugal,1969,0.0
portugal,1970,0.0
portugal,1971,0.0
portugal,1972,0.0
portugal,1973,0.0
portugal,1974,0.0
portugal,1975,0.0
portugal,1976,0.0
portugal,1977,0.0
portugal,1978,0.0
portugal,1979,0.0
portugal,1980,0.0
portugal,1981,0.0
portugal,1982,0.0
portugal,1983,0.0
portugal,1984,0.0
portugal,1985,0.0
portugal,1986,0.0
portugal,1987,0.0
portugal,1988,0.0
portugal,1989,0.0010101010101
portugal,1990,0.0
portugal,1991,0.0
portugal,1992,0.0
portugal,1993,0.0
portugal,1994,0.0
portugal,1995,0.0
portugal,1996,0.001
portugal,1997,0.001
portugal,1998,0.001
portugal,1999,0.001
portugal,2000,0.001
portugal,2001,0.001
portugal,2002,0.0018
portugal,2003,0.0026
portugal,2004,0.0029
portugal,2005,0.0038
portugal,2006,0.005
portugal,2007,0.024
portugal,2008,0.041
portugal,2009,0.16
portugal,2010,0.215
portugal,2011,0.282
portugal,2012,0.393
portugal,2013,0.479
portugal,2014,0.639
qatar,1965,0.0
qatar,1966,0.0
qatar,1967,0.0
qatar,1968,0.0
qatar,1969,0.0
qatar,1970,0.0
qatar,1971,0.0
qatar,1972,0.0
qatar,1973,0.0
qatar,1974,0.0
qatar,1975,0.0
qatar,1976,0.0
qatar,1977,0.0
qatar,1978,0.0
qatar,1979,0.0
qatar,1980,0.0
qatar,1981,0.0
qatar,1982,0.0
qatar,1983,0.0
qatar,1984,0.0
qatar,1985,0.0
qatar,1986,0.0
qatar,1987,0.0
qatar,1988,0.0
qatar,1989,0.0
qatar,1990,0.0
qatar,1991,0.0
qatar,1992,0.0
qatar,1993,0.0
qatar,1994,0.0
qatar,1995,0.0
qatar,1996,0.0
qatar,1997,0.0
qatar,1998,0.0
qatar,1999,0.0
qatar,2000,0.0
qatar,2001,0.0
qatar,2002,0.0
qatar,2003,0.0
qatar,2004,0.0
qatar,2005,0.0
qatar,2006,0.0
qatar,2007,0.0
qatar,2008,0.0
qatar,2009,0.0
qatar,2010,0.0013735
qatar,2011,0.003015
qatar,2012,0.00621447945205
qatar,2013,0.01515875
qatar,2014,0.03383748025464
republic_of_ireland,1965,0.0
republic_of_ireland,1966,0.0
republic_of_ireland,1967,0.0
republic_of_ireland,1968,0.0
republic_of_ireland,1969,0.0
republic_of_ireland,1970,0.0
republic_of_ireland,1971,0.0
republic_of_ireland,1972,0.0
republic_of_ireland,1973,0.0
republic_of_ireland,1974,0.0
republic_of_ireland,1975,0.0
republic_of_ireland,1976,0.0
republic_of_ireland,1977,0.0
republic_of_ireland,1978,0.0
republic_of_ireland,1979,0.0
republic_of_ireland,1980,0.0
republic_of_ireland,1981,0.0
republic_of_ireland,1982,0.0
republic_of_ireland,1983,0.0
republic_of_ireland,1984,0.0
republic_of_ireland,1985,0.0
republic_of_ireland,1986,0.0
republic_of_ireland,1987,0.0
republic_of_ireland,1988,0.0
republic_of_ireland,1989,0.0
republic_of_ireland,1990,0.0
republic_of_ireland,1991,0.0
republic_of_ireland,1992,0.0
republic_of_ireland,1993,0.0
republic_of_ireland,1994,0.0
republic_of_ireland,1995,0.0
republic_of_ireland,1996,0.0
republic_of_ireland,1997,0.0
republic_of_ireland,1998,0.0
republic_of_ireland,1999,0.0
republic_of_ireland,2000,0.0
republic_of_ireland,2001,0.0
republic_of_ireland,2002,0.0
republic_of_ireland,2003,0.0
republic_of_ireland,2004,0.0
republic_of_ireland,2005,0.0
republic_of_ireland,2006,0.0
republic_of_ireland,2007,0.0
republic_of_ireland,2008,0.0
republic_of_ireland,2009,0.0
republic_of_ireland,2010,0.0
republic_of_ireland,2011,0.0
republic_of_ireland,2012,0.0
republic_of_ireland,2013,0.0
republic_of_ireland,2014,0.0
romania,1965,0.0
romania,1966,0.0
romania,1967,0.0
romania,1968,0.0
romania,1969,0.0
romania,1970,0.0
romania,1971,0.0
romania,1972,0.0
romania,1973,0.0
romania,1974,0.0
romania,1975,0.0
romania,1976,0.0
romania,1977,0.0
romania,1978,0.0
romania,1979,0.0
romania,1980,0.0
romania,1981,0.0
romania,1982,0.0
romania,1983,0.0
romania,1984,0.0
romania,1985,0.0
romania,1986,0.0
romania,1987,0.0
romania,1988,0.0
romania,1989,0.0
romania,1990,0.0
romania,1991,0.0
romania,1992,0.0
romania,1993,0.0
romania,1994,0.0
romania,1995,0.0
romania,1996,0.0
romania,1997,0.0
romania,1998,0.0
romania,1999,0.0
romania,2000,0.0
romania,2001,0.0
romania,2002,0.0
romania,2003,0.0
romania,2004,0.0
romania,2005,0.0
romania,2006,0.0
romania,2007,0.0
romania,2008,0.0
romania,2009,0.0010101010101
romania,2010,0.0020202020202
romania,2011,0.001
romania,2012,0.008
romania,2013,0.42
romania,2014,1.2953
russian_federation,1985,0.0
russian_federation,1986,0.0
russian_federation,1987,0.0
russian_federation,1988,0.0
russian_federation,1989,0.0
russian_federation,1990,0.0
russian_federation,1991,0.0
russian_federation,1992,0.0
russian_federation,1993,0.0
russian_federation,1994,0.0
russian_federation,1995,0.0
russian_federation,1996,0.0
russian_federation,1997,0.0
russian_federation,1998,0.0
russian_federation,1999,0.0
russian_federation,2000,0.0
russian_federation,2001,0.0
russian_federation,2002,0.0
russian_federation,2003,0.0
russian_federation,2004,0.0
russian_federation,2005,0.0
russian_federation,2006,0.0
russian_federation,2007,0.0
russian_federation,2008,0.0
russian_federation,2009,0.0
russian_federation,2010,0.0
russian_federation,2011,0.0
russian_federation,2012,0.0
russian_federation,2013,0.0
russian_federation,2014,0.0
saudi_arabia,1965,0.0
saudi_arabia,1966,0.0
saudi_arabia,1967,0.0
saudi_arabia,1968,0.0
saudi_arabia,1969,0.0
saudi_arabia,1970,0.0
saudi_arabia,1971,0.0
saudi_arabia,1972,0.0
saudi_arabia,1973,0.0
saudi_arabia,1974,0.0
saudi_arabia,1975,0.0
saudi_arabia,1976,0.0
saudi_arabia,1977,0.0
saudi_arabia,1978,0.0
saudi_arabia,1979,0.0
saudi_arabia,1980,0.0
saudi_arabia,1981,0.0
saudi_arabia,1982,0.0
saudi_arabia,1983,0.0
saudi_arabia,1984,0.0
saudi_arabia,1985,0.0
saudi_arabia,1986,0.0
saudi_arabia,1987,0.0
saudi_arabia,1988,0.0
saudi_arabia,1989,0.0
saudi_arabia,1990,0.0
saudi_arabia,1991,0.0
saudi_arabia,1992,0.0
saudi_arabia,1993,0.0
saudi_arabia,1994,0.0
saudi_arabia,1995,0.0
saudi_arabia,1996,0.0
saudi_arabia,1997,0.0
saudi_arabia,1998,0.0
saudi_arabia,1999,0.0
saudi_arabia,2000,0.0
saudi_arabia,2001,0.0
saudi_arabia,2002,0.0
saudi_arabia,2003,0.0
saudi_arabia,2004,0.0
saudi_arabia,2005,0.0
saudi_arabia,2006,0.0
saudi_arabia,2007,0.0
saudi_arabia,2008,0.0
saudi_arabia,2009,0.0
saudi_arabia,2010,0.0
saudi_arabia,2011,0.0
saudi_arabia,2012,0.0010101010101
saudi_arabia,2013,0.00100734117128
saudi_arabia,2014,0.00100734117128
singapore,1965,0.0
singapore,1966,0.0
singapore,1967,0.0
singapore,1968,0.0
singapore,1969,0.0
singapore,1970,0.0
singapore,1971,0.0
singapore,1972,0.0
singapore,1973,0.0
singapore,1974,0.0
singapore,1975,0.0
singapore,1976,0.0
singapore,1977,0.0
singapore,1978,0.0
singapore,1979,0.0
singapore,1980,0.0
singapore,1981,0.0
singapore,1982,0.0
singapore,1983,0.0
singapore,1984,0.0
singapore,1985,0.0
singapore,1986,0.0
singapore,1987,0.0
singapore,1988,0.0
singapore,1989,0.0
singapore,1990,0.0
singapore,1991,0.0
singapore,1992,0.0
singapore,1993,0.0
singapore,1994,0.0
singapore,1995,0.0
singapore,1996,0.0
singapore,1997,0.0
singapore,1998,0.0
singapore,1999,0.0
singapore,2000,0.0
singapore,2001,0.0
singapore,2002,0.0
singapore,2003,0.0
singapore,2004,0.0
singapore,2005,0.0
singapore,2006,0.0
singapore,2007,0.0
singapore,2008,0.0
singapore,2009,0.0013121532606
singapore,2010,0.0032692858302
singapore,2011,0.0055443252384
singapore,2012,0.009104056884
singapore,2013,0.014420490591
singapore,2014,0.0275473095066
slovakia,1965,0.0
slovakia,1966,0.0
slovakia,1967,0.0
slovakia,1968,0.0
slovakia,1969,0.0
slovakia,1970,0.0
slovakia,1971,0.0
slovakia,1972,0.0
slovakia,1973,0.0
slovakia,1974,0.0
slovakia,1975,0.0
slovakia,1976,0.0
slovakia,1977,0.0
slovakia,1978,0.0
slovakia,1979,0.0
slovakia,1980,0.0
slovakia,1981,0.0
slovakia,1982,0.0
slovakia,1983,0.0
slovakia,1984,0.0
slovakia,1985,0.0
slovakia,1986,0.0
slovakia,1987,0.0
slovakia,1988,0.0
slovakia,1989,0.0
slovakia,1990,0.0
slovakia,1991,0.0
slovakia,1992,0.0
slovakia,1993,0.0
slovakia,1994,0.0
slovakia,1995,0.0
slovakia,1996,0.0
slovakia,1997,0.0
slovakia,1998,0.0
slovakia,1999,0.0
slovakia,2000,0.0
slovakia,2001,0.0
slovakia,2002,0.0
slovakia,2003,0.0
slovakia,2004,0.0
slovakia,2005,0.0
slovakia,2006,0.0
slovakia,2007,0.0
slovakia,2008,0.0
slovakia,2009,0.0
slovakia,2010,0.017
slovakia,2011,0.31
slovakia,2012,0.561
slovakia,2013,0.588
slovakia,2014,0.476
south_africa,1965,0.0
south_africa,1966,0.0
south_africa,1967,0.0
south_africa,1968,0.0
south_africa,1969,0.0
south_africa,1970,0.0
south_africa,1971,0.0
south_africa,1972,0.0
south_africa,1973,0.0
south_africa,1974,0.0
south_africa,1975,0.0
south_africa,1976,0.0
south_africa,1977,0.0
south_africa,1978,0.0
south_africa,1979,0.0
south_africa,1980,0.0
south_africa,1981,0.0
south_africa,1982,0.0
south_africa,1983,0.0
south_africa,1984,0.0
south_africa,1985,0.0
south_africa,1986,0.0
south_africa,1987,0.0
south_africa,1988,0.0
south_africa,1989,0.0
south_africa,1990,0.0
south_africa,1991,0.0
south_africa,1992,0.0
south_africa,1993,0.0
south_africa,1994,0.0
south_africa,1995,0.0
south_africa,1996,0.0
south_africa,1997,0.0
south_africa,1998,0.0
south_africa,1999,0.0
south_africa,2000,0.0
south_africa,2001,0.0
south_africa,2002,0.02121212121212
south_africa,2003,0.02121212121212
south_africa,2004,0.02121212121212
south_africa,2005,0.02121212121212
south_africa,2006,0.02121212121212
south_africa,2007,0.02121212121212
south_africa,2008,0.02121212121212
south_africa,2009,0.02121212121212
south_africa,2010,0.03417727272727
south_africa,2011,0.07134090909091
south_africa,2012,0.0949
south_africa,2013,0.09954545454545
south_africa,2014,1.17007406272726
south_korea,1965,0.0
south_korea,1966,0.0
south_korea,1967,0.0
south_korea,1968,0.0
south_korea,1969,0.0
south_korea,1970,0.0
south_korea,1971,0.0
south_korea,1972,0.0
south_korea,1973,0.0
south_korea,1974,0.0
south_korea,1975,0.0
south_korea,1976,0.0
south_korea,1977,0.0
south_korea,1978,0.0
south_korea,1979,0.0
south_korea,1980,0.0
south_korea,1981,0.0
south_korea,1982,0.0
south_korea,1983,0.0
south_korea,1984,0.0
south_korea,1985,0.0
south_korea,1986,0.0
south_korea,1987,0.0
south_korea,1988,0.0
south_korea,1989,0.0
south_korea,1990,0.0
south_korea,1991,0.0020202020202
south_korea,1992,0.0020202020202
south_korea,1993,0.0020202020202
south_korea,1994,0.0030303030303
south_korea,1995,0.0030303030303
south_korea,1996,0.0030303030303
south_korea,1997,0.0040404040404
south_korea,1998,0.00383838383838
south_korea,1999,0.0040404040404
south_korea,2000,0.0050505050505
south_korea,2001,0.00606060606061
south_korea,2002,0.00707070707071
south_korea,2003,0.00808080808081
south_korea,2004,0.009872
south_korea,2005,0.014339
south_korea,2006,0.003747
south_korea,2007,0.071279
south_korea,2008,0.284
south_korea,2009,0.566
south_korea,2010,0.772801
south_korea,2011,0.917
south_korea,2012,1.103227
south_korea,2013,1.60518199999999
south_korea,2014,2.47241335113345
spain,1965,0.0
spain,1966,0.0
spain,1967,0.0
spain,1968,0.0
spain,1969,0.0
spain,1970,0.0
spain,1971,0.0
spain,1972,0.0
spain,1973,0.0
spain,1974,0.0
spain,1975,0.0
spain,1976,0.0
spain,1977,0.0
spain,1978,0.0
spain,1979,0.0
spain,1980,0.0
spain,1981,0.0
spain,1982,0.0
spain,1983,0.0
spain,1984,0.0
spain,1985,0.0
spain,1986,0.0
spain,1987,0.0
spain,1988,0.0
spain,1989,0.00606060606061
spain,1990,0.00575757575758
spain,1991,0.00671717171717
spain,1992,0.00767676767677
spain,1993,0.00863636363636
spain,1994,0.00959595959596
spain,1995,0.01439393939394
spain,1996,0.01151515151515
spain,1997,0.01247474747475
spain,1998,0.01439393939394
spain,1999,0.01616161616162
spain,2000,0.01727272727273
spain,2001,0.0230303030303
spain,2002,0.031
spain,2003,0.04
spain,2004,0.056
spain,2005,0.078
spain,2006,0.169
spain,2007,0.497
spain,2008,2.55699999999999
spain,2009,6.06693467299998
spain,2010,7.10399999999997
spain,2011,8.67953628360233
spain,2012,11.9659094536434
spain,2013,12.6896157953098
spain,2014,13.6525385039999
sweden,1965,0.0
sweden,1966,0.0
sweden,1967,0.0
sweden,1968,0.0
sweden,1969,0.0
sweden,1970,0.0
sweden,1971,0.0
sweden,1972,0.0
sweden,1973,0.0
sweden,1974,0.0
sweden,1975,0.0
sweden,1976,0.0
sweden,1977,0.0
sweden,1978,0.0
sweden,1979,0.0
sweden,1980,0.0
sweden,1981,0.0
sweden,1982,0.0
sweden,1983,0.0
sweden,1984,0.0
sweden,1985,0.0
sweden,1986,0.0
sweden,1987,0.0
sweden,1988,0.0
sweden,1989,0.0
sweden,1990,0.0
sweden,1991,0.0
sweden,1992,0.0
sweden,1993,0.001
sweden,1994,0.001
sweden,1995,0.001
sweden,1996,0.001
sweden,1997,0.001
sweden,1998,0.001
sweden,1999,0.001
sweden,2000,0.001
sweden,2001,0.002
sweden,2002,0.002
sweden,2003,0.002
sweden,2004,0.002
sweden,2005,0.002
sweden,2006,0.002
sweden,2007,0.003
sweden,2008,0.004
sweden,2009,0.007
sweden,2010,0.009
sweden,2011,0.011
sweden,2012,0.019
sweden,2013,0.035
sweden,2014,0.06355126300149
switzerland,1965,0.0
switzerland,1966,0.0
switzerland,1967,0.0
switzerland,1968,0.0
switzerland,1969,0.0
switzerland,1970,0.0
switzerland,1971,0.0
switzerland,1972,0.0
switzerland,1973,0.0
switzerland,1974,0.0
switzerland,1975,0.0
switzerland,1976,0.0
switzerland,1977,0.0
switzerland,1978,0.0
switzerland,1979,0.0
switzerland,1980,0.0
switzerland,1981,0.0
switzerland,1982,0.0
switzerland,1983,0.0
switzerland,1984,0.0
switzerland,1985,0.0
switzerland,1986,0.0
switzerland,1987,0.0
switzerland,1988,0.0
switzerland,1989,0.0
switzerland,1990,0.001
switzerland,1991,0.002
switzerland,1992,0.003
switzerland,1993,0.004
switzerland,1994,0.005
switzerland,1995,0.006
switzerland,1996,0.007
switzerland,1997,0.007
switzerland,1998,0.008
switzerland,1999,0.01
switzerland,2000,0.011
switzerland,2001,0.013
switzerland,2002,0.015
switzerland,2003,0.018
switzerland,2004,0.018
switzerland,2005,0.021
switzerland,2006,0.024
switzerland,2007,0.029
switzerland,2008,0.037
switzerland,2009,0.054
switzerland,2010,0.094
switzerland,2011,0.173
switzerland,2012,0.32
switzerland,2013,0.544
switzerland,2014,0.83537971500419
taiwan,1965,0.0
taiwan,1966,0.0
taiwan,1967,0.0
taiwan,1968,0.0
taiwan,1969,0.0
taiwan,1970,0.0
taiwan,1971,0.0
taiwan,1972,0.0
taiwan,1973,0.0
taiwan,1974,0.0
taiwan,1975,0.0
taiwan,1976,0.0
taiwan,1977,0.0
taiwan,1978,0.0
taiwan,1979,0.0
taiwan,1980,0.0
taiwan,1981,0.0
taiwan,1982,0.0
taiwan,1983,0.0
taiwan,1984,0.0
taiwan,1985,0.0
taiwan,1986,0.0
taiwan,1987,0.0
taiwan,1988,0.0
taiwan,1989,0.0
taiwan,1990,0.0
taiwan,1991,0.0
taiwan,1992,0.0
taiwan,1993,0.0
taiwan,1994,0.0
taiwan,1995,0.0
taiwan,1996,0.0
taiwan,1997,0.0
taiwan,1998,0.0
taiwan,1999,0.0
taiwan,2000,0.0
taiwan,2001,0.0
taiwan,2002,0.0
taiwan,2003,0.0
taiwan,2004,0.0010101010101
taiwan,2005,0.0010101010101
taiwan,2006,0.0010101010101
taiwan,2007,0.00191919191919
taiwan,2008,0.00419
taiwan,2009,0.00813
taiwan,2010,0.02077
taiwan,2011,0.070266324
taiwan,2012,0.173077793
taiwan,2013,0.337854186
taiwan,2014,0.551709184
thailand,1965,0.0
thailand,1966,0.0
thailand,1967,0.0
thailand,1968,0.0
thailand,1969,0.0
thailand,1970,0.0
thailand,1971,0.0
thailand,1972,0.0
thailand,1973,0.0
thailand,1974,0.0
thailand,1975,0.0
thailand,1976,0.0
thailand,1977,0.0
thailand,1978,0.0
thailand,1979,0.0
thailand,1980,0.0
thailand,1981,0.0
thailand,1982,0.0
thailand,1983,0.0
thailand,1984,0.0
thailand,1985,0.0
thailand,1986,0.0
thailand,1987,0.0
thailand,1988,0.0
thailand,1989,0.0
thailand,1990,0.0
thailand,1991,0.0
thailand,1992,0.0
thailand,1993,0.0
thailand,1994,0.0
thailand,1995,0.0
thailand,1996,0.0
thailand,1997,0.0
thailand,1998,0.0
thailand,1999,0.0
thailand,2000,0.0
thailand,2001,0.0
thailand,2002,0.0
thailand,2003,0.0
thailand,2004,0.0
thailand,2005,0.0
thailand,2006,0.0010101010101
thailand,2007,0.0010101010101
thailand,2008,0.00282828282828
thailand,2009,0.01
thailand,2010,0.023
thailand,2011,0.084
thailand,2012,0.461
thailand,2013,0.830746
thailand,2014,1.45637799999999
total_africa,1965,0.0
total_africa,1966,0.0
total_africa,1967,0.0
total_africa,1968,0.0
total_africa,1969,0.0
total_africa,1970,0.0
total_africa,1971,0.0
total_africa,1972,0.0
total_africa,1973,0.0
total_africa,1974,0.0
total_africa,1975,0.0
total_africa,1976,0.0
total_africa,1977,0.0
total_africa,1978,0.0
total_africa,1979,0.0
total_africa,1980,0.0
total_africa,1981,0.0
total_africa,1982,0.0
total_africa,1983,0.0
total_africa,1984,0.0
total_africa,1985,0.0
total_africa,1986,0.0
total_africa,1987,0.0
total_africa,1988,0.0
total_africa,1989,0.0
total_africa,1990,0.0
total_africa,1991,0.0
total_africa,1992,0.0
total_africa,1993,0.0
total_africa,1994,0.0
total_africa,1995,0.0
total_africa,1996,0.0
total_africa,1997,0.0
total_africa,1998,0.0
total_africa,1999,0.0
total_africa,2000,0.0020202020202
total_africa,2001,0.0020202020202
total_africa,2002,0.02333333333333
total_africa,2003,0.02333333333333
total_africa,2004,0.02535353535354
total_africa,2005,0.02636363636364
total_africa,2006,0.04662886239444
total_africa,2007,0.12175344345703
total_africa,2008,0.21831488766153
total_africa,2009,0.24255053084335
total_africa,2010,0.34008347505547
total_africa,2011,0.5945847874191
total_africa,2012,0.83907437093468
total_africa,2013,0.97726033585138
total_africa,2014,2.0533384317381
total_asia_pacific,1965,0.0
total_asia_pacific,1966,0.0
total_asia_pacific,1967,0.0
total_asia_pacific,1968,0.0
total_asia_pacific,1969,0.0
total_asia_pacific,1970,0.0
total_asia_pacific,1971,0.0
total_asia_pacific,1972,0.0
total_asia_pacific,1973,0.0
total_asia_pacific,1974,0.0
total_asia_pacific,1975,0.0
total_asia_pacific,1976,0.0
total_asia_pacific,1977,0.0
total_asia_pacific,1978,0.0
total_asia_pacific,1979,0.0
total_asia_pacific,1980,0.0
total_asia_pacific,1981,0.0
total_asia_pacific,1982,0.0
total_asia_pacific,1983,0.0
total_asia_pacific,1984,0.0
total_asia_pacific,1985,0.0
total_asia_pacific,1986,0.0
total_asia_pacific,1987,0.0
total_asia_pacific,1988,0.0
total_asia_pacific,1989,0.0
total_asia_pacific,1990,0.0030202020202
total_asia_pacific,1991,0.0100404040404
total_asia_pacific,1992,0.02765151515152
total_asia_pacific,1993,0.04366161616162
total_asia_pacific,1994,0.05418181818182
total_asia_pacific,1995,0.07171212121212
total_asia_pacific,1996,0.09878282828283
total_asia_pacific,1997,0.13164637333333
total_asia_pacific,1998,0.17834474424242
total_asia_pacific,1999,0.24822994747475
total_asia_pacific,2000,0.37180944161616
total_asia_pacific,2001,0.51625187070707
total_asia_pacific,2002,0.70362305292929
total_asia_pacific,2003,0.95183107232323
total_asia_pacific,2004,1.23430342464646
total_asia_pacific,2005,1.55593331474747
total_asia_pacific,2006,1.88142083595959
total_asia_pacific,2007,2.25955348040403
total_asia_pacific,2008,2.77921723878787
total_asia_pacific,2009,3.87118705364578
total_asia_pacific,2010,6.38048060625712
total_asia_pacific,2011,10.9045375900442
total_asia_pacific,2012,18.2454907112329
total_asia_pacific,2013,36.0152468086451
total_asia_pacific,2014,62.5503628651251
total_europe_eurasia,1965,0.0
total_europe_eurasia,1966,0.0
total_europe_eurasia,1967,0.0
total_europe_eurasia,1968,0.0
total_europe_eurasia,1969,0.0
total_europe_eurasia,1970,0.0
total_europe_eurasia,1971,0.0
total_europe_eurasia,1972,0.0
total_europe_eurasia,1973,0.0
total_europe_eurasia,1974,0.0
total_europe_eurasia,1975,0.0
total_europe_eurasia,1976,0.0
total_europe_eurasia,1977,0.0
total_europe_eurasia,1978,0.0
total_europe_eurasia,1979,0.0
total_europe_eurasia,1980,0.0
total_europe_eurasia,1981,0.0
total_europe_eurasia,1982,0.0
total_europe_eurasia,1983,0.0
total_europe_eurasia,1984,0.0010101010101
total_europe_eurasia,1985,0.0010101010101
total_europe_eurasia,1986,0.0010101010101
total_europe_eurasia,1987,0.0
total_europe_eurasia,1988,0.0010101010101
total_europe_eurasia,1989,0.00909090909091
total_europe_eurasia,1990,0.01175757575758
total_europe_eurasia,1991,0.01671717171717
total_europe_eurasia,1992,0.02616476767677
total_europe_eurasia,1993,0.03531936363636
total_europe_eurasia,1994,0.03848445959596
total_europe_eurasia,1995,0.05043393939394
total_europe_eurasia,1996,0.05732545151515
total_europe_eurasia,1997,0.07120154747475
total_europe_eurasia,1998,0.08388243939394
total_europe_eurasia,1999,0.10170911616162
total_europe_eurasia,2000,0.1325362550505
total_europe_eurasia,2001,0.16323719191919
total_europe_eurasia,2002,0.27196233888889
total_europe_eurasia,2003,0.4617373
total_europe_eurasia,2004,0.74294715066666
total_europe_eurasia,2005,1.51658309333333
total_europe_eurasia,2006,2.56640893888888
total_europe_eurasia,2007,3.7960781111111
total_europe_eurasia,2008,7.47064357666664
total_europe_eurasia,2009,14.172837538212
total_europe_eurasia,2010,23.1825223061393
total_europe_eurasia,2011,46.6540081857358
total_europe_eurasia,2012,72.114385656139
total_europe_eurasia,2013,86.4726051856071
total_europe_eurasia,2014,99.6880797871675
total_middle_east,1965,0.0
total_middle_east,1966,0.0
total_middle_east,1967,0.0
total_middle_east,1968,0.0
total_middle_east,1969,0.0
total_middle_east,1970,0.0
total_middle_east,1971,0.0
total_middle_east,1972,0.0
total_middle_east,1973,0.0
total_middle_east,1974,0.0
total_middle_east,1975,0.0
total_middle_east,1976,0.0
total_middle_east,1977,0.0
total_middle_east,1978,0.0
total_middle_east,1979,0.0
total_middle_east,1980,0.0
total_middle_east,1981,0.0
total_middle_east,1982,0.0
total_middle_east,1983,0.0
total_middle_east,1984,0.0
total_middle_east,1985,0.0
total_middle_east,1986,0.0
total_middle_east,1987,0.0
total_middle_east,1988,0.0
total_middle_east,1989,0.0
total_middle_east,1990,0.0
total_middle_east,1991,0.0
total_middle_east,1992,0.0
total_middle_east,1993,0.0
total_middle_east,1994,0.0
total_middle_east,1995,0.0
total_middle_east,1996,0.0
total_middle_east,1997,0.0
total_middle_east,1998,0.0
total_middle_east,1999,0.0
total_middle_east,2000,0.0
total_middle_east,2001,0.0
total_middle_east,2002,0.0
total_middle_east,2003,0.0
total_middle_east,2004,0.0
total_middle_east,2005,0.0
total_middle_east,2006,0.0
total_middle_east,2007,0.0
total_middle_east,2008,0.0
total_middle_east,2009,0.03434343434343
total_middle_east,2010,0.10024509090909
total_middle_east,2011,0.23150756313131
total_middle_east,2012,0.42199238722844
total_middle_east,2013,0.67208426036319
total_middle_east,2014,1.11735174061784
total_north_america,1965,0.0
total_north_america,1966,0.0
total_north_america,1967,0.0
total_north_america,1968,0.0
total_north_america,1969,0.0
total_north_america,1970,0.0
total_north_america,1971,0.0
total_north_america,1972,0.0
total_north_america,1973,0.0
total_north_america,1974,0.0
total_north_america,1975,0.0
total_north_america,1976,0.0
total_north_america,1977,0.0
total_north_america,1978,0.0
total_north_america,1979,0.0
total_north_america,1980,0.0
total_north_america,1981,0.0
total_north_america,1982,0.0
total_north_america,1983,0.003
total_north_america,1984,0.00530101010101
total_north_america,1985,0.01073737373737
total_north_america,1986,0.01417373737374
total_north_america,1987,0.01060303030303
total_north_america,1988,0.00918585858586
total_north_america,1989,0.25313232323232
total_north_america,1990,0.37175454545454
total_north_america,1991,0.4785505050505
total_north_america,1992,0.40875970270707
total_north_america,1993,0.47321626836363
total_north_america,1994,0.49864051078787
total_north_america,1995,0.51073200398989
total_north_america,1996,0.5384250400303
total_north_america,1997,0.52933928719191
total_north_america,1998,0.52472445491919
total_north_america,1999,0.52041669324827
total_north_america,2000,0.52185034556087
total_north_america,2001,0.5758971291866
total_north_america,2002,0.59125300372142
total_north_america,2003,0.57026523125996
total_north_america,2004,0.60431871345029
total_north_america,2005,0.58341711855395
total_north_america,2006,0.54561956406166
total_north_america,2007,0.65601100478468
total_north_america,2008,0.91755741626793
total_north_america,2009,1.02230202020201
total_north_america,2010,1.37626464646463
total_north_america,2011,2.13394040404038
total_north_america,2012,4.77529999999994
total_north_america,2013,9.71407526446207
total_north_america,2014,19.3454745826914
total_s_cent_america,1965,0.0
total_s_cent_america,1966,0.0
total_s_cent_america,1967,0.0
total_s_cent_america,1968,0.0
total_s_cent_america,1969,0.0
total_s_cent_america,1970,0.0
total_s_cent_america,1971,0.0
total_s_cent_america,1972,0.0
total_s_cent_america,1973,0.0
total_s_cent_america,1974,0.0
total_s_cent_america,1975,0.0
total_s_cent_america,1976,0.0
total_s_cent_america,1977,0.0
total_s_cent_america,1978,0.0
total_s_cent_america,1979,0.0
total_s_cent_america,1980,0.0
total_s_cent_america,1981,0.0
total_s_cent_america,1982,0.0
total_s_cent_america,1983,0.0
total_s_cent_america,1984,0.0
total_s_cent_america,1985,0.0
total_s_cent_america,1986,0.0
total_s_cent_america,1987,0.0
total_s_cent_america,1988,0.0
total_s_cent_america,1989,0.0
total_s_cent_america,1990,0.0
total_s_cent_america,1991,0.0
total_s_cent_america,1992,0.0
total_s_cent_america,1993,0.0
total_s_cent_america,1994,0.0
total_s_cent_america,1995,0.0
total_s_cent_america,1996,0.0
total_s_cent_america,1997,0.0
total_s_cent_america,1998,0.00021902020202
total_s_cent_america,1999,0.00092903030303
total_s_cent_america,2000,0.00033903030303
total_s_cent_america,2001,0.00034603030303
total_s_cent_america,2002,0.00035003030303
total_s_cent_america,2003,0.00036803030303
total_s_cent_america,2004,0.00037303030303
total_s_cent_america,2005,0.00039403030303
total_s_cent_america,2006,0.00040303030303
total_s_cent_america,2007,0.00043193030303
total_s_cent_america,2008,0.00148683131313
total_s_cent_america,2009,0.00240923232323
total_s_cent_america,2010,0.03100035858586
total_s_cent_america,2011,0.10442368939394
total_s_cent_america,2012,0.35291041531434
total_s_cent_america,2013,0.63347604273849
total_s_cent_america,2014,1.12761757400713
total_world,1965,0.0
total_world,1966,0.0
total_world,1967,0.0
total_world,1968,0.0
total_world,1969,0.0
total_world,1970,0.0
total_world,1971,0.0
total_world,1972,0.0
total_world,1973,0.0
total_world,1974,0.0
total_world,1975,0.0
total_world,1976,0.0
total_world,1977,0.0
total_world,1978,0.0
total_world,1979,0.0
total_world,1980,0.0
total_world,1981,0.0
total_world,1982,0.0
total_world,1983,0.003
total_world,1984,0.00631111111111
total_world,1985,0.01174747474747
total_world,1986,0.01518383838384
total_world,1987,0.01060303030303
total_world,1988,0.01019595959596
total_world,1989,0.26222323232323
total_world,1990,0.38653232323232
total_world,1991,0.50530808080807
total_world,1992,0.46257598553535
total_world,1993,0.55219724816161
total_world,1994,0.59130678856565
total_world,1995,0.63287806459595
total_world,1996,0.69453331982828
total_world,1997,0.73218720799999
total_world,1998,0.78717065875757
total_world,1999,0.87128478718766
total_world,2000,1.02855527455076
total_world,2001,1.25775242413609
total_world,2002,1.59052175917596
total_world,2003,2.00753496721955
total_world,2004,2.60729585441997
total_world,2005,3.68269119330142
total_world,2006,5.0404812316076
total_world,2007,6.83382797005987
total_world,2008,11.3872199506971
total_world,2009,19.3456298095698
total_world,2010,31.4105964834114
total_world,2011,60.6230022197648
total_world,2012,96.7491535408494
total_world,2013,134.484747897667
total_world,2014,185.882224981347
trinidad_tobago,1965,0.0
trinidad_tobago,1966,0.0
trinidad_tobago,1967,0.0
trinidad_tobago,1968,0.0
trinidad_tobago,1969,0.0
trinidad_tobago,1970,0.0
trinidad_tobago,1971,0.0
trinidad_tobago,1972,0.0
trinidad_tobago,1973,0.0
trinidad_tobago,1974,0.0
trinidad_tobago,1975,0.0
trinidad_tobago,1976,0.0
trinidad_tobago,1977,0.0
trinidad_tobago,1978,0.0
trinidad_tobago,1979,0.0
trinidad_tobago,1980,0.0
trinidad_tobago,1981,0.0
trinidad_tobago,1982,0.0
trinidad_tobago,1983,0.0
trinidad_tobago,1984,0.0
trinidad_tobago,1985,0.0
trinidad_tobago,1986,0.0
trinidad_tobago,1987,0.0
trinidad_tobago,1988,0.0
trinidad_tobago,1989,0.0
trinidad_tobago,1990,0.0
trinidad_tobago,1991,0.0
trinidad_tobago,1992,0.0
trinidad_tobago,1993,0.0
trinidad_tobago,1994,0.0
trinidad_tobago,1995,0.0
trinidad_tobago,1996,0.0
trinidad_tobago,1997,0.0
trinidad_tobago,1998,0.0
trinidad_tobago,1999,0.0
trinidad_tobago,2000,0.0
trinidad_tobago,2001,0.0
trinidad_tobago,2002,0.0
trinidad_tobago,2003,0.0
trinidad_tobago,2004,0.0
trinidad_tobago,2005,0.0
trinidad_tobago,2006,0.0
trinidad_tobago,2007,0.0
trinidad_tobago,2008,0.0
trinidad_tobago,2009,0.0
trinidad_tobago,2010,0.000152
trinidad_tobago,2011,0.000416
trinidad_tobago,2012,0.00174877808219
trinidad_tobago,2013,0.00408
trinidad_tobago,2014,0.00648
turkey,1965,0.0
turkey,1966,0.0
turkey,1967,0.0
turkey,1968,0.0
turkey,1969,0.0
turkey,1970,0.0
turkey,1971,0.0
turkey,1972,0.0
turkey,1973,0.0
turkey,1974,0.0
turkey,1975,0.0
turkey,1976,0.0
turkey,1977,0.0
turkey,1978,0.0
turkey,1979,0.0
turkey,1980,0.0
turkey,1981,0.0
turkey,1982,0.0
turkey,1983,0.0
turkey,1984,0.0
turkey,1985,0.0
turkey,1986,0.0
turkey,1987,0.0
turkey,1988,0.0
turkey,1989,0.0
turkey,1990,0.0
turkey,1991,0.0
turkey,1992,0.0
turkey,1993,0.0
turkey,1994,0.0
turkey,1995,0.0
turkey,1996,0.0
turkey,1997,0.0
turkey,1998,0.0
turkey,1999,0.0
turkey,2000,0.0
turkey,2001,0.0
turkey,2002,0.0
turkey,2003,0.0
turkey,2004,0.0
turkey,2005,0.0
turkey,2006,0.0
turkey,2007,0.0
turkey,2008,0.0
turkey,2009,0.0
turkey,2010,0.00806
turkey,2011,0.00961
turkey,2012,0.01429906849315
turkey,2013,0.022785
turkey,2014,0.0586675
turkmenistan,1985,0.0
turkmenistan,1986,0.0
turkmenistan,1987,0.0
turkmenistan,1988,0.0
turkmenistan,1989,0.0
turkmenistan,1990,0.0
turkmenistan,1991,0.0
turkmenistan,1992,0.0
turkmenistan,1993,0.0
turkmenistan,1994,0.0
turkmenistan,1995,0.0
turkmenistan,1996,0.0
turkmenistan,1997,0.0
turkmenistan,1998,0.0
turkmenistan,1999,0.0
turkmenistan,2000,0.0
turkmenistan,2001,0.0
turkmenistan,2002,0.0
turkmenistan,2003,0.0
turkmenistan,2004,0.0
turkmenistan,2005,0.0
turkmenistan,2006,0.0
turkmenistan,2007,0.0
turkmenistan,2008,0.0
turkmenistan,2009,0.0
turkmenistan,2010,0.0001595
turkmenistan,2011,0.00045675
turkmenistan,2012,0.00098143150685
turkmenistan,2013,0.00184875
turkmenistan,2014,0.00308125
ukraine,1985,0.0
ukraine,1986,0.0
ukraine,1987,0.0
ukraine,1988,0.0
ukraine,1989,0.0
ukraine,1990,0.0
ukraine,1991,0.0
ukraine,1992,0.0
ukraine,1993,0.0
ukraine,1994,0.0
ukraine,1995,0.0
ukraine,1996,0.0
ukraine,1997,0.0
ukraine,1998,0.0
ukraine,1999,0.0
ukraine,2000,0.0
ukraine,2001,0.0
ukraine,2002,0.0
ukraine,2003,0.0
ukraine,2004,0.0
ukraine,2005,0.0
ukraine,2006,0.0
ukraine,2007,0.0
ukraine,2008,0.0
ukraine,2009,0.0
ukraine,2010,0.0
ukraine,2011,0.03
ukraine,2012,0.333
ukraine,2013,0.57
ukraine,2014,0.3553
united_arab_emirates,1965,0.0
united_arab_emirates,1966,0.0
united_arab_emirates,1967,0.0
united_arab_emirates,1968,0.0
united_arab_emirates,1969,0.0
united_arab_emirates,1970,0.0
united_arab_emirates,1971,0.0
united_arab_emirates,1972,0.0
united_arab_emirates,1973,0.0
united_arab_emirates,1974,0.0
united_arab_emirates,1975,0.0
united_arab_emirates,1976,0.0
united_arab_emirates,1977,0.0
united_arab_emirates,1978,0.0
united_arab_emirates,1979,0.0
united_arab_emirates,1980,0.0
united_arab_emirates,1981,0.0
united_arab_emirates,1982,0.0
united_arab_emirates,1983,0.0
united_arab_emirates,1984,0.0
united_arab_emirates,1985,0.0
united_arab_emirates,1986,0.0
united_arab_emirates,1987,0.0
united_arab_emirates,1988,0.0
united_arab_emirates,1989,0.0
united_arab_emirates,1990,0.0
united_arab_emirates,1991,0.0
united_arab_emirates,1992,0.0
united_arab_emirates,1993,0.0
united_arab_emirates,1994,0.0
united_arab_emirates,1995,0.0
united_arab_emirates,1996,0.0
united_arab_emirates,1997,0.0
united_arab_emirates,1998,0.0
united_arab_emirates,1999,0.0
united_arab_emirates,2000,0.0
united_arab_emirates,2001,0.0
united_arab_emirates,2002,0.0
united_arab_emirates,2003,0.0
united_arab_emirates,2004,0.0
united_arab_emirates,2005,0.0
united_arab_emirates,2006,0.0
united_arab_emirates,2007,0.0
united_arab_emirates,2008,0.0
united_arab_emirates,2009,0.01010101010101
united_arab_emirates,2010,0.02020202020202
united_arab_emirates,2011,0.01919191919192
united_arab_emirates,2012,0.01924449979244
united_arab_emirates,2013,0.01919191919192
united_arab_emirates,2014,0.01919191919192
united_kingdom,1965,0.0
united_kingdom,1966,0.0
united_kingdom,1967,0.0
united_kingdom,1968,0.0
united_kingdom,1969,0.0
united_kingdom,1970,0.0
united_kingdom,1971,0.0
united_kingdom,1972,0.0
united_kingdom,1973,0.0
united_kingdom,1974,0.0
united_kingdom,1975,0.0
united_kingdom,1976,0.0
united_kingdom,1977,0.0
united_kingdom,1978,0.0
united_kingdom,1979,0.0
united_kingdom,1980,0.0
united_kingdom,1981,0.0
united_kingdom,1982,0.0
united_kingdom,1983,0.0
united_kingdom,1984,0.0010101010101
united_kingdom,1985,0.0010101010101
united_kingdom,1986,0.0010101010101
united_kingdom,1987,0.0
united_kingdom,1988,0.0010101010101
united_kingdom,1989,0.0
united_kingdom,1990,0.0
united_kingdom,1991,0.0
united_kingdom,1992,0.0
united_kingdom,1993,0.0
united_kingdom,1994,0.0
united_kingdom,1995,0.0
united_kingdom,1996,0.0
united_kingdom,1997,0.0
united_kingdom,1998,0.0
united_kingdom,1999,0.001
united_kingdom,2000,0.001
united_kingdom,2001,0.002
united_kingdom,2002,0.003
united_kingdom,2003,0.003
united_kingdom,2004,0.004
united_kingdom,2005,0.008
united_kingdom,2006,0.011
united_kingdom,2007,0.014
united_kingdom,2008,0.017
united_kingdom,2009,0.02
united_kingdom,2010,0.04016909734142
united_kingdom,2011,0.24436165868925
united_kingdom,2012,1.35067102287938
united_kingdom,2013,2.03564060411129
united_kingdom,2014,3.93080792095598
us,1965,0.0
us,1966,0.0
us,1967,0.0
us,1968,0.0
us,1969,0.0
us,1970,0.0
us,1971,0.0
us,1972,0.0
us,1973,0.0
us,1974,0.0
us,1975,0.0
us,1976,0.0
us,1977,0.0
us,1978,0.0
us,1979,0.0
us,1980,0.0
us,1981,0.0
us,1982,0.0
us,1983,0.003
us,1984,0.00530101010101
us,1985,0.01073737373737
us,1986,0.01417373737374
us,1987,0.01060303030303
us,1988,0.00918585858586
us,1989,0.25313232323232
us,1990,0.37079494949495
us,1991,0.4765303030303
us,1992,0.40367676767676
us,1993,0.46712323232323
us,1994,0.49153737373737
us,1995,0.50183939393939
us,1996,0.52646969696969
us,1997,0.51633131313131
us,1998,0.50754848484848
us,1999,0.50008282828282
us,2000,0.49835858585858
us,2001,0.54823737373737
us,2002,0.56043535353535
us,2003,0.53939494949494
us,2004,0.58096464646464
us,2005,0.55585252525252
us,2006,0.51283434343434
us,2007,0.61797272727272
us,2008,0.87304545454544
us,2009,0.9001808080808
us,2010,1.22442626262625
us,2011,1.83605656565654
us,2012,4.37037878787874
us,2013,9.12688888888878
us,2014,18.5065191919189
uzbekistan,1985,0.0
uzbekistan,1986,0.0
uzbekistan,1987,0.0
uzbekistan,1988,0.0
uzbekistan,1989,0.0
uzbekistan,1990,0.0
uzbekistan,1991,0.0
uzbekistan,1992,0.0
uzbekistan,1993,0.0
uzbekistan,1994,0.0
uzbekistan,1995,0.0
uzbekistan,1996,0.0
uzbekistan,1997,0.0
uzbekistan,1998,0.0
uzbekistan,1999,0.0
uzbekistan,2000,0.0
uzbekistan,2001,0.0
uzbekistan,2002,0.0
uzbekistan,2003,0.0
uzbekistan,2004,0.0
uzbekistan,2005,0.0
uzbekistan,2006,0.0
uzbekistan,2007,0.0
uzbekistan,2008,0.0
uzbekistan,2009,0.0
uzbekistan,2010,0.000317125
uzbekistan,2011,0.000413
uzbekistan,2012,0.00127937054795
uzbekistan,2013,0.00302375
uzbekistan,2014,0.0048564375
venezuela,1965,0.0
venezuela,1966,0.0
venezuela,1967,0.0
venezuela,1968,0.0
venezuela,1969,0.0
venezuela,1970,0.0
venezuela,1971,0.0
venezuela,1972,0.0
venezuela,1973,0.0
venezuela,1974,0.0
venezuela,1975,0.0
venezuela,1976,0.0
venezuela,1977,0.0
venezuela,1978,0.0
venezuela,1979,0.0
venezuela,1980,0.0
venezuela,1981,0.0
venezuela,1982,0.0
venezuela,1983,0.0
venezuela,1984,0.0
venezuela,1985,0.0
venezuela,1986,0.0
venezuela,1987,0.0
venezuela,1988,0.0
venezuela,1989,0.0
venezuela,1990,0.0
venezuela,1991,0.0
venezuela,1992,0.0
venezuela,1993,0.0
venezuela,1994,0.0
venezuela,1995,0.0
venezuela,1996,0.0
venezuela,1997,0.0
venezuela,1998,0.0
venezuela,1999,0.0
venezuela,2000,0.0
venezuela,2001,0.0
venezuela,2002,0.0
venezuela,2003,0.0
venezuela,2004,0.0
venezuela,2005,0.0
venezuela,2006,0.0
venezuela,2007,0.0
venezuela,2008,0.0
venezuela,2009,0.0
venezuela,2010,0.00246
venezuela,2011,0.00298
venezuela,2012,0.00522
venezuela,2013,0.0077335865117
venezuela,2014,0.019880625
vietnam,1965,0.0
vietnam,1966,0.0
vietnam,1967,0.0
vietnam,1968,0.0
vietnam,1969,0.0
vietnam,1970,0.0
vietnam,1971,0.0
vietnam,1972,0.0
vietnam,1973,0.0
vietnam,1974,0.0
vietnam,1975,0.0
vietnam,1976,0.0
vietnam,1977,0.0
vietnam,1978,0.0
vietnam,1979,0.0
vietnam,1980,0.0
vietnam,1981,0.0
vietnam,1982,0.0
vietnam,1983,0.0
vietnam,1984,0.0
vietnam,1985,0.0
vietnam,1986,0.0
vietnam,1987,0.0
vietnam,1988,0.0
vietnam,1989,0.0
vietnam,1990,0.0
vietnam,1991,0.0
vietnam,1992,0.0
vietnam,1993,0.0
vietnam,1994,0.0
vietnam,1995,0.0
vietnam,1996,0.0
vietnam,1997,0.0
vietnam,1998,0.0
vietnam,1999,0.0
vietnam,2000,0.0
vietnam,2001,0.0
vietnam,2002,0.0
vietnam,2003,0.0
vietnam,2004,0.0
vietnam,2005,0.0
vietnam,2006,0.0
vietnam,2007,0.0
vietnam,2008,0.0
vietnam,2009,0.0
vietnam,2010,0.00624
vietnam,2011,0.010985
vietnam,2012,0.01401328767123
vietnam,2013,0.01534
vietnam,2014,0.01534
