geo,year,gas_production_tonnes
algeria,1970,2.2800
algeria,1971,2.4030
algeria,1972,3.0450
algeria,1973,4.0410
algeria,1974,4.6720
algeria,1975,5.7530
algeria,1976,7.2460
algeria,1977,6.9350
algeria,1978,10.755
algeria,1979,17.629
algeria,1980,13.250
algeria,1981,15.361
algeria,1982,20.043
algeria,1983,28.701
algeria,1984,29.214
algeria,1985,32.105
algeria,1986,32.837
algeria,1987,37.060
algeria,1988,38.743
algeria,1989,41.774
algeria,1990,44.417
algeria,1991,47.896
algeria,1992,49.872
algeria,1993,50.513
algeria,1994,46.441
algeria,1995,52.873
algeria,1996,56.106
algeria,1997,64.367
algeria,1998,68.927
algeria,1999,77.478
algeria,2000,79.010
algeria,2001,74.353
algeria,2002,76.476
algeria,2003,80.703
algeria,2004,79.153
algeria,2005,79.398
algeria,2006,76.020
algeria,2007,76.344
algeria,2008,77.237
algeria,2009,71.595
algeria,2010,72.371
algeria,2011,74.430
algeria,2012,73.350
algeria,2013,74.187
algeria,2014,74.966
algeria,2015,74.700
argentina,1970,5.4180
argentina,1971,5.8550
argentina,1972,5.5660
argentina,1973,6.0610
argentina,1974,6.5230
argentina,1975,6.9230
argentina,1976,6.6010
argentina,1977,6.8130
argentina,1978,7.0290
argentina,1979,6.5070
argentina,1980,7.5560
argentina,1981,7.8620
argentina,1982,8.8110
argentina,1983,11.826
argentina,1984,12.132
argentina,1985,12.501
argentina,1986,13.959
argentina,1987,13.635
argentina,1988,16.164
argentina,1989,17.091
argentina,1990,16.056
argentina,1991,17.937
argentina,1992,18.081
argentina,1993,19.368
argentina,1994,20.043
argentina,1995,22.509
argentina,1996,26.037
argentina,1997,24.642
argentina,1998,26.631
argentina,1999,31.113
argentina,2000,33.669
argentina,2001,33.426
argentina,2002,32.499
argentina,2003,36.936
argentina,2004,40.392
argentina,2005,41.067
argentina,2006,41.490
argentina,2007,40.347
argentina,2008,39.654
argentina,2009,37.283
argentina,2010,36.089
argentina,2011,34.906
argentina,2012,33.956
argentina,2013,31.980
argentina,2014,31.907
argentina,2015,32.842
australia,1970,1.5660
australia,1971,2.3370
australia,1972,3.3550
australia,1973,4.2600
australia,1974,4.8600
australia,1975,5.2190
australia,1976,6.1610
australia,1977,7.0380
australia,1978,7.5770
australia,1979,8.7220
australia,1980,10.015
australia,1981,10.855
australia,1982,10.587
australia,1983,11.500
australia,1984,10.955
australia,1985,11.698
australia,1986,12.765
australia,1987,13.036
australia,1988,13.337
australia,1989,15.302
australia,1990,17.690
australia,1991,18.839
australia,1992,20.572
australia,1993,21.356
australia,1994,24.334
australia,1995,25.479
australia,1996,25.672
australia,1997,26.268
australia,1998,27.255
australia,1999,28.046
australia,2000,28.912
australia,2001,30.257
australia,2002,30.648
australia,2003,31.595
australia,2004,33.440
australia,2005,35.317
australia,2006,37.563
australia,2007,40.119
australia,2008,40.034
australia,2009,44.107
australia,2010,47.301
australia,2011,46.734
australia,2012,50.648
australia,2013,52.056
australia,2014,55.185
australia,2015,60.349
azerbaijan,1985,11.460
azerbaijan,1986,11.077
azerbaijan,1987,10.181
azerbaijan,1988,9.6923
azerbaijan,1989,9.0407
azerbaijan,1990,8.0633
azerbaijan,1991,7.0045
azerbaijan,1992,6.4344
azerbaijan,1993,5.5385
azerbaijan,1994,5.2127
azerbaijan,1995,5.3756
azerbaijan,1996,5.1310
azerbaijan,1997,4.8866
azerbaijan,1998,4.5606
azerbaijan,1999,4.8866
azerbaijan,2000,4.6072
azerbaijan,2001,4.5170
azerbaijan,2002,4.1890
azerbaijan,2003,4.1764
azerbaijan,2004,4.0688
azerbaijan,2005,4.6687
azerbaijan,2006,5.5087
azerbaijan,2007,8.8225
azerbaijan,2008,13.306
azerbaijan,2009,13.295
azerbaijan,2010,13.580
azerbaijan,2011,13.326
azerbaijan,2012,14.043
azerbaijan,2013,14.575
azerbaijan,2014,15.807
azerbaijan,2015,16.353
bahrain,1970,0.55900
bahrain,1971,0.81500
bahrain,1972,1.0170
bahrain,1973,1.4420
bahrain,1974,1.7780
bahrain,1975,1.8710
bahrain,1976,1.9610
bahrain,1977,2.1270
bahrain,1978,2.3370
bahrain,1979,2.5910
bahrain,1980,2.1030
bahrain,1981,1.9500
bahrain,1982,3.0790
bahrain,1983,3.2270
bahrain,1984,3.3250
bahrain,1985,4.0590
bahrain,1986,4.6470
bahrain,1987,4.5150
bahrain,1988,4.7960
bahrain,1989,4.9890
bahrain,1990,5.2250
bahrain,1991,4.9810
bahrain,1992,5.8200
bahrain,1993,6.2340
bahrain,1994,6.3820
bahrain,1995,6.4880
bahrain,1996,6.6810
bahrain,1997,7.1730
bahrain,1998,7.5420
bahrain,1999,7.8040
bahrain,2000,7.8890
bahrain,2001,8.2150
bahrain,2002,8.5120
bahrain,2003,8.6650
bahrain,2004,8.7820
bahrain,2005,9.6388
bahrain,2006,10.197
bahrain,2007,10.609
bahrain,2008,11.385
bahrain,2009,11.495
bahrain,2010,11.775
bahrain,2011,11.960
bahrain,2012,12.365
bahrain,2013,13.223
bahrain,2014,13.923
bahrain,2015,13.981
bangladesh,1970,0.0000
bangladesh,1971,0.0000
bangladesh,1972,0.37800
bangladesh,1973,0.52300
bangladesh,1974,0.57500
bangladesh,1975,0.57800
bangladesh,1976,0.76100
bangladesh,1977,0.84900
bangladesh,1978,0.93700
bangladesh,1979,1.0780
bangladesh,1980,1.2140
bangladesh,1981,1.2730
bangladesh,1982,1.6527
bangladesh,1983,1.8390
bangladesh,1984,2.1227
bangladesh,1985,2.4106
bangladesh,1986,2.7182
bangladesh,1987,3.1938
bangladesh,1988,3.7591
bangladesh,1989,3.9739
bangladesh,1990,4.2772
bangladesh,1991,4.4049
bangladesh,1992,4.8034
bangladesh,1993,5.3769
bangladesh,1994,5.7026
bangladesh,1995,6.3045
bangladesh,1996,6.7666
bangladesh,1997,6.6514
bangladesh,1998,7.1873
bangladesh,1999,7.8362
bangladesh,2000,8.4700
bangladesh,2001,9.4846
bangladesh,2002,9.9782
bangladesh,2003,10.733
bangladesh,2004,11.539
bangladesh,2005,12.402
bangladesh,2006,13.431
bangladesh,2007,14.341
bangladesh,2008,15.313
bangladesh,2009,17.529
bangladesh,2010,17.988
bangladesh,2011,18.311
bangladesh,2012,19.951
bangladesh,2013,20.527
bangladesh,2014,21.517
bangladesh,2015,24.140
bolivia,1970,0.036000
bolivia,1971,0.036000
bolivia,1972,0.96000
bolivia,1973,1.4800
bolivia,1974,1.5490
bolivia,1975,1.5270
bolivia,1976,1.5740
bolivia,1977,1.6610
bolivia,1978,1.6370
bolivia,1979,1.7900
bolivia,1980,2.1950
bolivia,1981,2.3410
bolivia,1982,2.4280
bolivia,1983,2.3310
bolivia,1984,2.2420
bolivia,1985,2.2220
bolivia,1986,2.2630
bolivia,1987,2.3670
bolivia,1988,2.5020
bolivia,1989,2.6390
bolivia,1990,2.6970
bolivia,1991,2.6810
bolivia,1992,2.6404
bolivia,1993,2.6344
bolivia,1994,2.8407
bolivia,1995,2.8384
bolivia,1996,2.8663
bolivia,1997,2.4160
bolivia,1998,2.5233
bolivia,1999,2.0317
bolivia,2000,2.9121
bolivia,2001,4.2408
bolivia,2002,5.4334
bolivia,2003,6.2444
bolivia,2004,8.7854
bolivia,2005,10.839
bolivia,2006,11.607
bolivia,2007,12.432
bolivia,2008,12.863
bolivia,2009,11.081
bolivia,2010,12.791
bolivia,2011,14.021
bolivia,2012,15.985
bolivia,2013,18.257
bolivia,2014,18.911
bolivia,2015,18.771
brazil,1970,0.070920
brazil,1971,0.11259
brazil,1972,0.15336
brazil,1973,0.17553
brazil,1974,0.33776
brazil,1975,0.36790
brazil,1976,0.42375
brazil,1977,0.52747
brazil,1978,0.69413
brazil,1979,0.76062
brazil,1980,0.88916
brazil,1981,0.79785
brazil,1982,1.1400
brazil,1983,1.5416
brazil,1984,1.7943
brazil,1985,2.2508
brazil,1986,2.6214
brazil,1987,2.9281
brazil,1988,2.9467
brazil,1989,3.0212
brazil,1990,2.7506
brazil,1991,2.8595
brazil,1992,3.2394
brazil,1993,3.7947
brazil,1994,4.1442
brazil,1995,4.5739
brazil,1996,4.9982
brazil,1997,5.4406
brazil,1998,5.6992
brazil,1999,6.6918
brazil,2000,6.7419
brazil,2001,6.8853
brazil,2002,8.3184
brazil,2003,9.0368
brazil,2004,9.9389
brazil,2005,9.8302
brazil,2006,10.037
brazil,2007,10.107
brazil,2008,12.571
brazil,2009,10.736
brazil,2010,13.135
brazil,2011,15.064
brazil,2012,17.343
brazil,2013,19.194
brazil,2014,20.363
brazil,2015,20.622
brunei,1970,0.19700
brunei,1971,0.19500
brunei,1972,0.40100
brunei,1973,1.7510
brunei,1974,3.8010
brunei,1975,4.9840
brunei,1976,6.5740
brunei,1977,7.5440
brunei,1978,7.3940
brunei,1979,7.7460
brunei,1980,7.7750
brunei,1981,7.5280
brunei,1982,7.5190
brunei,1983,7.8420
brunei,1984,7.9350
brunei,1985,7.7360
brunei,1986,7.7560
brunei,1987,7.7380
brunei,1988,8.0400
brunei,1989,7.8790
brunei,1990,8.0330
brunei,1991,8.1540
brunei,1992,8.7770
brunei,1993,9.2930
brunei,1994,9.3520
brunei,1995,10.585
brunei,1996,10.493
brunei,1997,10.501
brunei,1998,9.6940
brunei,1999,10.105
brunei,2000,10.168
brunei,2001,10.257
brunei,2002,10.313
brunei,2003,11.119
brunei,2004,11.009
brunei,2005,10.809
brunei,2006,11.313
brunei,2007,11.029
brunei,2008,10.938
brunei,2009,10.273
brunei,2010,11.054
brunei,2011,11.519
brunei,2012,11.309
brunei,2013,10.986
brunei,2014,10.667
brunei,2015,11.429
canada,1970,51.039
canada,1971,55.800
canada,1972,63.000
canada,1973,67.500
canada,1974,66.100
canada,1975,67.518
canada,1976,68.112
canada,1977,71.550
canada,1978,69.048
canada,1979,72.810
canada,1980,67.302
canada,1981,65.034
canada,1982,68.265
canada,1983,64.206
canada,1984,70.371
canada,1985,76.076
canada,1986,71.353
canada,1987,77.345
canada,1988,89.317
canada,1989,94.892
canada,1990,97.746
canada,1991,102.88
canada,1992,113.35
canada,1993,124.78
canada,1994,135.07
canada,1995,143.81
canada,1996,149.12
canada,1997,151.73
canada,1998,156.09
canada,1999,159.12
canada,2000,163.97
canada,2001,167.83
canada,2002,169.08
canada,2003,166.19
canada,2004,165.34
canada,2005,168.40
canada,2006,169.56
canada,2007,164.44
canada,2008,158.90
canada,2009,147.59
canada,2010,143.94
canada,2011,143.74
canada,2012,140.16
canada,2013,140.47
canada,2014,145.84
canada,2015,147.18
china,1970,2.6687
china,1971,3.4776
china,1972,4.5005
china,1973,5.5605
china,1974,7.0018
china,1975,8.2292
china,1976,9.3915
china,1977,11.270
china,1978,12.767
china,1979,13.492
china,1980,13.269
china,1981,11.846
china,1982,11.093
china,1983,11.353
china,1984,11.558
china,1985,12.023
china,1986,12.795
china,1987,12.916
china,1988,13.260
china,1989,13.993
china,1990,14.225
china,1991,14.403
china,1992,14.682
china,1993,15.589
china,1994,16.327
china,1995,16.688
china,1996,18.703
china,1997,21.110
china,1998,21.646
china,1999,23.430
china,2000,25.323
china,2001,28.236
china,2002,30.407
china,2003,32.599
china,2004,38.599
china,2005,45.917
china,2006,54.513
china,2007,64.462
china,2008,74.759
china,2009,79.385
china,2010,89.181
china,2011,98.069
china,2012,100.65
china,2013,109.98
china,2014,118.44
china,2015,124.17
colombia,1970,1.1680
colombia,1971,1.2440
colombia,1972,1.5050
colombia,1973,1.4960
colombia,1974,1.5180
colombia,1975,1.4610
colombia,1976,1.5340
colombia,1977,1.7720
colombia,1978,2.2560
colombia,1979,2.5730
colombia,1980,2.8500
colombia,1981,3.0550
colombia,1982,3.2210
colombia,1983,3.4570
colombia,1984,3.4930
colombia,1985,3.6180
colombia,1986,3.7080
colombia,1987,3.7690
colombia,1988,3.8680
colombia,1989,3.5700
colombia,1990,3.7150
colombia,1991,3.6930
colombia,1992,3.6360
colombia,1993,3.8150
colombia,1994,3.7390
colombia,1995,3.9660
colombia,1996,4.2340
colombia,1997,5.3350
colombia,1998,5.6370
colombia,1999,4.6630
colombia,2000,5.3634
colombia,2001,5.5533
colombia,2002,5.6092
colombia,2003,5.3766
colombia,2004,5.7365
colombia,2005,6.0278
colombia,2006,6.3254
colombia,2007,6.7866
colombia,2008,8.1527
colombia,2009,9.4552
colombia,2010,10.139
colombia,2011,9.8611
colombia,2012,10.777
colombia,2013,11.370
colombia,2014,10.604
colombia,2015,9.9140
denmark,1970,0.0000
denmark,1971,0.0000
denmark,1972,0.0000
denmark,1973,0.0000
denmark,1974,0.0000
denmark,1975,0.0000
denmark,1976,0.0000
denmark,1977,0.0000
denmark,1978,0.0000
denmark,1979,0.0000
denmark,1980,0.0000
denmark,1981,0.0000
denmark,1982,0.0000
denmark,1983,0.0000
denmark,1984,0.20900
denmark,1985,1.0100
denmark,1986,1.7130
denmark,1987,2.1830
denmark,1988,2.1560
denmark,1989,2.7650
denmark,1990,2.8230
denmark,1991,3.5472
denmark,1992,3.6949
denmark,1993,4.0535
denmark,1994,4.3920
denmark,1995,4.7555
denmark,1996,5.7786
denmark,1997,7.0739
denmark,1998,6.8087
denmark,1999,6.9799
denmark,2000,7.3377
denmark,2001,7.5439
denmark,2002,7.5442
denmark,2003,7.1683
denmark,2004,8.4874
denmark,2005,9.4024
denmark,2006,9.3728
denmark,2007,8.3009
denmark,2008,9.0815
denmark,2009,7.5848
denmark,2010,7.3935
denmark,2011,5.9319
denmark,2012,5.1778
denmark,2013,4.3601
denmark,2014,4.1506
denmark,2015,4.1337
egypt,1970,0.076500
egypt,1971,0.076500
egypt,1972,0.063900
egypt,1973,0.051300
egypt,1974,0.054000
egypt,1975,0.045000
egypt,1976,0.34200
egypt,1977,0.41400
egypt,1978,0.66600
egypt,1979,1.0080
egypt,1980,1.9620
egypt,1981,2.1960
egypt,1982,2.4030
egypt,1983,2.8170
egypt,1984,3.6180
egypt,1985,4.4370
egypt,1986,5.1120
egypt,1987,5.6520
egypt,1988,6.2280
egypt,1989,6.9660
egypt,1990,7.2630
egypt,1991,8.1720
egypt,1992,8.8380
egypt,1993,10.161
egypt,1994,10.890
egypt,1995,11.250
egypt,1996,11.970
egypt,1997,12.240
egypt,1998,12.600
egypt,1999,15.120
egypt,2000,18.900
egypt,2001,22.680
egypt,2002,24.570
egypt,2003,27.090
egypt,2004,29.700
egypt,2005,38.250
egypt,2006,49.230
egypt,2007,50.121
egypt,2008,53.073
egypt,2009,56.421
egypt,2010,55.188
egypt,2011,55.303
egypt,2012,54.793
egypt,2013,50.461
egypt,2014,43.912
egypt,2015,41.022
germany,1970,9.9440
germany,1971,12.418
germany,1972,14.831
germany,1973,16.667
germany,1974,17.494
germany,1975,15.920
germany,1976,16.766
germany,1977,17.006
germany,1978,18.186
germany,1979,18.243
germany,1980,16.670
germany,1981,17.229
germany,1982,15.458
germany,1983,16.530
germany,1984,17.383
germany,1985,15.682
germany,1986,15.021
germany,1987,16.658
germany,1988,15.025
germany,1989,14.160
germany,1990,14.333
germany,1991,13.240
germany,1992,13.430
germany,1993,13.365
germany,1994,14.011
germany,1995,14.458
germany,1996,15.657
germany,1997,15.391
germany,1998,15.039
germany,1999,16.063
germany,2000,15.192
germany,2001,15.337
germany,2002,15.297
germany,2003,15.923
germany,2004,14.735
germany,2005,14.227
germany,2006,14.054
germany,2007,12.874
germany,2008,11.726
germany,2009,10.962
germany,2010,9.5666
germany,2011,9.0003
germany,2012,8.1368
germany,2013,7.3995
germany,2014,6.9512
germany,2015,6.4710
india,1970,0.59175
india,1971,0.62708
india,1972,0.68783
india,1973,0.68602
india,1974,0.77648
india,1975,0.99405
india,1976,1.2076
india,1977,1.2897
india,1978,1.4405
india,1979,1.7914
india,1980,1.0595
india,1981,1.8497
india,1982,2.4251
india,1983,2.8854
india,1984,3.3046
india,1985,4.0421
india,1986,5.6478
india,1987,6.5059
india,1988,7.6212
india,1989,9.0612
india,1990,10.840
india,1991,12.072
india,1992,13.497
india,1993,13.715
india,1994,14.827
india,1995,16.904
india,1996,18.450
india,1997,20.060
india,1998,22.014
india,1999,22.557
india,2000,23.716
india,2001,23.777
india,2002,24.830
india,2003,26.581
india,2004,26.311
india,2005,26.661
india,2006,26.357
india,2007,27.084
india,2008,27.483
india,2009,33.802
india,2010,44.349
india,2011,40.060
india,2012,34.877
india,2013,28.973
india,2014,27.350
india,2015,26.301
indonesia,1970,1.1150
indonesia,1971,1.1280
indonesia,1972,1.1060
indonesia,1973,0.72000
indonesia,1974,1.0140
indonesia,1975,2.0970
indonesia,1976,2.1150
indonesia,1977,5.0940
indonesia,1978,9.7920
indonesia,1979,14.202
indonesia,1980,16.659
indonesia,1981,16.893
indonesia,1982,17.172
indonesia,1983,19.593
indonesia,1984,26.415
indonesia,1985,29.070
indonesia,1986,30.249
indonesia,1987,32.319
indonesia,1988,35.298
indonesia,1989,37.134
indonesia,1990,39.493
indonesia,1991,43.368
indonesia,1992,45.959
indonesia,1993,47.747
indonesia,1994,54.402
indonesia,1995,54.648
indonesia,1996,57.581
indonesia,1997,59.115
indonesia,1998,58.129
indonesia,1999,63.034
indonesia,2000,62.676
indonesia,2001,60.851
indonesia,2002,67.026
indonesia,2003,70.188
indonesia,2004,67.118
indonesia,2005,67.628
indonesia,2006,66.855
indonesia,2007,64.356
indonesia,2008,66.352
indonesia,2009,69.202
indonesia,2010,77.143
indonesia,2011,73.311
indonesia,2012,69.428
indonesia,2013,68.829
indonesia,2014,67.743
indonesia,2015,67.540
iran,1970,3.3308
iran,1971,8.0561
iran,1972,10.863
iran,1973,12.005
iran,1974,12.456
iran,1975,12.976
iran,1976,13.220
iran,1977,13.425
iran,1978,8.4096
iran,1979,8.1001
iran,1980,4.3217
iran,1981,4.6959
iran,1982,6.4311
iran,1983,7.3499
iran,1984,8.5558
iran,1985,9.2301
iran,1986,8.8670
iran,1987,10.855
iran,1988,11.785
iran,1989,14.881
iran,1990,23.553
iran,1991,27.824
iran,1992,29.448
iran,1993,15.735
iran,1994,24.996
iran,1995,30.367
iran,1996,35.714
iran,1997,37.525
iran,1998,42.377
iran,1999,50.484
iran,2000,53.682
iran,2001,59.656
iran,2002,70.940
iran,2003,74.409
iran,2004,86.751
iran,2005,92.061
iran,2006,100.32
iran,2007,112.45
iran,2008,117.75
iran,2009,129.34
iran,2010,137.13
iran,2011,143.87
iran,2012,149.54
iran,2013,150.10
iran,2014,163.84
iran,2015,173.22
iraq,1970,0.70600
iraq,1971,0.83300
iraq,1972,0.84200
iraq,1973,0.81900
iraq,1974,0.75200
iraq,1975,1.1690
iraq,1976,1.6220
iraq,1977,1.0600
iraq,1978,1.0990
iraq,1979,1.5760
iraq,1980,1.1530
iraq,1981,0.55800
iraq,1982,0.61200
iraq,1983,0.42300
iraq,1984,0.53100
iraq,1985,0.76500
iraq,1986,1.3950
iraq,1987,3.3750
iraq,1988,5.0400
iraq,1989,5.8050
iraq,1990,3.5820
iraq,1991,1.5660
iraq,1992,2.0430
iraq,1993,2.2950
iraq,1994,2.8530
iraq,1995,2.8530
iraq,1996,2.9160
iraq,1997,2.7450
iraq,1998,2.6550
iraq,1999,2.8620
iraq,2000,2.8350
iraq,2001,2.4840
iraq,2002,2.1240
iraq,2003,1.4040
iraq,2004,0.90000
iraq,2005,1.3050
iraq,2006,1.3050
iraq,2007,1.3140
iraq,2008,1.6920
iraq,2009,1.0341
iraq,2010,1.1727
iraq,2011,0.78840
iraq,2012,0.58140
iraq,2013,1.0611
iraq,2014,0.81396
iraq,2015,0.92403
italy,1970,10.818
italy,1971,11.023
italy,1972,11.683
italy,1973,12.618
italy,1974,12.595
italy,1975,12.005
italy,1976,12.900
italy,1977,11.317
italy,1978,11.303
italy,1979,11.028
italy,1980,10.263
italy,1981,11.501
italy,1982,11.809
italy,1983,10.589
italy,1984,11.207
italy,1985,11.538
italy,1986,12.930
italy,1987,13.252
italy,1988,13.469
italy,1989,13.767
italy,1990,14.030
italy,1991,14.111
italy,1992,14.734
italy,1993,15.682
italy,1994,16.546
italy,1995,16.347
italy,1996,16.364
italy,1997,15.895
italy,1998,15.682
italy,1999,14.418
italy,2000,13.722
italy,2001,12.575
italy,2002,12.064
italy,2003,11.455
italy,2004,10.693
italy,2005,9.9590
italy,2006,9.0580
italy,2007,7.9492
italy,2008,7.5797
italy,2009,6.5627
italy,2010,6.8844
italy,2011,6.9199
italy,2012,7.0471
italy,2013,6.3349
italy,2014,5.8552
italy,2015,5.5457
kazakhstan,1985,4.4471
kazakhstan,1986,4.7240
kazakhstan,1987,5.1312
kazakhstan,1988,5.7828
kazakhstan,1989,5.4570
kazakhstan,1990,5.0881
kazakhstan,1991,5.2155
kazakhstan,1992,4.8916
kazakhstan,1993,4.4111
kazakhstan,1994,2.7276
kazakhstan,1995,3.4335
kazakhstan,1996,2.9693
kazakhstan,1997,3.4881
kazakhstan,1998,2.9264
kazakhstan,1999,3.8774
kazakhstan,2000,4.7308
kazakhstan,2001,3.9494
kazakhstan,2002,5.0453
kazakhstan,2003,6.1200
kazakhstan,2004,7.7454
kazakhstan,2005,8.1187
kazakhstan,2006,8.0204
kazakhstan,2007,8.1101
kazakhstan,2008,10.436
kazakhstan,2009,9.6451
kazakhstan,2010,9.4762
kazakhstan,2011,9.4356
kazakhstan,2012,10.195
kazakhstan,2013,10.693
kazakhstan,2014,10.945
kazakhstan,2015,11.127
kuwait,1970,1.8330
kuwait,1971,1.8940
kuwait,1972,2.2380
kuwait,1973,2.5070
kuwait,1974,2.6380
kuwait,1975,2.8910
kuwait,1976,3.4780
kuwait,1977,3.7920
kuwait,1978,4.2490
kuwait,1979,5.6260
kuwait,1980,3.6640
kuwait,1981,4.2160
kuwait,1982,3.3080
kuwait,1983,3.6320
kuwait,1984,3.9380
kuwait,1985,3.7800
kuwait,1986,5.1570
kuwait,1987,4.3020
kuwait,1988,6.1560
kuwait,1989,7.3440
kuwait,1990,3.7710
kuwait,1991,0.45000
kuwait,1992,2.3580
kuwait,1993,4.8780
kuwait,1994,5.3730
kuwait,1995,8.3500
kuwait,1996,8.3720
kuwait,1997,8.3430
kuwait,1998,8.5420
kuwait,1999,7.7760
kuwait,2000,8.6400
kuwait,2001,9.4500
kuwait,2002,8.5140
kuwait,2003,9.9180
kuwait,2004,10.710
kuwait,2005,10.980
kuwait,2006,11.250
kuwait,2007,10.854
kuwait,2008,11.475
kuwait,2009,10.340
kuwait,2010,10.560
kuwait,2011,12.180
kuwait,2012,13.964
kuwait,2013,14.680
kuwait,2014,13.526
kuwait,2015,13.476
libya,1970,0.26460
libya,1971,0.63720
libya,1972,2.5488
libya,1973,4.0779
libya,1974,3.6675
libya,1975,4.1715
libya,1976,4.3011
libya,1977,4.5459
libya,1978,4.6089
libya,1979,6.1065
libya,1980,4.6530
libya,1981,2.8350
libya,1982,3.0150
libya,1983,3.3390
libya,1984,4.1400
libya,1985,4.6800
libya,1986,5.0400
libya,1987,4.5000
libya,1988,4.9500
libya,1989,6.1200
libya,1990,5.5800
libya,1991,5.8860
libya,1992,6.0930
libya,1993,5.7240
libya,1994,5.7510
libya,1995,5.7060
libya,1996,5.7780
libya,1997,5.9130
libya,1998,5.7240
libya,1999,4.6800
libya,2000,5.2920
libya,2001,5.5620
libya,2002,5.3100
libya,2003,4.9500
libya,2004,7.2540
libya,2005,10.170
libya,2006,11.876
libya,2007,13.752
libya,2008,14.310
libya,2009,14.310
libya,2010,15.133
libya,2011,7.0695
libya,2012,10.953
libya,2013,9.3248
libya,2014,10.629
libya,2015,11.480
malaysia,1970,0.0000
malaysia,1971,0.071260
malaysia,1972,0.099786
malaysia,1973,0.099786
malaysia,1974,0.20802
malaysia,1975,0.25075
malaysia,1976,0.29852
malaysia,1977,0.27315
malaysia,1978,2.0340
malaysia,1979,2.5240
malaysia,1980,2.2450
malaysia,1981,1.8910
malaysia,1982,2.3790
malaysia,1983,5.7370
malaysia,1984,8.7150
malaysia,1985,9.6290
malaysia,1986,12.950
malaysia,1987,14.002
malaysia,1988,14.455
malaysia,1989,15.645
malaysia,1990,15.487
malaysia,1991,18.390
malaysia,1992,19.061
malaysia,1993,20.743
malaysia,1994,21.339
malaysia,1995,24.164
malaysia,1996,30.696
malaysia,1997,34.955
malaysia,1998,35.076
malaysia,1999,35.665
malaysia,2000,41.964
malaysia,2001,41.419
malaysia,2002,42.720
malaysia,2003,44.711
malaysia,2004,51.008
malaysia,2005,57.407
malaysia,2006,56.275
malaysia,2007,55.219
malaysia,2008,57.273
malaysia,2009,54.826
malaysia,2010,54.785
malaysia,2011,55.809
malaysia,2012,55.200
malaysia,2013,60.357
malaysia,2014,60.034
malaysia,2015,61.381
mexico,1970,10.123
mexico,1971,10.020
mexico,1972,10.439
mexico,1973,11.350
mexico,1974,11.903
mexico,1975,12.089
mexico,1976,11.878
mexico,1977,12.586
mexico,1978,15.757
mexico,1979,19.141
mexico,1980,23.137
mexico,1981,24.907
mexico,1982,26.619
mexico,1983,26.803
mexico,1984,26.369
mexico,1985,25.619
mexico,1986,22.779
mexico,1987,23.151
mexico,1988,23.458
mexico,1989,22.515
mexico,1990,24.408
mexico,1991,24.749
mexico,1992,23.963
mexico,1993,25.659
mexico,1994,27.336
mexico,1995,26.993
mexico,1996,29.429
mexico,1997,31.106
mexico,1998,33.688
mexico,1999,33.823
mexico,2000,34.488
mexico,2001,34.612
mexico,2002,35.762
mexico,2003,37.459
mexico,2004,39.029
mexico,2005,47.006
mexico,2006,51.572
mexico,2007,48.195
mexico,2008,48.042
mexico,2009,53.346
mexico,2010,51.806
mexico,2011,52.426
mexico,2012,51.473
mexico,2013,52.369
mexico,2014,51.358
mexico,2015,47.889
myanmar,1970,0.0067500
myanmar,1971,0.013050
myanmar,1972,0.013950
myanmar,1973,0.016875
myanmar,1974,0.15098
myanmar,1975,0.16200
myanmar,1976,0.22500
myanmar,1977,0.20700
myanmar,1978,0.24300
myanmar,1979,0.24300
myanmar,1980,0.31500
myanmar,1981,0.37800
myanmar,1982,0.40500
myanmar,1983,0.54000
myanmar,1984,0.57600
myanmar,1985,0.82800
myanmar,1986,0.96300
myanmar,1987,1.0710
myanmar,1988,0.93600
myanmar,1989,0.98100
myanmar,1990,0.76500
myanmar,1991,0.77400
myanmar,1992,0.78300
myanmar,1993,0.99000
myanmar,1994,1.2870
myanmar,1995,1.4760
myanmar,1996,1.4400
myanmar,1997,1.3590
myanmar,1998,1.5840
myanmar,1999,1.5480
myanmar,2000,3.0600
myanmar,2001,6.3000
myanmar,2002,7.5600
myanmar,2003,8.6400
myanmar,2004,9.1800
myanmar,2005,10.980
myanmar,2006,11.340
myanmar,2007,12.168
myanmar,2008,11.160
myanmar,2009,10.399
myanmar,2010,11.183
myanmar,2011,11.496
myanmar,2012,11.461
myanmar,2013,11.781
myanmar,2014,15.154
myanmar,2015,17.644
netherlands,1970,24.004
netherlands,1971,33.176
netherlands,1972,44.234
netherlands,1973,53.788
netherlands,1974,63.772
netherlands,1975,69.074
netherlands,1976,73.803
netherlands,1977,74.042
netherlands,1978,67.784
netherlands,1979,71.081
netherlands,1980,68.740
netherlands,1981,63.820
netherlands,1982,54.576
netherlands,1983,58.111
netherlands,1984,58.828
netherlands,1985,61.598
netherlands,1986,56.320
netherlands,1987,56.415
netherlands,1988,49.799
netherlands,1989,54.433
netherlands,1990,54.935
netherlands,1991,62.052
netherlands,1992,62.482
netherlands,1993,63.724
netherlands,1994,60.189
netherlands,1995,60.858
netherlands,1996,68.883
netherlands,1997,61.001
netherlands,1998,58.183
netherlands,1999,54.122
netherlands,2000,52.188
netherlands,2001,56.033
netherlands,2002,54.218
netherlands,2003,52.212
netherlands,2004,61.574
netherlands,2005,56.248
netherlands,2006,55.388
netherlands,2007,54.433
netherlands,2008,59.879
netherlands,2009,56.415
netherlands,2010,63.437
netherlands,2011,57.729
netherlands,2012,57.419
netherlands,2013,61.766
netherlands,2014,50.134
netherlands,2015,38.717
nigeria,1970,0.10000
nigeria,1971,0.18500
nigeria,1972,0.24800
nigeria,1973,0.38000
nigeria,1974,0.35500
nigeria,1975,0.31800
nigeria,1976,0.59000
nigeria,1977,0.77700
nigeria,1978,0.94100
nigeria,1979,1.2400
nigeria,1980,1.4990
nigeria,1981,2.2080
nigeria,1982,2.3000
nigeria,1983,2.6070
nigeria,1984,2.5080
nigeria,1985,2.3760
nigeria,1986,2.7710
nigeria,1987,2.7440
nigeria,1988,3.2990
nigeria,1989,3.8200
nigeria,1990,3.6370
nigeria,1991,3.5480
nigeria,1992,3.8400
nigeria,1993,4.3760
nigeria,1994,3.9970
nigeria,1995,4.3500
nigeria,1996,4.8930
nigeria,1997,4.7128
nigeria,1998,5.7010
nigeria,1999,4.1094
nigeria,2000,10.615
nigeria,2001,14.458
nigeria,2002,16.238
nigeria,2003,20.268
nigeria,2004,21.992
nigeria,2005,22.543
nigeria,2006,26.634
nigeria,2007,33.165
nigeria,2008,32.546
nigeria,2009,23.397
nigeria,2010,33.588
nigeria,2011,36.521
nigeria,2012,38.957
nigeria,2013,32.571
nigeria,2014,40.543
nigeria,2015,45.062
norway,1970,0.0000
norway,1971,0.0000
norway,1972,0.0000
norway,1973,0.0000
norway,1974,0.0000
norway,1975,0.0000
norway,1976,0.0000
norway,1977,2.3894
norway,1978,12.781
norway,1979,18.603
norway,1980,22.579
norway,1981,22.456
norway,1982,21.564
norway,1983,21.251
norway,1984,23.366
norway,1985,23.567
norway,1986,23.481
norway,1987,25.336
norway,1988,25.497
norway,1989,25.864
norway,1990,22.932
norway,1991,22.524
norway,1992,23.250
norway,1993,22.323
norway,1994,24.157
norway,1995,25.032
norway,1996,33.658
norway,1997,38.650
norway,1998,39.775
norway,1999,43.624
norway,2000,44.816
norway,2001,48.633
norway,2002,59.035
norway,2003,65.664
norway,2004,71.261
norway,2005,77.258
norway,2006,79.801
norway,2007,81.279
norway,2008,90.099
norway,2009,93.945
norway,2010,96.525
norway,2011,91.140
norway,2012,103.25
norway,2013,97.871
norway,2014,97.938
norway,2015,105.44
oman,1970,0.0000
oman,1971,0.0000
oman,1972,0.0000
oman,1973,0.0000
oman,1974,0.0000
oman,1975,0.0000
oman,1976,0.0000
oman,1977,0.0000
oman,1978,0.36496
oman,1979,0.61374
oman,1980,0.77917
oman,1981,0.91808
oman,1982,1.0052
oman,1983,1.2477
oman,1984,1.5684
oman,1985,1.9965
oman,1986,2.3350
oman,1987,2.6153
oman,1988,2.6318
oman,1989,2.7315
oman,1990,2.9512
oman,1991,2.9929
oman,1992,3.2707
oman,1993,3.1394
oman,1994,3.2872
oman,1995,4.6043
oman,1996,4.9781
oman,1997,5.6626
oman,1998,5.8798
oman,1999,6.1967
oman,2000,9.8539
oman,2001,14.729
oman,2002,15.894
oman,2003,17.509
oman,2004,17.816
oman,2005,19.909
oman,2006,23.196
oman,2007,23.497
oman,2008,23.392
oman,2009,24.306
oman,2010,26.402
oman,2011,27.817
oman,2012,28.962
oman,2013,31.311
oman,2014,29.957
oman,2015,31.393
other_africa,1970,0.10321
other_africa,1971,0.15975
other_africa,1972,0.20637
other_africa,1973,0.64331
other_africa,1974,0.82048
other_africa,1975,0.50534
other_africa,1976,0.37711
other_africa,1977,0.43946
other_africa,1978,0.50438
other_africa,1979,0.54479
other_africa,1980,0.71502
other_africa,1981,0.80742
other_africa,1982,0.87686
other_africa,1983,0.88681
other_africa,1984,0.86978
other_africa,1985,0.90322
other_africa,1986,0.96976
other_africa,1987,0.97071
other_africa,1988,1.1610
other_africa,1989,1.0577
other_africa,1990,1.0589
other_africa,1991,1.0156
other_africa,1992,2.0617
other_africa,1993,2.5966
other_africa,1994,2.6277
other_africa,1995,2.5946
other_africa,1996,3.4791
other_africa,1997,4.3013
other_africa,1998,5.0397
other_africa,1999,5.5857
other_africa,2000,5.5936
other_africa,2001,6.0905
other_africa,2002,5.7691
other_africa,2003,5.7670
other_africa,2004,7.3918
other_africa,2005,8.9804
other_africa,2006,9.5683
other_africa,2007,9.6717
other_africa,2008,13.597
other_africa,2009,14.009
other_africa,2010,15.703
other_africa,2011,17.188
other_africa,2012,16.349
other_africa,2013,18.762
other_africa,2014,17.126
other_africa,2015,18.346
other_asia_pacific,1970,4.9461
other_asia_pacific,1971,5.5897
other_asia_pacific,1972,6.1061
other_asia_pacific,1973,6.3265
other_asia_pacific,1974,6.5683
other_asia_pacific,1975,6.4618
other_asia_pacific,1976,6.8804
other_asia_pacific,1977,7.7553
other_asia_pacific,1978,7.4403
other_asia_pacific,1979,6.6384
other_asia_pacific,1980,6.8449
other_asia_pacific,1981,6.5676
other_asia_pacific,1982,6.9771
other_asia_pacific,1983,7.1920
other_asia_pacific,1984,7.9004
other_asia_pacific,1985,8.6270
other_asia_pacific,1986,9.0515
other_asia_pacific,1987,9.0345
other_asia_pacific,1988,9.4272
other_asia_pacific,1989,7.0443
other_asia_pacific,1990,6.8663
other_asia_pacific,1991,7.0265
other_asia_pacific,1992,7.2484
other_asia_pacific,1993,7.1609
other_asia_pacific,1994,6.9659
other_asia_pacific,1995,6.7451
other_asia_pacific,1996,7.2975
other_asia_pacific,1997,7.5744
other_asia_pacific,1998,7.0796
other_asia_pacific,1999,7.6607
other_asia_pacific,2000,8.0041
other_asia_pacific,2001,8.4623
other_asia_pacific,2002,9.7380
other_asia_pacific,2003,9.5847
other_asia_pacific,2004,9.2171
other_asia_pacific,2005,9.9548
other_asia_pacific,2006,12.757
other_asia_pacific,2007,15.126
other_asia_pacific,2008,16.018
other_asia_pacific,2009,16.304
other_asia_pacific,2010,15.870
other_asia_pacific,2011,16.035
other_asia_pacific,2012,15.867
other_asia_pacific,2013,16.308
other_asia_pacific,2014,20.438
other_asia_pacific,2015,24.896
other_europe_eurasia,1970,12.216
other_europe_eurasia,1971,12.858
other_europe_eurasia,1972,13.409
other_europe_eurasia,1973,14.392
other_europe_eurasia,1974,14.573
other_europe_eurasia,1975,14.674
other_europe_eurasia,1976,14.898
other_europe_eurasia,1977,16.149
other_europe_eurasia,1978,17.166
other_europe_eurasia,1979,16.379
other_europe_eurasia,1980,16.130
other_europe_eurasia,1981,15.255
other_europe_eurasia,1982,15.809
other_europe_eurasia,1983,15.853
other_europe_eurasia,1984,16.163
other_europe_eurasia,1985,17.339
other_europe_eurasia,1986,15.987
other_europe_eurasia,1987,16.122
other_europe_eurasia,1988,15.662
other_europe_eurasia,1989,15.988
other_europe_eurasia,1990,14.462
other_europe_eurasia,1991,14.846
other_europe_eurasia,1992,14.564
other_europe_eurasia,1993,14.823
other_europe_eurasia,1994,14.249
other_europe_eurasia,1995,14.357
other_europe_eurasia,1996,13.178
other_europe_eurasia,1997,12.029
other_europe_eurasia,1998,11.124
other_europe_eurasia,1999,10.386
other_europe_eurasia,2000,10.107
other_europe_eurasia,2001,9.9796
other_europe_eurasia,2002,9.9767
other_europe_eurasia,2003,9.5711
other_europe_eurasia,2004,9.7423
other_europe_eurasia,2005,9.3526
other_europe_eurasia,2006,9.1380
other_europe_eurasia,2007,9.2727
other_europe_eurasia,2008,8.8525
other_europe_eurasia,2009,8.7374
other_europe_eurasia,2010,8.7656
other_europe_eurasia,2011,8.2516
other_europe_eurasia,2012,7.6059
other_europe_eurasia,2013,6.5906
other_europe_eurasia,2014,5.8790
other_europe_eurasia,2015,5.6425
other_middle_east,1970,0.12113
other_middle_east,1971,0.11338
other_middle_east,1972,0.11208
other_middle_east,1973,0.048651
other_middle_east,1974,0.059457
other_middle_east,1975,0.054334
other_middle_east,1976,0.052347
other_middle_east,1977,0.052015
other_middle_east,1978,0.051174
other_middle_east,1979,0.036444
other_middle_east,1980,0.0017330
other_middle_east,1981,0.0018349
other_middle_east,1982,0.040853
other_middle_east,1983,0.057877
other_middle_east,1984,0.050537
other_middle_east,1985,0.047555
other_middle_east,1986,0.035654
other_middle_east,1987,0.040623
other_middle_east,1988,0.037285
other_middle_east,1989,0.12852
other_middle_east,1990,0.16978
other_middle_east,1991,0.16481
other_middle_east,1992,0.17399
other_middle_east,1993,0.19685
other_middle_east,1994,0.27425
other_middle_east,1995,0.27746
other_middle_east,1996,0.26140
other_middle_east,1997,0.28964
other_middle_east,1998,0.28844
other_middle_east,1999,0.28482
other_middle_east,2000,0.27111
other_middle_east,2001,0.26132
other_middle_east,2002,0.23742
other_middle_east,2003,0.26726
other_middle_east,2004,1.3385
other_middle_east,2005,1.7064
other_middle_east,2006,2.3085
other_middle_east,2007,2.6784
other_middle_east,2008,3.2763
other_middle_east,2009,2.6018
other_middle_east,2010,3.0817
other_middle_east,2011,3.9971
other_middle_east,2012,2.3914
other_middle_east,2013,5.8849
other_middle_east,2014,6.9122
other_middle_east,2015,7.5729
other_s_cent_america,1970,0.63700
other_s_cent_america,1971,0.67100
other_s_cent_america,1972,0.64500
other_s_cent_america,1973,0.49800
other_s_cent_america,1974,0.56800
other_s_cent_america,1975,0.65200
other_s_cent_america,1976,1.0140
other_s_cent_america,1977,1.0950
other_s_cent_america,1978,1.2490
other_s_cent_america,1979,0.80400
other_s_cent_america,1980,0.72000
other_s_cent_america,1981,0.72700
other_s_cent_america,1982,0.76800
other_s_cent_america,1983,0.84800
other_s_cent_america,1984,0.89400
other_s_cent_america,1985,0.92400
other_s_cent_america,1986,0.85900
other_s_cent_america,1987,0.84600
other_s_cent_america,1988,1.1310
other_s_cent_america,1989,1.5980
other_s_cent_america,1990,2.1910
other_s_cent_america,1991,2.0050
other_s_cent_america,1992,2.1859
other_s_cent_america,1993,1.8108
other_s_cent_america,1994,2.3551
other_s_cent_america,1995,2.2505
other_s_cent_america,1996,2.2929
other_s_cent_america,1997,2.1993
other_s_cent_america,1998,2.0947
other_s_cent_america,1999,2.6023
other_s_cent_america,2000,2.8800
other_s_cent_america,2001,3.0230
other_s_cent_america,2002,2.8168
other_s_cent_america,2003,2.6698
other_s_cent_america,2004,2.7095
other_s_cent_america,2005,2.9075
other_s_cent_america,2006,3.1974
other_s_cent_america,2007,3.2579
other_s_cent_america,2008,3.1172
other_s_cent_america,2009,3.0966
other_s_cent_america,2010,3.0666
other_s_cent_america,2011,2.6600
other_s_cent_america,2012,2.5047
other_s_cent_america,2013,2.3665
other_s_cent_america,2014,2.3567
other_s_cent_america,2015,2.3622
pakistan,1970,3.1370
pakistan,1971,3.1280
pakistan,1972,2.8990
pakistan,1973,3.3020
pakistan,1974,3.6530
pakistan,1975,4.1040
pakistan,1976,4.1850
pakistan,1977,4.5720
pakistan,1978,4.6980
pakistan,1979,5.2920
pakistan,1980,6.4620
pakistan,1981,7.0470
pakistan,1982,7.6860
pakistan,1983,7.5780
pakistan,1984,7.7760
pakistan,1985,7.9380
pakistan,1986,8.5140
pakistan,1987,9.1170
pakistan,1988,9.6660
pakistan,1989,10.305
pakistan,1990,11.007
pakistan,1991,11.889
pakistan,1992,11.664
pakistan,1993,13.428
pakistan,1994,13.689
pakistan,1995,14.040
pakistan,1996,15.255
pakistan,1997,15.210
pakistan,1998,16.020
pakistan,1999,18.270
pakistan,2000,19.350
pakistan,2001,20.430
pakistan,2002,22.149
pakistan,2003,27.539
pakistan,2004,33.065
pakistan,2005,35.149
pakistan,2006,35.913
pakistan,2007,36.431
pakistan,2008,37.302
pakistan,2009,37.403
pakistan,2010,38.100
pakistan,2011,38.091
pakistan,2012,39.446
pakistan,2013,38.356
pakistan,2014,37.710
pakistan,2015,37.721
peru,1970,0.37200
peru,1971,0.44400
peru,1972,0.42700
peru,1973,0.41800
peru,1974,0.43000
peru,1975,0.53100
peru,1976,0.57600
peru,1977,0.57200
peru,1978,0.59800
peru,1979,0.55300
peru,1980,0.59400
peru,1981,0.68200
peru,1982,0.71600
peru,1983,0.47200
peru,1984,0.63700
peru,1985,0.49700
peru,1986,0.52700
peru,1987,0.52400
peru,1988,0.49400
peru,1989,0.41900
peru,1990,0.40100
peru,1991,0.37600
peru,1992,0.33900
peru,1993,0.35700
peru,1994,0.37300
peru,1995,0.36100
peru,1996,0.36600
peru,1997,0.21700
peru,1998,0.36800
peru,1999,0.37000
peru,2000,0.31100
peru,2001,0.33300
peru,2002,0.39800
peru,2003,0.47100
peru,2004,0.77400
peru,2005,1.3652
peru,2006,1.5977
peru,2007,2.4080
peru,2008,3.0571
peru,2009,3.1265
peru,2010,6.5142
peru,2011,10.168
peru,2012,10.673
peru,2013,10.973
peru,2014,11.632
peru,2015,11.245
poland,1970,4.4020
poland,1971,4.5400
poland,1972,4.8030
poland,1973,4.8700
poland,1974,4.7150
poland,1975,4.8510
poland,1976,5.2830
poland,1977,5.5600
poland,1978,5.9640
poland,1979,5.3480
poland,1980,4.5430
poland,1981,4.0370
poland,1982,3.7240
poland,1983,3.6380
poland,1984,3.9960
poland,1985,4.1340
poland,1986,3.7520
poland,1987,3.7690
poland,1988,3.7400
poland,1989,3.4630
poland,1990,2.3770
poland,1991,2.6580
poland,1992,2.5370
poland,1993,3.2710
poland,1994,3.0680
poland,1995,3.1380
poland,1996,3.2430
poland,1997,3.2040
poland,1998,3.2480
poland,1999,3.1020
poland,2000,3.3060
poland,2001,3.4910
poland,2002,3.5680
poland,2003,3.6110
poland,2004,3.9256
poland,2005,3.8844
poland,2006,3.8804
poland,2007,3.8967
poland,2008,3.6899
poland,2009,3.6799
poland,2010,3.6930
poland,2011,3.8498
poland,2012,3.9068
poland,2013,3.8231
poland,2014,3.7263
poland,2015,3.6829
qatar,1970,0.90450
qatar,1971,0.90450
qatar,1972,0.99270
qatar,1973,1.4220
qatar,1974,1.1682
qatar,1975,1.8027
qatar,1976,0.98460
qatar,1977,1.3959
qatar,1978,1.3311
qatar,1979,3.9258
qatar,1980,4.2669
qatar,1981,3.8907
qatar,1982,4.5495
qatar,1983,4.7115
qatar,1984,5.3370
qatar,1985,4.9140
qatar,1986,5.2200
qatar,1987,5.0490
qatar,1988,5.2740
qatar,1989,5.5800
qatar,1990,5.6700
qatar,1991,6.8670
qatar,1992,11.358
qatar,1993,12.150
qatar,1994,12.150
qatar,1995,12.150
qatar,1996,12.330
qatar,1997,15.660
qatar,1998,17.622
qatar,1999,19.845
qatar,2000,22.410
qatar,2001,24.300
qatar,2002,26.550
qatar,2003,28.260
qatar,2004,35.253
qatar,2005,41.220
qatar,2006,45.630
qatar,2007,56.880
qatar,2008,69.283
qatar,2009,80.370
qatar,2010,118.05
qatar,2011,130.74
qatar,2012,141.34
qatar,2013,159.84
qatar,2014,156.65
qatar,2015,163.30
romania,1970,21.000
romania,1971,22.442
romania,1972,22.956
romania,1973,24.304
romania,1974,25.084
romania,1975,27.248
romania,1976,29.722
romania,1977,31.476
romania,1978,31.691
romania,1979,30.281
romania,1980,31.267
romania,1981,32.910
romania,1982,33.275
romania,1983,33.020
romania,1984,32.784
romania,1985,31.336
romania,1986,31.712
romania,1987,30.139
romania,1988,29.515
romania,1989,26.458
romania,1990,25.502
romania,1991,22.014
romania,1992,19.604
romania,1993,18.532
romania,1994,16.812
romania,1995,16.239
romania,1996,15.524
romania,1997,13.469
romania,1998,12.629
romania,1999,12.624
romania,2000,12.375
romania,2001,12.211
romania,2002,11.904
romania,2003,11.726
romania,2004,11.513
romania,2005,11.160
romania,2006,9.5685
romania,2007,9.2328
romania,2008,9.0346
romania,2009,8.9385
romania,2010,8.6250
romania,2011,8.6669
romania,2012,9.0195
romania,2013,8.6053
romania,2014,8.7655
romania,2015,9.2816
russian_federation,1985,376.31
russian_federation,1986,409.68
russian_federation,1987,443.32
russian_federation,1988,480.38
russian_federation,1989,501.56
russian_federation,1990,531.04
russian_federation,1991,523.71
russian_federation,1992,524.52
russian_federation,1993,503.59
russian_federation,1994,494.63
russian_federation,1995,479.32
russian_federation,1996,489.18
russian_federation,1997,463.68
russian_federation,1998,479.40
russian_federation,1999,482.17
russian_federation,2000,475.66
russian_federation,2001,473.62
russian_federation,2002,484.94
russian_federation,2003,505.38
russian_federation,2004,515.97
russian_federation,2005,522.08
russian_federation,2006,535.64
russian_federation,2007,532.83
russian_federation,2008,541.55
russian_federation,2009,474.89
russian_federation,2010,529.98
russian_federation,2011,546.31
russian_federation,2012,533.05
russian_federation,2013,544.24
russian_federation,2014,523.57
russian_federation,2015,515.97
saudi_arabia,1970,1.4550
saudi_arabia,1971,1.2140
saudi_arabia,1972,1.3760
saudi_arabia,1973,1.6200
saudi_arabia,1974,2.0500
saudi_arabia,1975,2.4390
saudi_arabia,1976,2.6330
saudi_arabia,1977,3.7050
saudi_arabia,1978,5.1090
saudi_arabia,1979,6.2730
saudi_arabia,1980,8.7520
saudi_arabia,1981,10.204
saudi_arabia,1982,10.815
saudi_arabia,1983,10.561
saudi_arabia,1984,16.380
saudi_arabia,1985,16.920
saudi_arabia,1986,22.680
saudi_arabia,1987,24.120
saudi_arabia,1988,26.190
saudi_arabia,1989,26.820
saudi_arabia,1990,30.168
saudi_arabia,1991,31.653
saudi_arabia,1992,34.425
saudi_arabia,1993,36.036
saudi_arabia,1994,38.493
saudi_arabia,1995,38.637
saudi_arabia,1996,39.969
saudi_arabia,1997,40.806
saudi_arabia,1998,42.138
saudi_arabia,1999,41.580
saudi_arabia,2000,44.829
saudi_arabia,2001,48.321
saudi_arabia,2002,51.030
saudi_arabia,2003,54.054
saudi_arabia,2004,59.112
saudi_arabia,2005,64.116
saudi_arabia,2006,66.115
saudi_arabia,2007,66.978
saudi_arabia,2008,72.396
saudi_arabia,2009,70.605
saudi_arabia,2010,78.894
saudi_arabia,2011,83.034
saudi_arabia,2012,89.397
saudi_arabia,2013,90.027
saudi_arabia,2014,92.142
saudi_arabia,2015,95.784
syria,1970,0.0000
syria,1971,0.0000
syria,1972,0.0000
syria,1973,0.0000
syria,1974,0.0000
syria,1975,0.0000
syria,1976,0.027000
syria,1977,0.030000
syria,1978,0.029000
syria,1979,0.030000
syria,1980,0.040000
syria,1981,0.041000
syria,1982,0.042000
syria,1983,0.064000
syria,1984,0.10900
syria,1985,0.12900
syria,1986,0.32600
syria,1987,0.32100
syria,1988,0.75900
syria,1989,1.2430
syria,1990,1.3690
syria,1991,1.5970
syria,1992,1.6520
syria,1993,1.6350
syria,1994,1.7730
syria,1995,2.2350
syria,1996,2.3820
syria,1997,3.6940
syria,1998,4.6580
syria,1999,4.6180
syria,2000,4.6180
syria,2001,4.7310
syria,2002,5.2340
syria,2003,5.5500
syria,2004,5.1040
syria,2005,4.9420
syria,2006,5.0640
syria,2007,4.8610
syria,2008,4.7800
syria,2009,5.2742
syria,2010,7.2429
syria,2011,6.3761
syria,2012,5.2256
syria,2013,4.5775
syria,2014,4.2170
syria,2015,3.8858
thailand,1970,0.0000
thailand,1971,0.0000
thailand,1972,0.0000
thailand,1973,0.0000
thailand,1974,0.0000
thailand,1975,0.0000
thailand,1976,0.0000
thailand,1977,0.0000
thailand,1978,0.0000
thailand,1979,0.0000
thailand,1980,0.0000
thailand,1981,0.23701
thailand,1982,1.2080
thailand,1983,1.4221
thailand,1984,2.1229
thailand,1985,2.7906
thailand,1986,3.2557
thailand,1987,4.5487
thailand,1988,5.3913
thailand,1989,5.3859
thailand,1990,5.8696
thailand,1991,7.2742
thailand,1992,7.7605
thailand,1993,8.7347
thailand,1994,9.6556
thailand,1995,10.223
thailand,1996,11.818
thailand,1997,14.548
thailand,1998,15.795
thailand,1999,17.302
thailand,2000,18.170
thailand,2001,17.674
thailand,2002,18.474
thailand,2003,19.320
thailand,2004,20.129
thailand,2005,21.320
thailand,2006,21.888
thailand,2007,23.395
thailand,2008,25.912
thailand,2009,27.813
thailand,2010,32.613
thailand,2011,33.274
thailand,2012,37.273
thailand,2013,37.618
thailand,2014,37.887
thailand,2015,35.832
total_africa,1970,2.8243
total_africa,1971,3.4615
total_africa,1972,6.1121
total_africa,1973,9.1935
total_africa,1974,9.5690
total_africa,1975,10.793
total_africa,1976,12.856
total_africa,1977,13.111
total_africa,1978,17.475
total_africa,1979,26.528
total_africa,1980,22.079
total_africa,1981,23.407
total_africa,1982,28.638
total_africa,1983,38.351
total_africa,1984,40.350
total_africa,1985,44.501
total_africa,1986,46.730
total_africa,1987,50.927
total_africa,1988,54.381
total_africa,1989,59.738
total_africa,1990,61.956
total_africa,1991,66.518
total_africa,1992,70.705
total_africa,1993,73.371
total_africa,1994,69.707
total_africa,1995,76.774
total_africa,1996,82.226
total_africa,1997,91.534
total_africa,1998,97.992
total_africa,1999,106.97
total_africa,2000,119.41
total_africa,2001,123.14
total_africa,2002,128.36
total_africa,2003,138.78
total_africa,2004,145.49
total_africa,2005,159.34
total_africa,2006,173.33
total_africa,2007,183.05
total_africa,2008,190.76
total_africa,2009,179.73
total_africa,2010,191.98
total_africa,2011,190.51
total_africa,2012,194.40
total_africa,2013,185.30
total_africa,2014,187.18
total_africa,2015,190.61
total_asia_pacific,1970,14.228
total_asia_pacific,1971,16.567
total_asia_pacific,1972,19.547
total_asia_pacific,1973,23.246
total_asia_pacific,1974,28.609
total_asia_pacific,1975,33.080
total_asia_pacific,1976,37.799
total_asia_pacific,1977,45.892
total_asia_pacific,1978,54.323
total_asia_pacific,1979,61.729
total_asia_pacific,1980,65.858
total_asia_pacific,1981,66.375
total_asia_pacific,1982,69.121
total_asia_pacific,1983,77.541
total_asia_pacific,1984,89.431
total_asia_pacific,1985,96.824
total_asia_pacific,1986,106.70
total_asia_pacific,1987,113.51
total_asia_pacific,1988,121.22
total_asia_pacific,1989,126.73
total_asia_pacific,1990,134.59
total_asia_pacific,1991,146.66
total_asia_pacific,1992,155.00
total_asia_pacific,1993,164.36
total_asia_pacific,1994,178.11
total_asia_pacific,1995,187.39
total_asia_pacific,1996,204.43
total_asia_pacific,1997,217.83
total_asia_pacific,1998,222.29
total_asia_pacific,1999,236.62
total_asia_pacific,2000,251.25
total_asia_pacific,2001,258.95
total_asia_pacific,2002,276.00
total_asia_pacific,2003,294.75
total_asia_pacific,2004,314.36
total_asia_pacific,2005,339.34
total_asia_pacific,2006,354.50
total_asia_pacific,2007,370.10
total_asia_pacific,2008,389.29
total_asia_pacific,2009,408.25
total_asia_pacific,2010,448.03
total_asia_pacific,2011,450.34
total_asia_pacific,2012,454.53
total_asia_pacific,2013,464.55
total_asia_pacific,2014,481.32
total_asia_pacific,2015,500.99
total_europe_eurasia,1970,253.02
total_europe_eurasia,1971,285.10
total_europe_eurasia,1972,314.82
total_europe_eurasia,1973,343.61
total_europe_eurasia,1974,380.05
total_europe_eurasia,1975,410.16
total_europe_eurasia,1976,447.38
total_europe_eurasia,1977,473.81
total_europe_eurasia,1978,500.64
total_europe_eurasia,1979,535.06
total_europe_eurasia,1980,555.96
total_europe_eurasia,1981,577.43
total_europe_eurasia,1982,595.78
total_europe_eurasia,1983,628.05
total_europe_eurasia,1984,674.37
total_europe_eurasia,1985,724.98
total_europe_eurasia,1986,756.71
total_europe_eurasia,1987,794.98
total_europe_eurasia,1988,819.38
total_europe_eurasia,1989,841.80
total_europe_eurasia,1990,864.15
total_europe_eurasia,1991,859.14
total_europe_eurasia,1992,837.41
total_europe_eurasia,1993,829.31
total_europe_eurasia,1994,796.50
total_europe_eurasia,1995,787.67
total_europe_eurasia,1996,828.84
total_europe_eurasia,1997,787.08
total_europe_eurasia,1998,800.62
total_europe_eurasia,1999,820.02
total_europe_eurasia,2000,840.37
total_europe_eurasia,2001,846.58
total_europe_eurasia,2002,866.64
total_europe_eurasia,2003,896.40
total_europe_eurasia,2004,919.22
total_europe_eurasia,2005,922.34
total_europe_eurasia,2006,933.56
total_europe_eurasia,2007,929.99
total_europe_eurasia,2008,956.45
total_europe_eurasia,2009,848.47
total_europe_eurasia,2010,913.08
total_europe_eurasia,2011,922.97
total_europe_eurasia,2012,917.86
total_europe_eurasia,2013,923.01
total_europe_eurasia,2014,896.85
total_europe_eurasia,2015,890.84
total_middle_east,1970,9.6594
total_middle_east,1971,15.154
total_middle_east,1972,18.785
total_middle_east,1973,21.425
total_middle_east,1974,22.466
total_middle_east,1975,24.697
total_middle_east,1976,25.724
total_middle_east,1977,29.097
total_middle_east,1978,28.119
total_middle_east,1979,34.271
total_middle_east,1980,31.850
total_middle_east,1981,34.449
total_middle_east,1982,38.433
total_middle_east,1983,38.798
total_middle_east,1984,49.695
total_middle_east,1985,53.748
total_middle_east,1986,64.361
total_middle_east,1987,70.394
total_middle_east,1988,78.293
total_middle_east,1989,87.864
total_middle_east,1990,94.558
total_middle_east,1991,99.525
total_middle_east,1992,110.50
total_middle_east,1993,102.99
total_middle_east,1994,119.75
total_middle_east,1995,134.15
total_middle_east,1996,144.02
total_middle_east,1997,154.58
total_middle_east,1998,165.06
total_middle_east,1999,176.09
total_middle_east,2000,189.57
total_middle_east,2001,212.59
total_middle_east,2002,228.09
total_middle_east,2003,240.35
total_middle_east,2004,267.43
total_middle_east,2005,288.89
total_middle_east,2006,309.29
total_middle_east,2007,335.39
total_middle_east,2008,360.64
total_middle_east,2009,380.02
total_middle_east,2010,446.04
total_middle_east,2011,475.95
total_middle_east,2012,499.19
total_middle_east,2013,528.75
total_middle_east,2014,539.20
total_middle_east,2015,556.11
total_north_america,1970,607.13
total_north_america,1971,627.26
total_north_america,1972,633.06
total_north_america,1973,637.96
total_north_america,1974,612.49
total_north_america,1975,574.54
total_north_america,1976,570.89
total_north_america,1977,577.17
total_north_america,1978,575.82
total_north_america,1979,597.87
total_north_america,1980,592.10
total_north_america,1981,586.35
total_north_america,1982,556.52
total_north_america,1983,509.16
total_north_america,1984,550.53
total_north_america,1985,529.59
total_north_america,1986,510.95
total_north_america,1987,532.31
total_north_america,1988,556.25
total_north_america,1989,567.15
total_north_america,1990,583.97
total_north_america,1991,586.98
total_north_america,1992,600.36
total_north_america,1993,618.75
total_north_america,1994,649.97
total_north_america,1995,651.66
total_north_america,1996,666.01
total_north_america,1997,671.55
total_north_america,1998,684.03
total_north_america,1999,680.32
total_north_america,2000,693.92
total_north_america,2001,710.60
total_north_america,2002,693.26
total_north_america,2003,698.40
total_north_america,2004,685.03
total_north_america,2005,683.01
total_north_america,2006,700.47
total_north_america,2007,711.24
total_north_america,2008,728.65
total_north_america,2009,733.64
total_north_america,2010,745.24
total_north_america,2011,785.98
total_north_america,2012,811.80
total_north_america,2013,819.28
total_north_america,2014,866.29
total_north_america,2015,900.38
total_s_cent_america,1970,16.285
total_s_cent_america,1971,16.690
total_s_cent_america,1972,17.596
total_s_cent_america,1973,19.953
total_s_cent_america,1974,21.081
total_s_cent_america,1975,21.247
total_s_cent_america,1976,23.701
total_s_cent_america,1977,25.641
total_s_cent_america,1978,27.106
total_s_cent_america,1979,28.088
total_s_cent_america,1980,30.565
total_s_cent_america,1981,31.545
total_s_cent_america,1982,34.641
total_s_cent_america,1983,37.931
total_s_cent_america,1984,40.303
total_s_cent_america,1985,41.230
total_s_cent_america,1986,44.813
total_s_cent_america,1987,44.726
total_s_cent_america,1988,48.753
total_s_cent_america,1989,50.453
total_s_cent_america,1990,52.277
total_s_cent_america,1991,54.386
total_s_cent_america,1992,54.528
total_s_cent_america,1993,58.332
total_s_cent_america,1994,62.066
total_s_cent_america,1995,68.081
total_s_cent_america,1996,75.265
total_s_cent_america,1997,76.367
total_s_cent_america,1998,80.425
total_s_cent_america,1999,82.698
total_s_cent_america,2000,90.982
total_s_cent_america,2001,94.997
total_s_cent_america,2002,97.979
total_s_cent_america,2003,107.73
total_s_cent_america,2004,121.08
total_s_cent_america,2005,126.45
total_s_cent_america,2006,138.70
total_s_cent_america,2007,145.92
total_s_cent_america,2008,146.67
total_s_cent_america,2009,141.95
total_s_cent_america,2010,149.57
total_s_cent_america,2011,150.30
total_s_cent_america,2012,156.22
total_s_cent_america,2013,158.29
total_s_cent_america,2014,159.42
total_s_cent_america,2015,160.61
total_world,1970,903.15
total_world,1971,964.23
total_world,1972,1009.9
total_world,1973,1055.4
total_world,1974,1074.3
total_world,1975,1074.5
total_world,1976,1118.3
total_world,1977,1164.7
total_world,1978,1203.5
total_world,1979,1283.5
total_world,1980,1298.4
total_world,1981,1319.6
total_world,1982,1323.1
total_world,1983,1329.8
total_world,1984,1444.7
total_world,1985,1490.9
total_world,1986,1530.3
total_world,1987,1606.9
total_world,1988,1678.3
total_world,1989,1733.7
total_world,1990,1791.5
total_world,1991,1813.2
total_world,1992,1828.5
total_world,1993,1847.1
total_world,1994,1876.1
total_world,1995,1905.7
total_world,1996,2000.8
total_world,1997,1998.9
total_world,1998,2050.4
total_world,1999,2102.7
total_world,2000,2185.5
total_world,2001,2246.9
total_world,2002,2290.3
total_world,2003,2376.4
total_world,2004,2452.6
total_world,2005,2519.4
total_world,2006,2609.9
total_world,2007,2675.7
total_world,2008,2772.5
total_world,2009,2692.1
total_world,2010,2893.9
total_world,2011,2976.1
total_world,2012,3034.0
total_world,2013,3079.2
total_world,2014,3130.2
total_world,2015,3199.5
trinidad_tobago,1970,1.6440
trinidad_tobago,1971,1.6023
trinidad_tobago,1972,1.6561
trinidad_tobago,1973,1.5905
trinidad_tobago,1974,1.4531
trinidad_tobago,1975,1.3207
trinidad_tobago,1976,1.4865
trinidad_tobago,1977,1.7473
trinidad_tobago,1978,2.0860
trinidad_tobago,1979,2.1562
trinidad_tobago,1980,2.4362
trinidad_tobago,1981,2.6835
trinidad_tobago,1982,3.2615
trinidad_tobago,1983,3.3790
trinidad_tobago,1984,3.5405
trinidad_tobago,1985,3.6244
trinidad_tobago,1986,3.7089
trinidad_tobago,1987,3.9289
trinidad_tobago,1988,4.5223
trinidad_tobago,1989,4.5309
trinidad_tobago,1990,4.6977
trinidad_tobago,1991,5.1225
trinidad_tobago,1992,4.9500
trinidad_tobago,1993,5.5558
trinidad_tobago,1994,6.3631
trinidad_tobago,1995,6.8310
trinidad_tobago,1996,7.7131
trinidad_tobago,1997,8.3701
trinidad_tobago,1998,8.3701
trinidad_tobago,1999,10.557
trinidad_tobago,2000,13.973
trinidad_tobago,2001,14.902
trinidad_tobago,2002,17.330
trinidad_tobago,2003,24.297
trinidad_tobago,2004,27.181
trinidad_tobago,2005,29.739
trinidad_tobago,2006,36.111
trinidad_tobago,2007,37.980
trinidad_tobago,2008,37.767
trinidad_tobago,2009,39.255
trinidad_tobago,2010,40.278
trinidad_tobago,2011,38.780
trinidad_tobago,2012,38.448
trinidad_tobago,2013,38.557
trinidad_tobago,2014,37.869
trinidad_tobago,2015,35.673
turkmenistan,1985,67.757
turkmenistan,1986,68.986
turkmenistan,1987,71.756
turkmenistan,1988,71.919
turkmenistan,1989,73.222
turkmenistan,1990,71.511
turkmenistan,1991,68.661
turkmenistan,1992,48.950
turkmenistan,1993,53.186
turkmenistan,1994,29.077
turkmenistan,1995,26.308
turkmenistan,1996,28.669
turkmenistan,1997,14.090
turkmenistan,1998,10.833
turkmenistan,1999,18.570
turkmenistan,2000,38.281
turkmenistan,2001,41.783
turkmenistan,2002,43.575
turkmenistan,2003,48.124
turkmenistan,2004,47.484
turkmenistan,2005,51.312
turkmenistan,2006,54.326
turkmenistan,2007,58.887
turkmenistan,2008,59.457
turkmenistan,2009,32.742
turkmenistan,2010,38.118
turkmenistan,2011,53.594
turkmenistan,2012,56.059
turkmenistan,2013,56.115
turkmenistan,2014,62.344
turkmenistan,2015,65.158
ukraine,1985,34.925
ukraine,1986,32.335
ukraine,1987,28.995
ukraine,1988,26.389
ukraine,1989,25.086
ukraine,1990,22.887
ukraine,1991,19.873
ukraine,1992,17.104
ukraine,1993,15.638
ukraine,1994,14.824
ukraine,1995,14.824
ukraine,1996,14.987
ukraine,1997,15.209
ukraine,1998,14.635
ukraine,1999,14.752
ukraine,2000,14.566
ukraine,2001,14.905
ukraine,2002,15.312
ukraine,2003,15.801
ukraine,2004,16.534
ukraine,2005,16.697
ukraine,2006,16.860
ukraine,2007,16.860
ukraine,2008,17.104
ukraine,2009,17.348
ukraine,2010,16.664
ukraine,2011,16.790
ukraine,2012,16.729
ukraine,2013,16.612
ukraine,2014,16.108
ukraine,2015,15.658
united_arab_emirates,1970,0.75000
united_arab_emirates,1971,1.3240
united_arab_emirates,1972,1.3440
united_arab_emirates,1973,1.5620
united_arab_emirates,1974,1.5640
united_arab_emirates,1975,1.4940
united_arab_emirates,1976,1.7460
united_arab_emirates,1977,3.5100
united_arab_emirates,1978,5.1390
united_arab_emirates,1979,5.4990
united_arab_emirates,1980,6.7680
united_arab_emirates,1981,7.9740
united_arab_emirates,1982,8.5500
united_arab_emirates,1983,7.5240
united_arab_emirates,1984,9.9000
united_arab_emirates,1985,11.907
united_arab_emirates,1986,13.698
united_arab_emirates,1987,15.201
united_arab_emirates,1988,15.624
united_arab_emirates,1989,18.342
united_arab_emirates,1990,18.099
united_arab_emirates,1991,21.429
united_arab_emirates,1992,19.953
united_arab_emirates,1993,20.691
united_arab_emirates,1994,24.174
united_arab_emirates,1995,28.188
united_arab_emirates,1996,30.420
united_arab_emirates,1997,32.679
united_arab_emirates,1998,33.363
united_arab_emirates,1999,34.641
united_arab_emirates,2000,34.542
united_arab_emirates,2001,40.446
united_arab_emirates,2002,39.051
united_arab_emirates,2003,40.311
united_arab_emirates,2004,41.661
united_arab_emirates,2005,43.011
united_arab_emirates,2006,43.911
united_arab_emirates,2007,45.261
united_arab_emirates,2008,45.216
united_arab_emirates,2009,43.956
united_arab_emirates,2010,46.154
united_arab_emirates,2011,47.077
united_arab_emirates,2012,48.870
united_arab_emirates,2013,49.140
united_arab_emirates,2014,48.820
united_arab_emirates,2015,50.188
united_kingdom,1970,9.4150
united_kingdom,1971,15.646
united_kingdom,1972,22.576
united_kingdom,1973,24.512
united_kingdom,1974,29.562
united_kingdom,1975,30.783
united_kingdom,1976,32.599
united_kingdom,1977,34.061
united_kingdom,1978,32.617
united_kingdom,1979,32.936
united_kingdom,1980,31.311
united_kingdom,1981,31.241
united_kingdom,1982,31.753
united_kingdom,1983,32.741
united_kingdom,1984,32.007
united_kingdom,1985,35.711
united_kingdom,1986,37.545
united_kingdom,1987,39.307
united_kingdom,1988,37.853
united_kingdom,1989,37.069
united_kingdom,1990,40.932
united_kingdom,1991,45.574
united_kingdom,1992,46.345
united_kingdom,1993,54.488
united_kingdom,1994,58.172
united_kingdom,1995,63.679
united_kingdom,1996,75.732
united_kingdom,1997,77.272
united_kingdom,1998,81.145
united_kingdom,1999,89.177
united_kingdom,2000,97.537
united_kingdom,2001,95.243
united_kingdom,2002,93.245
united_kingdom,2003,92.642
united_kingdom,2004,86.723
united_kingdom,2005,79.353
united_kingdom,2006,71.965
united_kingdom,2007,64.868
united_kingdom,2008,62.667
united_kingdom,2009,53.713
united_kingdom,2010,51.421
united_kingdom,2011,40.715
united_kingdom,2012,34.992
united_kingdom,2013,32.829
united_kingdom,2014,33.110
united_kingdom,2015,35.686
us,1970,545.97
us,1971,561.44
us,1972,559.62
us,1973,559.11
us,1974,534.49
us,1975,494.93
us,1976,490.90
us,1977,493.04
us,1978,491.02
us,1979,505.92
us,1980,501.66
us,1981,496.41
us,1982,461.63
us,1983,418.15
us,1984,453.79
us,1985,427.90
us,1986,416.82
us,1987,431.82
us,1988,443.48
us,1989,449.74
us,1990,461.81
us,1991,459.36
us,1992,463.04
us,1993,468.31
us,1994,487.56
us,1995,480.86
us,1996,487.47
us,1997,488.72
us,1998,494.25
us,1999,487.38
us,2000,495.46
us,2001,508.16
us,2002,488.42
us,2003,494.75
us,2004,480.66
us,2005,467.60
us,2006,479.34
us,2007,498.60
us,2008,521.70
us,2009,532.71
us,2010,549.50
us,2011,589.81
us,2012,620.16
us,2013,626.44
us,2014,669.09
us,2015,705.31
ussr,1970,161.22
ussr,1971,173.00
ussr,1972,180.33
ussr,1973,192.46
ussr,1974,212.25
ussr,1975,235.60
ussr,1976,261.41
ussr,1977,281.81
ussr,1978,303.14
ussr,1979,331.16
ussr,1980,354.46
ussr,1981,378.98
ussr,1982,407.81
ussr,1983,436.32
ussr,1984,478.43
uzbekistan,1985,28.173
uzbekistan,1986,31.439
uzbekistan,1987,32.416
uzbekistan,1988,32.498
uzbekistan,1989,33.475
uzbekistan,1990,33.231
uzbekistan,1991,34.112
uzbekistan,1992,34.862
uzbekistan,1993,36.680
uzbekistan,1994,38.428
uzbekistan,1995,39.550
uzbekistan,1996,39.891
uzbekistan,1997,41.737
uzbekistan,1998,44.625
uzbekistan,1999,45.270
uzbekistan,2000,45.949
uzbekistan,2001,46.763
uzbekistan,2002,46.729
uzbekistan,2003,46.822
uzbekistan,2004,48.759
uzbekistan,2005,48.613
uzbekistan,2006,50.978
uzbekistan,2007,52.371
uzbekistan,2008,51.991
uzbekistan,2009,50.016
uzbekistan,2010,48.960
uzbekistan,2011,51.312
uzbekistan,2012,51.231
uzbekistan,2013,51.196
uzbekistan,2014,51.562
uzbekistan,2015,51.974
venezuela,1970,6.9390
venezuela,1971,6.7250
venezuela,1972,6.6840
venezuela,1973,8.2340
venezuela,1974,8.7020
venezuela,1975,8.4640
venezuela,1976,10.492
venezuela,1977,11.453
venezuela,1978,11.557
venezuela,1979,12.944
venezuela,1980,13.325
venezuela,1981,13.397
venezuela,1982,14.295
venezuela,1983,14.076
venezuela,1984,15.570
venezuela,1985,15.593
venezuela,1986,17.167
venezuela,1987,16.728
venezuela,1988,17.125
venezuela,1989,17.584
venezuela,1990,19.769
venezuela,1991,19.712
venezuela,1992,19.456
venezuela,1993,20.996
venezuela,1994,22.208
venezuela,1995,24.751
venezuela,1996,26.758
venezuela,1997,27.747
venezuela,1998,29.102
venezuela,1999,24.669
venezuela,2000,25.132
venezuela,2001,26.634
venezuela,2002,25.574
venezuela,2003,22.702
venezuela,2004,25.565
venezuela,2005,24.677
venezuela,2006,28.334
venezuela,2007,32.596
venezuela,2008,29.487
venezuela,2009,27.912
venezuela,2010,27.557
venezuela,2011,24.841
venezuela,2012,26.529
venezuela,2013,25.592
venezuela,2014,25.774
venezuela,2015,29.181
vietnam,1970,0.0000
vietnam,1971,0.0000
vietnam,1972,0.0000
vietnam,1973,0.0000
vietnam,1974,0.0000
vietnam,1975,0.0000
vietnam,1976,0.0000
vietnam,1977,0.0000
vietnam,1978,0.0000
vietnam,1979,0.0000
vietnam,1980,0.0000
vietnam,1981,0.0090000
vietnam,1982,0.017000
vietnam,1983,0.059000
vietnam,1984,0.051000
vietnam,1985,0.032000
vietnam,1986,0.033000
vietnam,1987,0.033000
vietnam,1988,0.025000
vietnam,1989,0.030000
vietnam,1990,0.036000
vietnam,1991,0.065000
vietnam,1992,0.18900
vietnam,1993,0.22500
vietnam,1994,0.22500
vietnam,1995,0.13100
vietnam,1996,0.25800
vietnam,1997,0.47800
vietnam,1998,0.81000
vietnam,1999,1.1700
vietnam,2000,1.4400
vietnam,2001,1.8000
vietnam,2002,2.1600
vietnam,2003,2.1360
vietnam,2004,3.7440
vietnam,2005,5.7960
vietnam,2006,6.3000
vietnam,2007,6.3720
vietnam,2008,6.7491
vietnam,2009,7.2090
vietnam,2010,8.4618
vietnam,2011,7.6320
vietnam,2012,8.4195
vietnam,2013,8.7759
vietnam,2014,9.1890
vietnam,2015,9.5940
yemen,1970,0.0000
yemen,1971,0.0000
yemen,1972,0.0000
yemen,1973,0.0000
yemen,1974,0.0000
yemen,1975,0.0000
yemen,1976,0.0000
yemen,1977,0.0000
yemen,1978,0.0000
yemen,1979,0.0000
yemen,1980,0.0000
yemen,1981,0.0000
yemen,1982,0.0000
yemen,1983,0.0000
yemen,1984,0.0000
yemen,1985,0.0000
yemen,1986,0.0000
yemen,1987,0.0000
yemen,1988,0.0000
yemen,1989,0.0000
yemen,1990,0.0000
yemen,1991,0.0000
yemen,1992,0.0000
yemen,1993,0.0000
yemen,1994,0.0000
yemen,1995,0.0000
yemen,1996,0.0000
yemen,1997,0.0000
yemen,1998,0.0000
yemen,1999,0.0000
yemen,2000,0.0000
yemen,2001,0.0000
yemen,2002,0.0000
yemen,2003,0.0000
yemen,2004,0.0000
yemen,2005,0.0000
yemen,2006,0.0000
yemen,2007,0.0000
yemen,2008,0.0000
yemen,2009,0.69785
yemen,2010,5.5829
yemen,2011,8.1024
yemen,2012,6.5493
yemen,2013,8.9019
yemen,2014,8.3944
yemen,2015,2.3954
