geo,year,carbon_dioxide_emissions
algeria,1965,5.8655
algeria,1966,7.1608
algeria,1967,6.6929
algeria,1968,7.1085
algeria,1969,7.9982
algeria,1970,8.7022
algeria,1971,9.5391
algeria,1972,10.613
algeria,1973,12.419
algeria,1974,13.933
algeria,1975,16.719
algeria,1976,19.483
algeria,1977,21.630
algeria,1978,26.660
algeria,1979,34.824
algeria,1980,41.073
algeria,1981,49.495
algeria,1982,57.923
algeria,1983,63.278
algeria,1984,61.184
algeria,1985,61.642
algeria,1986,65.290
algeria,1987,67.066
algeria,1988,71.646
algeria,1989,69.702
algeria,1990,73.558
algeria,1991,72.846
algeria,1992,74.862
algeria,1993,69.682
algeria,1994,70.390
algeria,1995,72.749
algeria,1996,71.510
algeria,1997,69.153
algeria,1998,71.463
algeria,1999,72.261
algeria,2000,69.906
algeria,2001,72.507
algeria,2002,75.577
algeria,2003,78.701
algeria,2004,81.903
algeria,2005,85.316
algeria,2006,89.019
algeria,2007,93.940
algeria,2008,99.625
algeria,2009,105.12
algeria,2010,102.38
algeria,2011,108.53
algeria,2012,118.52
algeria,2013,125.53
algeria,2014,135.10
argentina,1965,79.820
argentina,1966,82.821
argentina,1967,84.816
argentina,1968,86.822
argentina,1969,90.326
argentina,1970,84.210
argentina,1971,89.071
argentina,1972,90.552
argentina,1973,92.872
argentina,1974,95.256
argentina,1975,91.508
argentina,1976,96.785
argentina,1977,100.52
argentina,1978,101.15
argentina,1979,105.43
argentina,1980,102.10
argentina,1981,97.332
argentina,1982,97.931
argentina,1983,101.14
argentina,1984,98.339
argentina,1985,93.446
argentina,1986,105.98
argentina,1987,110.84
argentina,1988,117.17
argentina,1989,112.75
argentina,1990,106.82
argentina,1991,108.33
argentina,1992,115.04
argentina,1993,117.50
argentina,1994,117.65
argentina,1995,122.90
argentina,1996,133.52
argentina,1997,128.11
argentina,1998,133.42
argentina,1999,132.76
argentina,2000,134.79
argentina,2001,127.15
argentina,2002,120.78
argentina,2003,131.85
argentina,2004,142.38
argentina,2005,152.20
argentina,2006,157.90
argentina,2007,170.98
argentina,2008,174.39
argentina,2009,170.08
argentina,2010,181.10
argentina,2011,187.09
argentina,2012,192.60
argentina,2013,201.60
argentina,2014,199.38
australia,1965,115.01
australia,1966,121.00
australia,1967,128.23
australia,1968,135.45
australia,1969,139.84
australia,1970,150.04
australia,1971,155.42
australia,1972,162.11
australia,1973,173.13
australia,1974,183.98
australia,1975,187.21
australia,1976,194.83
australia,1977,205.08
australia,1978,207.91
australia,1979,216.31
australia,1980,219.55
australia,1981,223.26
australia,1982,220.83
australia,1983,217.94
australia,1984,227.92
australia,1985,231.13
australia,1986,241.99
australia,1987,250.15
australia,1988,262.27
australia,1989,274.58
australia,1990,280.42
australia,1991,280.82
australia,1992,284.51
australia,1993,292.19
australia,1994,302.85
australia,1995,312.67
australia,1996,322.25
australia,1997,333.33
australia,1998,342.26
australia,1999,348.14
australia,2000,349.47
australia,2001,358.56
australia,2002,368.56
australia,2003,361.63
australia,2004,370.79
australia,2005,385.35
australia,2006,405.12
australia,2007,403.92
australia,2008,406.28
australia,2009,396.56
australia,2010,389.39
australia,2011,395.57
australia,2012,391.58
australia,2013,383.67
australia,2014,374.92
austria,1965,41.041
austria,1966,42.127
austria,1967,42.144
austria,1968,45.316
austria,1969,48.208
austria,1970,53.142
austria,1971,55.742
austria,1972,57.147
austria,1973,60.604
austria,1974,58.340
austria,1975,56.461
austria,1976,61.536
austria,1977,57.701
austria,1978,60.970
austria,1979,63.541
austria,1980,62.531
austria,1981,58.878
austria,1982,56.055
austria,1983,56.155
austria,1984,58.515
austria,1985,59.326
austria,1986,58.767
austria,1987,60.040
austria,1988,58.552
austria,1989,58.916
austria,1990,63.135
austria,1991,67.301
austria,1992,62.325
austria,1993,62.009
austria,1994,62.161
austria,1995,65.222
austria,1996,67.509
austria,1997,68.355
austria,1998,68.473
austria,1999,67.863
austria,2000,67.759
austria,2001,72.464
austria,2002,73.455
austria,2003,79.587
austria,2004,78.328
austria,2005,79.919
austria,2006,79.478
austria,2007,75.369
austria,2008,75.926
austria,2009,70.244
austria,2010,75.697
austria,2011,72.600
austria,2012,70.204
austria,2013,70.190
austria,2014,65.858
azerbaijan,1985,53.582
azerbaijan,1986,57.901
azerbaijan,1987,55.968
azerbaijan,1988,56.200
azerbaijan,1989,57.104
azerbaijan,1990,58.959
azerbaijan,1991,56.545
azerbaijan,1992,48.799
azerbaijan,1993,42.357
azerbaijan,1994,38.960
azerbaijan,1995,36.658
azerbaijan,1996,30.283
azerbaijan,1997,28.818
azerbaijan,1998,28.964
azerbaijan,1999,29.053
azerbaijan,2000,30.523
azerbaijan,2001,28.192
azerbaijan,2002,27.215
azerbaijan,2003,29.488
azerbaijan,2004,31.367
azerbaijan,2005,34.693
azerbaijan,2006,33.982
azerbaijan,2007,30.828
azerbaijan,2008,30.401
azerbaijan,2009,26.708
azerbaijan,2010,25.601
azerbaijan,2011,29.457
azerbaijan,2012,30.864
azerbaijan,2013,32.094
azerbaijan,2014,33.460
bangladesh,1965,0.0000
bangladesh,1966,0.0000
bangladesh,1967,0.0000
bangladesh,1968,0.0000
bangladesh,1969,0.0000
bangladesh,1970,0.0000
bangladesh,1971,0.37134
bangladesh,1972,3.7666
bangladesh,1973,4.4789
bangladesh,1974,4.7030
bangladesh,1975,5.2715
bangladesh,1976,5.9727
bangladesh,1977,6.1694
bangladesh,1978,6.5720
bangladesh,1979,7.2113
bangladesh,1980,8.1976
bangladesh,1981,8.5453
bangladesh,1982,9.1759
bangladesh,1983,8.8746
bangladesh,1984,10.102
bangladesh,1985,11.316
bangladesh,1986,12.275
bangladesh,1987,13.319
bangladesh,1988,15.089
bangladesh,1989,15.979
bangladesh,1990,17.242
bangladesh,1991,16.089
bangladesh,1992,17.431
bangladesh,1993,19.286
bangladesh,1994,20.304
bangladesh,1995,24.964
bangladesh,1996,25.549
bangladesh,1997,27.382
bangladesh,1998,28.835
bangladesh,1999,28.930
bangladesh,2000,31.366
bangladesh,2001,35.826
bangladesh,2002,36.897
bangladesh,2003,39.003
bangladesh,2004,40.326
bangladesh,2005,42.925
bangladesh,2006,45.804
bangladesh,2007,47.513
bangladesh,2008,50.077
bangladesh,2009,52.981
bangladesh,2010,57.295
bangladesh,2011,60.915
bangladesh,2012,64.773
bangladesh,2013,68.004
bangladesh,2014,71.490
belarus,1985,105.45
belarus,1986,120.76
belarus,1987,121.98
belarus,1988,123.22
belarus,1989,118.76
belarus,1990,113.12
belarus,1991,111.51
belarus,1992,104.02
belarus,1993,82.250
belarus,1994,68.161
belarus,1995,61.895
belarus,1996,63.472
belarus,1997,63.459
belarus,1998,61.398
belarus,1999,59.547
belarus,2000,60.993
belarus,2001,59.231
belarus,2002,61.032
belarus,2003,60.969
belarus,2004,65.432
belarus,2005,64.398
belarus,2006,69.002
belarus,2007,66.726
belarus,2008,67.254
belarus,2009,65.017
belarus,2010,67.258
belarus,2011,67.823
belarus,2012,74.736
belarus,2013,75.503
belarus,2014,76.655
belgium,1965,124.99
belgium,1966,119.42
belgium,1967,124.06
belgium,1968,136.66
belgium,1969,147.28
belgium,1970,152.88
belgium,1971,146.82
belgium,1972,154.13
belgium,1973,153.32
belgium,1974,147.87
belgium,1975,131.54
belgium,1976,137.39
belgium,1977,136.25
belgium,1978,142.29
belgium,1979,147.88
belgium,1980,140.91
belgium,1981,134.22
belgium,1982,127.23
belgium,1983,115.10
belgium,1984,119.40
belgium,1985,120.20
belgium,1986,120.17
belgium,1987,122.10
belgium,1988,124.39
belgium,1989,126.82
belgium,1990,134.46
belgium,1991,139.37
belgium,1992,138.40
belgium,1993,135.04
belgium,1994,144.09
belgium,1995,144.39
belgium,1996,153.22
belgium,1997,153.29
belgium,1998,157.55
belgium,1999,152.12
belgium,2000,157.63
belgium,2001,154.85
belgium,2002,153.74
belgium,2003,160.67
belgium,2004,160.04
belgium,2005,156.69
belgium,2006,156.45
belgium,2007,155.59
belgium,2008,162.97
belgium,2009,147.52
belgium,2010,160.10
belgium,2011,145.39
belgium,2012,138.55
belgium,2013,140.76
belgium,2014,138.06
brazil,1965,52.637
brazil,1966,57.341
brazil,1967,59.267
brazil,1968,69.525
brazil,1969,76.458
brazil,1970,87.148
brazil,1971,95.831
brazil,1972,109.12
brazil,1973,132.05
brazil,1974,142.70
brazil,1975,149.07
brazil,1976,160.66
brazil,1977,168.85
brazil,1978,187.08
brazil,1979,198.69
brazil,1980,195.45
brazil,1981,186.90
brazil,1982,192.44
brazil,1983,191.30
brazil,1984,202.39
brazil,1985,214.28
brazil,1986,235.53
brazil,1987,243.50
brazil,1988,249.25
brazil,1989,252.29
brazil,1990,241.58
brazil,1991,250.48
brazil,1992,261.28
brazil,1993,271.36
brazil,1994,287.81
brazil,1995,301.33
brazil,1996,320.23
brazil,1997,338.24
brazil,1998,348.17
brazil,1999,355.06
brazil,2000,356.21
brazil,2001,361.66
brazil,2002,359.81
brazil,2003,356.62
brazil,2004,375.42
brazil,2005,383.45
brazil,2006,388.79
brazil,2007,412.33
brazil,2008,442.13
brazil,2009,423.58
brazil,2010,480.44
brazil,2011,501.18
brazil,2012,518.68
brazil,2013,559.05
brazil,2014,581.71
bulgaria,1965,35.239
bulgaria,1966,37.651
bulgaria,1967,43.491
bulgaria,1968,49.121
bulgaria,1969,53.718
bulgaria,1970,60.187
bulgaria,1971,62.286
bulgaria,1972,64.266
bulgaria,1973,66.258
bulgaria,1974,67.504
bulgaria,1975,72.566
bulgaria,1976,73.426
bulgaria,1977,75.923
bulgaria,1978,79.518
bulgaria,1979,82.194
bulgaria,1980,86.282
bulgaria,1981,82.843
bulgaria,1982,84.349
bulgaria,1983,83.338
bulgaria,1984,82.451
bulgaria,1985,82.551
bulgaria,1986,85.307
bulgaria,1987,85.192
bulgaria,1988,84.003
bulgaria,1989,85.594
bulgaria,1990,67.870
bulgaria,1991,54.511
bulgaria,1992,51.120
bulgaria,1993,54.872
bulgaria,1994,52.305
bulgaria,1995,55.613
bulgaria,1996,54.715
bulgaria,1997,52.758
bulgaria,1998,50.660
bulgaria,1999,44.641
bulgaria,2000,44.979
bulgaria,2001,48.083
bulgaria,2002,44.930
bulgaria,2003,48.468
bulgaria,2004,47.641
bulgaria,2005,48.735
bulgaria,2006,49.645
bulgaria,2007,52.847
bulgaria,2008,51.431
bulgaria,2009,43.438
bulgaria,2010,44.624
bulgaria,2011,49.919
bulgaria,2012,45.214
bulgaria,2013,40.154
bulgaria,2014,42.815
canada,1965,274.60
canada,1966,286.78
canada,1967,301.32
canada,1968,324.81
canada,1969,338.06
canada,1970,363.69
canada,1971,371.41
canada,1972,389.93
canada,1973,410.65
canada,1974,416.87
canada,1975,412.64
canada,1976,438.03
canada,1977,465.89
canada,1978,455.53
canada,1979,464.03
canada,1980,474.76
canada,1981,455.30
canada,1982,439.50
canada,1983,423.66
canada,1984,449.08
canada,1985,450.62
canada,1986,438.70
canada,1987,455.99
canada,1988,487.87
canada,1989,507.84
canada,1990,493.92
canada,1991,477.56
canada,1992,492.66
canada,1993,491.01
canada,1994,506.43
canada,1995,527.61
canada,1996,545.63
canada,1997,561.65
canada,1998,567.15
canada,1999,575.48
canada,2000,593.57
canada,2001,592.71
canada,2002,605.28
canada,2003,631.57
canada,2004,629.26
canada,2005,635.97
canada,2006,629.06
canada,2007,640.95
canada,2008,633.43
canada,2009,588.05
canada,2010,611.87
canada,2011,623.39
canada,2012,613.05
canada,2013,619.81
canada,2014,620.47
chile,1965,16.194
chile,1966,17.491
chile,1967,17.869
chile,1968,18.380
chile,1969,19.564
chile,1970,20.578
chile,1971,22.211
chile,1972,21.844
chile,1973,20.943
chile,1974,20.344
chile,1975,17.746
chile,1976,18.403
chile,1977,19.233
chile,1978,19.952
chile,1979,21.225
chile,1980,21.380
chile,1981,21.334
chile,1982,19.587
chile,1983,19.816
chile,1984,20.889
chile,1985,20.470
chile,1986,20.830
chile,1987,21.590
chile,1988,25.693
chile,1989,31.182
chile,1990,34.226
chile,1991,32.553
chile,1992,33.431
chile,1993,35.392
chile,1994,39.324
chile,1995,42.558
chile,1996,49.106
chile,1997,56.759
chile,1998,58.706
chile,1999,62.208
chile,2000,59.566
chile,2001,57.747
chile,2002,57.709
chile,2003,59.094
chile,2004,64.681
chile,2005,64.754
chile,2006,70.677
chile,2007,78.156
chile,2008,77.484
chile,2009,75.944
chile,2010,76.340
chile,2011,85.834
chile,2012,87.985
chile,2013,91.780
chile,2014,88.033
china,1965,489.22
china,1966,530.91
china,1967,476.77
china,1968,477.42
china,1969,583.31
china,1970,749.95
china,1971,883.81
china,1972,947.45
china,1973,990.07
china,1974,1009.6
china,1975,1134.1
china,1976,1188.9
china,1977,1299.5
china,1978,1430.2
china,1979,1470.1
china,1980,1499.7
china,1981,1475.1
china,1982,1540.3
china,1983,1636.2
china,1984,1767.1
china,1985,1915.4
china,1986,2022.8
china,1987,2172.1
china,1988,2327.5
china,1989,2427.7
china,1990,2457.8
china,1991,2591.0
china,1992,2722.9
china,1993,2876.5
china,1994,3029.0
china,1995,3228.4
china,1996,3322.9
china,1997,3313.8
china,1998,3312.5
china,1999,3422.7
china,2000,3513.7
china,2001,3673.5
china,2002,4024.6
china,2003,4722.9
china,2004,5521.1
china,2005,6326.1
china,2006,6925.9
china,2007,7518.0
china,2008,7662.9
china,2009,8036.9
china,2010,8471.9
china,2011,9206.1
china,2012,9415.4
china,2013,9674.2
china,2014,9761.1
china_hong_kong_sar,1965,6.9959
china_hong_kong_sar,1966,7.5517
china_hong_kong_sar,1967,8.8834
china_hong_kong_sar,1968,9.5740
china_hong_kong_sar,1969,11.206
china_hong_kong_sar,1970,12.033
china_hong_kong_sar,1971,12.680
china_hong_kong_sar,1972,14.411
china_hong_kong_sar,1973,14.927
china_hong_kong_sar,1974,15.277
china_hong_kong_sar,1975,14.356
china_hong_kong_sar,1976,16.966
china_hong_kong_sar,1977,18.343
china_hong_kong_sar,1978,19.047
china_hong_kong_sar,1979,19.467
china_hong_kong_sar,1980,19.913
china_hong_kong_sar,1981,21.250
china_hong_kong_sar,1982,24.088
china_hong_kong_sar,1983,26.558
china_hong_kong_sar,1984,27.720
china_hong_kong_sar,1985,29.281
china_hong_kong_sar,1986,30.979
china_hong_kong_sar,1987,34.579
china_hong_kong_sar,1988,39.844
china_hong_kong_sar,1989,42.604
china_hong_kong_sar,1990,41.034
china_hong_kong_sar,1991,42.713
china_hong_kong_sar,1992,49.632
china_hong_kong_sar,1993,54.556
china_hong_kong_sar,1994,47.992
china_hong_kong_sar,1995,51.620
china_hong_kong_sar,1996,49.600
china_hong_kong_sar,1997,49.175
china_hong_kong_sar,1998,50.975
china_hong_kong_sar,1999,50.893
china_hong_kong_sar,2000,53.868
china_hong_kong_sar,2001,70.216
china_hong_kong_sar,2002,67.315
china_hong_kong_sar,2003,70.955
china_hong_kong_sar,2004,78.422
china_hong_kong_sar,2005,75.904
china_hong_kong_sar,2006,80.056
china_hong_kong_sar,2007,85.703
china_hong_kong_sar,2008,79.426
china_hong_kong_sar,2009,86.657
china_hong_kong_sar,2010,88.811
china_hong_kong_sar,2011,92.171
china_hong_kong_sar,2012,88.719
china_hong_kong_sar,2013,91.516
china_hong_kong_sar,2014,89.872
colombia,1965,21.985
colombia,1966,23.739
colombia,1967,25.066
colombia,1968,25.827
colombia,1969,25.952
colombia,1970,28.061
colombia,1971,27.394
colombia,1972,30.096
colombia,1973,30.128
colombia,1974,33.168
colombia,1975,31.148
colombia,1976,33.595
colombia,1977,34.451
colombia,1978,36.048
colombia,1979,38.265
colombia,1980,38.007
colombia,1981,39.245
colombia,1982,41.178
colombia,1983,44.164
colombia,1984,44.335
colombia,1985,45.042
colombia,1986,44.937
colombia,1987,47.784
colombia,1988,49.041
colombia,1989,49.534
colombia,1990,51.414
colombia,1991,52.896
colombia,1992,55.345
colombia,1993,58.157
colombia,1994,58.449
colombia,1995,60.212
colombia,1996,60.133
colombia,1997,63.840
colombia,1998,62.675
colombia,1999,54.315
colombia,2000,56.645
colombia,2001,54.806
colombia,2002,52.567
colombia,2003,54.249
colombia,2004,53.413
colombia,2005,58.033
colombia,2006,57.759
colombia,2007,58.001
colombia,2008,62.840
colombia,2009,64.955
colombia,2010,71.693
colombia,2011,74.584
colombia,2012,77.977
colombia,2013,80.759
colombia,2014,84.271
czech_republic,1965,152.87
czech_republic,1966,153.82
czech_republic,1967,150.91
czech_republic,1968,157.40
czech_republic,1969,164.41
czech_republic,1970,170.16
czech_republic,1971,178.71
czech_republic,1972,179.00
czech_republic,1973,179.16
czech_republic,1974,179.91
czech_republic,1975,186.41
czech_republic,1976,191.75
czech_republic,1977,197.64
czech_republic,1978,200.11
czech_republic,1979,201.49
czech_republic,1980,195.66
czech_republic,1981,194.10
czech_republic,1982,192.48
czech_republic,1983,191.12
czech_republic,1984,196.81
czech_republic,1985,192.81
czech_republic,1986,191.56
czech_republic,1987,190.86
czech_republic,1988,191.48
czech_republic,1989,184.52
czech_republic,1990,169.92
czech_republic,1991,154.74
czech_republic,1992,133.53
czech_republic,1993,127.36
czech_republic,1994,126.92
czech_republic,1995,132.80
czech_republic,1996,137.06
czech_republic,1997,132.69
czech_republic,1998,124.60
czech_republic,1999,118.64
czech_republic,2000,125.01
czech_republic,2001,128.50
czech_republic,2002,125.01
czech_republic,2003,127.31
czech_republic,2004,131.66
czech_republic,2005,130.75
czech_republic,2006,133.10
czech_republic,2007,132.89
czech_republic,2008,126.96
czech_republic,2009,116.85
czech_republic,2010,120.56
czech_republic,2011,117.28
czech_republic,2012,113.40
czech_republic,2013,108.96
czech_republic,2014,107.48
denmark,1965,46.579
denmark,1966,53.007
denmark,1967,52.737
denmark,1968,54.585
denmark,1969,62.027
denmark,1970,65.394
denmark,1971,61.023
denmark,1972,64.396
denmark,1973,62.931
denmark,1974,57.386
denmark,1975,56.445
denmark,1976,62.665
denmark,1977,64.326
denmark,1978,65.426
denmark,1979,65.885
denmark,1980,66.053
denmark,1981,58.820
denmark,1982,57.356
denmark,1983,54.495
denmark,1984,55.544
denmark,1985,62.817
denmark,1986,63.802
denmark,1987,61.276
denmark,1988,59.922
denmark,1989,54.321
denmark,1990,56.103
denmark,1991,65.748
denmark,1992,60.272
denmark,1993,63.628
denmark,1994,68.388
denmark,1995,65.703
denmark,1996,79.566
denmark,1997,69.623
denmark,1998,65.194
denmark,1999,61.903
denmark,2000,57.815
denmark,2001,57.892
denmark,2002,56.839
denmark,2003,61.966
denmark,2004,56.136
denmark,2005,53.325
denmark,2006,61.540
denmark,2007,57.006
denmark,2008,54.417
denmark,2009,50.612
denmark,2010,51.631
denmark,2011,47.058
denmark,2012,42.142
denmark,2013,44.089
denmark,2014,40.597
ecuador,1965,2.0286
ecuador,1966,2.1206
ecuador,1967,2.2894
ecuador,1968,2.7344
ecuador,1969,2.9032
ecuador,1970,3.4584
ecuador,1971,3.8052
ecuador,1972,3.9730
ecuador,1973,4.3004
ecuador,1974,5.0132
ecuador,1975,4.9584
ecuador,1976,5.5126
ecuador,1977,6.7113
ecuador,1978,6.8449
ecuador,1979,7.2283
ecuador,1980,9.1888
ecuador,1981,10.370
ecuador,1982,11.387
ecuador,1983,10.497
ecuador,1984,10.631
ecuador,1985,13.020
ecuador,1986,13.208
ecuador,1987,13.289
ecuador,1988,12.924
ecuador,1989,13.260
ecuador,1990,13.357
ecuador,1991,15.195
ecuador,1992,14.679
ecuador,1993,15.449
ecuador,1994,16.712
ecuador,1995,16.160
ecuador,1996,18.121
ecuador,1997,20.632
ecuador,1998,21.024
ecuador,1999,19.102
ecuador,2000,20.227
ecuador,2001,20.123
ecuador,2002,21.215
ecuador,2003,22.161
ecuador,2004,22.870
ecuador,2005,24.910
ecuador,2006,26.541
ecuador,2007,27.010
ecuador,2008,27.664
ecuador,2009,28.464
ecuador,2010,32.737
ecuador,2011,33.402
ecuador,2012,34.893
ecuador,2013,36.752
ecuador,2014,38.498
egypt,1965,22.986
egypt,1966,24.064
egypt,1967,20.387
egypt,1968,21.320
egypt,1969,16.390
egypt,1970,20.554
egypt,1971,20.853
egypt,1972,23.376
egypt,1973,21.867
egypt,1974,24.851
egypt,1975,27.659
egypt,1976,32.890
egypt,1977,35.387
egypt,1978,37.161
egypt,1979,41.438
egypt,1980,47.399
egypt,1981,54.733
egypt,1982,61.728
egypt,1983,67.913
egypt,1984,74.411
egypt,1985,77.496
egypt,1986,79.351
egypt,1987,83.326
egypt,1988,86.032
egypt,1989,90.516
egypt,1990,93.276
egypt,1991,94.291
egypt,1992,93.922
egypt,1993,94.355
egypt,1994,95.771
egypt,1995,101.15
egypt,1996,107.16
egypt,1997,111.55
egypt,1998,116.30
egypt,1999,123.19
egypt,2000,129.58
egypt,2001,135.21
egypt,2002,137.11
egypt,2003,146.08
egypt,2004,153.16
egypt,2005,162.06
egypt,2006,168.67
egypt,2007,178.09
egypt,2008,189.41
egypt,2009,198.03
egypt,2010,208.58
egypt,2011,210.13
egypt,2012,221.12
egypt,2013,219.04
egypt,2014,223.19
finland,1965,24.457
finland,1966,27.650
finland,1967,28.408
finland,1968,32.659
finland,1969,38.250
finland,1970,41.461
finland,1971,41.625
finland,1972,44.652
finland,1973,49.866
finland,1974,45.751
finland,1975,46.557
finland,1976,52.660
finland,1977,51.677
finland,1978,56.166
finland,1979,57.853
finland,1980,58.756
finland,1981,49.826
finland,1982,47.711
finland,1983,45.951
finland,1984,48.308
finland,1985,52.989
finland,1986,53.430
finland,1987,56.009
finland,1988,55.441
finland,1989,55.931
finland,1990,57.815
finland,1991,57.644
finland,1992,54.587
finland,1993,55.210
finland,1994,62.277
finland,1995,58.081
finland,1996,64.429
finland,1997,62.005
finland,1998,59.273
finland,1999,58.925
finland,2000,58.314
finland,2001,62.814
finland,2002,65.750
finland,2003,74.590
finland,2004,68.412
finland,2005,58.466
finland,2006,68.340
finland,2007,66.279
finland,2008,59.569
finland,2009,57.458
finland,2010,64.910
finland,2011,56.605
finland,2012,50.311
finland,2013,51.010
finland,2014,47.683
france,1965,340.95
france,1966,341.15
france,1967,367.05
france,1968,381.06
france,1969,418.88
france,1970,448.37
france,1971,467.35
france,1972,493.22
france,1973,538.15
france,1974,523.81
france,1975,476.90
france,1976,526.71
france,1977,510.79
france,1978,530.23
france,1979,543.95
france,1980,516.08
france,1981,473.87
france,1982,452.21
france,1983,430.59
france,1984,418.27
france,1985,409.95
france,1986,400.76
france,1987,397.17
france,1988,390.34
france,1989,405.88
france,1990,411.58
france,1991,435.10
france,1992,426.89
france,1993,405.40
france,1994,392.75
france,1995,400.26
france,1996,416.63
france,1997,407.80
france,1998,433.65
france,1999,433.31
france,2000,430.30
france,2001,430.11
france,2002,421.62
france,2003,430.82
france,2004,435.13
france,2005,433.40
france,2006,426.84
france,2007,421.16
france,2008,419.19
france,2009,399.54
france,2010,403.87
france,2011,379.06
france,2012,379.55
france,2013,380.57
france,2014,347.51
germany,1965,907.59
germany,1966,897.85
germany,1967,889.24
germany,1968,941.32
germany,1969,1008.0
germany,1970,1048.1
germany,1971,1049.1
germany,1972,1073.1
germany,1973,1121.3
germany,1974,1094.5
germany,1975,1033.6
germany,1976,1102.1
germany,1977,1082.3
germany,1978,1113.7
germany,1979,1171.0
germany,1980,1133.2
germany,1981,1094.7
germany,1982,1049.8
germany,1983,1065.6
germany,1984,1087.1
germany,1985,1094.5
germany,1986,1082.8
germany,1987,1078.6
germany,1988,1069.8
germany,1989,1057.6
germany,1990,1038.2
germany,1991,999.13
germany,1992,959.11
germany,1993,948.96
germany,1994,936.84
germany,1995,931.04
germany,1996,955.67
germany,1997,932.39
germany,1998,925.68
germany,1999,901.18
germany,2000,904.10
germany,2001,917.92
germany,2002,905.30
germany,2003,910.04
germany,2004,898.50
germany,2005,879.98
germany,2006,898.35
germany,2007,863.88
germany,2008,853.86
germany,2009,798.49
germany,2010,835.39
germany,2011,811.37
germany,2012,826.46
germany,2013,845.99
germany,2014,798.59
greece,1965,21.956
greece,1966,23.180
greece,1967,25.420
greece,1968,26.837
greece,1969,27.698
greece,1970,30.596
greece,1971,37.483
greece,1972,42.113
greece,1973,49.229
greece,1974,48.344
greece,1975,56.085
greece,1976,62.667
greece,1977,65.171
greece,1978,64.489
greece,1979,53.691
greece,1980,53.743
greece,1981,52.112
greece,1982,52.291
greece,1983,54.365
greece,1984,56.701
greece,1985,60.871
greece,1986,60.373
greece,1987,66.845
greece,1988,71.519
greece,1989,77.709
greece,1990,80.451
greece,1991,79.495
greece,1992,81.956
greece,1993,83.699
greece,1994,85.416
greece,1995,87.291
greece,1996,87.560
greece,1997,91.055
greece,1998,93.228
greece,1999,94.294
greece,2000,101.14
greece,2001,102.95
greece,2002,102.28
greece,2003,100.66
greece,2004,107.08
greece,2005,105.74
greece,2006,107.82
greece,2007,109.35
greece,2008,106.57
greece,2009,102.02
greece,2010,93.666
greece,2011,92.756
greece,2012,87.651
greece,2013,79.708
greece,2014,74.811
hungary,1965,57.031
hungary,1966,57.189
hungary,1967,53.301
hungary,1968,54.575
hungary,1969,57.725
hungary,1970,61.230
hungary,1971,62.775
hungary,1972,63.912
hungary,1973,68.202
hungary,1974,69.402
hungary,1975,72.528
hungary,1976,76.642
hungary,1977,80.004
hungary,1978,84.807
hungary,1979,83.676
hungary,1980,83.055
hungary,1981,82.093
hungary,1982,82.448
hungary,1983,78.820
hungary,1984,79.521
hungary,1985,82.027
hungary,1986,80.369
hungary,1987,81.749
hungary,1988,77.200
hungary,1989,74.124
hungary,1990,73.498
hungary,1991,68.842
hungary,1992,62.958
hungary,1993,61.809
hungary,1994,63.527
hungary,1995,63.304
hungary,1996,64.496
hungary,1997,62.833
hungary,1998,62.704
hungary,1999,61.644
hungary,2000,58.934
hungary,2001,60.031
hungary,2002,58.984
hungary,2003,61.593
hungary,2004,62.084
hungary,2005,65.759
hungary,2006,66.676
hungary,2007,64.711
hungary,2008,63.472
hungary,2009,56.475
hungary,2010,57.799
hungary,2011,54.031
hungary,2012,50.102
hungary,2013,46.720
hungary,2014,45.041
india,1965,180.07
india,1966,184.34
india,1967,188.22
india,1968,198.61
india,1969,218.04
india,1970,210.01
india,1971,215.13
india,1972,228.69
india,1973,230.31
india,1974,249.28
india,1975,264.67
india,1976,276.87
india,1977,291.95
india,1978,292.67
india,1979,313.06
india,1980,324.19
india,1981,359.31
india,1982,364.12
india,1983,383.05
india,1984,405.42
india,1985,429.81
india,1986,461.97
india,1987,499.82
india,1988,539.07
india,1989,588.43
india,1990,581.36
india,1991,612.17
india,1992,650.83
india,1993,670.13
india,1994,700.39
india,1995,765.49
india,1996,824.41
india,1997,850.84
india,1998,874.58
india,1999,898.48
india,2000,952.77
india,2001,959.16
india,2002,1007.2
india,2003,1040.9
india,2004,1116.3
india,2005,1180.0
india,2006,1246.5
india,2007,1341.7
india,2008,1444.3
india,2009,1570.5
india,2010,1640.1
india,2011,1704.2
india,2012,1855.0
india,2013,1931.1
india,2014,2088.0
indonesia,1965,20.350
indonesia,1966,19.792
indonesia,1967,19.158
indonesia,1968,20.060
indonesia,1969,22.538
indonesia,1970,23.801
indonesia,1971,24.617
indonesia,1972,26.269
indonesia,1973,29.746
indonesia,1974,31.727
indonesia,1975,38.631
indonesia,1976,41.313
indonesia,1977,54.225
indonesia,1978,60.418
indonesia,1979,68.485
indonesia,1980,73.991
indonesia,1981,80.581
indonesia,1982,82.015
indonesia,1983,85.752
indonesia,1984,93.436
indonesia,1985,98.897
indonesia,1986,107.06
indonesia,1987,114.33
indonesia,1988,120.43
indonesia,1989,133.43
indonesia,1990,146.66
indonesia,1991,157.98
indonesia,1992,172.78
indonesia,1993,183.80
indonesia,1994,195.77
indonesia,1995,208.47
indonesia,1996,223.03
indonesia,1997,246.47
indonesia,1998,239.38
indonesia,1999,263.99
indonesia,2000,287.22
indonesia,2001,305.79
indonesia,2002,321.54
indonesia,2003,351.87
indonesia,2004,348.94
indonesia,2005,358.64
indonesia,2006,371.20
indonesia,2007,402.37
indonesia,2008,392.94
indonesia,2009,408.00
indonesia,2010,453.42
indonesia,2011,495.64
indonesia,2012,524.03
indonesia,2013,529.78
indonesia,2014,548.65
iran,1965,22.893
iran,1966,25.233
iran,1967,28.091
iran,1968,31.222
iran,1969,34.512
iran,1970,40.871
iran,1971,44.708
iran,1972,50.272
iran,1973,61.162
iran,1974,69.312
iran,1975,81.455
iran,1976,91.541
iran,1977,103.89
iran,1978,107.38
iran,1979,114.75
iran,1980,103.17
iran,1981,102.77
iran,1982,115.69
iran,1983,137.69
iran,1984,148.10
iran,1985,162.59
iran,1986,150.86
iran,1987,162.30
iran,1988,171.31
iran,1989,191.51
iran,1990,213.36
iran,1991,233.98
iran,1992,254.87
iran,1993,233.64
iran,1994,261.29
iran,1995,271.87
iran,1996,290.03
iran,1997,303.82
iran,1998,314.97
iran,1999,335.99
iran,2000,352.60
iran,2001,371.21
iran,2002,397.30
iran,2003,403.79
iran,2004,439.41
iran,2005,470.70
iran,2006,511.19
iran,2007,546.07
iran,2008,575.93
iran,2009,601.44
iran,2010,594.55
iran,2011,620.00
iran,2012,620.94
iran,2013,633.19
iran,2014,650.37
israel,1965,12.800
israel,1966,13.401
israel,1967,13.997
israel,1968,14.665
israel,1969,15.300
israel,1970,15.924
israel,1971,16.584
israel,1972,17.250
israel,1973,18.212
israel,1974,18.532
israel,1975,19.155
israel,1976,20.320
israel,1977,21.378
israel,1978,22.849
israel,1979,25.073
israel,1980,24.354
israel,1981,24.808
israel,1982,26.219
israel,1983,26.842
israel,1984,27.932
israel,1985,27.421
israel,1986,28.889
israel,1987,31.815
israel,1988,33.849
israel,1989,35.180
israel,1990,36.224
israel,1991,37.738
israel,1992,41.523
israel,1993,43.724
israel,1994,48.017
israel,1995,53.348
israel,1996,56.868
israel,1997,57.707
israel,1998,61.563
israel,1999,63.524
israel,2000,66.280
israel,2001,67.093
israel,2002,68.443
israel,2003,70.306
israel,2004,70.709
israel,2005,72.158
israel,2006,72.254
israel,2007,74.628
israel,2008,75.471
israel,2009,73.142
israel,2010,75.207
israel,2011,76.995
israel,2012,81.784
israel,2013,75.514
israel,2014,74.210
italy,1965,211.72
italy,1966,231.66
italy,1967,254.85
italy,1968,276.11
italy,1969,302.24
italy,1970,335.96
italy,1971,355.16
italy,1972,365.37
italy,1973,387.29
italy,1974,385.08
italy,1975,371.32
italy,1976,393.49
italy,1977,383.49
italy,1978,397.67
italy,1979,412.87
italy,1980,403.95
italy,1981,398.08
italy,1982,387.05
italy,1983,380.15
italy,1984,383.06
italy,1985,382.64
italy,1986,391.83
italy,1987,410.47
italy,1988,416.27
italy,1989,431.47
italy,1990,434.89
italy,1991,436.02
italy,1992,434.97
italy,1993,425.46
italy,1994,424.51
italy,1995,447.17
italy,1996,442.50
italy,1997,447.41
italy,1998,458.22
italy,1999,467.76
italy,2000,473.82
italy,2001,475.14
italy,2002,475.98
italy,2003,491.96
italy,2004,497.04
italy,2005,498.35
italy,2006,495.81
italy,2007,488.67
italy,2008,475.66
italy,2009,432.20
italy,2010,441.39
italy,2011,430.35
italy,2012,406.84
italy,2013,377.76
italy,2014,347.11
japan,1965,446.24
japan,1966,491.20
japan,1967,582.84
japan,1968,655.97
japan,1969,753.90
japan,1970,857.09
japan,1971,895.51
japan,1972,927.15
japan,1973,1049.5
japan,1974,1036.8
japan,1975,982.36
japan,1976,1007.3
japan,1977,1027.1
japan,1978,1030.6
japan,1979,1061.8
japan,1980,1008.9
japan,1981,989.62
japan,1982,940.77
japan,1983,947.51
japan,1984,1026.8
japan,1985,1010.1
japan,1986,1001.0
japan,1987,1004.6
japan,1988,1086.1
japan,1989,1113.9
japan,1990,1158.9
japan,1991,1187.6
japan,1992,1206.4
japan,1993,1194.2
japan,1994,1258.1
japan,1995,1289.5
japan,1996,1310.4
japan,1997,1310.8
japan,1998,1276.1
japan,1999,1309.1
japan,2000,1333.1
japan,2001,1328.7
japan,2002,1325.9
japan,2003,1381.1
japan,2004,1389.5
japan,2005,1405.0
japan,2006,1379.3
japan,2007,1395.8
japan,2008,1397.7
japan,2009,1230.6
japan,2010,1311.9
japan,2011,1313.9
japan,2012,1398.4
japan,2013,1386.1
japan,2014,1343.1
kazakhstan,1985,232.26
kazakhstan,1986,238.02
kazakhstan,1987,243.27
kazakhstan,1988,251.60
kazakhstan,1989,245.71
kazakhstan,1990,250.89
kazakhstan,1991,244.94
kazakhstan,1992,248.27
kazakhstan,1993,219.16
kazakhstan,1994,195.56
kazakhstan,1995,167.84
kazakhstan,1996,143.14
kazakhstan,1997,131.70
kazakhstan,1998,125.44
kazakhstan,1999,109.91
kazakhstan,2000,124.13
kazakhstan,2001,125.65
kazakhstan,2002,131.70
kazakhstan,2003,142.44
kazakhstan,2004,146.25
kazakhstan,2005,149.37
kazakhstan,2006,169.40
kazakhstan,2007,177.33
kazakhstan,2008,188.16
kazakhstan,2009,168.92
kazakhstan,2010,168.53
kazakhstan,2011,190.04
kazakhstan,2012,199.27
kazakhstan,2013,191.51
kazakhstan,2014,188.58
kuwait,1965,18.587
kuwait,1966,18.314
kuwait,1967,18.072
kuwait,1968,17.862
kuwait,1969,17.683
kuwait,1970,17.836
kuwait,1971,17.691
kuwait,1972,19.641
kuwait,1973,19.456
kuwait,1974,18.613
kuwait,1975,16.387
kuwait,1976,19.506
kuwait,1977,19.872
kuwait,1978,21.832
kuwait,1979,26.438
kuwait,1980,21.937
kuwait,1981,27.788
kuwait,1982,27.939
kuwait,1983,30.928
kuwait,1984,33.055
kuwait,1985,33.497
kuwait,1986,37.714
kuwait,1987,35.276
kuwait,1988,39.008
kuwait,1989,41.331
kuwait,1990,25.448
kuwait,1991,12.332
kuwait,1992,22.596
kuwait,1993,27.091
kuwait,1994,33.667
kuwait,1995,41.353
kuwait,1996,40.858
kuwait,1997,42.633
kuwait,1998,52.320
kuwait,1999,54.308
kuwait,2000,56.522
kuwait,2001,59.540
kuwait,2002,60.402
kuwait,2003,71.196
kuwait,2004,79.740
kuwait,2005,85.723
kuwait,2006,80.734
kuwait,2007,80.395
kuwait,2008,85.311
kuwait,2009,88.886
kuwait,2010,96.980
kuwait,2011,98.590
kuwait,2012,104.94
kuwait,2013,107.55
kuwait,2014,110.56
lithuania,1985,38.704
lithuania,1986,34.904
lithuania,1987,37.409
lithuania,1988,36.893
lithuania,1989,37.851
lithuania,1990,38.023
lithuania,1991,40.321
lithuania,1992,21.296
lithuania,1993,16.648
lithuania,1994,16.157
lithuania,1995,15.645
lithuania,1996,16.333
lithuania,1997,16.318
lithuania,1998,17.045
lithuania,1999,15.097
lithuania,2000,13.402
lithuania,2001,14.719
lithuania,2002,14.345
lithuania,2003,14.685
lithuania,2004,15.171
lithuania,2005,16.163
lithuania,2006,16.457
lithuania,2007,17.202
lithuania,2008,17.107
lithuania,2009,14.525
lithuania,2010,15.705
lithuania,2011,16.168
lithuania,2012,16.223
lithuania,2013,14.836
lithuania,2014,14.138
malaysia,1965,7.0718
malaysia,1966,8.2384
malaysia,1967,8.3739
malaysia,1968,8.4977
malaysia,1969,8.7716
malaysia,1970,9.8002
malaysia,1971,10.902
malaysia,1972,12.452
malaysia,1973,13.405
malaysia,1974,13.635
malaysia,1975,13.965
malaysia,1976,15.643
malaysia,1977,17.589
malaysia,1978,23.068
malaysia,1979,28.080
malaysia,1980,30.479
malaysia,1981,31.448
malaysia,1982,33.741
malaysia,1983,38.482
malaysia,1984,39.878
malaysia,1985,39.778
malaysia,1986,43.352
malaysia,1987,44.375
malaysia,1988,46.888
malaysia,1989,53.801
malaysia,1990,59.988
malaysia,1991,71.679
malaysia,1992,77.522
malaysia,1993,81.074
malaysia,1994,86.257
malaysia,1995,91.703
malaysia,1996,102.03
malaysia,1997,119.23
malaysia,1998,109.54
malaysia,1999,121.72
malaysia,2000,134.93
malaysia,2001,137.55
malaysia,2002,149.23
malaysia,2003,165.34
malaysia,2004,176.55
malaysia,2005,187.01
malaysia,2006,192.26
malaysia,2007,204.61
malaysia,2008,212.07
malaysia,2009,206.51
malaysia,2010,221.19
malaysia,2011,227.54
malaysia,2012,238.21
malaysia,2013,258.30
malaysia,2014,257.69
mexico,1965,64.076
mexico,1966,66.821
mexico,1967,68.009
mexico,1968,73.960
mexico,1969,80.886
mexico,1970,86.045
mexico,1971,91.311
mexico,1972,101.04
mexico,1973,108.56
mexico,1974,122.13
mexico,1975,134.49
mexico,1976,142.85
mexico,1977,150.55
mexico,1978,173.78
mexico,1979,191.10
mexico,1980,209.46
mexico,1981,226.61
mexico,1982,238.33
mexico,1983,237.00
mexico,1984,248.93
mexico,1985,258.58
mexico,1986,253.85
mexico,1987,263.34
mexico,1988,262.64
mexico,1989,275.53
mexico,1990,289.47
mexico,1991,301.80
mexico,1992,304.36
mexico,1993,306.38
mexico,1994,334.36
mexico,1995,315.70
mexico,1996,328.68
mexico,1997,343.27
mexico,1998,364.36
mexico,1999,363.51
mexico,2000,382.70
mexico,2001,383.69
mexico,2002,400.07
mexico,2003,422.54
mexico,2004,432.97
mexico,2005,471.01
mexico,2006,482.45
mexico,2007,479.66
mexico,2008,471.95
mexico,2009,473.89
mexico,2010,493.10
mexico,2011,514.17
mexico,2012,504.59
mexico,2013,507.27
mexico,2014,499.91
netherlands,1965,115.72
netherlands,1966,121.81
netherlands,1967,126.86
netherlands,1968,138.73
netherlands,1969,151.07
netherlands,1970,165.85
netherlands,1971,170.73
netherlands,1972,195.26
netherlands,1973,205.98
netherlands,1974,191.66
netherlands,1975,191.18
netherlands,1976,209.81
netherlands,1977,205.80
netherlands,1978,210.13
netherlands,1979,218.76
netherlands,1980,205.93
netherlands,1981,196.32
netherlands,1982,181.56
netherlands,1983,181.28
netherlands,1984,188.75
netherlands,1985,193.39
netherlands,1986,203.76
netherlands,1987,208.28
netherlands,1988,212.49
netherlands,1989,212.57
netherlands,1990,218.87
netherlands,1991,223.20
netherlands,1992,225.81
netherlands,1993,227.73
netherlands,1994,227.58
netherlands,1995,235.57
netherlands,1996,241.60
netherlands,1997,241.25
netherlands,1998,241.98
netherlands,1999,238.46
netherlands,2000,244.48
netherlands,2001,255.44
netherlands,2002,254.62
netherlands,2003,257.32
netherlands,2004,264.89
netherlands,2005,269.02
netherlands,2006,267.06
netherlands,2007,267.49
netherlands,2008,258.65
netherlands,2009,252.74
netherlands,2010,263.03
netherlands,2011,251.46
netherlands,2012,243.70
netherlands,2013,237.84
netherlands,2014,225.23
new_zealand,1965,14.857
new_zealand,1966,15.587
new_zealand,1967,15.515
new_zealand,1968,15.429
new_zealand,1969,15.951
new_zealand,1970,18.022
new_zealand,1971,17.861
new_zealand,1972,19.189
new_zealand,1973,20.757
new_zealand,1974,20.288
new_zealand,1975,19.441
new_zealand,1976,21.218
new_zealand,1977,22.164
new_zealand,1978,20.851
new_zealand,1979,19.468
new_zealand,1980,19.027
new_zealand,1981,18.762
new_zealand,1982,20.399
new_zealand,1983,20.733
new_zealand,1984,21.784
new_zealand,1985,22.459
new_zealand,1986,24.752
new_zealand,1987,24.296
new_zealand,1988,25.787
new_zealand,1989,26.756
new_zealand,1990,28.461
new_zealand,1991,28.483
new_zealand,1992,29.901
new_zealand,1993,29.053
new_zealand,1994,30.162
new_zealand,1995,31.148
new_zealand,1996,31.954
new_zealand,1997,34.051
new_zealand,1998,32.669
new_zealand,1999,34.443
new_zealand,2000,35.247
new_zealand,2001,37.083
new_zealand,2002,37.139
new_zealand,2003,37.873
new_zealand,2004,37.247
new_zealand,2005,38.121
new_zealand,2006,38.468
new_zealand,2007,37.264
new_zealand,2008,38.658
new_zealand,2009,35.924
new_zealand,2010,36.181
new_zealand,2011,35.349
new_zealand,2012,37.166
new_zealand,2013,37.153
new_zealand,2014,38.171
norway,1965,18.690
norway,1966,20.464
norway,1967,21.201
norway,1968,23.322
norway,1969,25.690
norway,1970,28.544
norway,1971,28.017
norway,1972,29.469
norway,1973,30.136
norway,1974,28.183
norway,1975,28.775
norway,1976,31.268
norway,1977,31.128
norway,1978,34.936
norway,1979,35.755
norway,1980,34.347
norway,1981,32.697
norway,1982,31.627
norway,1983,31.835
norway,1984,33.122
norway,1985,34.543
norway,1986,36.484
norway,1987,36.285
norway,1988,35.306
norway,1989,35.655
norway,1990,36.367
norway,1991,34.227
norway,1992,35.641
norway,1993,37.524
norway,1994,39.129
norway,1995,38.846
norway,1996,41.767
norway,1997,43.129
norway,1998,43.633
norway,1999,42.758
norway,2000,41.244
norway,2001,42.807
norway,2002,41.595
norway,2003,43.879
norway,2004,43.709
norway,2005,43.451
norway,2006,43.829
norway,2007,44.457
norway,2008,43.766
norway,2009,43.359
norway,2010,44.230
norway,2011,44.360
norway,2012,44.185
norway,2013,45.002
norway,2014,44.247
other_africa,1965,54.585
other_africa,1966,59.677
other_africa,1967,62.914
other_africa,1968,66.328
other_africa,1969,70.390
other_africa,1970,74.897
other_africa,1971,83.164
other_africa,1972,89.171
other_africa,1973,97.522
other_africa,1974,99.189
other_africa,1975,101.43
other_africa,1976,113.46
other_africa,1977,119.05
other_africa,1978,124.61
other_africa,1979,136.09
other_africa,1980,145.78
other_africa,1981,148.04
other_africa,1982,152.81
other_africa,1983,153.74
other_africa,1984,149.06
other_africa,1985,158.75
other_africa,1986,159.79
other_africa,1987,167.49
other_africa,1988,177.30
other_africa,1989,185.92
other_africa,1990,192.70
other_africa,1991,190.24
other_africa,1992,199.67
other_africa,1993,208.05
other_africa,1994,215.43
other_africa,1995,220.16
other_africa,1996,226.51
other_africa,1997,233.35
other_africa,1998,239.59
other_africa,1999,240.75
other_africa,2000,249.54
other_africa,2001,264.24
other_africa,2002,271.50
other_africa,2003,274.87
other_africa,2004,298.68
other_africa,2005,312.10
other_africa,2006,306.20
other_africa,2007,318.08
other_africa,2008,338.66
other_africa,2009,330.37
other_africa,2010,358.67
other_africa,2011,346.93
other_africa,2012,367.64
other_africa,2013,376.04
other_africa,2014,384.30
other_asia_pacific,1965,55.467
other_asia_pacific,1966,60.095
other_asia_pacific,1967,66.184
other_asia_pacific,1968,72.100
other_asia_pacific,1969,77.471
other_asia_pacific,1970,81.808
other_asia_pacific,1971,89.079
other_asia_pacific,1972,92.471
other_asia_pacific,1973,95.794
other_asia_pacific,1974,100.51
other_asia_pacific,1975,103.31
other_asia_pacific,1976,108.87
other_asia_pacific,1977,115.36
other_asia_pacific,1978,122.76
other_asia_pacific,1979,131.89
other_asia_pacific,1980,141.42
other_asia_pacific,1981,145.52
other_asia_pacific,1982,152.39
other_asia_pacific,1983,158.95
other_asia_pacific,1984,161.78
other_asia_pacific,1985,168.90
other_asia_pacific,1986,169.72
other_asia_pacific,1987,164.10
other_asia_pacific,1988,165.77
other_asia_pacific,1989,164.09
other_asia_pacific,1990,159.26
other_asia_pacific,1991,156.46
other_asia_pacific,1992,139.65
other_asia_pacific,1993,132.54
other_asia_pacific,1994,125.25
other_asia_pacific,1995,121.30
other_asia_pacific,1996,112.37
other_asia_pacific,1997,111.45
other_asia_pacific,1998,107.60
other_asia_pacific,1999,115.28
other_asia_pacific,2000,123.56
other_asia_pacific,2001,126.96
other_asia_pacific,2002,124.90
other_asia_pacific,2003,130.92
other_asia_pacific,2004,131.63
other_asia_pacific,2005,140.07
other_asia_pacific,2006,144.88
other_asia_pacific,2007,136.34
other_asia_pacific,2008,139.34
other_asia_pacific,2009,140.67
other_asia_pacific,2010,141.15
other_asia_pacific,2011,129.81
other_asia_pacific,2012,133.90
other_asia_pacific,2013,136.16
other_asia_pacific,2014,139.75
other_europe_eurasia,1965,2005.2
other_europe_eurasia,1966,2114.2
other_europe_eurasia,1967,2209.0
other_europe_eurasia,1968,2267.7
other_europe_eurasia,1969,2356.8
other_europe_eurasia,1970,2451.1
other_europe_eurasia,1971,2565.1
other_europe_eurasia,1972,2689.7
other_europe_eurasia,1973,2814.6
other_europe_eurasia,1974,2948.0
other_europe_eurasia,1975,3078.5
other_europe_eurasia,1976,3168.1
other_europe_eurasia,1977,3280.8
other_europe_eurasia,1978,3395.7
other_europe_eurasia,1979,3480.1
other_europe_eurasia,1980,3514.2
other_europe_eurasia,1981,3563.9
other_europe_eurasia,1982,3643.5
other_europe_eurasia,1983,3702.7
other_europe_eurasia,1984,3780.1
other_europe_eurasia,1985,326.21
other_europe_eurasia,1986,329.28
other_europe_eurasia,1987,328.28
other_europe_eurasia,1988,336.01
other_europe_eurasia,1989,331.25
other_europe_eurasia,1990,334.65
other_europe_eurasia,1991,293.02
other_europe_eurasia,1992,249.73
other_europe_eurasia,1993,217.11
other_europe_eurasia,1994,184.08
other_europe_eurasia,1995,186.91
other_europe_eurasia,1996,193.03
other_europe_eurasia,1997,206.76
other_europe_eurasia,1998,203.86
other_europe_eurasia,1999,177.05
other_europe_eurasia,2000,182.32
other_europe_eurasia,2001,189.81
other_europe_eurasia,2002,200.05
other_europe_eurasia,2003,211.07
other_europe_eurasia,2004,221.02
other_europe_eurasia,2005,218.50
other_europe_eurasia,2006,209.49
other_europe_eurasia,2007,219.13
other_europe_eurasia,2008,222.01
other_europe_eurasia,2009,211.52
other_europe_eurasia,2010,219.08
other_europe_eurasia,2011,226.88
other_europe_eurasia,2012,215.68
other_europe_eurasia,2013,216.68
other_europe_eurasia,2014,208.38
other_middle_east,1965,28.563
other_middle_east,1966,30.272
other_middle_east,1967,31.594
other_middle_east,1968,33.289
other_middle_east,1969,35.673
other_middle_east,1970,37.652
other_middle_east,1971,42.358
other_middle_east,1972,45.822
other_middle_east,1973,48.254
other_middle_east,1974,49.202
other_middle_east,1975,51.643
other_middle_east,1976,57.422
other_middle_east,1977,59.738
other_middle_east,1978,65.860
other_middle_east,1979,77.494
other_middle_east,1980,78.502
other_middle_east,1981,87.385
other_middle_east,1982,92.874
other_middle_east,1983,93.310
other_middle_east,1984,102.69
other_middle_east,1985,110.57
other_middle_east,1986,117.10
other_middle_east,1987,117.82
other_middle_east,1988,129.45
other_middle_east,1989,135.65
other_middle_east,1990,145.15
other_middle_east,1991,141.97
other_middle_east,1992,155.26
other_middle_east,1993,166.82
other_middle_east,1994,174.53
other_middle_east,1995,184.73
other_middle_east,1996,187.51
other_middle_east,1997,197.30
other_middle_east,1998,202.56
other_middle_east,1999,213.94
other_middle_east,2000,215.00
other_middle_east,2001,222.80
other_middle_east,2002,232.70
other_middle_east,2003,235.23
other_middle_east,2004,243.51
other_middle_east,2005,256.66
other_middle_east,2006,247.30
other_middle_east,2007,260.63
other_middle_east,2008,289.73
other_middle_east,2009,298.50
other_middle_east,2010,320.73
other_middle_east,2011,314.53
other_middle_east,2012,323.50
other_middle_east,2013,331.52
other_middle_east,2014,328.63
other_s_cent_america,1965,67.786
other_s_cent_america,1966,71.914
other_s_cent_america,1967,75.721
other_s_cent_america,1968,76.512
other_s_cent_america,1969,81.529
other_s_cent_america,1970,85.431
other_s_cent_america,1971,88.376
other_s_cent_america,1972,94.026
other_s_cent_america,1973,100.27
other_s_cent_america,1974,99.241
other_s_cent_america,1975,100.55
other_s_cent_america,1976,102.48
other_s_cent_america,1977,105.86
other_s_cent_america,1978,111.32
other_s_cent_america,1979,114.82
other_s_cent_america,1980,126.32
other_s_cent_america,1981,125.35
other_s_cent_america,1982,118.69
other_s_cent_america,1983,112.84
other_s_cent_america,1984,115.49
other_s_cent_america,1985,106.13
other_s_cent_america,1986,95.490
other_s_cent_america,1987,101.59
other_s_cent_america,1988,102.13
other_s_cent_america,1989,111.24
other_s_cent_america,1990,130.91
other_s_cent_america,1991,130.11
other_s_cent_america,1992,129.41
other_s_cent_america,1993,133.34
other_s_cent_america,1994,142.10
other_s_cent_america,1995,148.14
other_s_cent_america,1996,152.44
other_s_cent_america,1997,160.95
other_s_cent_america,1998,169.04
other_s_cent_america,1999,171.25
other_s_cent_america,2000,175.83
other_s_cent_america,2001,185.19
other_s_cent_america,2002,187.37
other_s_cent_america,2003,199.36
other_s_cent_america,2004,201.74
other_s_cent_america,2005,200.08
other_s_cent_america,2006,205.31
other_s_cent_america,2007,207.63
other_s_cent_america,2008,199.03
other_s_cent_america,2009,197.39
other_s_cent_america,2010,200.78
other_s_cent_america,2011,205.19
other_s_cent_america,2012,207.74
other_s_cent_america,2013,207.62
other_s_cent_america,2014,210.27
pakistan,1965,20.792
pakistan,1966,20.737
pakistan,1967,22.662
pakistan,1968,25.555
pakistan,1969,25.420
pakistan,1970,25.083
pakistan,1971,23.408
pakistan,1972,20.037
pakistan,1973,21.235
pakistan,1974,22.724
pakistan,1975,24.165
pakistan,1976,24.320
pakistan,1977,26.049
pakistan,1978,27.184
pakistan,1979,29.760
pakistan,1980,33.348
pakistan,1981,36.068
pakistan,1982,39.653
pakistan,1983,41.745
pakistan,1984,44.451
pakistan,1985,46.920
pakistan,1986,50.752
pakistan,1987,55.320
pakistan,1988,59.008
pakistan,1989,63.285
pakistan,1990,66.867
pakistan,1991,70.620
pakistan,1992,73.578
pakistan,1993,81.590
pakistan,1994,85.150
pakistan,1995,89.799
pakistan,1996,95.294
pakistan,1997,96.212
pakistan,1998,99.924
pakistan,1999,107.14
pakistan,2000,111.29
pakistan,2001,112.98
pakistan,2002,116.54
pakistan,2003,124.68
pakistan,2004,136.97
pakistan,2005,145.68
pakistan,2006,154.13
pakistan,2007,165.69
pakistan,2008,171.57
pakistan,2009,175.12
pakistan,2010,174.08
pakistan,2011,172.91
pakistan,2012,172.68
pakistan,2013,171.09
pakistan,2014,177.43
peru,1965,11.994
peru,1966,14.873
peru,1967,14.936
peru,1968,15.088
peru,1969,14.983
peru,1970,15.690
peru,1971,15.646
peru,1972,13.502
peru,1973,15.527
peru,1974,18.094
peru,1975,19.103
peru,1976,19.456
peru,1977,19.463
peru,1978,19.370
peru,1979,19.996
peru,1980,21.595
peru,1981,22.312
peru,1982,22.021
peru,1983,18.795
peru,1984,19.815
peru,1985,18.767
peru,1986,20.184
peru,1987,22.218
peru,1988,21.684
peru,1989,19.338
peru,1990,19.175
peru,1991,18.103
peru,1992,18.795
peru,1993,20.037
peru,1994,21.560
peru,1995,24.065
peru,1996,24.766
peru,1997,24.153
peru,1998,24.841
peru,1999,25.273
peru,2000,25.319
peru,2001,23.906
peru,2002,24.805
peru,2003,23.997
peru,2004,27.188
peru,2005,28.035
peru,2006,27.154
peru,2007,30.738
peru,2008,34.686
peru,2009,35.563
peru,2010,40.938
peru,2011,45.261
peru,2012,46.859
peru,2013,49.348
peru,2014,50.902
philippines,1965,12.875
philippines,1966,14.045
philippines,1967,15.873
philippines,1968,18.110
philippines,1969,19.399
philippines,1970,22.119
philippines,1971,25.614
philippines,1972,25.130
philippines,1973,29.528
philippines,1974,27.657
philippines,1975,29.937
philippines,1976,30.802
philippines,1977,33.959
philippines,1978,34.993
philippines,1979,36.049
philippines,1980,33.959
philippines,1981,31.958
philippines,1982,30.851
philippines,1983,33.670
philippines,1984,29.117
philippines,1985,27.605
philippines,1986,27.693
philippines,1987,32.063
philippines,1988,35.047
philippines,1989,37.993
philippines,1990,39.321
philippines,1991,39.160
philippines,1992,46.526
philippines,1993,48.426
philippines,1994,50.915
philippines,1995,57.241
philippines,1996,61.750
philippines,1997,67.235
philippines,1998,69.272
philippines,1999,66.736
philippines,2000,67.845
philippines,2001,68.555
philippines,2002,69.959
philippines,2003,71.525
philippines,2004,73.709
philippines,2005,74.697
philippines,2006,69.189
philippines,2007,74.483
philippines,2008,73.638
philippines,2009,72.992
philippines,2010,77.425
philippines,2011,80.198
philippines,2012,86.916
philippines,2013,92.486
philippines,2014,97.906
poland,1965,255.65
poland,1966,260.10
poland,1967,266.78
poland,1968,285.05
poland,1969,302.97
poland,1970,317.38
poland,1971,326.87
poland,1972,344.23
poland,1973,349.59
poland,1974,360.41
poland,1975,389.09
poland,1976,409.62
poland,1977,426.15
poland,1978,447.26
poland,1979,453.64
poland,1980,475.75
poland,1981,427.66
poland,1982,437.54
poland,1983,438.61
poland,1984,456.52
poland,1985,466.64
poland,1986,479.63
poland,1987,495.59
poland,1988,485.16
poland,1989,466.08
poland,1990,387.32
poland,1991,372.77
poland,1992,349.17
poland,1993,355.43
poland,1994,351.13
poland,1995,350.94
poland,1996,365.57
poland,1997,355.69
poland,1998,338.74
poland,1999,330.11
poland,2000,312.81
poland,2001,314.00
poland,2002,309.35
poland,2003,317.19
poland,2004,320.81
poland,2005,317.98
poland,2006,330.55
poland,2007,332.68
poland,2008,330.83
poland,2009,313.62
poland,2010,338.05
poland,2011,336.96
poland,2012,328.96
poland,2013,329.05
poland,2014,316.79
portugal,1965,10.229
portugal,1966,10.464
portugal,1967,11.293
portugal,1968,11.696
portugal,1969,12.025
portugal,1970,15.710
portugal,1971,17.441
portugal,1972,18.617
portugal,1973,21.038
portugal,1974,21.805
portugal,1975,22.642
portugal,1976,23.618
portugal,1977,23.205
portugal,1978,24.264
portugal,1979,25.935
portugal,1980,27.273
portugal,1981,29.065
portugal,1982,30.168
portugal,1983,30.627
portugal,1984,30.887
portugal,1985,30.940
portugal,1986,35.407
portugal,1987,36.238
portugal,1988,38.609
portugal,1989,47.645
portugal,1990,47.105
portugal,1991,49.400
portugal,1992,53.860
portugal,1993,52.467
portugal,1994,53.618
portugal,1995,60.102
portugal,1996,56.823
portugal,1997,58.794
portugal,1998,64.711
portugal,1999,69.858
portugal,2000,68.820
portugal,2001,67.309
portugal,2002,71.297
portugal,2003,67.553
portugal,2004,69.577
portugal,2005,72.502
portugal,2006,66.516
portugal,2007,65.792
portugal,2008,63.212
portugal,2009,61.627
portugal,2010,57.109
portugal,2011,56.926
portugal,2012,54.849
portugal,2013,54.794
portugal,2014,52.967
qatar,1965,0.31570
qatar,1966,0.31805
qatar,1967,0.45512
qatar,1968,1.3675
qatar,1969,2.1252
qatar,1970,2.4111
qatar,1971,2.3988
qatar,1972,2.6577
qatar,1973,3.7635
qatar,1974,3.3204
qatar,1975,5.3592
qatar,1976,4.0738
qatar,1977,4.6617
qatar,1978,4.3477
qatar,1979,10.547
qatar,1980,13.140
qatar,1981,11.135
qatar,1982,13.620
qatar,1983,13.567
qatar,1984,16.519
qatar,1985,17.227
qatar,1986,18.823
qatar,1987,19.274
qatar,1988,17.797
qatar,1989,17.600
qatar,1990,18.581
qatar,1991,20.653
qatar,1992,31.388
qatar,1993,33.322
qatar,1994,33.645
qatar,1995,33.893
qatar,1996,34.641
qatar,1997,36.751
qatar,1998,37.394
qatar,1999,35.535
qatar,2000,26.630
qatar,2001,30.523
qatar,2002,32.728
qatar,2003,35.314
qatar,2004,42.126
qatar,2005,51.546
qatar,2006,55.393
qatar,2007,57.303
qatar,2008,59.761
qatar,2009,71.185
qatar,2010,83.578
qatar,2011,104.80
qatar,2012,111.49
qatar,2013,115.34
qatar,2014,125.82
republic_of_ireland,1965,19.820
republic_of_ireland,1966,22.402
republic_of_ireland,1967,24.296
republic_of_ireland,1968,28.666
republic_of_ireland,1969,28.667
republic_of_ireland,1970,21.101
republic_of_ireland,1971,22.014
republic_of_ireland,1972,22.860
republic_of_ireland,1973,23.954
republic_of_ireland,1974,24.382
republic_of_ireland,1975,22.794
republic_of_ireland,1976,23.208
republic_of_ireland,1977,24.620
republic_of_ireland,1978,25.403
republic_of_ireland,1979,27.968
republic_of_ireland,1980,26.775
republic_of_ireland,1981,26.012
republic_of_ireland,1982,25.717
republic_of_ireland,1983,25.491
republic_of_ireland,1984,25.168
republic_of_ireland,1985,26.544
republic_of_ireland,1986,29.044
republic_of_ireland,1987,30.253
republic_of_ireland,1988,29.879
republic_of_ireland,1989,30.768
republic_of_ireland,1990,31.396
republic_of_ireland,1991,32.603
republic_of_ireland,1992,32.856
republic_of_ireland,1993,33.082
republic_of_ireland,1994,34.054
republic_of_ireland,1995,34.490
republic_of_ireland,1996,36.404
republic_of_ireland,1997,38.211
republic_of_ireland,1998,40.644
republic_of_ireland,1999,42.314
republic_of_ireland,2000,43.618
republic_of_ireland,2001,46.806
republic_of_ireland,2002,46.217
republic_of_ireland,2003,44.813
republic_of_ireland,2004,45.093
republic_of_ireland,2005,47.305
republic_of_ireland,2006,47.154
republic_of_ireland,2007,48.317
republic_of_ireland,2008,47.362
republic_of_ireland,2009,42.702
republic_of_ireland,2010,42.469
republic_of_ireland,2011,38.553
republic_of_ireland,2012,38.873
republic_of_ireland,2013,37.126
republic_of_ireland,2014,36.830
romania,1965,71.452
romania,1966,76.222
romania,1967,84.810
romania,1968,90.363
romania,1969,103.57
romania,1970,110.20
romania,1971,115.68
romania,1972,120.16
romania,1973,131.56
romania,1974,132.08
romania,1975,143.37
romania,1976,155.23
romania,1977,163.72
romania,1978,176.92
romania,1979,181.23
romania,1980,182.02
romania,1981,182.52
romania,1982,180.73
romania,1983,182.70
romania,1984,180.36
romania,1985,180.20
romania,1986,185.77
romania,1987,193.57
romania,1988,195.68
romania,1989,196.97
romania,1990,172.80
romania,1991,140.60
romania,1992,135.12
romania,1993,130.69
romania,1994,126.88
romania,1995,134.87
romania,1996,133.51
romania,1997,122.62
romania,1998,108.15
romania,1999,92.575
romania,2000,96.493
romania,2001,97.856
romania,2002,103.94
romania,2003,105.00
romania,2004,107.16
romania,2005,104.26
romania,2006,107.65
romania,2007,105.91
romania,2008,103.47
romania,2009,86.142
romania,2010,83.325
romania,2011,89.746
romania,2012,86.972
romania,2013,75.153
romania,2014,75.381
russian_federation,1985,2284.5
russian_federation,1986,2323.7
russian_federation,1987,2385.7
russian_federation,1988,2411.5
russian_federation,1989,2411.8
russian_federation,1990,2356.2
russian_federation,1991,2298.6
russian_federation,1992,2203.1
russian_federation,1993,2017.8
russian_federation,1994,1827.6
russian_federation,1995,1714.7
russian_federation,1996,1642.4
russian_federation,1997,1542.7
russian_federation,1998,1528.3
russian_federation,1999,1536.9
russian_federation,2000,1557.9
russian_federation,2001,1571.5
russian_federation,2002,1569.3
russian_federation,2003,1605.6
russian_federation,2004,1605.9
russian_federation,2005,1594.5
russian_federation,2006,1661.5
russian_federation,2007,1663.0
russian_federation,2008,1689.3
russian_federation,2009,1582.1
russian_federation,2010,1646.1
russian_federation,2011,1710.2
russian_federation,2012,1716.8
russian_federation,2013,1683.0
russian_federation,2014,1657.2
saudi_arabia,1965,61.417
saudi_arabia,1966,62.202
saudi_arabia,1967,63.047
saudi_arabia,1968,63.961
saudi_arabia,1969,64.963
saudi_arabia,1970,66.113
saudi_arabia,1971,66.080
saudi_arabia,1972,70.810
saudi_arabia,1973,75.425
saudi_arabia,1974,79.813
saudi_arabia,1975,62.071
saudi_arabia,1976,72.166
saudi_arabia,1977,85.557
saudi_arabia,1978,94.643
saudi_arabia,1979,115.16
saudi_arabia,1980,112.40
saudi_arabia,1981,134.02
saudi_arabia,1982,147.36
saudi_arabia,1983,158.52
saudi_arabia,1984,179.44
saudi_arabia,1985,183.22
saudi_arabia,1986,194.14
saudi_arabia,1987,204.64
saudi_arabia,1988,209.86
saudi_arabia,1989,210.12
saudi_arabia,1990,237.03
saudi_arabia,1991,252.12
saudi_arabia,1992,250.66
saudi_arabia,1993,258.12
saudi_arabia,1994,282.52
saudi_arabia,1995,273.92
saudi_arabia,1996,288.65
saudi_arabia,1997,296.80
saudi_arabia,1998,315.03
saudi_arabia,1999,316.79
saudi_arabia,2000,329.46
saudi_arabia,2001,342.69
saudi_arabia,2002,354.97
saudi_arabia,2003,377.76
saudi_arabia,2004,409.74
saudi_arabia,2005,421.54
saudi_arabia,2006,438.96
saudi_arabia,2007,458.49
saudi_arabia,2008,497.92
saudi_arabia,2009,521.49
saudi_arabia,2010,565.26
saudi_arabia,2011,577.53
saudi_arabia,2012,613.31
saudi_arabia,2013,618.12
saudi_arabia,2014,665.02
singapore,1965,11.767
singapore,1966,13.744
singapore,1967,17.229
singapore,1968,21.522
singapore,1969,21.120
singapore,1970,23.102
singapore,1971,20.336
singapore,1972,25.338
singapore,1973,23.682
singapore,1974,23.356
singapore,1975,22.751
singapore,1976,26.764
singapore,1977,26.691
singapore,1978,27.349
singapore,1979,29.441
singapore,1980,29.194
singapore,1981,33.551
singapore,1982,32.713
singapore,1983,34.535
singapore,1984,36.543
singapore,1985,36.997
singapore,1986,43.527
singapore,1987,45.295
singapore,1988,52.487
singapore,1989,59.935
singapore,1990,71.662
singapore,1991,72.918
singapore,1992,77.928
singapore,1993,84.995
singapore,1994,97.319
singapore,1995,101.35
singapore,1996,102.21
singapore,1997,107.41
singapore,1998,108.64
singapore,1999,107.50
singapore,2000,114.89
singapore,2001,128.28
singapore,2002,123.19
singapore,2003,115.67
singapore,2004,129.60
singapore,2005,140.84
singapore,2006,154.68
singapore,2007,166.41
singapore,2008,177.17
singapore,2009,190.65
singapore,2010,205.65
singapore,2011,215.19
singapore,2012,214.66
singapore,2013,220.87
singapore,2014,226.12
slovakia,1965,31.649
slovakia,1966,32.764
slovakia,1967,32.927
slovakia,1968,35.225
slovakia,1969,37.494
slovakia,1970,40.138
slovakia,1971,42.892
slovakia,1972,44.892
slovakia,1973,46.164
slovakia,1974,47.040
slovakia,1975,48.964
slovakia,1976,50.340
slovakia,1977,52.961
slovakia,1978,55.605
slovakia,1979,56.206
slovakia,1980,60.243
slovakia,1981,58.665
slovakia,1982,57.742
slovakia,1983,57.570
slovakia,1984,61.622
slovakia,1985,62.466
slovakia,1986,59.344
slovakia,1987,60.724
slovakia,1988,61.823
slovakia,1989,60.997
slovakia,1990,58.721
slovakia,1991,52.369
slovakia,1992,47.958
slovakia,1993,45.087
slovakia,1994,42.473
slovakia,1995,43.347
slovakia,1996,44.612
slovakia,1997,43.795
slovakia,1998,43.642
slovakia,1999,42.185
slovakia,2000,41.111
slovakia,2001,41.973
slovakia,2002,41.474
slovakia,2003,41.737
slovakia,2004,40.626
slovakia,2005,42.365
slovakia,2006,40.805
slovakia,2007,38.956
slovakia,2008,40.104
slovakia,2009,37.195
slovakia,2010,39.215
slovakia,2011,37.481
slovakia,2012,35.052
slovakia,2013,36.066
slovakia,2014,31.979
south_africa,1965,114.86
south_africa,1966,115.12
south_africa,1967,119.53
south_africa,1968,125.95
south_africa,1969,129.17
south_africa,1970,134.67
south_africa,1971,144.66
south_africa,1972,148.10
south_africa,1973,158.97
south_africa,1974,163.98
south_africa,1975,174.81
south_africa,1976,182.14
south_africa,1977,187.04
south_africa,1978,184.50
south_africa,1979,192.32
south_africa,1980,206.47
south_africa,1981,240.89
south_africa,1982,260.67
south_africa,1983,264.56
south_africa,1984,285.49
south_africa,1985,290.93
south_africa,1986,292.88
south_africa,1987,299.62
south_africa,1988,325.04
south_africa,1989,308.41
south_africa,1990,318.10
south_africa,1991,313.74
south_africa,1992,317.42
south_africa,1993,321.27
south_africa,1994,332.22
south_africa,1995,346.22
south_africa,1996,352.59
south_africa,1997,359.79
south_africa,1998,352.23
south_africa,1999,366.21
south_africa,2000,365.57
south_africa,2001,368.16
south_africa,2002,355.14
south_africa,2003,389.21
south_africa,2004,424.34
south_africa,2005,400.13
south_africa,2006,407.75
south_africa,2007,420.23
south_africa,2008,456.12
south_africa,2009,452.82
south_africa,2010,457.47
south_africa,2011,451.54
south_africa,2012,444.04
south_africa,2013,444.60
south_africa,2014,452.19
south_korea,1965,23.563
south_korea,1966,28.122
south_korea,1967,31.442
south_korea,1968,35.168
south_korea,1969,41.478
south_korea,1970,48.012
south_korea,1971,51.568
south_korea,1972,53.404
south_korea,1973,66.518
south_korea,1974,68.636
south_korea,1975,75.385
south_korea,1976,84.422
south_korea,1977,96.988
south_korea,1978,105.70
south_korea,1979,121.69
south_korea,1980,126.31
south_korea,1981,133.64
south_korea,1982,133.87
south_korea,1983,141.15
south_korea,1984,154.70
south_korea,1985,167.26
south_korea,1986,179.56
south_korea,1987,189.43
south_korea,1988,214.79
south_korea,1989,228.27
south_korea,1990,254.97
south_korea,1991,288.38
south_korea,1992,325.14
south_korea,1993,358.00
south_korea,1994,388.85
south_korea,1995,421.92
south_korea,1996,464.71
south_korea,1997,510.67
south_korea,1998,460.37
south_korea,1999,496.03
south_korea,2000,528.89
south_korea,2001,542.68
south_korea,2002,566.55
south_korea,2003,580.03
south_korea,2004,591.21
south_korea,2005,602.16
south_korea,2006,605.99
south_korea,2007,639.92
south_korea,2008,653.45
south_korea,2009,661.78
south_korea,2010,713.62
south_korea,2011,753.78
south_korea,2012,760.63
south_korea,2013,767.82
south_korea,2014,768.34
spain,1965,82.025
spain,1966,87.104
spain,1967,98.544
spain,1968,102.87
spain,1969,112.49
spain,1970,125.16
spain,1971,134.72
spain,1972,142.32
spain,1973,161.66
spain,1974,166.99
spain,1975,176.01
spain,1976,192.61
spain,1977,186.67
spain,1978,183.33
spain,1979,196.90
spain,1980,213.60
spain,1981,220.21
spain,1982,219.25
spain,1983,223.22
spain,1984,214.17
spain,1985,207.81
spain,1986,210.80
spain,1987,215.17
spain,1988,210.75
spain,1989,234.66
spain,1990,230.21
spain,1991,236.34
spain,1992,255.18
spain,1993,241.07
spain,1994,251.04
spain,1995,269.63
spain,1996,264.74
spain,1997,290.53
spain,1998,301.86
spain,1999,317.21
spain,2000,333.21
spain,2001,338.54
spain,2002,355.72
spain,2003,363.59
spain,2004,383.38
spain,2005,394.83
spain,2006,387.68
spain,2007,400.51
spain,2008,374.65
spain,2009,336.39
spain,2010,313.89
spain,2011,328.95
spain,2012,325.40
spain,2013,287.56
spain,2014,285.66
sweden,1965,62.799
sweden,1966,70.849
sweden,1967,69.053
sweden,1968,77.415
sweden,1969,86.616
sweden,1970,95.738
sweden,1971,90.229
sweden,1972,92.828
sweden,1973,95.996
sweden,1974,88.336
sweden,1975,88.404
sweden,1976,96.644
sweden,1977,92.021
sweden,1978,87.975
sweden,1979,92.669
sweden,1980,82.787
sweden,1981,74.875
sweden,1982,70.852
sweden,1983,65.777
sweden,1984,65.042
sweden,1985,70.797
sweden,1986,73.089
sweden,1987,67.713
sweden,1988,65.243
sweden,1989,62.703
sweden,1990,64.446
sweden,1991,62.557
sweden,1992,64.670
sweden,1993,63.343
sweden,1994,66.326
sweden,1995,63.693
sweden,1996,68.975
sweden,1997,63.668
sweden,1998,63.712
sweden,1999,62.991
sweden,2000,58.671
sweden,2001,59.702
sweden,2002,62.227
sweden,2003,66.185
sweden,2004,66.158
sweden,2005,64.322
sweden,2006,64.910
sweden,2007,63.705
sweden,2008,62.332
sweden,2009,57.796
sweden,2010,62.269
sweden,2011,57.560
sweden,2012,55.504
sweden,2013,54.749
sweden,2014,54.031
switzerland,1965,29.717
switzerland,1966,30.419
switzerland,1967,31.950
switzerland,1968,34.878
switzerland,1969,37.283
switzerland,1970,41.104
switzerland,1971,42.713
switzerland,1972,43.516
switzerland,1973,46.721
switzerland,1974,41.954
switzerland,1975,40.518
switzerland,1976,41.994
switzerland,1977,42.510
switzerland,1978,43.672
switzerland,1979,42.219
switzerland,1980,42.810
switzerland,1981,40.610
switzerland,1982,38.488
switzerland,1983,41.724
switzerland,1984,41.114
switzerland,1985,41.861
switzerland,1986,45.206
switzerland,1987,42.908
switzerland,1988,42.800
switzerland,1989,41.579
switzerland,1990,44.390
switzerland,1991,45.310
switzerland,1992,45.679
switzerland,1993,43.221
switzerland,1994,44.455
switzerland,1995,42.114
switzerland,1996,43.631
switzerland,1997,45.215
switzerland,1998,45.811
switzerland,1999,44.797
switzerland,2000,43.729
switzerland,2001,46.656
switzerland,2002,44.405
switzerland,2003,43.728
switzerland,2004,43.754
switzerland,2005,44.669
switzerland,2006,45.491
switzerland,2007,41.589
switzerland,2008,44.231
switzerland,2009,44.525
switzerland,2010,42.585
switzerland,2011,40.698
switzerland,2012,41.885
switzerland,2013,43.923
switzerland,2014,39.307
taiwan,1965,18.948
taiwan,1966,20.171
taiwan,1967,21.996
taiwan,1968,24.198
taiwan,1969,25.693
taiwan,1970,28.092
taiwan,1971,34.557
taiwan,1972,36.424
taiwan,1973,42.645
taiwan,1974,39.759
taiwan,1975,43.470
taiwan,1976,53.814
taiwan,1977,59.553
taiwan,1978,68.438
taiwan,1979,71.076
taiwan,1980,75.593
taiwan,1981,67.270
taiwan,1982,67.146
taiwan,1983,73.929
taiwan,1984,76.657
taiwan,1985,88.433
taiwan,1986,100.65
taiwan,1987,106.64
taiwan,1988,122.27
taiwan,1989,133.16
taiwan,1990,135.41
taiwan,1991,144.49
taiwan,1992,155.39
taiwan,1993,167.27
taiwan,1994,177.98
taiwan,1995,189.25
taiwan,1996,198.78
taiwan,1997,214.57
taiwan,1998,227.97
taiwan,1999,242.13
taiwan,2000,262.65
taiwan,2001,275.32
taiwan,2002,285.74
taiwan,2003,302.41
taiwan,2004,316.86
taiwan,2005,321.69
taiwan,2006,328.59
taiwan,2007,342.89
taiwan,2008,321.93
taiwan,2009,309.65
taiwan,2010,327.01
taiwan,2011,327.63
taiwan,2012,327.62
taiwan,2013,330.13
taiwan,2014,332.93
thailand,1965,7.2368
thailand,1966,8.6019
thailand,1967,9.7368
thailand,1968,12.761
thailand,1969,13.827
thailand,1970,16.082
thailand,1971,17.919
thailand,1972,22.275
thailand,1973,23.553
thailand,1974,24.035
thailand,1975,25.865
thailand,1976,27.340
thailand,1977,30.538
thailand,1978,34.355
thailand,1979,35.502
thailand,1980,37.045
thailand,1981,36.357
thailand,1982,35.985
thailand,1983,39.320
thailand,1984,43.846
thailand,1985,46.678
thailand,1986,48.390
thailand,1987,58.562
thailand,1988,65.960
thailand,1989,74.805
thailand,1990,89.337
thailand,1991,100.36
thailand,1992,109.92
thailand,1993,125.03
thailand,1994,140.08
thailand,1995,154.42
thailand,1996,174.16
thailand,1997,182.57
thailand,1998,168.48
thailand,1999,180.92
thailand,2000,182.03
thailand,2001,188.10
thailand,2002,208.40
thailand,2003,227.02
thailand,2004,246.64
thailand,2005,256.35
thailand,2006,258.95
thailand,2007,269.24
thailand,2008,274.08
thailand,2009,284.20
thailand,2010,303.56
thailand,2011,312.10
thailand,2012,334.65
thailand,2013,334.81
thailand,2014,346.91
total_africa,1965,198.30
total_africa,1966,206.02
total_africa,1967,209.53
total_africa,1968,220.70
total_africa,1969,223.95
total_africa,1970,238.82
total_africa,1971,258.22
total_africa,1972,271.26
total_africa,1973,290.78
total_africa,1974,301.96
total_africa,1975,320.62
total_africa,1976,347.97
total_africa,1977,363.10
total_africa,1978,372.93
total_africa,1979,404.68
total_africa,1980,440.72
total_africa,1981,493.16
total_africa,1982,533.13
total_africa,1983,549.50
total_africa,1984,570.15
total_africa,1985,588.81
total_africa,1986,597.31
total_africa,1987,617.50
total_africa,1988,660.02
total_africa,1989,654.54
total_africa,1990,677.63
total_africa,1991,671.11
total_africa,1992,685.87
total_africa,1993,693.36
total_africa,1994,713.80
total_africa,1995,740.27
total_africa,1996,757.77
total_africa,1997,773.84
total_africa,1998,779.59
total_africa,1999,802.40
total_africa,2000,814.59
total_africa,2001,840.12
total_africa,2002,839.33
total_africa,2003,888.86
total_africa,2004,958.07
total_africa,2005,959.60
total_africa,2006,971.63
total_africa,2007,1010.3
total_africa,2008,1083.8
total_africa,2009,1086.3
total_africa,2010,1127.1
total_africa,2011,1117.1
total_africa,2012,1151.3
total_africa,2013,1165.2
total_africa,2014,1194.8
total_asia_pacific,1965,1438.6
total_asia_pacific,1966,1557.8
total_asia_pacific,1967,1631.8
total_asia_pacific,1968,1749.9
total_asia_pacific,1969,2000.8
total_asia_pacific,1970,2298.9
total_asia_pacific,1971,2500.2
total_asia_pacific,1972,2637.2
total_asia_pacific,1973,2851.5
total_asia_pacific,1974,2889.1
total_asia_pacific,1975,3004.4
total_asia_pacific,1976,3137.4
total_asia_pacific,1977,3344.2
total_asia_pacific,1978,3525.3
total_asia_pacific,1979,3673.3
total_asia_pacific,1980,3695.8
total_asia_pacific,1981,3707.4
total_asia_pacific,1982,3744.4
total_asia_pacific,1983,3905.8
total_asia_pacific,1984,4184.4
total_asia_pacific,1985,4388.1
total_asia_pacific,1986,4585.4
total_asia_pacific,1987,4830.5
total_asia_pacific,1988,5199.3
total_asia_pacific,1989,5456.5
total_asia_pacific,1990,5606.3
total_asia_pacific,1991,5878.2
total_asia_pacific,1992,6158.4
total_asia_pacific,1993,6419.6
total_asia_pacific,1994,6759.4
total_asia_pacific,1995,7166.5
total_asia_pacific,1996,7452.6
total_asia_pacific,1997,7613.2
total_asia_pacific,1998,7551.2
total_asia_pacific,1999,7834.7
total_asia_pacific,2000,8130.1
total_asia_pacific,2001,8401.3
total_asia_pacific,2002,8892.0
total_asia_pacific,2003,9787.7
total_asia_pacific,2004,10788
total_asia_pacific,2005,11767
total_asia_pacific,2006,12474
total_asia_pacific,2007,13311
total_asia_pacific,2008,13600
total_asia_pacific,2009,13964
total_asia_pacific,2010,14736
total_asia_pacific,2011,15658
total_asia_pacific,2012,16176
total_asia_pacific,2013,16551
total_asia_pacific,2014,16817
total_europe_eurasia,1965,5391.8
total_europe_eurasia,1966,5549.8
total_europe_eurasia,1967,5717.7
total_europe_eurasia,1968,5984.2
total_europe_eurasia,1969,6335.8
total_europe_eurasia,1970,6643.7
total_europe_eurasia,1971,6816.4
total_europe_eurasia,1972,7085.4
total_europe_eurasia,1973,7449.0
total_europe_eurasia,1974,7465.3
total_europe_eurasia,1975,7495.2
total_europe_eurasia,1976,7862.4
total_europe_eurasia,1977,7966.4
total_europe_eurasia,1978,8210.2
total_europe_eurasia,1979,8454.8
total_europe_eurasia,1980,8363.5
total_europe_eurasia,1981,8212.8
total_europe_eurasia,1982,8177.0
total_europe_eurasia,1983,8207.5
total_europe_eurasia,1984,8318.6
total_europe_eurasia,1985,8489.0
total_europe_eurasia,1986,8633.4
total_europe_eurasia,1987,8775.7
total_europe_eurasia,1988,8784.6
total_europe_eurasia,1989,8771.4
total_europe_eurasia,1990,8706.6
total_europe_eurasia,1991,8463.9
total_europe_eurasia,1992,8102.3
total_europe_eurasia,1993,7646.6
total_europe_eurasia,1994,7289.1
total_europe_eurasia,1995,7183.7
total_europe_eurasia,1996,7189.0
total_europe_eurasia,1997,7050.0
total_europe_eurasia,1998,7030.0
total_europe_eurasia,1999,6951.5
total_europe_eurasia,2000,7043.8
total_europe_eurasia,2001,7122.2
total_europe_eurasia,2002,7120.3
total_europe_eurasia,2003,7295.7
total_europe_eurasia,2004,7355.7
total_europe_eurasia,2005,7331.4
total_europe_eurasia,2006,7489.4
total_europe_eurasia,2007,7468.7
total_europe_eurasia,2008,7426.8
total_europe_eurasia,2009,6889.6
total_europe_eurasia,2010,7097.4
total_europe_eurasia,2011,7113.3
total_europe_eurasia,2012,7085.2
total_europe_eurasia,2013,6923.2
total_europe_eurasia,2014,6657.5
total_middle_east,1965,144.61
total_middle_east,1966,149.78
total_middle_east,1967,156.27
total_middle_east,1968,163.76
total_middle_east,1969,171.69
total_middle_east,1970,182.96
total_middle_east,1971,193.05
total_middle_east,1972,209.92
total_middle_east,1973,230.79
total_middle_east,1974,243.79
total_middle_east,1975,241.51
total_middle_east,1976,271.99
total_middle_east,1977,306.52
total_middle_east,1978,330.05
total_middle_east,1979,385.06
total_middle_east,1980,379.50
total_middle_east,1981,418.08
total_middle_east,1982,456.42
total_middle_east,1983,492.43
total_middle_east,1984,546.83
total_middle_east,1985,583.14
total_middle_east,1986,606.43
total_middle_east,1987,636.70
total_middle_east,1988,674.27
total_middle_east,1989,713.03
total_middle_east,1990,758.77
total_middle_east,1991,800.32
total_middle_east,1992,854.83
total_middle_east,1993,865.18
total_middle_east,1994,945.69
total_middle_east,1995,975.50
total_middle_east,1996,1017.8
total_middle_east,1997,1059.3
total_middle_east,1998,1110.7
total_middle_east,1999,1147.6
total_middle_east,2000,1173.2
total_middle_east,2001,1233.5
total_middle_east,2002,1285.2
total_middle_east,2003,1342.0
total_middle_east,2004,1444.1
total_middle_east,2005,1524.5
total_middle_east,2006,1581.1
total_middle_east,2007,1670.6
total_middle_east,2008,1803.6
total_middle_east,2009,1870.4
total_middle_east,2010,1962.1
total_middle_east,2011,2033.5
total_middle_east,2012,2107.3
total_middle_east,2013,2139.7
total_middle_east,2014,2227.8
total_north_america,1965,4122.2
total_north_america,1966,4350.5
total_north_america,1967,4467.7
total_north_america,1968,4741.9
total_north_america,1969,4963.7
total_north_america,1970,5132.5
total_north_america,1971,5192.5
total_north_america,1972,5464.0
total_north_america,1973,5706.5
total_north_america,1974,5546.7
total_north_america,1975,5399.4
total_north_america,1976,5726.1
total_north_america,1977,5915.2
total_north_america,1978,5859.0
total_north_america,1979,5995.2
total_north_america,1980,5843.1
total_north_america,1981,5694.9
total_north_america,1982,5426.6
total_north_america,1983,5383.6
total_north_america,1984,5681.8
total_north_america,1985,5683.4
total_north_america,1986,5671.2
total_north_america,1987,5880.6
total_north_america,1988,6140.9
total_north_america,1989,6262.1
total_north_america,1990,6228.0
total_north_america,1991,6179.0
total_north_america,1992,6301.5
total_north_america,1993,6422.8
total_north_america,1994,6566.4
total_north_america,1995,6635.2
total_north_america,1996,6868.2
total_north_america,1997,6986.1
total_north_america,1998,7058.4
total_north_america,1999,7140.4
total_north_america,2000,7353.3
total_north_america,2001,7224.8
total_north_america,2002,7298.7
total_north_america,2003,7397.6
total_north_america,2004,7535.5
total_north_america,2005,7602.0
total_north_america,2006,7524.3
total_north_america,2007,7642.1
total_north_america,2008,7437.5
total_north_america,2009,6970.2
total_north_america,2010,7247.7
total_north_america,2011,7138.9
total_north_america,2012,6903.6
total_north_america,2013,7068.5
total_north_america,2014,7114.9
total_s_cent_america,1965,304.10
total_s_cent_america,1966,323.45
total_s_cent_america,1967,335.32
total_s_cent_america,1968,352.69
total_s_cent_america,1969,370.32
total_s_cent_america,1970,383.85
total_s_cent_america,1971,401.99
total_s_cent_america,1972,431.52
total_s_cent_america,1973,471.19
total_s_cent_america,1974,489.69
total_s_cent_america,1975,487.34
total_s_cent_america,1976,514.80
total_s_cent_america,1977,550.37
total_s_cent_america,1978,576.41
total_s_cent_america,1979,603.47
total_s_cent_america,1980,618.47
total_s_cent_america,1981,611.00
total_s_cent_america,1982,614.64
total_s_cent_america,1983,607.96
total_s_cent_america,1984,620.17
total_s_cent_america,1985,621.99
total_s_cent_america,1986,654.65
total_s_cent_america,1987,673.45
total_s_cent_america,1988,694.50
total_s_cent_america,1989,706.45
total_s_cent_america,1990,721.62
total_s_cent_america,1991,727.22
total_s_cent_america,1992,759.71
total_s_cent_america,1993,780.34
total_s_cent_america,1994,826.95
total_s_cent_america,1995,862.90
total_s_cent_america,1996,899.72
total_s_cent_america,1997,940.61
total_s_cent_america,1998,980.31
total_s_cent_america,1999,976.73
total_s_cent_america,2000,986.20
total_s_cent_america,2001,1003.6
total_s_cent_america,2002,1000.0
total_s_cent_america,2003,1006.4
total_s_cent_america,2004,1062.4
total_s_cent_america,2005,1094.5
total_s_cent_america,2006,1147.4
total_s_cent_america,2007,1204.3
total_s_cent_america,2008,1245.6
total_s_cent_america,2009,1223.5
total_s_cent_america,2010,1300.7
total_s_cent_america,2011,1352.0
total_s_cent_america,2012,1394.9
total_s_cent_america,2013,1464.4
total_s_cent_america,2014,1486.6
total_world,1965,11600
total_world,1966,12137
total_world,1967,12518
total_world,1968,13213
total_world,1969,14066
total_world,1970,14881
total_world,1971,15362
total_world,1972,16099
total_world,1973,17000
total_world,1974,16937
total_world,1975,16948
total_world,1976,17861
total_world,1977,18446
total_world,1978,18874
total_world,1979,19517
total_world,1980,19341
total_world,1981,19137
total_world,1982,18952
total_world,1983,19147
total_world,1984,19922
total_world,1985,20354
total_world,1986,20748
total_world,1987,21415
total_world,1988,22154
total_world,1989,22564
total_world,1990,22699
total_world,1991,22720
total_world,1992,22863
total_world,1993,22828
total_world,1994,23101
total_world,1995,23564
total_world,1996,24185
total_world,1997,24423
total_world,1998,24510
total_world,1999,24853
total_world,2000,25501
total_world,2001,25825
total_world,2002,26436
total_world,2003,27718
total_world,2004,29143
total_world,2005,30279
total_world,2006,31187
total_world,2007,32307
total_world,2008,32597
total_world,2009,32004
total_world,2010,33471
total_world,2011,34413
total_world,2012,34819
total_world,2013,35312
total_world,2014,35499
trinidad_tobago,1965,8.5898
trinidad_tobago,1966,9.0595
trinidad_tobago,1967,9.6491
trinidad_tobago,1968,9.9381
trinidad_tobago,1969,10.300
trinidad_tobago,1970,10.976
trinidad_tobago,1971,10.702
trinidad_tobago,1972,15.343
trinidad_tobago,1973,15.247
trinidad_tobago,1974,14.768
trinidad_tobago,1975,11.763
trinidad_tobago,1976,13.254
trinidad_tobago,1977,13.621
trinidad_tobago,1978,13.410
trinidad_tobago,1979,11.864
trinidad_tobago,1980,10.957
trinidad_tobago,1981,11.192
trinidad_tobago,1982,13.120
trinidad_tobago,1983,13.216
trinidad_tobago,1984,12.857
trinidad_tobago,1985,13.121
trinidad_tobago,1986,13.968
trinidad_tobago,1987,12.654
trinidad_tobago,1988,13.539
trinidad_tobago,1989,13.195
trinidad_tobago,1990,15.025
trinidad_tobago,1991,15.674
trinidad_tobago,1992,16.871
trinidad_tobago,1993,17.603
trinidad_tobago,1994,18.376
trinidad_tobago,1995,19.982
trinidad_tobago,1996,22.698
trinidad_tobago,1997,22.262
trinidad_tobago,1998,22.667
trinidad_tobago,1999,25.611
trinidad_tobago,2000,24.717
trinidad_tobago,2001,27.336
trinidad_tobago,2002,29.176
trinidad_tobago,2003,31.713
trinidad_tobago,2004,34.722
trinidad_tobago,2005,38.215
trinidad_tobago,2006,49.031
trinidad_tobago,2007,51.411
trinidad_tobago,2008,50.611
trinidad_tobago,2009,52.099
trinidad_tobago,2010,54.809
trinidad_tobago,2011,54.523
trinidad_tobago,2012,51.739
trinidad_tobago,2013,52.420
trinidad_tobago,2014,51.453
turkey,1965,29.945
turkey,1966,30.133
turkey,1967,31.508
turkey,1968,35.134
turkey,1969,38.225
turkey,1970,42.134
turkey,1971,46.350
turkey,1972,51.068
turkey,1973,58.881
turkey,1974,61.273
turkey,1975,64.644
turkey,1976,71.722
turkey,1977,76.441
turkey,1978,72.722
turkey,1979,71.448
turkey,1980,73.411
turkey,1981,75.755
turkey,1982,82.496
turkey,1983,84.902
turkey,1984,91.954
turkey,1985,99.074
turkey,1986,109.02
turkey,1987,120.99
turkey,1988,124.02
turkey,1989,130.22
turkey,1990,138.58
turkey,1991,144.54
turkey,1992,149.02
turkey,1993,155.70
turkey,1994,153.17
turkey,1995,167.03
turkey,1996,183.10
turkey,1997,196.69
turkey,1998,199.89
turkey,1999,196.74
turkey,2000,216.61
turkey,2001,200.44
turkey,2002,208.92
turkey,2003,222.83
turkey,2004,230.29
turkey,2005,241.09
turkey,2006,270.53
turkey,2007,295.90
turkey,2008,294.93
turkey,2009,297.59
turkey,2010,304.51
turkey,2011,324.10
turkey,2012,337.18
turkey,2013,324.73
turkey,2014,348.50
turkmenistan,1985,33.908
turkmenistan,1986,40.829
turkmenistan,1987,40.624
turkmenistan,1988,40.814
turkmenistan,1989,41.939
turkmenistan,1990,35.701
turkmenistan,1991,36.801
turkmenistan,1992,35.047
turkmenistan,1993,27.884
turkmenistan,1994,29.649
turkmenistan,1995,24.549
turkmenistan,1996,30.033
turkmenistan,1997,29.827
turkmenistan,1998,32.800
turkmenistan,1999,35.998
turkmenistan,2000,38.105
turkmenistan,2001,38.075
turkmenistan,2002,40.504
turkmenistan,2003,45.251
turkmenistan,2004,47.354
turkmenistan,2005,49.756
turkmenistan,2006,54.115
turkmenistan,2007,60.949
turkmenistan,2008,61.859
turkmenistan,2009,57.386
turkmenistan,2010,65.399
turkmenistan,2011,68.056
turkmenistan,2012,74.623
turkmenistan,2013,67.500
turkmenistan,2014,78.080
ukraine,1985,686.52
ukraine,1986,695.32
ukraine,1987,704.56
ukraine,1988,682.55
ukraine,1989,651.57
ukraine,1990,755.45
ukraine,1991,674.94
ukraine,1992,598.70
ukraine,1993,490.91
ukraine,1994,412.58
ukraine,1995,382.76
ukraine,1996,345.53
ukraine,1997,346.32
ukraine,1998,331.88
ukraine,1999,342.14
ukraine,2000,342.16
ukraine,2001,344.43
ukraine,2002,338.65
ukraine,2003,348.07
ukraine,2004,344.44
ukraine,2005,336.52
ukraine,2006,342.99
ukraine,2007,336.19
ukraine,2008,336.18
ukraine,2009,282.39
ukraine,2010,300.55
ukraine,2011,318.01
ukraine,2012,311.98
ukraine,2013,296.87
ukraine,2014,243.31
united_arab_emirates,1965,0.034057
united_arab_emirates,1966,0.036126
united_arab_emirates,1967,1.0172
united_arab_emirates,1968,1.3923
united_arab_emirates,1969,1.4329
united_arab_emirates,1970,2.1515
united_arab_emirates,1971,3.2289
united_arab_emirates,1972,3.4665
united_arab_emirates,1973,4.5164
united_arab_emirates,1974,4.9958
united_arab_emirates,1975,5.4395
united_arab_emirates,1976,6.9582
united_arab_emirates,1977,11.420
united_arab_emirates,1978,13.142
united_arab_emirates,1979,15.594
united_arab_emirates,1980,25.997
united_arab_emirates,1981,30.169
united_arab_emirates,1982,32.715
united_arab_emirates,1983,31.574
united_arab_emirates,1984,39.093
united_arab_emirates,1985,48.623
united_arab_emirates,1986,58.913
united_arab_emirates,1987,65.580
united_arab_emirates,1988,73.002
united_arab_emirates,1989,81.639
united_arab_emirates,1990,82.983
united_arab_emirates,1991,101.52
united_arab_emirates,1992,98.538
united_arab_emirates,1993,102.47
united_arab_emirates,1994,112.02
united_arab_emirates,1995,116.38
united_arab_emirates,1996,119.28
united_arab_emirates,1997,124.26
united_arab_emirates,1998,126.87
united_arab_emirates,1999,127.49
united_arab_emirates,2000,126.72
united_arab_emirates,2001,139.62
united_arab_emirates,2002,138.65
united_arab_emirates,2003,148.41
united_arab_emirates,2004,158.86
united_arab_emirates,2005,166.14
united_arab_emirates,2006,175.30
united_arab_emirates,2007,193.10
united_arab_emirates,2008,219.51
united_arab_emirates,2009,215.71
united_arab_emirates,2010,225.82
united_arab_emirates,2011,241.03
united_arab_emirates,2012,251.38
united_arab_emirates,2013,258.45
united_arab_emirates,2014,273.23
united_kingdom,1965,694.50
united_kingdom,1966,688.12
united_kingdom,1967,677.87
united_kingdom,1968,697.52
united_kingdom,1969,714.45
united_kingdom,1970,722.06
united_kingdom,1971,695.58
united_kingdom,1972,689.13
united_kingdom,1973,726.40
united_kingdom,1974,675.29
united_kingdom,1975,639.80
united_kingdom,1976,647.19
united_kingdom,1977,655.12
united_kingdom,1978,656.94
united_kingdom,1979,687.90
united_kingdom,1980,624.11
united_kingdom,1981,605.02
united_kingdom,1982,588.45
united_kingdom,1983,585.33
united_kingdom,1984,564.08
united_kingdom,1985,596.18
united_kingdom,1986,617.78
united_kingdom,1987,620.54
united_kingdom,1988,621.82
united_kingdom,1989,614.73
united_kingdom,1990,622.42
united_kingdom,1991,630.60
united_kingdom,1992,617.86
united_kingdom,1993,604.54
united_kingdom,1994,591.27
united_kingdom,1995,588.38
united_kingdom,1996,606.94
united_kingdom,1997,584.88
united_kingdom,1998,585.95
united_kingdom,1999,577.10
united_kingdom,2000,591.21
united_kingdom,2001,598.44
united_kingdom,2002,581.86
united_kingdom,2003,594.90
united_kingdom,2004,601.63
united_kingdom,2005,603.62
united_kingdom,2006,605.01
united_kingdom,2007,587.60
united_kingdom,2008,578.51
united_kingdom,2009,530.54
united_kingdom,2010,547.22
united_kingdom,2011,508.00
united_kingdom,2012,528.34
united_kingdom,2013,514.77
united_kingdom,2014,470.77
us,1965,3783.5
us,1966,3996.9
us,1967,4098.3
us,1968,4343.1
us,1969,4544.7
us,1970,4682.8
us,1971,4729.8
us,1972,4973.1
us,1973,5187.3
us,1974,5007.7
us,1975,4852.2
us,1976,5145.3
us,1977,5298.8
us,1978,5229.7
us,1979,5340.0
us,1980,5158.9
us,1981,5013.0
us,1982,4748.7
us,1983,4722.9
us,1984,4983.8
us,1985,4974.2
us,1986,4978.7
us,1987,5161.3
us,1988,5390.4
us,1989,5478.8
us,1990,5444.6
us,1991,5399.6
us,1992,5504.5
us,1993,5625.4
us,1994,5725.6
us,1995,5791.9
us,1996,5993.9
us,1997,6081.2
us,1998,6126.9
us,1999,6201.4
us,2000,6377.0
us,2001,6248.4
us,2002,6293.4
us,2003,6343.5
us,2004,6473.3
us,2005,6495.0
us,2006,6412.8
us,2007,6521.5
us,2008,6332.1
us,2009,5908.2
us,2010,6142.7
us,2011,6001.3
us,2012,5786.0
us,2013,5941.4
us,2014,5994.6
uzbekistan,1985,116.76
uzbekistan,1986,118.15
uzbekistan,1987,119.33
uzbekistan,1988,123.36
uzbekistan,1989,128.02
uzbekistan,1990,122.94
uzbekistan,1991,124.75
uzbekistan,1992,114.44
uzbekistan,1993,119.18
uzbekistan,1994,116.02
uzbekistan,1995,112.82
uzbekistan,1996,113.77
uzbekistan,1997,119.42
uzbekistan,1998,122.33
uzbekistan,1999,126.36
uzbekistan,2000,122.44
uzbekistan,2001,129.87
uzbekistan,2002,131.96
uzbekistan,2003,121.82
uzbekistan,2004,119.63
uzbekistan,2005,110.97
uzbekistan,2006,111.26
uzbekistan,2007,116.75
uzbekistan,2008,122.44
uzbekistan,2009,101.93
uzbekistan,2010,101.62
uzbekistan,2011,115.41
uzbekistan,2012,113.74
uzbekistan,2013,118.49
uzbekistan,2014,120.46
venezuela,1965,43.061
venezuela,1966,44.092
venezuela,1967,45.705
venezuela,1968,47.866
venezuela,1969,48.308
venezuela,1970,48.298
venezuela,1971,48.954
venezuela,1972,53.066
venezuela,1973,59.854
venezuela,1974,61.113
venezuela,1975,61.499
venezuela,1976,64.665
venezuela,1977,81.661
venezuela,1978,81.235
venezuela,1979,85.947
venezuela,1980,93.470
venezuela,1981,96.958
venezuela,1982,98.283
venezuela,1983,96.186
venezuela,1984,95.427
venezuela,1985,97.718
venezuela,1986,104.54
venezuela,1987,99.987
venezuela,1988,103.06
venezuela,1989,103.65
venezuela,1990,109.12
venezuela,1991,103.88
venezuela,1992,114.87
venezuela,1993,111.51
venezuela,1994,124.97
venezuela,1995,127.56
venezuela,1996,118.69
venezuela,1997,125.66
venezuela,1998,139.76
venezuela,1999,131.15
venezuela,2000,132.89
venezuela,2001,145.66
venezuela,2002,146.59
venezuela,2003,127.35
venezuela,2004,139.94
venezuela,2005,144.87
venezuela,2006,164.19
venezuela,2007,168.04
venezuela,2008,176.73
venezuela,2009,175.38
venezuela,2010,161.91
venezuela,2011,164.94
venezuela,2012,176.39
venezuela,2013,185.04
venezuela,2014,182.07
vietnam,1965,8.1145
vietnam,1966,13.699
vietnam,1967,18.687
vietnam,1968,19.430
vietnam,1969,22.834
vietnam,1970,23.824
vietnam,1971,21.458
vietnam,1972,20.641
vietnam,1973,22.232
vietnam,1974,17.137
vietnam,1975,19.532
vietnam,1976,12.069
vietnam,1977,13.003
vietnam,1978,13.172
vietnam,1979,13.975
vietnam,1980,14.934
vietnam,1981,15.214
vietnam,1982,16.375
vietnam,1983,17.310
vietnam,1984,17.171
vietnam,1985,17.144
vietnam,1986,18.974
vietnam,1987,21.490
vietnam,1988,20.951
vietnam,1989,17.845
vietnam,1990,17.696
vietnam,1991,17.253
vietnam,1992,18.375
vietnam,1993,20.880
vietnam,1994,23.023
vietnam,1995,27.293
vietnam,1996,31.245
vietnam,1997,38.070
vietnam,1998,42.162
vietnam,1999,40.682
vietnam,2000,47.300
vietnam,2001,51.952
vietnam,2002,58.278
vietnam,2003,63.932
vietnam,2004,81.899
vietnam,2005,86.817
vietnam,2006,72.545
vietnam,2007,78.993
vietnam,2008,104.34
vietnam,2009,104.03
vietnam,2010,123.06
vietnam,2011,135.32
vietnam,2012,131.94
vietnam,2013,137.67
vietnam,2014,154.61
