geo,year,biofuels_production_petajoules_biofuel
canada,1990,0
mexico,1990,0
united_states,1990,60.23787
total_north_america,1990,60.23787
argentina,1990,0
brazil,1990,246.6432
colombia,1990,0
other_south_central_america,1990,3.46749
total_south_central_america,1990,250.11069
austria,1990,0.26377
belgium,1990,0
finland,1990,0
france,1990,0
germany,1990,0
italy,1990,0
netherlands,1990,0
poland,1990,0
portugal,1990,0
spain,1990,0
sweden,1990,0
united_kingdom,1990,0
other_europe,1990,0
total_europe,1990,0.26377
total_cis,1990,0
total_middle_east,1990,0
total_africa,1990,1.09837
australia,1990,0
china,1990,0
india,1990,0
indonesia,1990,0
south_korea,1990,0
thailand,1990,0
other_asia_pacific,1990,0
total_asia_pacific,1990,0
total_world,1990,311.71069
canada,1991,0
mexico,1991,0
united_states,1991,69.79944
total_north_america,1991,69.79944
argentina,1991,0
brazil,1991,276.53616
colombia,1991,0
other_south_central_america,1991,2.95829
total_south_central_america,1991,279.49446
austria,1991,0.28889
belgium,1991,0
finland,1991,0
france,1991,0
germany,1991,0
italy,1991,0
netherlands,1991,0
poland,1991,0
portugal,1991,0
spain,1991,0
sweden,1991,0
united_kingdom,1991,0
other_europe,1991,0
total_europe,1991,0.28889
total_cis,1991,0
total_middle_east,1991,0
total_africa,1991,1.09837
australia,1991,0
china,1991,0
india,1991,0
indonesia,1991,0
south_korea,1991,0
thailand,1991,0
other_asia_pacific,1991,0
total_asia_pacific,1991,0
total_world,1991,350.68115
canada,1992,0
mexico,1992,0
united_states,1992,79.361
total_north_america,1992,79.361
argentina,1992,0
brazil,1992,253.33359
colombia,1992,0
other_south_central_america,1992,2.7504
total_south_central_america,1992,256.08399
austria,1992,0.32238
belgium,1992,0
finland,1992,0
france,1992,0.0945
germany,1992,0.18602
italy,1992,0
netherlands,1992,0
poland,1992,0
portugal,1992,0
spain,1992,0
sweden,1992,0
united_kingdom,1992,0
other_europe,1992,0.1258
total_europe,1992,0.7287
total_cis,1992,0
total_middle_east,1992,0
total_africa,1992,1.09905
australia,1992,0
china,1992,0
india,1992,0
indonesia,1992,0
south_korea,1992,0
thailand,1992,0
other_asia_pacific,1992,0
total_asia_pacific,1992,0
total_world,1992,337.27274
canada,1993,0
mexico,1993,0
united_states,1993,93.00141
total_north_america,1993,93.00141
argentina,1993,0
brazil,1993,245.72152
colombia,1993,0
other_south_central_america,1993,2.25369
total_south_central_america,1993,247.97522
austria,1993,0.36425
belgium,1993,0
finland,1993,0
france,1993,1.05256
germany,1993,0.18602
italy,1993,0
netherlands,1993,0
poland,1993,0
portugal,1993,0
spain,1993,0
sweden,1993,0
united_kingdom,1993,0
other_europe,1993,0.2072
total_europe,1993,1.81003
total_cis,1993,0
total_middle_east,1993,0
total_africa,1993,0.24702
australia,1993,0
china,1993,0
india,1993,0
indonesia,1993,0
south_korea,1993,0
thailand,1993,0
other_asia_pacific,1993,0
total_asia_pacific,1993,0
total_world,1993,343.03368
canada,1994,0
mexico,1994,0
united_states,1994,103.84662
total_north_america,1994,103.84662
argentina,1994,0
brazil,1994,269.85459
colombia,1994,0
other_south_central_america,1994,2.03211
total_south_central_america,1994,271.8867
austria,1994,0.24283
belgium,1994,0
finland,1994,0
france,1994,3.41794
germany,1994,1.04159
italy,1994,0
netherlands,1994,0
poland,1994,0
portugal,1994,0
spain,1994,0
sweden,1994,0
united_kingdom,1994,0
other_europe,1994,0.3404
total_europe,1994,5.04276
total_cis,1994,0
total_middle_east,1994,0
total_africa,1994,0.24702
australia,1994,0
china,1994,0
india,1994,0
indonesia,1994,0
south_korea,1994,0
thailand,1994,0
other_asia_pacific,1994,0
total_asia_pacific,1994,0
total_world,1994,381.0231
canada,1995,0
mexico,1995,0
united_states,1995,109.38258
total_north_america,1995,109.38258
argentina,1995,0
brazil,1995,275.01339
colombia,1995,0
other_south_central_america,1995,1.8134
total_south_central_america,1995,276.82679
austria,1995,0.46892
belgium,1995,0
finland,1995,0
france,1995,6.70097
germany,1995,1.30201
italy,1995,0
netherlands,1995,0
poland,1995,0
portugal,1995,0
spain,1995,0
sweden,1995,0
united_kingdom,1995,0
other_europe,1995,0.4366
total_europe,1995,8.90851
total_cis,1995,0
total_middle_east,1995,0
total_africa,1995,0.24702
australia,1995,0
china,1995,0
india,1995,0
indonesia,1995,0
south_korea,1995,0
thailand,1995,0
other_asia_pacific,1995,0
total_asia_pacific,1995,0
total_world,1995,395.36489
canada,1996,0
mexico,1996,0
united_states,1996,78.43061
total_north_america,1996,78.43061
argentina,1996,0
brazil,1996,306.10525
colombia,1996,0
other_south_central_america,1996,1.80668
total_south_central_america,1996,307.91193
austria,1996,0.51079
belgium,1996,0
finland,1996,0
france,1996,9.64279
germany,1996,2.04601
italy,1996,0
netherlands,1996,0
poland,1996,0
portugal,1996,0
spain,1996,0
sweden,1996,0
united_kingdom,1996,0
other_europe,1996,0.7252
total_europe,1996,12.92478
total_cis,1996,0
total_middle_east,1996,0
total_africa,1996,0.2477
australia,1996,0
china,1996,0
india,1996,0
indonesia,1996,0
south_korea,1996,0
thailand,1996,0
other_asia_pacific,1996,0
total_asia_pacific,1996,0
total_world,1996,399.51502
canada,1997,0
mexico,1997,0
united_states,1997,103.79586
total_north_america,1997,103.79586
argentina,1997,0
brazil,1997,336.3833
colombia,1997,0
other_south_central_america,1997,1.54329
total_south_central_america,1997,337.92659
austria,1997,0.55266
belgium,1997,0
finland,1997,0
france,1997,11.54376
germany,1997,3.34802
italy,1997,0
netherlands,1997,0
poland,1997,0
portugal,1997,0
spain,1997,0
sweden,1997,0
united_kingdom,1997,0
other_europe,1997,1.08213
total_europe,1997,16.52656
total_cis,1997,0
total_middle_east,1997,0
total_africa,1997,0.37053
australia,1997,0
china,1997,0
india,1997,0
indonesia,1997,0
south_korea,1997,0
thailand,1997,0
other_asia_pacific,1997,0
total_asia_pacific,1997,0
total_world,1997,458.61955
canada,1998,0
mexico,1998,0
united_states,1998,113.19955
total_north_america,1998,113.19955
argentina,1998,0
brazil,1998,307.09723
colombia,1998,0
other_south_central_america,1998,1.24842
total_south_central_america,1998,308.34564
austria,1998,0.59453
belgium,1998,0
finland,1998,0
france,1998,10.7916
germany,1998,3.72001
italy,1998,0
netherlands,1998,0
poland,1998,0
portugal,1998,0
spain,1998,0
sweden,1998,0
united_kingdom,1998,0
other_europe,1998,0.63567
total_europe,1998,15.74182
total_cis,1998,0
total_middle_east,1998,0
total_africa,1998,0.37053
australia,1998,0
china,1998,0
india,1998,0
indonesia,1998,0
south_korea,1998,0
thailand,1998,0
other_asia_pacific,1998,0
total_asia_pacific,1998,0
total_world,1998,437.65754
canada,1999,2.0807
mexico,1999,0
united_states,1999,118.03167
total_north_america,1999,120.11237
argentina,1999,0
brazil,1999,283.26954
colombia,1999,0
other_south_central_america,1999,1.42192
total_south_central_america,1999,284.69146
austria,1999,0.65314
belgium,1999,0
finland,1999,0
france,1999,11.34451
germany,1999,4.83601
italy,1999,0
netherlands,1999,0
poland,1999,0
portugal,1999,0
spain,1999,0
sweden,1999,0
united_kingdom,1999,0
other_europe,1999,1.18476
total_europe,1999,18.01842
total_cis,1999,0
total_middle_east,1999,0
total_africa,1999,0.24702
australia,1999,0
china,1999,0
india,1999,0
indonesia,1999,0
south_korea,1999,0
thailand,1999,0
other_asia_pacific,1999,0
total_asia_pacific,1999,0
total_world,1999,423.06927
canada,2000,4.541
mexico,2000,0
united_states,2000,130.70753
total_north_america,2000,135.24852
argentina,2000,0.19154
brazil,2000,234.05737
colombia,2000,0
other_south_central_america,2000,1.36877
total_south_central_america,2000,235.61768
austria,2000,0.76617
belgium,2000,0
finland,2000,0
france,2000,13.59312
germany,2000,9.30001
italy,2000,0
netherlands,2000,0
poland,2000,0
portugal,2000,0
spain,2000,3.06467
sweden,2000,0
united_kingdom,2000,0
other_europe,2000,2.54647
total_europe,2000,29.27044
total_cis,2000,0
total_middle_east,2000,0
total_africa,2000,0.2477
australia,2000,0
china,2000,0
india,2000,3.59161
indonesia,2000,0
south_korea,2000,0
thailand,2000,0
other_asia_pacific,2000,0
total_asia_pacific,2000,3.59161
total_world,2000,403.97595
canada,2001,4.77338
mexico,2001,0
united_states,2001,143.28463
total_north_america,2001,148.05801
argentina,2001,0.38204
brazil,2001,251.25292
colombia,2001,0
other_south_central_america,2001,1.30758
total_south_central_america,2001,252.94254
austria,2001,0.76407
belgium,2001,0
finland,2001,0
france,2001,13.56084
germany,2001,13.01999
italy,2001,0
netherlands,2001,0
poland,2001,0
portugal,2001,0
spain,2001,3.05629
sweden,2001,0.61064
united_kingdom,2001,0
other_europe,2001,5.12656
total_europe,2001,36.13839
total_cis,2001,0
total_middle_east,2001,0
total_africa,2001,0.24702
australia,2001,0
china,2001,0.19102
india,2001,3.7053
indonesia,2001,0
south_korea,2001,0
thailand,2001,0
other_asia_pacific,2001,0
total_asia_pacific,2001,3.89632
total_world,2001,441.28229
canada,2002,4.89577
mexico,2002,0
united_states,2002,173.73322
total_north_america,2002,178.629
argentina,2002,0.38204
brazil,2002,275.8402
colombia,2002,0
other_south_central_america,2002,4.01179
total_south_central_america,2002,280.23402
austria,2002,0.95509
belgium,2002,0
finland,2002,0
france,2002,14.52518
germany,2002,20.46001
italy,2002,0
netherlands,2002,0
poland,2002,0
portugal,2002,0
spain,2002,5.33548
sweden,2002,1.36728
united_kingdom,2002,0.11461
other_europe,2002,5.53084
total_europe,2002,48.2885
total_cis,2002,0
total_middle_east,2002,0.16942
total_africa,2002,0.86745
australia,2002,0
china,2002,6.36652
india,2002,3.95232
indonesia,2002,0
south_korea,2002,0.0382
thailand,2002,0
other_asia_pacific,2002,0
total_asia_pacific,2002,10.35705
total_world,2002,518.54544
canada,2003,4.89577
mexico,2003,0
united_states,2003,227.71623
total_north_america,2003,232.612
argentina,2003,0.38204
brazil,2003,317.85436
colombia,2003,0
other_south_central_america,2003,5.25668
total_south_central_america,2003,323.49307
austria,2003,1.14611
belgium,2003,0
finland,2003,0
france,2003,15.94832
germany,2003,24.88646
italy,2003,0
netherlands,2003,0
poland,2003,1.2351
portugal,2003,0
spain,2003,7.52567
sweden,2003,3.78625
united_kingdom,2003,0.38204
other_europe,2003,6.03772
total_europe,2003,60.94767
total_cis,2003,0
total_middle_east,2003,0.19581
total_africa,2003,0.90618
australia,2003,1.92716
china,2003,17.48243
india,2003,4.07583
indonesia,2003,0
south_korea,2003,0.06073
thailand,2003,0
other_asia_pacific,2003,0.00042
total_asia_pacific,2003,23.54658
total_world,2003,641.70131
canada,2004,4.90919
mexico,2004,0
united_states,2004,277.77384
total_north_america,2004,282.68303
argentina,2004,0.38308
brazil,2004,320.67103
colombia,2004,0
other_south_central_america,2004,4.67182
total_south_central_america,2004,325.72594
austria,2004,2.10696
belgium,2004,0
finland,2004,0
france,2004,16.71789
germany,2004,38.08511
italy,2004,10.58201
netherlands,2004,0.2477
poland,2004,0.2477
portugal,2004,0
spain,2004,9.16786
sweden,2004,7.13163
united_kingdom,2004,0.38308
other_europe,2004,6.54316
total_europe,2004,91.2131
total_cis,2004,0
total_middle_east,2004,0.11855
total_africa,2004,1.03615
australia,2004,1.15851
china,2004,21.47524
india,2004,0.79814
indonesia,2004,0
south_korea,2004,0.19421
thailand,2004,0.12385
other_asia_pacific,2004,0.00419
total_asia_pacific,2004,23.75414
total_world,2004,724.53091
canada,2005,5.38535
mexico,2005,0
united_states,2005,325.8774
total_north_america,2005,331.26275
argentina,2005,0.38204
brazil,2005,350.76638
colombia,2005,0.61755
other_south_central_america,2005,6.56859
total_south_central_america,2005,358.33456
austria,2005,3.05629
belgium,2005,0
finland,2005,0
france,2005,27.00612
germany,2005,58.23491
italy,2005,7.4
netherlands,2005,0.12351
poland,2005,4.76242
portugal,2005,0.0382
spain,2005,12.28809
sweden,2005,1.50603
united_kingdom,2005,0.33025
other_europe,2005,10.16298
total_europe,2005,124.90882
total_cis,2005,0
total_middle_east,2005,0
total_africa,2005,1.0596
australia,2005,1.15222
china,2005,30.12488
india,2005,3.29651
indonesia,2005,0.37
south_korea,2005,0.47947
thailand,2005,2.24619
other_asia_pacific,2005,0.04119
total_asia_pacific,2005,37.71046
total_world,2005,853.27619
canada,2006,6.90711
mexico,2006,0
united_states,2006,424.7259
total_north_america,2006,431.63301
argentina,2006,1.26962
brazil,2006,389.55379
colombia,2006,5.65473
other_south_central_america,2006,12.0175
total_south_central_america,2006,408.49564
austria,2006,4.58444
belgium,2006,0
finland,2006,0
france,2006,28.31801
germany,2006,95.76782
italy,2006,8.25101
netherlands,2006,0.9788
poland,2006,6.29057
portugal,2006,2.94381
spain,2006,10.93793
sweden,2006,1.71232
united_kingdom,2006,9.54482
other_europe,2006,14.59131
total_europe,2006,183.92083
total_cis,2006,0
total_middle_east,2006,0
total_africa,2006,1.2832
australia,2006,2.13141
china,2006,44.03212
india,2006,2.97479
indonesia,2006,1.85
south_korea,2006,1.90869
thailand,2006,3.4813
other_asia_pacific,2006,5.11329
total_asia_pacific,2006,61.4916
total_world,2006,1086.82428
canada,2007,20.15995
mexico,2007,0
united_states,2007,586.41919
total_north_america,2007,606.57914
argentina,2007,7.22829
brazil,2007,503.35175
colombia,2007,6.08033
other_south_central_america,2007,15.80053
total_south_central_america,2007,532.4609
austria,2007,9.27326
belgium,2007,0
finland,2007,1.55891
france,2007,47.20981
germany,2007,118.88373
italy,2007,7.47398
netherlands,2007,3.413
poland,2007,4.18937
portugal,2007,6.78898
spain,2007,15.33135
sweden,2007,2.05325
united_kingdom,2007,16.27518
other_europe,2007,18.78604
total_europe,2007,251.23686
total_cis,2007,0
total_middle_east,2007,0
total_africa,2007,1.2445
australia,2007,4.17359
china,2007,48.54332
india,2007,3.98823
indonesia,2007,9.0918
south_korea,2007,3.47949
thailand,2007,5.99752
other_asia_pacific,2007,9.51392
total_asia_pacific,2007,84.78786
total_world,2007,1476.30926
canada,2008,21.63086
mexico,2008,0
united_states,2008,834.47872
total_north_america,2008,856.10959
argentina,2008,25.60425
brazil,2008,627.83432
colombia,2008,6.29813
other_south_central_america,2008,24.21681
total_south_central_america,2008,683.95351
austria,2008,11.14425
belgium,2008,0
finland,2008,3.56989
france,2008,87.04416
germany,2008,105.80651
italy,2008,26.20543
netherlands,2008,3.2586
poland,2008,12.00526
portugal,2008,6.23846
spain,2008,15.6672
sweden,2008,5.54638
united_kingdom,2008,11.96366
other_europe,2008,35.5146
total_europe,2008,323.9644
total_cis,2008,0.2705
total_middle_east,2008,0
total_africa,2008,1.36044
australia,2008,6.76571
china,2008,60.23181
india,2008,6.14197
indonesia,2008,18.5268
south_korea,2008,7.43752
thailand,2008,21.72618
other_asia_pacific,2008,16.26687
total_asia_pacific,2008,137.09685
total_world,2008,2002.75529
canada,2009,31.42468
mexico,2009,0
united_states,2009,945.50388
total_north_america,2009,976.92856
argentina,2009,43.07431
brazil,2009,617.75398
colombia,2009,13.11372
other_south_central_america,2009,15.79814
total_south_central_america,2009,689.74016
austria,2009,15.42573
belgium,2009,5.6387
finland,2009,9.69444
france,2009,97.40058
germany,2009,105.87555
italy,2009,31.26891
netherlands,2009,10.138
poland,2009,16.9116
portugal,2009,9.45145
spain,2009,37.70518
sweden,2009,7.65544
united_kingdom,2009,9.00007
other_europe,2009,41.70015
total_europe,2009,397.8658
total_cis,2009,0.84513
total_middle_east,2009,0.48948
total_africa,2009,2.13753
australia,2009,9.70245
china,2009,65.83112
india,2009,4.70356
indonesia,2009,6.29679
south_korea,2009,10.64239
thailand,2009,26.77678
other_asia_pacific,2009,18.64778
total_asia_pacific,2009,142.60087
total_world,2009,2210.60754
canada,2010,33.67295
mexico,2010,0
united_states,2010,1114.17549
total_north_america,2010,1147.84844
argentina,2010,71.6182
brazil,2010,683.78044
colombia,2010,18.90515
other_south_central_america,2010,7.66626
total_south_central_america,2010,781.97005
austria,2010,16.1546
belgium,2010,15.29819
finland,2010,12.61819
france,2010,94.94955
germany,2010,131.21373
italy,2010,32.56723
netherlands,2010,16.24109
poland,2010,18.14769
portugal,2010,11.89009
spain,2010,42.23261
sweden,2010,8.68129
united_kingdom,2010,11.76704
other_europe,2010,42.70252
total_europe,2010,454.46381
total_cis,2010,1.38301
total_middle_east,2010,0.4682
total_africa,2010,2.9657
australia,2010,7.56641
china,2010,63.98856
india,2010,7.62719
indonesia,2010,8.06268
south_korea,2010,14.93942
thailand,2010,34.91791
other_asia_pacific,2010,17.0444
total_asia_pacific,2010,154.14658
total_world,2010,2543.24579
canada,2011,39.74043
mexico,2011,0
united_states,2011,1250.51941
total_north_america,2011,1290.25983
argentina,2011,93.04134
brazil,2011,587.02923
colombia,2011,23.89885
other_south_central_america,2011,9.60738
total_south_central_america,2011,713.57678
austria,2011,16.0528
belgium,2011,17.66461
finland,2011,8.69793
france,2011,94.47866
germany,2011,128.92916
italy,2011,24.55349
netherlands,2011,27.7021
poland,2011,17.1245
portugal,2011,13.82787
spain,2011,35.0798
sweden,2011,8.03861
united_kingdom,2011,7.28101
other_europe,2011,47.51964
total_europe,2011,446.95018
total_cis,2011,1.098
total_middle_east,2011,0.53545
total_africa,2011,4.07989
australia,2011,9.15378
china,2011,79.63035
india,2011,11.10947
indonesia,2011,59.70941
south_korea,2011,14.06991
thailand,2011,38.47669
other_asia_pacific,2011,35.56392
total_asia_pacific,2011,247.71353
total_world,2011,2704.21367
canada,2012,38.98747
mexico,2012,0
united_states,2012,1194.91758
total_north_america,2012,1233.90505
argentina,2012,95.40913
brazil,2012,601.0098
colombia,2012,26.2073
other_south_central_america,2012,13.06207
total_south_central_america,2012,735.68831
austria,2012,14.3878
belgium,2012,18.72923
finland,2012,11.03788
france,2012,110.26093
germany,2012,120.81685
italy,2012,13.03824
netherlands,2012,52.91383
poland,2012,27.02042
portugal,2012,11.53911
spain,2012,25.4938
sweden,2012,9.53812
united_kingdom,2012,12.53779
other_europe,2012,54.64721
total_europe,2012,481.96122
total_cis,2012,1.1952
total_middle_east,2012,0.60699
total_africa,2012,3.64572
australia,2012,9.69624
china,2012,85.25916
india,2012,10.62843
indonesia,2012,73.15116
south_korea,2012,15.06896
thailand,2012,52.71181
other_asia_pacific,2012,48.01046
total_asia_pacific,2012,294.52622
total_world,2012,2751.52871
canada,2013,41.77792
mexico,2013,0
united_states,2013,1254.47115
total_north_america,2013,1296.24907
argentina,2013,85.81927
brazil,2013,698.30084
colombia,2013,27.13425
other_south_central_america,2013,12.9434
total_south_central_america,2013,824.19775
austria,2013,12.7462
belgium,2013,18.39006
finland,2013,13.84032
france,2013,102.79214
germany,2013,128.67837
italy,2013,19.12472
netherlands,2013,61.9702
poland,2013,28.87725
portugal,2013,11.48879
spain,2013,30.84
sweden,2013,9.52702
united_kingdom,2013,21.09536
other_europe,2013,58.20393
total_europe,2013,517.57435
total_cis,2013,0.95115
total_middle_east,2013,0.66179
total_africa,2013,4.83161
australia,2013,10.24521
china,2013,94.89895
india,2013,10.09164
indonesia,2013,92.37468
south_korea,2013,15.45268
thailand,2013,67.36561
other_asia_pacific,2013,62.62874
total_asia_pacific,2013,353.0575
total_world,2013,2997.52323
canada,2014,48.92804
mexico,2014,0
united_states,2014,1332.34375
total_north_america,2014,1381.27179
argentina,2014,110.10393
brazil,2014,734.78601
colombia,2014,28.21285
other_south_central_america,2014,15.08504
total_south_central_america,2014,888.18782
austria,2014,15.69017
belgium,2014,24.07745
finland,2014,15.46387
france,2014,103.97156
germany,2014,143.80855
italy,2014,21.46769
netherlands,2014,74.62933
poland,2014,31.16644
portugal,2014,12.61131
spain,2014,42.578
sweden,2014,9.53393
united_kingdom,2014,16.30612
other_europe,2014,58.67324
total_europe,2014,569.97765
total_cis,2014,0.99679
total_middle_east,2014,0.72078
total_africa,2014,5.3236
australia,2014,10.76381
china,2014,105.40278
india,2014,11.00108
indonesia,2014,130.76724
south_korea,2014,16.23218
thailand,2014,75.32053
other_asia_pacific,2014,72.78593
total_asia_pacific,2014,422.27355
total_world,2014,3268.75199
canada,2015,49.69729
mexico,2015,0
united_states,2015,1372.4368
total_north_america,2015,1422.13409
argentina,2015,84.46264
brazil,2015,788.07874
colombia,2015,28.88711
other_south_central_america,2015,15.12654
total_south_central_america,2015,916.55504
austria,2015,17.30603
belgium,2015,16.16858
finland,2015,23.87026
france,2015,110.54626
germany,2015,132.58043
italy,2015,21.71358
netherlands,2015,71.31924
poland,2015,33.7822
portugal,2015,13.42615
spain,2015,46.379
sweden,2015,9.15992
united_kingdom,2015,12.61567
other_europe,2015,62.67506
total_europe,2015,571.54237
total_cis,2015,0.78672
total_middle_east,2015,0.85089
total_africa,2015,4.80376
australia,2015,9.50521
china,2015,89.75677
india,2015,21.66756
indonesia,2015,53.34678
south_korea,2015,18.47823
thailand,2015,81.26579
other_asia_pacific,2015,81.8652
total_asia_pacific,2015,355.88554
total_world,2015,3272.55842
canada,2016,52.28583
mexico,2016,0.42567
united_states,2016,1467.49213
total_north_america,2016,1520.20364
argentina,2016,117.96582
brazil,2016,741.61095
colombia,2016,28.10161
other_south_central_america,2016,17.33218
total_south_central_america,2016,905.01056
austria,2016,16.12257
belgium,2016,15.57234
finland,2016,9.16381
france,2016,101.13956
germany,2016,134.08829
italy,2016,21.93837
netherlands,2016,63.52268
poland,2016,38.452
portugal,2016,12.46758
spain,2016,49.86724
sweden,2016,8.664
united_kingdom,2016,22.69861
other_europe,2016,67.30236
total_europe,2016,560.99941
total_cis,2016,0.73596
total_middle_east,2016,0.89763
total_africa,2016,4.38907
australia,2016,5.26415
china,2016,86.32334
india,2016,26.43233
indonesia,2016,120.34445
south_korea,2016,18.54162
thailand,2016,72.93406
other_asia_pacific,2016,72.99037
total_asia_pacific,2016,402.83032
total_world,2016,3395.06659
canada,2017,49.84628
mexico,2017,0.63851
united_states,2017,1515.19084
total_north_america,2017,1565.67563
argentina,2017,130.43473
brazil,2017,745.38394
colombia,2017,25.75339
other_south_central_america,2017,15.72924
total_south_central_america,2017,917.3013
austria,2017,15.88401
belgium,2017,18.65404
finland,2017,9.69172
france,2017,98.45775
germany,2017,136.86352
italy,2017,26.32191
netherlands,2017,82.41924
poland,2017,38.30411
portugal,2017,13.23577
spain,2017,77.55714
sweden,2017,7.76995
united_kingdom,2017,31.10311
other_europe,2017,70.45307
total_europe,2017,626.71534
total_cis,2017,0.72447
total_middle_east,2017,0.34496
total_africa,2017,4.0513
australia,2017,4.44792
china,2017,70.23622
india,2017,24.16411
indonesia,2017,112.44438
south_korea,2017,17.92172
thailand,2017,80.76337
other_asia_pacific,2017,69.50722
total_asia_pacific,2017,379.48494
total_world,2017,3494.29794
canada,2018,47.34234
mexico,2018,1.06419
united_states,2018,1566.17097
total_north_america,2018,1614.5775
argentina,2018,114.13234
brazil,2018,895.82257
colombia,2018,32.17302
other_south_central_america,2018,18.81689
total_south_central_america,2018,1060.94482
austria,2018,15.92137
belgium,2018,17.76782
finland,2018,24.49466
france,2018,111.64219
germany,2018,140.61506
italy,2018,28.39584
netherlands,2018,79.08924
poland,2018,37.80024
portugal,2018,13.69372
spain,2018,90.44058
sweden,2018,15.2593
united_kingdom,2018,28.70156
other_europe,2018,78.29424
total_europe,2018,682.11582
total_cis,2018,0.50847
total_middle_east,2018,0.43251
total_africa,2018,3.19893
australia,2018,5.41272
china,2018,97.43495
india,2018,41.40039
indonesia,2018,203.03189
south_korea,2018,28.60564
thailand,2018,88.38335
other_asia_pacific,2018,78.27895
total_asia_pacific,2018,542.54788
total_world,2018,3904.32593
canada,2019,52.06468
mexico,2019,1.06419
united_states,2019,1547.7356
total_north_america,2019,1600.86446
argentina,2019,102.7801
brazil,2019,957.76785
colombia,2019,28.71549
other_south_central_america,2019,22.32464
total_south_central_america,2019,1111.58809
austria,2019,16.47651
belgium,2019,18.80426
finland,2019,14.62713
france,2019,104.06329
germany,2019,146.86442
italy,2019,32.67358
netherlands,2019,83.87824
poland,2019,40.93864
portugal,2019,14.80147
spain,2019,87.17681
sweden,2019,18.00366
united_kingdom,2019,24.54725
other_europe,2019,89.5491
total_europe,2019,692.40435
total_cis,2019,0.576
total_middle_east,2019,0.52006
total_africa,2019,3.50803
australia,2019,6.25488
china,2019,119.08579
india,2019,46.69035
indonesia,2019,276.46965
south_korea,2019,29.29558
thailand,2019,98.85035
other_asia_pacific,2019,118.75052
total_asia_pacific,2019,695.39712
total_world,2019,4104.8581
canada,2020,49.61802
mexico,2020,0.85135
united_states,2020,1416.38229
total_north_america,2020,1466.85166
argentina,2020,60.27826
brazil,2020,919.81696
colombia,2020,26.99116
other_south_central_america,2020,20.38559
total_south_central_america,2020,1027.47198
austria,2020,15.52758
belgium,2020,19.44208
finland,2020,20.11749
france,2020,97.01444
germany,2020,141.02898
italy,2020,38.68758
netherlands,2020,83.50346
poland,2020,40.7026
portugal,2020,12.57011
spain,2020,74.735
sweden,2020,17.60976
united_kingdom,2020,26.99226
other_europe,2020,86.94987
total_europe,2020,674.88121
total_cis,2020,0
total_middle_east,2020,0.79476
total_africa,2020,3.47426
australia,2020,5.23036
china,2020,126.12972
india,2020,51.56863
indonesia,2020,282.90975
south_korea,2020,28.88712
thailand,2020,99.5621
other_asia_pacific,2020,101.02222
total_asia_pacific,2020,695.3099
total_world,2020,3868.78377
canada,2021,49.13553
mexico,2021,1.27702
united_states,2021,1530.66472
total_north_america,2021,1581.07728
argentina,2021,85.60763
brazil,2021,901.5232
colombia,2021,33.70884
other_south_central_america,2021,25.02433
total_south_central_america,2021,1045.864
austria,2021,16.12467
belgium,2021,18.04519
finland,2021,26.90065
france,2021,80.7457
germany,2021,146.62502
italy,2021,46.19016
netherlands,2021,86.62124
poland,2021,43.27359
portugal,2021,11.96956
spain,2021,68.90764
sweden,2021,21.20183
united_kingdom,2021,27.13046
other_europe,2021,88.40268
total_europe,2021,682.1384
total_cis,2021,0.0536
total_middle_east,2021,1.3537
total_africa,2021,3.58376
australia,2021,4.44092
china,2021,129.648
india,2021,69.66975
indonesia,2021,337.0698
south_korea,2021,24.99804
thailand,2021,88.13214
other_asia_pacific,2021,107.2549
total_asia_pacific,2021,761.21355
total_world,2021,4075.28429
canada,2022,48.15519
mexico,2022,1.48986
united_states,2022,1627.49597
total_north_america,2022,1677.14102
argentina,2022,95.73466
brazil,2022,914.4798
colombia,2022,33.40113
other_south_central_america,2022,22.17613
total_south_central_america,2022,1065.79171
austria,2022,17.25081
belgium,2022,17.12732
finland,2022,26.12901
france,2022,76.74622
germany,2022,148.67484
italy,2022,43.84409
netherlands,2022,82.71155
poland,2022,44.77401
portugal,2022,13.25381
spain,2022,69.05517
sweden,2022,20.21479
united_kingdom,2022,29.01452
other_europe,2022,90.7354
total_europe,2022,679.53153
total_cis,2022,0.23723
total_middle_east,2022,2.38072
total_africa,2022,3.86845
australia,2022,4.46015
china,2022,160.92
india,2022,98.46091
indonesia,2022,389.60529
south_korea,2022,28.59663
thailand,2022,80.55403
other_asia_pacific,2022,116.71815
total_asia_pacific,2022,879.31517
total_world,2022,4308.26585
canada,2023,53.26513
mexico,2023,1.48986
united_states,2023,1792.42653
total_north_america,2023,1847.18152
argentina,2023,55.50729
brazil,2023,1056.598
colombia,2023,34.1369
other_south_central_america,2023,23.52604
total_south_central_america,2023,1169.76824
austria,2023,17.12003
belgium,2023,20.88556
finland,2023,22.43852
france,2023,74.03259
germany,2023,154.7262
italy,2023,43.84367
netherlands,2023,90.53927
poland,2023,45.02892
portugal,2023,12.78372
spain,2023,62.533
sweden,2023,22.9347
united_kingdom,2023,33.88697
other_europe,2023,96.44248
total_europe,2023,697.19561
total_cis,2023,0
total_middle_east,2023,3.43461
total_africa,2023,4.11615
australia,2023,4.89747
china,2023,181.7176
india,2023,123.94173
indonesia,2023,432.91239
south_korea,2023,28.98833
thailand,2023,88.42522
other_asia_pacific,2023,147.39046
total_asia_pacific,2023,1008.2732
total_world,2023,4729.96932
canada,2024,74.28193
mexico,2024,1.49394
united_states,2024,1917.31047
total_north_america,2024,1993.08635
argentina,2024,68.93485
brazil,2024,1142.75835
colombia,2024,38.17039
other_south_central_america,2024,27.15524
total_south_central_america,2024,1277.01883
austria,2024,17.16693
belgium,2024,21.47404
finland,2024,24.3333
france,2024,65.10404
germany,2024,148.84557
italy,2024,44.27475
netherlands,2024,87.34763
poland,2024,45.50131
portugal,2024,11.05422
spain,2024,64.21512
sweden,2024,37.28875
united_kingdom,2024,31.39083
other_europe,2024,101.45634
total_europe,2024,699.45283
total_cis,2024,0
total_middle_east,2024,4.11278
total_africa,2024,4.13381
australia,2024,5.1779
china,2024,237.46781
india,2024,156.42516
indonesia,2024,458.62946
south_korea,2024,31.78053
thailand,2024,87.75907
other_asia_pacific,2024,173.21167
total_asia_pacific,2024,1150.45159
total_world,2024,5128.25619
