geo,year,nuclear_consumption_twh
algeria,1965,0.0
algeria,1966,0.0
algeria,1967,0.0
algeria,1968,0.0
algeria,1969,0.0
algeria,1970,0.0
algeria,1971,0.0
algeria,1972,0.0
algeria,1973,0.0
algeria,1974,0.0
algeria,1975,0.0
algeria,1976,0.0
algeria,1977,0.0
algeria,1978,0.0
algeria,1979,0.0
algeria,1980,0.0
algeria,1981,0.0
algeria,1982,0.0
algeria,1983,0.0
algeria,1984,0.0
algeria,1985,0.0
algeria,1986,0.0
algeria,1987,0.0
algeria,1988,0.0
algeria,1989,0.0
algeria,1990,0.0
algeria,1991,0.0
algeria,1992,0.0
algeria,1993,0.0
algeria,1994,0.0
algeria,1995,0.0
algeria,1996,0.0
algeria,1997,0.0
algeria,1998,0.0
algeria,1999,0.0
algeria,2000,0.0
algeria,2001,0.0
algeria,2002,0.0
algeria,2003,0.0
algeria,2004,0.0
algeria,2005,0.0
algeria,2006,0.0
algeria,2007,0.0
algeria,2008,0.0
algeria,2009,0.0
algeria,2010,0.0
algeria,2011,0.0
algeria,2012,0.0
algeria,2013,0.0
algeria,2014,0.0
argentina,1965,0.0
argentina,1966,0.0
argentina,1967,0.0
argentina,1968,0.0
argentina,1969,0.0
argentina,1970,0.0
argentina,1971,0.0
argentina,1972,0.0
argentina,1973,0.0
argentina,1974,1.0253008
argentina,1975,2.2892492
argentina,1976,2.3467014
argentina,1977,1.6175004
argentina,1978,2.8637712
argentina,1979,2.6604788
argentina,1980,2.3113462
argentina,1981,2.784222
argentina,1982,1.8605674
argentina,1983,3.3675828
argentina,1984,4.5873372
argentina,1985,5.767317
argentina,1986,5.7098648
argentina,1987,6.4655822
argentina,1988,5.7982528
argentina,1989,5.038116
argentina,1990,7.2787518
argentina,1991,7.756047
argentina,1992,7.0842982
argentina,1993,7.7516276
argentina,1994,8.2377616
argentina,1995,7.0666206
argentina,1996,7.4599472
argentina,1997,7.9637588
argentina,1998,7.4555278
argentina,1999,7.1063952
argentina,2000,6.1783212
argentina,2001,7.0577818
argentina,2002,5.8203498
argentina,2003,7.5660128
argentina,2004,7.8797902
argentina,2005,6.8677476
argentina,2006,7.52978947368427
argentina,2007,7.07442105263163
argentina,2008,7.19484210526321
argentina,2009,7.98810526315795
argentina,2010,7.04378947368426
argentina,2011,5.89229999999998
argentina,2012,6.21526315789478
argentina,2013,6.03326315789478
argentina,2014,5.53442105263162
australia,1965,0.0
australia,1966,0.0
australia,1967,0.0
australia,1968,0.0
australia,1969,0.0
australia,1970,0.0
australia,1971,0.0
australia,1972,0.0
australia,1973,0.0
australia,1974,0.0
australia,1975,0.0
australia,1976,0.0
australia,1977,0.0
australia,1978,0.0
australia,1979,0.0
australia,1980,0.0
australia,1981,0.0
australia,1982,0.0
australia,1983,0.0
australia,1984,0.0
australia,1985,0.0
australia,1986,0.0
australia,1987,0.0
australia,1988,0.0
australia,1989,0.0
australia,1990,0.0
australia,1991,0.0
australia,1992,0.0
australia,1993,0.0
australia,1994,0.0
australia,1995,0.0
australia,1996,0.0
australia,1997,0.0
australia,1998,0.0
australia,1999,0.0
australia,2000,0.0
australia,2001,0.0
australia,2002,0.0
australia,2003,0.0
australia,2004,0.0
australia,2005,0.0
australia,2006,0.0
australia,2007,0.0
australia,2008,0.0
australia,2009,0.0
australia,2010,0.0
australia,2011,0.0
australia,2012,0.0
australia,2013,0.0
australia,2014,0.0
austria,1965,0.0
austria,1966,0.0
austria,1967,0.0
austria,1968,0.0
austria,1969,0.0
austria,1970,0.0
austria,1971,0.0
austria,1972,0.0
austria,1973,0.0
austria,1974,0.0
austria,1975,0.0
austria,1976,0.0
austria,1977,0.0
austria,1978,0.0
austria,1979,0.0
austria,1980,0.0
austria,1981,0.0
austria,1982,0.0
austria,1983,0.0
austria,1984,0.0
austria,1985,0.0
austria,1986,0.0
austria,1987,0.0
austria,1988,0.0
austria,1989,0.0
austria,1990,0.0
austria,1991,0.0
austria,1992,0.0
austria,1993,0.0
austria,1994,0.0
austria,1995,0.0
austria,1996,0.0
austria,1997,0.0
austria,1998,0.0
austria,1999,0.0
austria,2000,0.0
austria,2001,0.0
austria,2002,0.0
austria,2003,0.0
austria,2004,0.0
austria,2005,0.0
austria,2006,0.0
austria,2007,0.0
austria,2008,0.0
austria,2009,0.0
austria,2010,0.0
austria,2011,0.0
austria,2012,0.0
austria,2013,0.0
austria,2014,0.0
azerbaijan,1985,0.0
azerbaijan,1986,0.0
azerbaijan,1987,0.0
azerbaijan,1988,0.0
azerbaijan,1989,0.0
azerbaijan,1990,0.0
azerbaijan,1991,0.0
azerbaijan,1992,0.0
azerbaijan,1993,0.0
azerbaijan,1994,0.0
azerbaijan,1995,0.0
azerbaijan,1996,0.0
azerbaijan,1997,0.0
azerbaijan,1998,0.0
azerbaijan,1999,0.0
azerbaijan,2000,0.0
azerbaijan,2001,0.0
azerbaijan,2002,0.0
azerbaijan,2003,0.0
azerbaijan,2004,0.0
azerbaijan,2005,0.0
azerbaijan,2006,0.0
azerbaijan,2007,0.0
azerbaijan,2008,0.0
azerbaijan,2009,0.0
azerbaijan,2010,0.0
azerbaijan,2011,0.0
azerbaijan,2012,0.0
azerbaijan,2013,0.0
azerbaijan,2014,0.0
bangladesh,1965,0.0
bangladesh,1966,0.0
bangladesh,1967,0.0
bangladesh,1968,0.0
bangladesh,1969,0.0
bangladesh,1970,0.0
bangladesh,1971,0.0
bangladesh,1972,0.0
bangladesh,1973,0.0
bangladesh,1974,0.0
bangladesh,1975,0.0
bangladesh,1976,0.0
bangladesh,1977,0.0
bangladesh,1978,0.0
bangladesh,1979,0.0
bangladesh,1980,0.0
bangladesh,1981,0.0
bangladesh,1982,0.0
bangladesh,1983,0.0
bangladesh,1984,0.0
bangladesh,1985,0.0
bangladesh,1986,0.0
bangladesh,1987,0.0
bangladesh,1988,0.0
bangladesh,1989,0.0
bangladesh,1990,0.0
bangladesh,1991,0.0
bangladesh,1992,0.0
bangladesh,1993,0.0
bangladesh,1994,0.0
bangladesh,1995,0.0
bangladesh,1996,0.0
bangladesh,1997,0.0
bangladesh,1998,0.0
bangladesh,1999,0.0
bangladesh,2000,0.0
bangladesh,2001,0.0
bangladesh,2002,0.0
bangladesh,2003,0.0
bangladesh,2004,0.0
bangladesh,2005,0.0
bangladesh,2006,0.0
bangladesh,2007,0.0
bangladesh,2008,0.0
bangladesh,2009,0.0
bangladesh,2010,0.0
bangladesh,2011,0.0
bangladesh,2012,0.0
bangladesh,2013,0.0
bangladesh,2014,0.0
belarus,1985,0.0
belarus,1986,0.0
belarus,1987,0.0
belarus,1988,0.0
belarus,1989,0.0
belarus,1990,0.0
belarus,1991,0.0
belarus,1992,0.0
belarus,1993,0.0
belarus,1994,0.0
belarus,1995,0.0
belarus,1996,0.0
belarus,1997,0.0
belarus,1998,0.0
belarus,1999,0.0
belarus,2000,0.0
belarus,2001,0.0
belarus,2002,0.0
belarus,2003,0.0
belarus,2004,0.0
belarus,2005,0.0
belarus,2006,0.0
belarus,2007,0.0
belarus,2008,0.0
belarus,2009,0.0
belarus,2010,0.0
belarus,2011,0.0
belarus,2012,0.0
belarus,2013,0.0
belarus,2014,0.0
belgium,1965,0.0
belgium,1966,0.006
belgium,1967,0.094
belgium,1968,0.061
belgium,1969,0.022
belgium,1970,0.057
belgium,1971,0.0
belgium,1972,0.011
belgium,1973,0.076
belgium,1974,0.148
belgium,1975,6.78399999999997
belgium,1976,10.0359999999999
belgium,1977,11.9389999999999
belgium,1978,12.5129999999999
belgium,1979,11.4069999999999
belgium,1980,12.5489999999999
belgium,1981,12.8589999999999
belgium,1982,15.6639999999999
belgium,1983,24.1059999999999
belgium,1984,27.7429999999998
belgium,1985,34.6009999999998
belgium,1986,39.3939999999998
belgium,1987,41.9669999999998
belgium,1988,43.1019999999998
belgium,1989,41.2169999999998
belgium,1990,42.7219999999998
belgium,1991,42.8609999999998
belgium,1992,43.4559999999998
belgium,1993,41.9269999999998
belgium,1994,40.6239999999998
belgium,1995,41.3559999999998
belgium,1996,43.3359999999998
belgium,1997,47.4079999999998
belgium,1998,46.1649999999998
belgium,1999,49.0169999999998
belgium,2000,48.1569999999998
belgium,2001,46.3489999999998
belgium,2002,47.3599999999998
belgium,2003,47.3789999999998
belgium,2004,47.3119999999998
belgium,2005,47.5949999999998
belgium,2006,46.6449999999998
belgium,2007,48.2269999999998
belgium,2008,45.5679999999998
belgium,2009,47.2219999999998
belgium,2010,47.9439999999998
belgium,2011,48.2339999999998
belgium,2012,40.2949999999998
belgium,2013,42.6439999999998
belgium,2014,33.6369999999998
brazil,1965,0.0
brazil,1966,0.0
brazil,1967,0.0
brazil,1968,0.0
brazil,1969,0.0
brazil,1970,0.0
brazil,1971,0.0
brazil,1972,0.0
brazil,1973,0.0
brazil,1974,0.0
brazil,1975,0.0
brazil,1976,0.0
brazil,1977,0.0
brazil,1978,0.0
brazil,1979,0.0
brazil,1980,0.0
brazil,1981,0.0
brazil,1982,0.0
brazil,1983,0.0
brazil,1984,1.6440168
brazil,1985,3.380841
brazil,1986,0.1414208
brazil,1987,0.972268
brazil,1988,0.6098772
brazil,1989,1.8296316
brazil,1990,2.2362164
brazil,1991,1.4407244
brazil,1992,1.7589212
brazil,1993,0.44194
brazil,1994,0.0530328
brazil,1995,2.519058
brazil,1996,2.43067
brazil,1997,3.1731292
brazil,1998,3.2659366
brazil,1999,3.9730406
brazil,2000,6.0457392
brazil,2001,14.2835008
brazil,2002,13.8371414
brazil,2003,13.3579999999999
brazil,2004,11.6109999999999
brazil,2005,9.85499999999996
brazil,2006,13.7539999999999
brazil,2007,12.3497999999999
brazil,2008,13.9689999999999
brazil,2009,12.9569999999999
brazil,2010,14.5229999999999
brazil,2011,15.6589999999999
brazil,2012,16.0379999999999
brazil,2013,14.6399999999999
brazil,2014,15.3719999999999
bulgaria,1965,0.0
bulgaria,1966,0.0
bulgaria,1967,0.0
bulgaria,1968,0.0
bulgaria,1969,0.0
bulgaria,1970,0.0
bulgaria,1971,0.0
bulgaria,1972,0.0
bulgaria,1973,0.0
bulgaria,1974,0.928074
bulgaria,1975,2.5544132
bulgaria,1976,4.9895026
bulgaria,1977,5.8866408
bulgaria,1978,5.9131572
bulgaria,1979,6.1783212
bulgaria,1980,6.1694824
bulgaria,1981,9.1216416
bulgaria,1982,10.7479808
bulgaria,1983,12.3212872
bulgaria,1984,12.7367108
bulgaria,1985,13.1344568
bulgaria,1986,12.0738008
bulgaria,1987,12.4361916
bulgaria,1988,16.0335832
bulgaria,1989,14.5663424
bulgaria,1990,14.6679886
bulgaria,1991,13.1830702
bulgaria,1992,11.5523116
bulgaria,1993,13.9741428
bulgaria,1994,15.335318
bulgaria,1995,17.2621764
bulgaria,1996,18.0841848
bulgaria,1997,17.7571492
bulgaria,1998,16.904205
bulgaria,1999,15.8170326
bulgaria,2000,18.1814116
bulgaria,2001,19.555845
bulgaria,2002,20.2231744
bulgaria,2003,19.975688
bulgaria,2004,19.4276824
bulgaria,2005,18.4554144
bulgaria,2006,19.4929999999999
bulgaria,2007,14.6429999999999
bulgaria,2008,15.7649999999999
bulgaria,2009,15.2559999999999
bulgaria,2010,15.2489999999999
bulgaria,2011,16.3139999999999
bulgaria,2012,15.7849999999999
bulgaria,2013,14.1712219999999
bulgaria,2014,15.8666509999999
canada,1965,0.0
canada,1966,0.0
canada,1967,0.0
canada,1968,0.0
canada,1969,0.0
canada,1970,0.0
canada,1971,3.999557
canada,1972,6.7042298
canada,1973,14.3011784
canada,1974,13.9034324
canada,1975,11.799798
canada,1976,15.9010012
canada,1977,26.7638864
canada,1978,32.9333688
canada,1979,33.1455
canada,1980,35.730849
canada,1981,36.040207
canada,1982,38.3427144
canada,1983,48.6178194
canada,1984,52.2196304
canada,1985,60.5281024
canada,1986,71.2805026
canada,1987,77.2732089999999
canada,1988,82.8814276
canada,1989,79.3168421052637
canada,1990,72.4600000000005
canada,1991,84.3389473684216
canada,1992,80.0221052631584
canada,1993,93.2842105263164
canada,1994,107.084210526316
canada,1995,97.1642105263164
canada,1996,92.1221052631585
canada,1997,81.9547368421058
canada,1998,70.9926315789478
canada,1999,72.9800000000005
canada,2000,72.2936842105268
canada,2001,76.1621052631584
canada,2002,75.0000000000005
canada,2003,74.3715789473689
canada,2004,89.7578947368427
canada,2005,91.4000000000006
canada,2006,97.2831578947375
canada,2007,92.8421052631585
canada,2008,93.2976936842112
canada,2009,89.7906673684217
canada,2010,89.7051463157901
canada,2011,94.7729947368427
canada,2012,95.7727578947375
canada,2013,102.074973684211
canada,2014,106.232734736842
chile,1965,0.0
chile,1966,0.0
chile,1967,0.0
chile,1968,0.0
chile,1969,0.0
chile,1970,0.0
chile,1971,0.0
chile,1972,0.0
chile,1973,0.0
chile,1974,0.0
chile,1975,0.0
chile,1976,0.0
chile,1977,0.0
chile,1978,0.0
chile,1979,0.0
chile,1980,0.0
chile,1981,0.0
chile,1982,0.0
chile,1983,0.0
chile,1984,0.0
chile,1985,0.0
chile,1986,0.0
chile,1987,0.0
chile,1988,0.0
chile,1989,0.0
chile,1990,0.0
chile,1991,0.0
chile,1992,0.0
chile,1993,0.0
chile,1994,0.0
chile,1995,0.0
chile,1996,0.0
chile,1997,0.0
chile,1998,0.0
chile,1999,0.0
chile,2000,0.0
chile,2001,0.0
chile,2002,0.0
chile,2003,0.0
chile,2004,0.0
chile,2005,0.0
chile,2006,0.0
chile,2007,0.0
chile,2008,0.0
chile,2009,0.0
chile,2010,0.0
chile,2011,0.0
chile,2012,0.0
chile,2013,0.0
chile,2014,0.0
china,1965,0.0
china,1966,0.0
china,1967,0.0
china,1968,0.0
china,1969,0.0
china,1970,0.0
china,1971,0.0
china,1972,0.0
china,1973,0.0
china,1974,0.0
china,1975,0.0
china,1976,0.0
china,1977,0.0
china,1978,0.0
china,1979,0.0
china,1980,0.0
china,1981,0.0
china,1982,0.0
china,1983,0.0
china,1984,0.0
china,1985,0.0
china,1986,0.0
china,1987,0.0
china,1988,0.0
china,1989,0.0
china,1990,0.0
china,1991,0.0
china,1992,0.0
china,1993,1.6042422
china,1994,14.760796
china,1995,12.8339376
china,1996,14.340953
china,1997,14.4205022
china,1998,14.1023054
china,1999,14.9508302
china,2000,16.7406872
china,2001,17.4743076
china,2002,25.1331278
china,2003,43.3498946
china,2004,50.4689999999998
china,2005,53.0879999999998
china,2006,54.8429999999997
china,2007,62.1299999999997
china,2008,68.3939999999997
china,2009,70.1339999999997
china,2010,73.8799999999997
china,2011,86.3499999999996
china,2012,97.3939999999996
china,2013,111.609999999999
china,2014,126.342519999999
china_hong_kong_sar,1965,0.0
china_hong_kong_sar,1966,0.0
china_hong_kong_sar,1967,0.0
china_hong_kong_sar,1968,0.0
china_hong_kong_sar,1969,0.0
china_hong_kong_sar,1970,0.0
china_hong_kong_sar,1971,0.0
china_hong_kong_sar,1972,0.0
china_hong_kong_sar,1973,0.0
china_hong_kong_sar,1974,0.0
china_hong_kong_sar,1975,0.0
china_hong_kong_sar,1976,0.0
china_hong_kong_sar,1977,0.0
china_hong_kong_sar,1978,0.0
china_hong_kong_sar,1979,0.0
china_hong_kong_sar,1980,0.0
china_hong_kong_sar,1981,0.0
china_hong_kong_sar,1982,0.0
china_hong_kong_sar,1983,0.0
china_hong_kong_sar,1984,0.0
china_hong_kong_sar,1985,0.0
china_hong_kong_sar,1986,0.0
china_hong_kong_sar,1987,0.0
china_hong_kong_sar,1988,0.0
china_hong_kong_sar,1989,0.0
china_hong_kong_sar,1990,0.0
china_hong_kong_sar,1991,0.0
china_hong_kong_sar,1992,0.0
china_hong_kong_sar,1993,0.0
china_hong_kong_sar,1994,0.0
china_hong_kong_sar,1995,0.0
china_hong_kong_sar,1996,0.0
china_hong_kong_sar,1997,0.0
china_hong_kong_sar,1998,0.0
china_hong_kong_sar,1999,0.0
china_hong_kong_sar,2000,0.0
china_hong_kong_sar,2001,0.0
china_hong_kong_sar,2002,0.0
china_hong_kong_sar,2003,0.0
china_hong_kong_sar,2004,0.0
china_hong_kong_sar,2005,0.0
china_hong_kong_sar,2006,0.0
china_hong_kong_sar,2007,0.0
china_hong_kong_sar,2008,0.0
china_hong_kong_sar,2009,0.0
china_hong_kong_sar,2010,0.0
china_hong_kong_sar,2011,0.0
china_hong_kong_sar,2012,0.0
china_hong_kong_sar,2013,0.0
china_hong_kong_sar,2014,0.0
colombia,1965,0.0
colombia,1966,0.0
colombia,1967,0.0
colombia,1968,0.0
colombia,1969,0.0
colombia,1970,0.0
colombia,1971,0.0
colombia,1972,0.0
colombia,1973,0.0
colombia,1974,0.0
colombia,1975,0.0
colombia,1976,0.0
colombia,1977,0.0
colombia,1978,0.0
colombia,1979,0.0
colombia,1980,0.0
colombia,1981,0.0
colombia,1982,0.0
colombia,1983,0.0
colombia,1984,0.0
colombia,1985,0.0
colombia,1986,0.0
colombia,1987,0.0
colombia,1988,0.0
colombia,1989,0.0
colombia,1990,0.0
colombia,1991,0.0
colombia,1992,0.0
colombia,1993,0.0
colombia,1994,0.0
colombia,1995,0.0
colombia,1996,0.0
colombia,1997,0.0
colombia,1998,0.0
colombia,1999,0.0
colombia,2000,0.0
colombia,2001,0.0
colombia,2002,0.0
colombia,2003,0.0
colombia,2004,0.0
colombia,2005,0.0
colombia,2006,0.0
colombia,2007,0.0
colombia,2008,0.0
colombia,2009,0.0
colombia,2010,0.0
colombia,2011,0.0
colombia,2012,0.0
colombia,2013,0.0
colombia,2014,0.0
czech_republic,1965,0.0
czech_republic,1966,0.0
czech_republic,1967,0.0
czech_republic,1968,0.0
czech_republic,1969,0.0
czech_republic,1970,0.0
czech_republic,1971,0.0
czech_republic,1972,0.0
czech_republic,1973,0.0
czech_republic,1974,0.0
czech_republic,1975,0.0
czech_republic,1976,0.0
czech_republic,1977,0.0
czech_republic,1978,0.0
czech_republic,1979,0.0
czech_republic,1980,0.0
czech_republic,1981,0.0
czech_republic,1982,0.0
czech_republic,1983,0.0
czech_republic,1984,0.0
czech_republic,1985,2.3953148
czech_republic,1986,6.1473854
czech_republic,1987,10.7037868
czech_republic,1988,11.821895
czech_republic,1989,12.418514
czech_republic,1990,12.5864512
czech_republic,1991,12.1356724
czech_republic,1992,12.2549962
czech_republic,1993,12.6306452
czech_republic,1994,12.9797778
czech_republic,1995,12.2328992
czech_republic,1996,12.8516152
czech_republic,1997,12.4936438
czech_republic,1998,13.1786508
czech_republic,1999,13.3598462
czech_republic,2000,13.5940744
czech_republic,2001,14.7519572
czech_republic,2002,18.7426754
czech_republic,2003,25.875587
czech_republic,2004,26.3249999999999
czech_republic,2005,24.7279999999999
czech_republic,2006,26.0469999999999
czech_republic,2007,26.1237929999999
czech_republic,2008,26.5023089999999
czech_republic,2009,27.2069999999998
czech_republic,2010,27.9989999999998
czech_republic,2011,28.2849999999998
czech_republic,2012,30.3241999999998
czech_republic,2013,30.7452999999998
czech_republic,2014,30.3248999999998
denmark,1965,0.0
denmark,1966,0.0
denmark,1967,0.0
denmark,1968,0.0
denmark,1969,0.0
denmark,1970,0.0
denmark,1971,0.0
denmark,1972,0.0
denmark,1973,0.0
denmark,1974,0.0
denmark,1975,0.0
denmark,1976,0.0
denmark,1977,0.0
denmark,1978,0.0
denmark,1979,0.0
denmark,1980,0.0
denmark,1981,0.0
denmark,1982,0.0
denmark,1983,0.0
denmark,1984,0.0
denmark,1985,0.0
denmark,1986,0.0
denmark,1987,0.0
denmark,1988,0.0
denmark,1989,0.0
denmark,1990,0.0
denmark,1991,0.0
denmark,1992,0.0
denmark,1993,0.0
denmark,1994,0.0
denmark,1995,0.0
denmark,1996,0.0
denmark,1997,0.0
denmark,1998,0.0
denmark,1999,0.0
denmark,2000,0.0
denmark,2001,0.0
denmark,2002,0.0
denmark,2003,0.0
denmark,2004,0.0
denmark,2005,0.0
denmark,2006,0.0
denmark,2007,0.0
denmark,2008,0.0
denmark,2009,0.0
denmark,2010,0.0
denmark,2011,0.0
denmark,2012,0.0
denmark,2013,0.0
denmark,2014,0.0
ecuador,1965,0.0
ecuador,1966,0.0
ecuador,1967,0.0
ecuador,1968,0.0
ecuador,1969,0.0
ecuador,1970,0.0
ecuador,1971,0.0
ecuador,1972,0.0
ecuador,1973,0.0
ecuador,1974,0.0
ecuador,1975,0.0
ecuador,1976,0.0
ecuador,1977,0.0
ecuador,1978,0.0
ecuador,1979,0.0
ecuador,1980,0.0
ecuador,1981,0.0
ecuador,1982,0.0
ecuador,1983,0.0
ecuador,1984,0.0
ecuador,1985,0.0
ecuador,1986,0.0
ecuador,1987,0.0
ecuador,1988,0.0
ecuador,1989,0.0
ecuador,1990,0.0
ecuador,1991,0.0
ecuador,1992,0.0
ecuador,1993,0.0
ecuador,1994,0.0
ecuador,1995,0.0
ecuador,1996,0.0
ecuador,1997,0.0
ecuador,1998,0.0
ecuador,1999,0.0
ecuador,2000,0.0
ecuador,2001,0.0
ecuador,2002,0.0
ecuador,2003,0.0
ecuador,2004,0.0
ecuador,2005,0.0
ecuador,2006,0.0
ecuador,2007,0.0
ecuador,2008,0.0
ecuador,2009,0.0
ecuador,2010,0.0
ecuador,2011,0.0
ecuador,2012,0.0
ecuador,2013,0.0
ecuador,2014,0.0
egypt,1965,0.0
egypt,1966,0.0
egypt,1967,0.0
egypt,1968,0.0
egypt,1969,0.0
egypt,1970,0.0
egypt,1971,0.0
egypt,1972,0.0
egypt,1973,0.0
egypt,1974,0.0
egypt,1975,0.0
egypt,1976,0.0
egypt,1977,0.0
egypt,1978,0.0
egypt,1979,0.0
egypt,1980,0.0
egypt,1981,0.0
egypt,1982,0.0
egypt,1983,0.0
egypt,1984,0.0
egypt,1985,0.0
egypt,1986,0.0
egypt,1987,0.0
egypt,1988,0.0
egypt,1989,0.0
egypt,1990,0.0
egypt,1991,0.0
egypt,1992,0.0
egypt,1993,0.0
egypt,1994,0.0
egypt,1995,0.0
egypt,1996,0.0
egypt,1997,0.0
egypt,1998,0.0
egypt,1999,0.0
egypt,2000,0.0
egypt,2001,0.0
egypt,2002,0.0
egypt,2003,0.0
egypt,2004,0.0
egypt,2005,0.0
egypt,2006,0.0
egypt,2007,0.0
egypt,2008,0.0
egypt,2009,0.0
egypt,2010,0.0
egypt,2011,0.0
egypt,2012,0.0
egypt,2013,0.0
egypt,2014,0.0
finland,1965,0.0
finland,1966,0.0
finland,1967,0.0
finland,1968,0.0
finland,1969,0.0
finland,1970,0.0
finland,1971,0.0
finland,1972,0.0
finland,1973,0.0
finland,1974,0.0
finland,1975,0.0
finland,1976,0.0
finland,1977,2.6604788
finland,1978,3.2659366
finland,1979,6.739585
finland,1980,7.0224266
finland,1981,14.6679886
finland,1982,16.7760424
finland,1983,17.721794
finland,1984,18.870838
finland,1985,18.9282902
finland,1986,18.9503872
finland,1987,19.511651
finland,1988,19.423263
finland,1989,18.959226
finland,1990,19.0829692
finland,1991,19.379069
finland,1992,19.1315826
finland,1993,19.7944926
finland,1994,19.2995198
finland,1995,19.0829692
finland,1996,19.66633
finland,1997,21.0937962
finland,1998,22.0925806
finland,1999,23.2327858
finland,2000,22.7105263157896
finland,2001,23.0042105263159
finland,2002,22.5210526315791
finland,2003,22.9789473684212
finland,2004,22.962105263158
finland,2005,23.5326315789475
finland,2006,23.162105263158
finland,2007,23.6852631578949
finland,2008,23.2105263157896
finland,2009,23.7905263157896
finland,2010,23.0410526315791
finland,2011,23.4378947368422
finland,2012,23.2242105263159
finland,2013,23.8663157894738
finland,2014,23.8463157894738
france,1965,1.0562366
france,1966,1.6042422
france,1967,2.9212234
france,1968,3.5399394
france,1969,4.9585668
france,1970,5.7098648
france,1971,9.3381922
france,1972,14.5972782
france,1973,14.7431184
france,1974,14.694505
france,1975,18.252122
france,1976,15.7816774
france,1977,17.986958
france,1978,30.4894406
france,1979,39.9690536
france,1980,61.2617228
france,1981,105.3452378
france,1982,108.93821
france,1983,144.2845712
france,1984,191.2672126
france,1985,224.2491948
france,1986,254.2083074
france,1987,265.566165399999
france,1988,275.5672676
france,1989,303.9840096
france,1990,314.1353714
france,1991,331.397547799999
france,1992,338.503942999999
france,1993,368.2509244
france,1994,360.0396792
france,1995,377.2974362
france,1996,397.4101256
france,1997,395.5495582
france,1998,388.0542558
france,1999,394.3165456
france,2000,415.2379852
france,2001,421.146723
france,2002,436.8400124
france,2003,441.1798632
france,2004,449.368421052634
france,2005,452.631578947371
france,2006,451.26315789474
france,2007,440.631578947371
france,2008,440.315789473687
france,2009,410.131584999998
france,2010,428.318511999998
france,2011,442.082091999998
france,2012,425.403069999998
france,2013,423.684579999998
france,2014,435.883799999998
germany,1965,0.1370014
germany,1966,0.3402938
germany,1967,1.5114348
germany,1968,2.0064076
germany,1969,5.3297964
germany,1970,6.4920986
germany,1971,6.2180958
germany,1972,9.523807
germany,1973,12.1047366
germany,1974,14.4602768
germany,1975,24.1431822
germany,1976,29.6364964
germany,1977,41.2639378
germany,1978,43.8802226
germany,1979,52.0737902
germany,1980,55.6004714
germany,1981,65.5441214
germany,1982,74.4403736
germany,1983,78.0731204
germany,1984,104.3376146
germany,1985,138.6630944
germany,1986,130.5093014
germany,1987,141.7478356
germany,1988,156.8489254
germany,1989,161.705846
germany,1990,152.4958164
germany,1991,147.5505078
germany,1992,158.8288166
germany,1993,153.5034396
germany,1994,151.2274486
germany,1995,154.1133168
germany,1996,161.639555
germany,1997,170.3590312
germany,1998,161.6704908
germany,1999,170.0319956
germany,2000,169.638668999999
germany,2001,171.3312992
germany,2002,164.8303618
germany,2003,165.130881
germany,2004,167.1284498
germany,2005,162.999999999999
germany,2006,167.399999999999
germany,2007,140.499999999999
germany,2008,148.799999999999
germany,2009,134.899999999999
germany,2010,140.599999999999
germany,2011,107.999999999999
germany,2012,99.4999999999996
germany,2013,97.2999999999996
germany,2014,97.0999999999996
greece,1965,0.0
greece,1966,0.0
greece,1967,0.0
greece,1968,0.0
greece,1969,0.0
greece,1970,0.0
greece,1971,0.0
greece,1972,0.0
greece,1973,0.0
greece,1974,0.0
greece,1975,0.0
greece,1976,0.0
greece,1977,0.0
greece,1978,0.0
greece,1979,0.0
greece,1980,0.0
greece,1981,0.0
greece,1982,0.0
greece,1983,0.0
greece,1984,0.0
greece,1985,0.0
greece,1986,0.0
greece,1987,0.0
greece,1988,0.0
greece,1989,0.0
greece,1990,0.0
greece,1991,0.0
greece,1992,0.0
greece,1993,0.0
greece,1994,0.0
greece,1995,0.0
greece,1996,0.0
greece,1997,0.0
greece,1998,0.0
greece,1999,0.0
greece,2000,0.0
greece,2001,0.0
greece,2002,0.0
greece,2003,0.0
greece,2004,0.0
greece,2005,0.0
greece,2006,0.0
greece,2007,0.0
greece,2008,0.0
greece,2009,0.0
greece,2010,0.0
greece,2011,0.0
greece,2012,0.0
greece,2013,0.0
greece,2014,0.0
hungary,1965,0.0
hungary,1966,0.0
hungary,1967,0.0
hungary,1968,0.0
hungary,1969,0.0
hungary,1970,0.0
hungary,1971,0.0
hungary,1972,0.0
hungary,1973,0.0
hungary,1974,0.0
hungary,1975,0.0
hungary,1976,0.0
hungary,1977,0.0
hungary,1978,0.0
hungary,1979,0.0
hungary,1980,0.0
hungary,1981,0.0
hungary,1982,0.0044194
hungary,1983,2.474864
hungary,1984,3.7697482
hungary,1985,6.4832598
hungary,1986,7.424592
hungary,1987,10.9866284
hungary,1988,13.4482342
hungary,1989,13.8945936
hungary,1990,13.7354952
hungary,1991,13.7266564
hungary,1992,13.965304
hungary,1993,13.7973668
hungary,1994,14.053692
hungary,1995,14.031595
hungary,1996,14.1818546
hungary,1997,13.9697234
hungary,1998,13.9520458
hungary,1999,14.097886
hungary,2000,14.1818546
hungary,2001,14.1288218
hungary,2002,13.9564652
hungary,2003,11.0131448
hungary,2004,11.9191218
hungary,2005,13.8339999999999
hungary,2006,13.4609999999999
hungary,2007,14.6769999999999
hungary,2008,14.8179999999999
hungary,2009,15.4259999999999
hungary,2010,15.7609999999999
hungary,2011,15.6850259999999
hungary,2012,15.7930139999999
hungary,2013,15.3696039999999
hungary,2014,15.6486239999999
india,1965,0.0
india,1966,0.0
india,1967,0.0
india,1968,0.0
india,1969,0.7247816
india,1970,1.3081424
india,1971,0.972268
india,1972,0.9236546
india,1973,1.9533748
india,1974,1.7986958
india,1975,2.143409
india,1976,2.6560594
india,1977,1.8517286
india,1978,2.2627328
india,1979,2.3467014
india,1980,2.4483476
india,1981,2.4660252
india,1982,2.1566672
india,1983,3.0759024
india,1984,4.0393316
india,1985,4.507788
india,1986,5.0204384
india,1987,5.3209576
india,1988,6.076675
india,1989,4.021654
india,1990,6.3948718
india,1991,5.413765
india,1992,6.4037106
india,1993,6.2269346
india,1994,4.9453086
india,1995,7.6146262
india,1996,8.4012794
india,1997,10.0718126
india,1998,11.3711162
india,1999,12.727872
india,2000,15.7684192
india,2001,18.8885156
india,2002,19.3525526
india,2003,18.141637
india,2004,16.7627842
india,2005,17.8234402
india,2006,17.6317599999999
india,2007,17.8317799999999
india,2008,15.2307299999999
india,2009,16.8161799999999
india,2010,23.0821099999999
india,2011,32.2236499999998
india,2012,33.1397099999998
india,2013,33.3082399999998
india,2014,34.6857399999998
indonesia,1965,0.0
indonesia,1966,0.0
indonesia,1967,0.0
indonesia,1968,0.0
indonesia,1969,0.0
indonesia,1970,0.0
indonesia,1971,0.0
indonesia,1972,0.0
indonesia,1973,0.0
indonesia,1974,0.0
indonesia,1975,0.0
indonesia,1976,0.0
indonesia,1977,0.0
indonesia,1978,0.0
indonesia,1979,0.0
indonesia,1980,0.0
indonesia,1981,0.0
indonesia,1982,0.0
indonesia,1983,0.0
indonesia,1984,0.0
indonesia,1985,0.0
indonesia,1986,0.0
indonesia,1987,0.0
indonesia,1988,0.0
indonesia,1989,0.0
indonesia,1990,0.0
indonesia,1991,0.0
indonesia,1992,0.0
indonesia,1993,0.0
indonesia,1994,0.0
indonesia,1995,0.0
indonesia,1996,0.0
indonesia,1997,0.0
indonesia,1998,0.0
indonesia,1999,0.0
indonesia,2000,0.0
indonesia,2001,0.0
indonesia,2002,0.0
indonesia,2003,0.0
indonesia,2004,0.0
indonesia,2005,0.0
indonesia,2006,0.0
indonesia,2007,0.0
indonesia,2008,0.0
indonesia,2009,0.0
indonesia,2010,0.0
indonesia,2011,0.0
indonesia,2012,0.0
indonesia,2013,0.0
indonesia,2014,0.0
iran,1965,0.0
iran,1966,0.0
iran,1967,0.0
iran,1968,0.0
iran,1969,0.0
iran,1970,0.0
iran,1971,0.0
iran,1972,0.0
iran,1973,0.0
iran,1974,0.0
iran,1975,0.0
iran,1976,0.0
iran,1977,0.0
iran,1978,0.0
iran,1979,0.0
iran,1980,0.0
iran,1981,0.0
iran,1982,0.0
iran,1983,0.0
iran,1984,0.0
iran,1985,0.0
iran,1986,0.0
iran,1987,0.0
iran,1988,0.0
iran,1989,0.0
iran,1990,0.0
iran,1991,0.0
iran,1992,0.0
iran,1993,0.0
iran,1994,0.0
iran,1995,0.0
iran,1996,0.0
iran,1997,0.0
iran,1998,0.0
iran,1999,0.0
iran,2000,0.0
iran,2001,0.0
iran,2002,0.0
iran,2003,0.0
iran,2004,0.0
iran,2005,0.0
iran,2006,0.0
iran,2007,0.0
iran,2008,0.0
iran,2009,0.0
iran,2010,0.0
iran,2011,0.10313684210526
iran,2012,1.39822105263159
iran,2013,4.09860000000003
iran,2014,4.35789473684214
israel,1965,0.0
israel,1966,0.0
israel,1967,0.0
israel,1968,0.0
israel,1969,0.0
israel,1970,0.0
israel,1971,0.0
israel,1972,0.0
israel,1973,0.0
israel,1974,0.0
israel,1975,0.0
israel,1976,0.0
israel,1977,0.0
israel,1978,0.0
israel,1979,0.0
israel,1980,0.0
israel,1981,0.0
israel,1982,0.0
israel,1983,0.0
israel,1984,0.0
israel,1985,0.0
israel,1986,0.0
israel,1987,0.0
israel,1988,0.0
israel,1989,0.0
israel,1990,0.0
israel,1991,0.0
israel,1992,0.0
israel,1993,0.0
israel,1994,0.0
israel,1995,0.0
israel,1996,0.0
israel,1997,0.0
israel,1998,0.0
israel,1999,0.0
israel,2000,0.0
israel,2001,0.0
israel,2002,0.0
israel,2003,0.0
israel,2004,0.0
israel,2005,0.0
israel,2006,0.0
israel,2007,0.0
israel,2008,0.0
israel,2009,0.0
israel,2010,0.0
israel,2011,0.0
israel,2012,0.0
israel,2013,0.0
israel,2014,0.0
italy,1965,3.5752946
italy,1966,3.9288466
italy,1967,3.204065
italy,1968,2.6207042
italy,1969,1.7103078
italy,1970,3.2350008
italy,1971,3.425035
italy,1972,3.8404586
italy,1973,3.0449666
italy,1974,3.2570978
italy,1975,3.3322276
italy,1976,3.7962646
italy,1977,3.3720022
italy,1978,4.4282388
italy,1979,4.6536282
italy,1980,4.8922758
italy,1981,5.2060532
italy,1982,9.2498042
italy,1983,8.2333422
italy,1984,6.6777134
italy,1985,7.0224266
italy,1986,8.7592508
italy,1987,0.1723566
italy,1988,0.0
italy,1989,0.0
italy,1990,0.0
italy,1991,0.0
italy,1992,0.0
italy,1993,0.0
italy,1994,0.0
italy,1995,0.0
italy,1996,0.0
italy,1997,0.0
italy,1998,0.0
italy,1999,0.0
italy,2000,0.0
italy,2001,0.0
italy,2002,0.0
italy,2003,0.0
italy,2004,0.0
italy,2005,0.0
italy,2006,0.0
italy,2007,0.0
italy,2008,0.0
italy,2009,0.0
italy,2010,0.0
italy,2011,0.0
italy,2012,0.0
italy,2013,0.0
italy,2014,0.0
japan,1965,0.0265164
japan,1966,0.3712296
japan,1967,0.8485248
japan,1968,0.7203622
japan,1969,0.9369128
japan,1970,3.3057112
japan,1971,7.0975564
japan,1972,8.7813478
japan,1973,9.4972906
japan,1974,18.583577
japan,1975,21.7125122
japan,1976,36.7517304
japan,1977,28.1692556
japan,1978,52.0428544
japan,1979,61.9511492
japan,1980,82.6251024
japan,1981,85.6170362
japan,1982,105.535272
japan,1983,108.7879504
japan,1984,126.7395532
japan,1985,151.9566496
japan,1986,166.478798
japan,1987,189.3978064
japan,1988,174.9684654
japan,1989,186.6621978
japan,1990,195.7263872
japan,1991,209.3823332
japan,1992,218.0355184
japan,1993,248.6177664
japan,1994,259.4983292
japan,1995,287.853199599999
japan,1996,297.5670408
japan,1997,321.754417
japan,1998,327.2212148
japan,1999,317.7018272
japan,2000,319.7391706
japan,2001,321.0959264
japan,2002,314.9308634
japan,2003,230.4230966
japan,2004,285.9219218
japan,2005,293.037999999998
japan,2006,305.007999999998
japan,2007,279.008999999998
japan,2008,251.743999999999
japan,2009,287.355999999998
japan,2010,292.354999999998
japan,2011,162.927284999999
japan,2012,17.9909999999999
japan,2013,14.6029999999999
japan,2014,0.0
kazakhstan,1985,0.0
kazakhstan,1986,0.0
kazakhstan,1987,0.0
kazakhstan,1988,0.0
kazakhstan,1989,0.1016462
kazakhstan,1990,0.0
kazakhstan,1991,0.5391668
kazakhstan,1992,0.464037
kazakhstan,1993,0.4463594
kazakhstan,1994,0.3800684
kazakhstan,1995,0.0795492
kazakhstan,1996,0.088388
kazakhstan,1997,0.3005192
kazakhstan,1998,0.088388
kazakhstan,1999,0.0
kazakhstan,2000,0.0
kazakhstan,2001,0.0
kazakhstan,2002,0.0
kazakhstan,2003,0.0
kazakhstan,2004,0.0
kazakhstan,2005,0.0
kazakhstan,2006,0.0
kazakhstan,2007,0.0
kazakhstan,2008,0.0
kazakhstan,2009,0.0
kazakhstan,2010,0.0
kazakhstan,2011,0.0
kazakhstan,2012,0.0
kazakhstan,2013,0.0
kazakhstan,2014,0.0
kuwait,1965,0.0
kuwait,1966,0.0
kuwait,1967,0.0
kuwait,1968,0.0
kuwait,1969,0.0
kuwait,1970,0.0
kuwait,1971,0.0
kuwait,1972,0.0
kuwait,1973,0.0
kuwait,1974,0.0
kuwait,1975,0.0
kuwait,1976,0.0
kuwait,1977,0.0
kuwait,1978,0.0
kuwait,1979,0.0
kuwait,1980,0.0
kuwait,1981,0.0
kuwait,1982,0.0
kuwait,1983,0.0
kuwait,1984,0.0
kuwait,1985,0.0
kuwait,1986,0.0
kuwait,1987,0.0
kuwait,1988,0.0
kuwait,1989,0.0
kuwait,1990,0.0
kuwait,1991,0.0
kuwait,1992,0.0
kuwait,1993,0.0
kuwait,1994,0.0
kuwait,1995,0.0
kuwait,1996,0.0
kuwait,1997,0.0
kuwait,1998,0.0
kuwait,1999,0.0
kuwait,2000,0.0
kuwait,2001,0.0
kuwait,2002,0.0
kuwait,2003,0.0
kuwait,2004,0.0
kuwait,2005,0.0
kuwait,2006,0.0
kuwait,2007,0.0
kuwait,2008,0.0
kuwait,2009,0.0
kuwait,2010,0.0
kuwait,2011,0.0
kuwait,2012,0.0
kuwait,2013,0.0
kuwait,2014,0.0
lithuania,1985,9.479613
lithuania,1986,9.8817784
lithuania,1987,9.1835132
lithuania,1988,12.8118406
lithuania,1989,16.6522992
lithuania,1990,17.036787
lithuania,1991,17.0014318
lithuania,1992,14.6414722
lithuania,1993,12.263835
lithuania,1994,7.7074336
lithuania,1995,11.821895
lithuania,1996,13.943207
lithuania,1997,12.0251874
lithuania,1998,13.5587192
lithuania,1999,9.8641008
lithuania,2000,8.418957
lithuania,2001,11.3622774
lithuania,2002,14.1464994
lithuania,2003,15.4855776
lithuania,2004,15.1015999999999
lithuania,2005,10.3375999999999
lithuania,2006,8.65119999999997
lithuania,2007,9.83289999999996
lithuania,2008,9.89369999999996
lithuania,2009,10.8525999999999
lithuania,2010,0.0
lithuania,2011,0.0
lithuania,2012,0.0
lithuania,2013,0.0
lithuania,2014,0.0
malaysia,1965,0.0
malaysia,1966,0.0
malaysia,1967,0.0
malaysia,1968,0.0
malaysia,1969,0.0
malaysia,1970,0.0
malaysia,1971,0.0
malaysia,1972,0.0
malaysia,1973,0.0
malaysia,1974,0.0
malaysia,1975,0.0
malaysia,1976,0.0
malaysia,1977,0.0
malaysia,1978,0.0
malaysia,1979,0.0
malaysia,1980,0.0
malaysia,1981,0.0
malaysia,1982,0.0
malaysia,1983,0.0
malaysia,1984,0.0
malaysia,1985,0.0
malaysia,1986,0.0
malaysia,1987,0.0
malaysia,1988,0.0
malaysia,1989,0.0
malaysia,1990,0.0
malaysia,1991,0.0
malaysia,1992,0.0
malaysia,1993,0.0
malaysia,1994,0.0
malaysia,1995,0.0
malaysia,1996,0.0
malaysia,1997,0.0
malaysia,1998,0.0
malaysia,1999,0.0
malaysia,2000,0.0
malaysia,2001,0.0
malaysia,2002,0.0
malaysia,2003,0.0
malaysia,2004,0.0
malaysia,2005,0.0
malaysia,2006,0.0
malaysia,2007,0.0
malaysia,2008,0.0
malaysia,2009,0.0
malaysia,2010,0.0
malaysia,2011,0.0
malaysia,2012,0.0
malaysia,2013,0.0
malaysia,2014,0.0
mexico,1965,0.0
mexico,1966,0.0
mexico,1967,0.0
mexico,1968,0.0
mexico,1969,0.0
mexico,1970,0.0
mexico,1971,0.0
mexico,1972,0.0
mexico,1973,0.0
mexico,1974,0.0
mexico,1975,0.0
mexico,1976,0.0
mexico,1977,0.0
mexico,1978,0.0
mexico,1979,0.0
mexico,1980,0.0
mexico,1981,0.0
mexico,1982,0.0
mexico,1983,0.0
mexico,1984,0.0
mexico,1985,0.0
mexico,1986,0.0
mexico,1987,0.0
mexico,1988,0.0
mexico,1989,0.3712296
mexico,1990,2.938901
mexico,1991,4.242624
mexico,1992,3.9200078
mexico,1993,4.9320504
mexico,1994,4.242624
mexico,1995,8.4454734
mexico,1996,7.8797902
mexico,1997,10.4607198
mexico,1998,9.2630624
mexico,1999,10.0055216
mexico,2000,8.2245034
mexico,2001,8.728315
mexico,2002,9.7491964
mexico,2003,10.5536842105263
mexico,2004,9.19393535699997
mexico,2005,10.8049060449999
mexico,2006,10.8662410989999
mexico,2007,10.4207250199999
mexico,2008,9.80397627999996
mexico,2009,10.5010788999999
mexico,2010,5.87924062999998
mexico,2011,10.0891950259999
mexico,2012,8.76959881599996
mexico,2013,11.7998696129999
mexico,2014,9.67720805699996
netherlands,1965,0.0
netherlands,1966,0.0
netherlands,1967,0.0
netherlands,1968,0.022097
netherlands,1969,0.3181968
netherlands,1970,0.375649
netherlands,1971,0.4154236
netherlands,1972,0.331455
netherlands,1973,1.1092694
netherlands,1974,3.0449666
netherlands,1975,3.1024188
netherlands,1976,3.601811
netherlands,1977,3.7078766
netherlands,1978,3.5487782
netherlands,1979,3.2438396
netherlands,1980,3.9067496
netherlands,1981,3.4427126
netherlands,1982,3.623908
netherlands,1983,3.3322276
netherlands,1984,3.4559708
netherlands,1985,3.8979108
netherlands,1986,4.2161076
netherlands,1987,3.5531976
netherlands,1988,3.6769408
netherlands,1989,4.021654
netherlands,1990,3.5001648
netherlands,1991,3.3322276
netherlands,1992,3.800684
netherlands,1993,3.9509436
netherlands,1994,3.9642018
netherlands,1995,4.021654
netherlands,1996,4.1586554
netherlands,1997,2.408573
netherlands,1998,3.8139422
netherlands,1999,3.8360392
netherlands,2000,3.9288466
netherlands,2001,3.97746
netherlands,2002,3.9155884
netherlands,2003,4.0172346
netherlands,2004,3.82199999999999
netherlands,2005,3.99699999999998
netherlands,2006,3.46899999999999
netherlands,2007,4.19999999999998
netherlands,2008,4.16899999999998
netherlands,2009,4.22799999999998
netherlands,2010,3.96899999999999
netherlands,2011,4.14099999999998
netherlands,2012,3.91470999999998
netherlands,2013,2.89085899999999
netherlands,2014,4.09130599999998
new_zealand,1965,0.0
new_zealand,1966,0.0
new_zealand,1967,0.0
new_zealand,1968,0.0
new_zealand,1969,0.0
new_zealand,1970,0.0
new_zealand,1971,0.0
new_zealand,1972,0.0
new_zealand,1973,0.0
new_zealand,1974,0.0
new_zealand,1975,0.0
new_zealand,1976,0.0
new_zealand,1977,0.0
new_zealand,1978,0.0
new_zealand,1979,0.0
new_zealand,1980,0.0
new_zealand,1981,0.0
new_zealand,1982,0.0
new_zealand,1983,0.0
new_zealand,1984,0.0
new_zealand,1985,0.0
new_zealand,1986,0.0
new_zealand,1987,0.0
new_zealand,1988,0.0
new_zealand,1989,0.0
new_zealand,1990,0.0
new_zealand,1991,0.0
new_zealand,1992,0.0
new_zealand,1993,0.0
new_zealand,1994,0.0
new_zealand,1995,0.0
new_zealand,1996,0.0
new_zealand,1997,0.0
new_zealand,1998,0.0
new_zealand,1999,0.0
new_zealand,2000,0.0
new_zealand,2001,0.0
new_zealand,2002,0.0
new_zealand,2003,0.0
new_zealand,2004,0.0
new_zealand,2005,0.0
new_zealand,2006,0.0
new_zealand,2007,0.0
new_zealand,2008,0.0
new_zealand,2009,0.0
new_zealand,2010,0.0
new_zealand,2011,0.0
new_zealand,2012,0.0
new_zealand,2013,0.0
new_zealand,2014,0.0
norway,1965,0.0
norway,1966,0.0
norway,1967,0.0
norway,1968,0.0
norway,1969,0.0
norway,1970,0.0
norway,1971,0.0
norway,1972,0.0
norway,1973,0.0
norway,1974,0.0
norway,1975,0.0
norway,1976,0.0
norway,1977,0.0
norway,1978,0.0
norway,1979,0.0
norway,1980,0.0
norway,1981,0.0
norway,1982,0.0
norway,1983,0.0
norway,1984,0.0
norway,1985,0.0
norway,1986,0.0
norway,1987,0.0
norway,1988,0.0
norway,1989,0.0
norway,1990,0.0
norway,1991,0.0
norway,1992,0.0
norway,1993,0.0
norway,1994,0.0
norway,1995,0.0
norway,1996,0.0
norway,1997,0.0
norway,1998,0.0
norway,1999,0.0
norway,2000,0.0
norway,2001,0.0
norway,2002,0.0
norway,2003,0.0
norway,2004,0.0
norway,2005,0.0
norway,2006,0.0
norway,2007,0.0
norway,2008,0.0
norway,2009,0.0
norway,2010,0.0
norway,2011,0.0
norway,2012,0.0
norway,2013,0.0
norway,2014,0.0
other_africa,1965,0.0
other_africa,1966,0.0
other_africa,1967,0.0
other_africa,1968,0.0
other_africa,1969,0.0
other_africa,1970,0.0
other_africa,1971,0.0
other_africa,1972,0.0
other_africa,1973,0.0
other_africa,1974,0.0
other_africa,1975,0.0
other_africa,1976,0.0
other_africa,1977,0.0
other_africa,1978,0.0
other_africa,1979,0.0
other_africa,1980,0.0
other_africa,1981,0.0
other_africa,1982,0.0
other_africa,1983,0.0
other_africa,1984,0.0
other_africa,1985,0.0
other_africa,1986,0.0
other_africa,1987,0.0
other_africa,1988,0.0
other_africa,1989,0.0
other_africa,1990,0.0
other_africa,1991,0.0
other_africa,1992,0.0
other_africa,1993,0.0
other_africa,1994,0.0
other_africa,1995,0.0
other_africa,1996,0.0
other_africa,1997,0.0
other_africa,1998,0.0
other_africa,1999,0.0
other_africa,2000,0.0
other_africa,2001,0.0
other_africa,2002,0.0
other_africa,2003,0.0
other_africa,2004,0.0
other_africa,2005,0.0
other_africa,2006,0.0
other_africa,2007,0.0
other_africa,2008,0.0
other_africa,2009,0.0
other_africa,2010,0.0
other_africa,2011,0.0
other_africa,2012,0.0
other_africa,2013,0.0
other_africa,2014,0.0
other_asia_pacific,1965,0.0
other_asia_pacific,1966,0.0
other_asia_pacific,1967,0.0
other_asia_pacific,1968,0.0
other_asia_pacific,1969,0.0
other_asia_pacific,1970,0.0
other_asia_pacific,1971,0.0
other_asia_pacific,1972,0.0
other_asia_pacific,1973,0.0
other_asia_pacific,1974,0.0
other_asia_pacific,1975,0.0
other_asia_pacific,1976,0.0
other_asia_pacific,1977,0.0
other_asia_pacific,1978,0.0
other_asia_pacific,1979,0.0
other_asia_pacific,1980,0.0
other_asia_pacific,1981,0.0
other_asia_pacific,1982,0.0
other_asia_pacific,1983,0.0
other_asia_pacific,1984,0.0
other_asia_pacific,1985,0.0
other_asia_pacific,1986,0.0
other_asia_pacific,1987,0.0
other_asia_pacific,1988,0.0
other_asia_pacific,1989,0.0
other_asia_pacific,1990,0.0
other_asia_pacific,1991,0.0
other_asia_pacific,1992,0.0
other_asia_pacific,1993,0.0
other_asia_pacific,1994,0.0
other_asia_pacific,1995,0.0
other_asia_pacific,1996,0.0
other_asia_pacific,1997,0.0
other_asia_pacific,1998,0.0
other_asia_pacific,1999,0.0
other_asia_pacific,2000,0.0
other_asia_pacific,2001,0.0
other_asia_pacific,2002,0.0
other_asia_pacific,2003,0.0
other_asia_pacific,2004,0.0
other_asia_pacific,2005,0.0
other_asia_pacific,2006,0.0
other_asia_pacific,2007,0.0
other_asia_pacific,2008,0.0
other_asia_pacific,2009,0.0
other_asia_pacific,2010,0.0
other_asia_pacific,2011,0.0
other_asia_pacific,2012,0.0
other_asia_pacific,2013,0.0
other_asia_pacific,2014,0.0
other_europe_eurasia,1965,1.8605674
other_europe_eurasia,1966,2.0638598
other_europe_eurasia,1967,2.253894
other_europe_eurasia,1968,3.1333546
other_europe_eurasia,1969,3.6327468
other_europe_eurasia,1970,4.3884642
other_europe_eurasia,1971,5.3872486
other_europe_eurasia,1972,9.833165
other_europe_eurasia,1973,14.3100172
other_europe_eurasia,1974,21.4606064
other_europe_eurasia,1975,28.615615
other_europe_eurasia,1976,38.1526802
other_europe_eurasia,1977,51.0308118
other_europe_eurasia,1978,52.4626974
other_europe_eurasia,1979,59.617706
other_europe_eurasia,1980,73.9233038
other_europe_eurasia,1981,87.3803768
other_europe_eurasia,1982,102.790824599999
other_europe_eurasia,1983,115.3109848
other_europe_eurasia,1984,148.2178372
other_europe_eurasia,1985,9.324934
other_europe_eurasia,1986,6.7749402
other_europe_eurasia,1987,8.8299612
other_europe_eurasia,1988,8.949285
other_europe_eurasia,1989,5.96619
other_europe_eurasia,1990,4.6226924
other_europe_eurasia,1991,3.9730406
other_europe_eurasia,1992,3.9730406
other_europe_eurasia,1993,3.955363
other_europe_eurasia,1994,4.6094342
other_europe_eurasia,1995,5.08231
other_europe_eurasia,1996,6.8854252
other_europe_eurasia,1997,6.6202612
other_europe_eurasia,1998,6.6114224
other_europe_eurasia,1999,6.7749402
other_europe_eurasia,2000,6.7661014
other_europe_eurasia,2001,7.247816
other_europe_eurasia,2002,8.0388886
other_europe_eurasia,2003,7.203622
other_europe_eurasia,2004,7.86315359999998
other_europe_eurasia,2005,8.60193099999998
other_europe_eurasia,2006,8.18829999999997
other_europe_eurasia,2007,8.24839999999997
other_europe_eurasia,2008,8.73459999999997
other_europe_eurasia,2009,8.23169999999997
other_europe_eurasia,2010,8.14699999999997
other_europe_eurasia,2011,8.76399999999997
other_europe_eurasia,2012,7.83799999999997
other_europe_eurasia,2013,7.65869999999997
other_europe_eurasia,2014,8.83379999999997
other_middle_east,1965,0.0
other_middle_east,1966,0.0
other_middle_east,1967,0.0
other_middle_east,1968,0.0
other_middle_east,1969,0.0
other_middle_east,1970,0.0
other_middle_east,1971,0.0
other_middle_east,1972,0.0
other_middle_east,1973,0.0
other_middle_east,1974,0.0
other_middle_east,1975,0.0
other_middle_east,1976,0.0
other_middle_east,1977,0.0
other_middle_east,1978,0.0
other_middle_east,1979,0.0
other_middle_east,1980,0.0
other_middle_east,1981,0.0
other_middle_east,1982,0.0
other_middle_east,1983,0.0
other_middle_east,1984,0.0
other_middle_east,1985,0.0
other_middle_east,1986,0.0
other_middle_east,1987,0.0
other_middle_east,1988,0.0
other_middle_east,1989,0.0
other_middle_east,1990,0.0
other_middle_east,1991,0.0
other_middle_east,1992,0.0
other_middle_east,1993,0.0
other_middle_east,1994,0.0
other_middle_east,1995,0.0
other_middle_east,1996,0.0
other_middle_east,1997,0.0
other_middle_east,1998,0.0
other_middle_east,1999,0.0
other_middle_east,2000,0.0
other_middle_east,2001,0.0
other_middle_east,2002,0.0
other_middle_east,2003,0.0
other_middle_east,2004,0.0
other_middle_east,2005,0.0
other_middle_east,2006,0.0
other_middle_east,2007,0.0
other_middle_east,2008,0.0
other_middle_east,2009,0.0
other_middle_east,2010,0.0
other_middle_east,2011,0.0
other_middle_east,2012,0.0
other_middle_east,2013,0.0
other_middle_east,2014,0.0
other_s_cent_america,1965,0.0
other_s_cent_america,1966,0.0
other_s_cent_america,1967,0.0
other_s_cent_america,1968,0.0
other_s_cent_america,1969,0.0
other_s_cent_america,1970,0.0
other_s_cent_america,1971,0.0
other_s_cent_america,1972,0.0
other_s_cent_america,1973,0.0
other_s_cent_america,1974,0.0
other_s_cent_america,1975,0.0
other_s_cent_america,1976,0.0
other_s_cent_america,1977,0.0
other_s_cent_america,1978,0.0
other_s_cent_america,1979,0.0
other_s_cent_america,1980,0.0
other_s_cent_america,1981,0.0
other_s_cent_america,1982,0.0
other_s_cent_america,1983,0.0
other_s_cent_america,1984,0.0
other_s_cent_america,1985,0.0
other_s_cent_america,1986,0.0
other_s_cent_america,1987,0.0
other_s_cent_america,1988,0.0
other_s_cent_america,1989,0.0
other_s_cent_america,1990,0.0
other_s_cent_america,1991,0.0
other_s_cent_america,1992,0.0
other_s_cent_america,1993,0.0
other_s_cent_america,1994,0.0
other_s_cent_america,1995,0.0
other_s_cent_america,1996,0.0
other_s_cent_america,1997,0.0
other_s_cent_america,1998,0.0
other_s_cent_america,1999,0.0
other_s_cent_america,2000,0.0
other_s_cent_america,2001,0.0
other_s_cent_america,2002,0.0
other_s_cent_america,2003,0.0
other_s_cent_america,2004,0.0
other_s_cent_america,2005,0.0
other_s_cent_america,2006,0.0
other_s_cent_america,2007,0.0
other_s_cent_america,2008,0.0
other_s_cent_america,2009,0.0
other_s_cent_america,2010,0.0
other_s_cent_america,2011,0.0
other_s_cent_america,2012,0.0
other_s_cent_america,2013,0.0
other_s_cent_america,2014,0.0
pakistan,1965,0.0
pakistan,1966,0.0
pakistan,1967,0.0
pakistan,1968,0.0
pakistan,1969,0.0
pakistan,1970,0.0
pakistan,1971,0.0486134
pakistan,1972,0.2032924
pakistan,1973,0.3800684
pakistan,1974,0.530328
pakistan,1975,0.6098772
pakistan,1976,0.5170698
pakistan,1977,0.3270356
pakistan,1978,0.1679372
pakistan,1979,0.0530328
pakistan,1980,0.0795492
pakistan,1981,0.1679372
pakistan,1982,0.2032924
pakistan,1983,0.2740028
pakistan,1984,0.331455
pakistan,1985,0.3889072
pakistan,1986,0.5259086
pakistan,1987,0.3049386
pakistan,1988,0.1944536
pakistan,1989,0.1193238
pakistan,1990,0.419843
pakistan,1991,0.419843
pakistan,1992,0.552425
pakistan,1993,0.4065848
pakistan,1994,0.5877802
pakistan,1995,0.5214892
pakistan,1996,0.3270356
pakistan,1997,0.4507788
pakistan,1998,0.3933266
pakistan,1999,0.0795492
pakistan,2000,0.9457516
pakistan,2001,2.0859568
pakistan,2002,1.8959226
pakistan,2003,1.9047614
pakistan,2004,2.4174118
pakistan,2005,2.62749999999999
pakistan,2006,2.75149999999999
pakistan,2007,2.51999999999999
pakistan,2008,1.89899999999999
pakistan,2009,2.72099999999999
pakistan,2010,2.40549999999999
pakistan,2011,3.88149999999999
pakistan,2012,4.44299999999998
pakistan,2013,5.22399999999998
pakistan,2014,4.94448299999998
peru,1965,0.0
peru,1966,0.0
peru,1967,0.0
peru,1968,0.0
peru,1969,0.0
peru,1970,0.0
peru,1971,0.0
peru,1972,0.0
peru,1973,0.0
peru,1974,0.0
peru,1975,0.0
peru,1976,0.0
peru,1977,0.0
peru,1978,0.0
peru,1979,0.0
peru,1980,0.0
peru,1981,0.0
peru,1982,0.0
peru,1983,0.0
peru,1984,0.0
peru,1985,0.0
peru,1986,0.0
peru,1987,0.0
peru,1988,0.0
peru,1989,0.0
peru,1990,0.0
peru,1991,0.0
peru,1992,0.0
peru,1993,0.0
peru,1994,0.0
peru,1995,0.0
peru,1996,0.0
peru,1997,0.0
peru,1998,0.0
peru,1999,0.0
peru,2000,0.0
peru,2001,0.0
peru,2002,0.0
peru,2003,0.0
peru,2004,0.0
peru,2005,0.0
peru,2006,0.0
peru,2007,0.0
peru,2008,0.0
peru,2009,0.0
peru,2010,0.0
peru,2011,0.0
peru,2012,0.0
peru,2013,0.0
peru,2014,0.0
philippines,1965,0.0
philippines,1966,0.0
philippines,1967,0.0
philippines,1968,0.0
philippines,1969,0.0
philippines,1970,0.0
philippines,1971,0.0
philippines,1972,0.0
philippines,1973,0.0
philippines,1974,0.0
philippines,1975,0.0
philippines,1976,0.0
philippines,1977,0.0
philippines,1978,0.0
philippines,1979,0.0
philippines,1980,0.0
philippines,1981,0.0
philippines,1982,0.0
philippines,1983,0.0
philippines,1984,0.0
philippines,1985,0.0
philippines,1986,0.0
philippines,1987,0.0
philippines,1988,0.0
philippines,1989,0.0
philippines,1990,0.0
philippines,1991,0.0
philippines,1992,0.0
philippines,1993,0.0
philippines,1994,0.0
philippines,1995,0.0
philippines,1996,0.0
philippines,1997,0.0
philippines,1998,0.0
philippines,1999,0.0
philippines,2000,0.0
philippines,2001,0.0
philippines,2002,0.0
philippines,2003,0.0
philippines,2004,0.0
philippines,2005,0.0
philippines,2006,0.0
philippines,2007,0.0
philippines,2008,0.0
philippines,2009,0.0
philippines,2010,0.0
philippines,2011,0.0
philippines,2012,0.0
philippines,2013,0.0
philippines,2014,0.0
poland,1965,0.0
poland,1966,0.0
poland,1967,0.0
poland,1968,0.0
poland,1969,0.0
poland,1970,0.0
poland,1971,0.0
poland,1972,0.0
poland,1973,0.0
poland,1974,0.0
poland,1975,0.0
poland,1976,0.0
poland,1977,0.0
poland,1978,0.0
poland,1979,0.0
poland,1980,0.0
poland,1981,0.0
poland,1982,0.0
poland,1983,0.0
poland,1984,0.0
poland,1985,0.0
poland,1986,0.0
poland,1987,0.0
poland,1988,0.0
poland,1989,0.0
poland,1990,0.0
poland,1991,0.0
poland,1992,0.0
poland,1993,0.0
poland,1994,0.0
poland,1995,0.0
poland,1996,0.0
poland,1997,0.0
poland,1998,0.0
poland,1999,0.0
poland,2000,0.0
poland,2001,0.0
poland,2002,0.0
poland,2003,0.0
poland,2004,0.0
poland,2005,0.0
poland,2006,0.0
poland,2007,0.0
poland,2008,0.0
poland,2009,0.0
poland,2010,0.0
poland,2011,0.0
poland,2012,0.0
poland,2013,0.0
poland,2014,0.0
portugal,1965,0.0
portugal,1966,0.0
portugal,1967,0.0
portugal,1968,0.0
portugal,1969,0.0
portugal,1970,0.0
portugal,1971,0.0
portugal,1972,0.0
portugal,1973,0.0
portugal,1974,0.0
portugal,1975,0.0
portugal,1976,0.0
portugal,1977,0.0
portugal,1978,0.0
portugal,1979,0.0
portugal,1980,0.0
portugal,1981,0.0
portugal,1982,0.0
portugal,1983,0.0
portugal,1984,0.0
portugal,1985,0.0
portugal,1986,0.0
portugal,1987,0.0
portugal,1988,0.0
portugal,1989,0.0
portugal,1990,0.0
portugal,1991,0.0
portugal,1992,0.0
portugal,1993,0.0
portugal,1994,0.0
portugal,1995,0.0
portugal,1996,0.0
portugal,1997,0.0
portugal,1998,0.0
portugal,1999,0.0
portugal,2000,0.0
portugal,2001,0.0
portugal,2002,0.0
portugal,2003,0.0
portugal,2004,0.0
portugal,2005,0.0
portugal,2006,0.0
portugal,2007,0.0
portugal,2008,0.0
portugal,2009,0.0
portugal,2010,0.0
portugal,2011,0.0
portugal,2012,0.0
portugal,2013,0.0
portugal,2014,0.0
qatar,1965,0.0
qatar,1966,0.0
qatar,1967,0.0
qatar,1968,0.0
qatar,1969,0.0
qatar,1970,0.0
qatar,1971,0.0
qatar,1972,0.0
qatar,1973,0.0
qatar,1974,0.0
qatar,1975,0.0
qatar,1976,0.0
qatar,1977,0.0
qatar,1978,0.0
qatar,1979,0.0
qatar,1980,0.0
qatar,1981,0.0
qatar,1982,0.0
qatar,1983,0.0
qatar,1984,0.0
qatar,1985,0.0
qatar,1986,0.0
qatar,1987,0.0
qatar,1988,0.0
qatar,1989,0.0
qatar,1990,0.0
qatar,1991,0.0
qatar,1992,0.0
qatar,1993,0.0
qatar,1994,0.0
qatar,1995,0.0
qatar,1996,0.0
qatar,1997,0.0
qatar,1998,0.0
qatar,1999,0.0
qatar,2000,0.0
qatar,2001,0.0
qatar,2002,0.0
qatar,2003,0.0
qatar,2004,0.0
qatar,2005,0.0
qatar,2006,0.0
qatar,2007,0.0
qatar,2008,0.0
qatar,2009,0.0
qatar,2010,0.0
qatar,2011,0.0
qatar,2012,0.0
qatar,2013,0.0
qatar,2014,0.0
republic_of_ireland,1965,0.0
republic_of_ireland,1966,0.0
republic_of_ireland,1967,0.0
republic_of_ireland,1968,0.0
republic_of_ireland,1969,0.0
republic_of_ireland,1970,0.0
republic_of_ireland,1971,0.0
republic_of_ireland,1972,0.0
republic_of_ireland,1973,0.0
republic_of_ireland,1974,0.0
republic_of_ireland,1975,0.0
republic_of_ireland,1976,0.0
republic_of_ireland,1977,0.0
republic_of_ireland,1978,0.0
republic_of_ireland,1979,0.0
republic_of_ireland,1980,0.0
republic_of_ireland,1981,0.0
republic_of_ireland,1982,0.0
republic_of_ireland,1983,0.0
republic_of_ireland,1984,0.0
republic_of_ireland,1985,0.0
republic_of_ireland,1986,0.0
republic_of_ireland,1987,0.0
republic_of_ireland,1988,0.0
republic_of_ireland,1989,0.0
republic_of_ireland,1990,0.0
republic_of_ireland,1991,0.0
republic_of_ireland,1992,0.0
republic_of_ireland,1993,0.0
republic_of_ireland,1994,0.0
republic_of_ireland,1995,0.0
republic_of_ireland,1996,0.0
republic_of_ireland,1997,0.0
republic_of_ireland,1998,0.0
republic_of_ireland,1999,0.0
republic_of_ireland,2000,0.0
republic_of_ireland,2001,0.0
republic_of_ireland,2002,0.0
republic_of_ireland,2003,0.0
republic_of_ireland,2004,0.0
republic_of_ireland,2005,0.0
republic_of_ireland,2006,0.0
republic_of_ireland,2007,0.0
republic_of_ireland,2008,0.0
republic_of_ireland,2009,0.0
republic_of_ireland,2010,0.0
republic_of_ireland,2011,0.0
republic_of_ireland,2012,0.0
republic_of_ireland,2013,0.0
republic_of_ireland,2014,0.0
romania,1965,0.0
romania,1966,0.0
romania,1967,0.0
romania,1968,0.0
romania,1969,0.0
romania,1970,0.0
romania,1971,0.0
romania,1972,0.0
romania,1973,0.0
romania,1974,0.0
romania,1975,0.0
romania,1976,0.0
romania,1977,0.0
romania,1978,0.0
romania,1979,0.0
romania,1980,0.0
romania,1981,0.0
romania,1982,0.0
romania,1983,0.0
romania,1984,0.0
romania,1985,0.0
romania,1986,0.0
romania,1987,0.0
romania,1988,0.0
romania,1989,0.0
romania,1990,0.0
romania,1991,0.0
romania,1992,0.0
romania,1993,0.0
romania,1994,0.0
romania,1995,0.0
romania,1996,1.3876916
romania,1997,5.4005068
romania,1998,5.3076994
romania,1999,5.1972144
romania,2000,5.457959
romania,2001,5.4447008
romania,2002,5.5154112
romania,2003,4.905534
romania,2004,5.54799999999998
romania,2005,5.55499999999998
romania,2006,5.63199999999998
romania,2007,7.70899999999997
romania,2008,11.2259999999999
romania,2009,11.7519999999999
romania,2010,11.6229999999999
romania,2011,11.7471999999999
romania,2012,11.4661999999999
romania,2013,11.6183999999999
romania,2014,11.6755999999999
russian_federation,1985,99.3171762
russian_federation,1986,105.2214946
russian_federation,1987,124.7022098
russian_federation,1988,134.813796999999
russian_federation,1989,136.33849
russian_federation,1990,118.3250156
russian_federation,1991,120.0043876
russian_federation,1992,119.6464162
russian_federation,1993,119.2044762
russian_federation,1994,97.845516
russian_federation,1995,99.3967254
russian_federation,1996,109.0177592
russian_federation,1997,108.3150746
russian_federation,1998,104.1166446
russian_federation,1999,119.964613
russian_federation,2000,130.5225596
russian_federation,2001,136.9262702
russian_federation,2002,141.6550282
russian_federation,2003,148.6288414
russian_federation,2004,144.7265112
russian_federation,2005,147.605999999999
russian_federation,2006,156.499999999999
russian_federation,2007,160.057499999999
russian_federation,2008,163.083899999999
russian_federation,2009,163.582499999999
russian_federation,2010,170.414599999999
russian_federation,2011,172.941299999999
russian_federation,2012,177.533899999999
russian_federation,2013,172.507899999999
russian_federation,2014,180.760099999999
saudi_arabia,1965,0.0
saudi_arabia,1966,0.0
saudi_arabia,1967,0.0
saudi_arabia,1968,0.0
saudi_arabia,1969,0.0
saudi_arabia,1970,0.0
saudi_arabia,1971,0.0
saudi_arabia,1972,0.0
saudi_arabia,1973,0.0
saudi_arabia,1974,0.0
saudi_arabia,1975,0.0
saudi_arabia,1976,0.0
saudi_arabia,1977,0.0
saudi_arabia,1978,0.0
saudi_arabia,1979,0.0
saudi_arabia,1980,0.0
saudi_arabia,1981,0.0
saudi_arabia,1982,0.0
saudi_arabia,1983,0.0
saudi_arabia,1984,0.0
saudi_arabia,1985,0.0
saudi_arabia,1986,0.0
saudi_arabia,1987,0.0
saudi_arabia,1988,0.0
saudi_arabia,1989,0.0
saudi_arabia,1990,0.0
saudi_arabia,1991,0.0
saudi_arabia,1992,0.0
saudi_arabia,1993,0.0
saudi_arabia,1994,0.0
saudi_arabia,1995,0.0
saudi_arabia,1996,0.0
saudi_arabia,1997,0.0
saudi_arabia,1998,0.0
saudi_arabia,1999,0.0
saudi_arabia,2000,0.0
saudi_arabia,2001,0.0
saudi_arabia,2002,0.0
saudi_arabia,2003,0.0
saudi_arabia,2004,0.0
saudi_arabia,2005,0.0
saudi_arabia,2006,0.0
saudi_arabia,2007,0.0
saudi_arabia,2008,0.0
saudi_arabia,2009,0.0
saudi_arabia,2010,0.0
saudi_arabia,2011,0.0
saudi_arabia,2012,0.0
saudi_arabia,2013,0.0
saudi_arabia,2014,0.0
singapore,1965,0.0
singapore,1966,0.0
singapore,1967,0.0
singapore,1968,0.0
singapore,1969,0.0
singapore,1970,0.0
singapore,1971,0.0
singapore,1972,0.0
singapore,1973,0.0
singapore,1974,0.0
singapore,1975,0.0
singapore,1976,0.0
singapore,1977,0.0
singapore,1978,0.0
singapore,1979,0.0
singapore,1980,0.0
singapore,1981,0.0
singapore,1982,0.0
singapore,1983,0.0
singapore,1984,0.0
singapore,1985,0.0
singapore,1986,0.0
singapore,1987,0.0
singapore,1988,0.0
singapore,1989,0.0
singapore,1990,0.0
singapore,1991,0.0
singapore,1992,0.0
singapore,1993,0.0
singapore,1994,0.0
singapore,1995,0.0
singapore,1996,0.0
singapore,1997,0.0
singapore,1998,0.0
singapore,1999,0.0
singapore,2000,0.0
singapore,2001,0.0
singapore,2002,0.0
singapore,2003,0.0
singapore,2004,0.0
singapore,2005,0.0
singapore,2006,0.0
singapore,2007,0.0
singapore,2008,0.0
singapore,2009,0.0
singapore,2010,0.0
singapore,2011,0.0
singapore,2012,0.0
singapore,2013,0.0
singapore,2014,0.0
slovakia,1965,0.0
slovakia,1966,0.0
slovakia,1967,0.0
slovakia,1968,0.0
slovakia,1969,0.0
slovakia,1970,0.0
slovakia,1971,0.0
slovakia,1972,0.0044194
slovakia,1973,0.2342282
slovakia,1974,0.4905534
slovakia,1975,0.1856148
slovakia,1976,0.44194
slovakia,1977,0.110485
slovakia,1978,0.0176776
slovakia,1979,2.1478284
slovakia,1980,4.5254656
slovakia,1981,5.1309234
slovakia,1982,5.8424468
slovakia,1983,6.1518048
slovakia,1984,7.2433966
slovakia,1985,9.3868056
slovakia,1986,11.7202488
slovakia,1987,11.512537
slovakia,1988,11.4727624
slovakia,1989,12.1621888
slovakia,1990,12.0384456
slovakia,1991,11.6937324
slovakia,1992,11.0617582
slovakia,1993,11.9412188
slovakia,1994,12.1400918
slovakia,1995,11.4418266
slovakia,1996,11.2783088
slovakia,1997,10.8010136
slovakia,1998,11.3976326
slovakia,1999,13.1167792
slovakia,2000,16.4976202
slovakia,2001,17.1074974
slovakia,2002,17.9560222
slovakia,2003,17.8676342
slovakia,2004,17.0259999999999
slovakia,2005,17.7269999999999
slovakia,2006,18.0119999999999
slovakia,2007,15.3339999999999
slovakia,2008,16.7039999999999
slovakia,2009,14.0809999999999
slovakia,2010,14.5739999999999
slovakia,2011,15.4109999999999
slovakia,2012,15.4949999999999
slovakia,2013,15.7199999999999
slovakia,2014,15.4989999999999
south_africa,1965,0.0
south_africa,1966,0.0
south_africa,1967,0.0
south_africa,1968,0.0
south_africa,1969,0.0
south_africa,1970,0.0
south_africa,1971,0.0
south_africa,1972,0.0
south_africa,1973,0.0
south_africa,1974,0.0
south_africa,1975,0.0
south_africa,1976,0.0
south_africa,1977,0.0
south_africa,1978,0.0
south_africa,1979,0.0
south_africa,1980,0.0
south_africa,1981,0.0
south_africa,1982,0.0
south_africa,1983,0.0
south_africa,1984,4.132139
south_africa,1985,5.5949604
south_africa,1986,9.2674818
south_africa,1987,6.4920986
south_africa,1988,11.0485
south_africa,1989,11.6848936
south_africa,1990,8.8962522
south_africa,1991,9.6254532
south_africa,1992,9.7801322
south_africa,1993,7.6367232
south_africa,1994,10.2132334
south_africa,1995,11.8970248
south_africa,1996,12.396417
south_africa,1997,13.3112328
south_africa,1998,14.318856
south_africa,1999,13.5145252
south_africa,2000,13.6957206
south_africa,2001,11.2871476
south_africa,2002,12.6262258
south_africa,2003,13.3294736842106
south_africa,2004,14.0684210526316
south_africa,2005,11.8873684210527
south_africa,2006,10.5536842105263
south_africa,2007,11.9126315789474
south_africa,2008,13.6884210526316
south_africa,2009,13.4800000000001
south_africa,2010,12.7357894736843
south_africa,2011,14.2126315789474
south_africa,2012,12.5831578947369
south_africa,2013,14.8484210526316
south_africa,2014,16.064272826376
south_korea,1965,0.0
south_korea,1966,0.0
south_korea,1967,0.0
south_korea,1968,0.0
south_korea,1969,0.0
south_korea,1970,0.0
south_korea,1971,0.0
south_korea,1972,0.0
south_korea,1973,0.0
south_korea,1974,0.0
south_korea,1975,0.0
south_korea,1976,0.0
south_korea,1977,0.0707104
south_korea,1978,2.3246044
south_korea,1979,3.1510322
south_korea,1980,3.4780678
south_korea,1981,2.894707
south_korea,1982,3.7741676
south_korea,1983,8.9669626
south_korea,1984,11.7909592
south_korea,1985,16.7451066
south_korea,1986,28.3150958
south_korea,1987,39.3194018
south_korea,1988,40.106055
south_korea,1989,47.3715486
south_korea,1990,52.8957986
south_korea,1991,56.3208336
south_korea,1992,56.5418036
south_korea,1993,58.1504652
south_korea,1994,58.6631156
south_korea,1995,67.0378786
south_korea,1996,73.936562
south_korea,1997,77.096433
south_korea,1998,89.7049812
south_korea,1999,103.082505
south_korea,2000,108.982404
south_korea,2001,112.1511138
south_korea,2002,119.124927
south_korea,2003,129.6828736
south_korea,2004,130.714999999999
south_korea,2005,146.856999999999
south_korea,2006,148.748999999999
south_korea,2007,142.936999999999
south_korea,2008,150.957999999999
south_korea,2009,147.771199999999
south_korea,2010,148.595999999999
south_korea,2011,154.722999999999
south_korea,2012,150.326999999999
south_korea,2013,138.785999999999
south_korea,2014,156.406999999999
spain,1965,0.0
spain,1966,0.0
spain,1967,0.0
spain,1968,0.0795492
spain,1969,0.8441054
spain,1970,0.9369128
spain,1971,2.5676714
spain,1972,4.6978222
spain,1973,6.5893254
spain,1974,7.2080414
spain,1975,7.5439158
spain,1976,7.557174
spain,1977,6.5230344
spain,1978,7.6278844
spain,1979,6.6998104
spain,1980,5.1883756
spain,1981,9.5724204
spain,1982,8.772509
spain,1983,10.6640122
spain,1984,23.091365
spain,1985,28.0455124
spain,1986,37.4632538
spain,1987,41.277196
spain,1988,50.4739674
spain,1989,56.1396382
spain,1990,54.2746514
spain,1991,55.5872132
spain,1992,55.7905056
spain,1993,56.0689278
spain,1994,55.3220492
spain,1995,55.4546312
spain,1996,56.3385112
spain,1997,55.308791
spain,1998,59.0122482
spain,1999,58.8619886
spain,2000,62.2163132
spain,2001,63.7189092
spain,2002,63.0159999999997
spain,2003,61.8749999999997
spain,2004,63.6059999999997
spain,2005,57.5389999999997
spain,2006,60.1259999999997
spain,2007,55.1029999999998
spain,2008,58.9709999999997
spain,2009,52.7612999999997
spain,2010,61.9900011627904
spain,2011,57.7309999948253
spain,2012,61.4699999999997
spain,2013,56.7309999999997
spain,2014,57.2994679999997
sweden,1965,0.0176776
sweden,1966,0.0486134
sweden,1967,0.0486134
sweden,1968,0.022097
sweden,1969,0.0618716
sweden,1970,0.0530328
sweden,1971,0.088388
sweden,1972,1.4672408
sweden,1973,2.1124732
sweden,1974,2.055021
sweden,1975,11.9721546
sweden,1976,15.9938086
sweden,1977,19.9182358
sweden,1978,23.7852108
sweden,1979,21.0407634
sweden,1980,26.494303
sweden,1981,37.6842238
sweden,1982,39.0542378
sweden,1983,41.012032
sweden,1984,50.933585
sweden,1985,58.5703082
sweden,1986,69.9635214
sweden,1987,67.5903036
sweden,1988,69.4331934
sweden,1989,65.6148318
sweden,1990,68.1957614
sweden,1991,76.7738168
sweden,1992,63.5553914
sweden,1993,61.407563
sweden,1994,73.1675864
sweden,1995,69.9767796
sweden,1996,73.2869102
sweden,1997,69.937005
sweden,1998,70.4761718
sweden,1999,73.2029416
sweden,2000,57.4522
sweden,2001,72.1201886
sweden,2002,68.125051
sweden,2003,67.4267858
sweden,2004,76.6539999999997
sweden,2005,72.3769999999997
sweden,2006,66.9769999999997
sweden,2007,66.9689999999997
sweden,2008,64.2789999999997
sweden,2009,52.6557894736845
sweden,2010,58.5536842105267
sweden,2011,61.0800000000004
sweden,2012,64.6242105263162
sweden,2013,66.9515789473689
sweden,2014,65.448421052632
switzerland,1965,0.0
switzerland,1966,0.0
switzerland,1967,0.0
switzerland,1968,0.0
switzerland,1969,0.530328
switzerland,1970,2.4925416
switzerland,1971,2.7532862
switzerland,1972,3.5885528
switzerland,1973,6.2711286
switzerland,1974,6.1606436
switzerland,1975,7.3715592
switzerland,1976,7.8974678
switzerland,1977,8.0698244
switzerland,1978,7.999114
switzerland,1979,9.3823862
switzerland,1980,13.6471072
switzerland,1981,14.4646962
switzerland,1982,14.2790814
switzerland,1983,14.8005706
switzerland,1984,17.4080166
switzerland,1985,22.561037
switzerland,1986,22.583134
switzerland,1987,23.0073964
switzerland,1988,22.7952652
switzerland,1989,22.8394592
switzerland,1990,23.6393706
switzerland,1991,22.958783
switzerland,1992,23.4537558
switzerland,1993,23.356529
switzerland,1994,24.3685716
switzerland,1995,24.8988996
switzerland,1996,25.146386
switzerland,1997,25.4159694
switzerland,1998,25.8358124
switzerland,1999,24.9386742
switzerland,2000,26.3256999999999
switzerland,2001,26.6731999999999
switzerland,2002,27.0738999999999
switzerland,2003,27.3154999999998
switzerland,2004,26.7693999999999
switzerland,2005,23.1757999999999
switzerland,2006,27.6488999999999
switzerland,2007,27.7712999999998
switzerland,2008,27.5073684210528
switzerland,2009,27.4936842105265
switzerland,2010,26.5315789473686
switzerland,2011,26.9052631578949
switzerland,2012,25.6263157894738
switzerland,2013,26.1800000000001
switzerland,2014,27.7578947368423
taiwan,1965,0.0
taiwan,1966,0.0
taiwan,1967,0.0
taiwan,1968,0.0
taiwan,1969,0.0
taiwan,1970,0.0
taiwan,1971,0.0
taiwan,1972,0.0
taiwan,1973,0.0
taiwan,1974,0.0
taiwan,1975,0.0
taiwan,1976,0.0
taiwan,1977,0.1016462
taiwan,1978,2.6693176
taiwan,1979,6.3285808
taiwan,1980,8.197987
taiwan,1981,10.6684316
taiwan,1982,13.0858434
taiwan,1983,18.9061932
taiwan,1984,24.593961
taiwan,1985,28.7305194
taiwan,1986,26.9450818
taiwan,1987,33.1322418
taiwan,1988,30.6573778
taiwan,1989,28.2797406
taiwan,1990,32.8659529999998
taiwan,1991,35.2900819999998
taiwan,1992,33.8445049999998
taiwan,1993,34.3541549999998
taiwan,1994,34.8705449999998
taiwan,1995,35.3156399999998
taiwan,1996,37.7876909599998
taiwan,1997,36.2694705999998
taiwan,1998,36.8244652599998
taiwan,1999,38.4158051999998
taiwan,2000,38.5027905199998
taiwan,2001,35.4864223999998
taiwan,2002,39.5529204709998
taiwan,2003,38.8895759609998
taiwan,2004,39.4900649999998
taiwan,2005,39.9720079999998
taiwan,2006,39.8704979999998
taiwan,2007,40.5391599999998
taiwan,2008,40.8268599999998
taiwan,2009,41.5711299999998
taiwan,2010,41.6286899999998
taiwan,2011,42.1164907999998
taiwan,2012,40.4217297999998
taiwan,2013,41.6393599999998
taiwan,2014,42.3889749999998
thailand,1965,0.0
thailand,1966,0.0
thailand,1967,0.0
thailand,1968,0.0
thailand,1969,0.0
thailand,1970,0.0
thailand,1971,0.0
thailand,1972,0.0
thailand,1973,0.0
thailand,1974,0.0
thailand,1975,0.0
thailand,1976,0.0
thailand,1977,0.0
thailand,1978,0.0
thailand,1979,0.0
thailand,1980,0.0
thailand,1981,0.0
thailand,1982,0.0
thailand,1983,0.0
thailand,1984,0.0
thailand,1985,0.0
thailand,1986,0.0
thailand,1987,0.0
thailand,1988,0.0
thailand,1989,0.0
thailand,1990,0.0
thailand,1991,0.0
thailand,1992,0.0
thailand,1993,0.0
thailand,1994,0.0
thailand,1995,0.0
thailand,1996,0.0
thailand,1997,0.0
thailand,1998,0.0
thailand,1999,0.0
thailand,2000,0.0
thailand,2001,0.0
thailand,2002,0.0
thailand,2003,0.0
thailand,2004,0.0
thailand,2005,0.0
thailand,2006,0.0
thailand,2007,0.0
thailand,2008,0.0
thailand,2009,0.0
thailand,2010,0.0
thailand,2011,0.0
thailand,2012,0.0
thailand,2013,0.0
thailand,2014,0.0
total_africa,1965,0.0
total_africa,1966,0.0
total_africa,1967,0.0
total_africa,1968,0.0
total_africa,1969,0.0
total_africa,1970,0.0
total_africa,1971,0.0
total_africa,1972,0.0
total_africa,1973,0.0
total_africa,1974,0.0
total_africa,1975,0.0
total_africa,1976,0.0
total_africa,1977,0.0
total_africa,1978,0.0
total_africa,1979,0.0
total_africa,1980,0.0
total_africa,1981,0.0
total_africa,1982,0.0
total_africa,1983,0.0
total_africa,1984,4.132139
total_africa,1985,5.5949604
total_africa,1986,9.2674818
total_africa,1987,6.4920986
total_africa,1988,11.0485
total_africa,1989,11.6848936
total_africa,1990,8.8962522
total_africa,1991,9.6254532
total_africa,1992,9.7801322
total_africa,1993,7.6367232
total_africa,1994,10.2132334
total_africa,1995,11.8970248
total_africa,1996,12.396417
total_africa,1997,13.3112328
total_africa,1998,14.318856
total_africa,1999,13.5145252
total_africa,2000,13.6957206
total_africa,2001,11.2871476
total_africa,2002,12.6262258
total_africa,2003,13.3294736842106
total_africa,2004,14.0684210526316
total_africa,2005,11.8873684210527
total_africa,2006,10.5536842105263
total_africa,2007,11.9126315789474
total_africa,2008,13.6884210526316
total_africa,2009,13.4800000000001
total_africa,2010,12.7357894736843
total_africa,2011,14.2126315789474
total_africa,2012,12.5831578947369
total_africa,2013,14.8484210526316
total_africa,2014,16.064272826376
total_asia_pacific,1965,0.0265164
total_asia_pacific,1966,0.3712296
total_asia_pacific,1967,0.8485248
total_asia_pacific,1968,0.7203622
total_asia_pacific,1969,1.6616944
total_asia_pacific,1970,4.6138536
total_asia_pacific,1971,8.1184378
total_asia_pacific,1972,9.9082948
total_asia_pacific,1973,11.8307338
total_asia_pacific,1974,20.9126008
total_asia_pacific,1975,24.4657984
total_asia_pacific,1976,39.9248596
total_asia_pacific,1977,30.5203764
total_asia_pacific,1978,59.4674464
total_asia_pacific,1979,73.8304964
total_asia_pacific,1980,96.829054
total_asia_pacific,1981,101.8141372
total_asia_pacific,1982,124.7552426
total_asia_pacific,1983,140.0110114
total_asia_pacific,1984,167.49526
total_asia_pacific,1985,202.3289708
total_asia_pacific,1986,227.2853226
total_asia_pacific,1987,267.4753462
total_asia_pacific,1988,252.0030268
total_asia_pacific,1989,266.4544648
total_asia_pacific,1990,288.302853599999
total_asia_pacific,1991,306.826856799999
total_asia_pacific,1992,315.377962599999
total_asia_pacific,1993,349.360148199999
total_asia_pacific,1994,373.325874599999
total_asia_pacific,1995,411.176771199999
total_asia_pacific,1996,432.36056176
total_asia_pacific,1997,460.063414199999
total_asia_pacific,1998,479.617409459999
total_asia_pacific,1999,486.958388799999
total_asia_pacific,2000,500.679223119999
total_asia_pacific,2001,507.182242599999
total_asia_pacific,2002,519.990313871
total_asia_pacific,2003,462.391839160999
total_asia_pacific,2004,525.776182799999
total_asia_pacific,2005,553.405948199997
total_asia_pacific,2006,568.853757999997
total_asia_pacific,2007,544.966939999997
total_asia_pacific,2008,529.052589999997
total_asia_pacific,2009,566.369509999997
total_asia_pacific,2010,581.947299999997
total_asia_pacific,2011,482.221925799998
total_asia_pacific,2012,343.716439799998
total_asia_pacific,2013,345.170599999998
total_asia_pacific,2014,364.768717999998
total_europe_eurasia,1965,21.7832226
total_europe_eurasia,1966,28.2106108
total_europe_eurasia,1967,33.3102104
total_europe_eurasia,1968,37.6789328
total_europe_eurasia,1969,46.536185
total_europe_eurasia,1970,49.7575724
total_europe_eurasia,1971,57.7438804
total_europe_eurasia,1972,77.2797896
total_europe_eurasia,1973,88.596582
total_europe_eurasia,1974,107.5305812
total_europe_eurasia,1975,144.200823599999
total_europe_eurasia,1976,174.044353399999
total_europe_eurasia,1977,212.495791399999
total_europe_eurasia,1978,233.160383799999
total_europe_eurasia,1979,261.4654908
total_europe_eurasia,1980,312.210836399999
total_europe_eurasia,1981,408.395299999999
total_europe_eurasia,1982,454.165706799999
total_europe_eurasia,1983,528.421411599999
total_europe_eurasia,1984,669.744818599999
total_europe_eurasia,1985,800.474181199999
total_europe_eurasia,1986,847.087963399999
total_europe_eurasia,1987,898.420203599999
total_europe_eurasia,1988,986.1400884
total_europe_eurasia,1989,1024.842858
total_europe_eurasia,1990,1013.0101088
total_europe_eurasia,1991,1037.79610259999
total_europe_eurasia,1992,1044.66223119999
total_europe_eurasia,1993,1081.09587719999
total_europe_eurasia,1994,1050.2226718
total_europe_eurasia,1995,1077.064487
total_europe_eurasia,1996,1142.97552739999
total_europe_eurasia,1997,1152.7750698
total_europe_eurasia,1998,1136.9922438
total_europe_eurasia,1999,1162.8560596
total_europe_eurasia,2000,1181.71840571578
total_europe_eurasia,2001,1221.13494012631
total_europe_eurasia,2002,1239.76654083157
total_europe_eurasia,2003,1258.42973816842
total_europe_eurasia,2004,1272.55844511579
total_europe_eurasia,2005,1261.11095592631
total_europe_eurasia,2006,1268.35196315789
total_europe_eurasia,2007,1219.28383510526
total_europe_eurasia,2008,1221.87549321052
total_europe_eurasia,2009,1171.59378499999
total_europe_eurasia,2010,1206.00650220474
total_europe_eurasia,2011,1199.98647588955
total_europe_eurasia,2012,1178.8349007224
total_europe_eurasia,2013,1161.85545973683
total_europe_eurasia,2014,1175.80958057894
total_middle_east,1965,0.0
total_middle_east,1966,0.0
total_middle_east,1967,0.0
total_middle_east,1968,0.0
total_middle_east,1969,0.0
total_middle_east,1970,0.0
total_middle_east,1971,0.0
total_middle_east,1972,0.0
total_middle_east,1973,0.0
total_middle_east,1974,0.0
total_middle_east,1975,0.0
total_middle_east,1976,0.0
total_middle_east,1977,0.0
total_middle_east,1978,0.0
total_middle_east,1979,0.0
total_middle_east,1980,0.0
total_middle_east,1981,0.0
total_middle_east,1982,0.0
total_middle_east,1983,0.0
total_middle_east,1984,0.0
total_middle_east,1985,0.0
total_middle_east,1986,0.0
total_middle_east,1987,0.0
total_middle_east,1988,0.0
total_middle_east,1989,0.0
total_middle_east,1990,0.0
total_middle_east,1991,0.0
total_middle_east,1992,0.0
total_middle_east,1993,0.0
total_middle_east,1994,0.0
total_middle_east,1995,0.0
total_middle_east,1996,0.0
total_middle_east,1997,0.0
total_middle_east,1998,0.0
total_middle_east,1999,0.0
total_middle_east,2000,0.0
total_middle_east,2001,0.0
total_middle_east,2002,0.0
total_middle_east,2003,0.0
total_middle_east,2004,0.0
total_middle_east,2005,0.0
total_middle_east,2006,0.0
total_middle_east,2007,0.0
total_middle_east,2008,0.0
total_middle_east,2009,0.0
total_middle_east,2010,0.0
total_middle_east,2011,0.10313684210526
total_middle_east,2012,1.39822105263159
total_middle_east,2013,4.09860000000003
total_middle_east,2014,4.35789473684214
total_north_america,1965,3.84947368421055
total_north_america,1966,5.81052631578952
total_north_america,1967,8.05789473684216
total_north_america,1968,13.1873684210527
total_north_america,1969,14.661052631579
total_north_america,1970,22.9515789473685
total_north_america,1971,44.1100833157897
total_north_america,1972,63.6421245368425
total_north_america,1973,102.173809978948
total_north_america,1974,133.878169242106
total_north_america,1975,193.384008526317
total_north_america,1976,217.063106463159
total_north_america,1977,290.851254821054
total_north_america,1978,323.883895115791
total_north_america,1979,301.729710526317
total_north_america,1980,300.063480578949
total_north_america,1981,323.065470157896
total_north_america,1982,335.998503873686
total_north_america,1983,357.751503610528
total_north_america,1984,397.097525136844
total_north_america,1985,464.413365557897
total_north_america,1986,507.109976284213
total_north_america,1987,556.504787947371
total_north_america,1988,637.589848652635
total_north_america,1989,636.903861178951
total_north_america,1990,682.622058894741
total_north_america,1991,733.386834526321
total_north_america,1992,735.2852709579
total_north_america,1993,740.627839873689
total_north_america,1994,785.474202947374
total_north_america,1995,814.453894452637
total_north_america,1996,810.242948094742
total_north_america,1997,754.1459829579
total_north_america,1998,789.415693978952
total_north_america,1999,849.568679494742
total_north_america,2000,874.089766557901
total_north_america,2001,894.180946578953
total_north_america,2002,905.869196400006
total_north_america,2003,888.854736842111
total_north_america,2004,928.981303778059
total_north_america,2005,925.348063939743
total_north_america,2006,936.800977941111
total_north_america,2007,952.131251335796
total_north_america,2008,951.741669964217
total_north_america,2009,941.19131468948
total_north_america,2010,945.02470273527
total_north_america,2011,936.656260289164
total_north_america,2012,914.364724079164
total_north_america,2013,944.41849908669
total_north_america,2014,954.928319635954
total_s_cent_america,1965,0.0
total_s_cent_america,1966,0.0
total_s_cent_america,1967,0.0
total_s_cent_america,1968,0.0
total_s_cent_america,1969,0.0
total_s_cent_america,1970,0.0
total_s_cent_america,1971,0.0
total_s_cent_america,1972,0.0
total_s_cent_america,1973,0.0
total_s_cent_america,1974,1.0253008
total_s_cent_america,1975,2.2892492
total_s_cent_america,1976,2.3467014
total_s_cent_america,1977,1.6175004
total_s_cent_america,1978,2.8637712
total_s_cent_america,1979,2.6604788
total_s_cent_america,1980,2.3113462
total_s_cent_america,1981,2.784222
total_s_cent_america,1982,1.8605674
total_s_cent_america,1983,3.3675828
total_s_cent_america,1984,6.231354
total_s_cent_america,1985,9.148158
total_s_cent_america,1986,5.8512856
total_s_cent_america,1987,7.4378502
total_s_cent_america,1988,6.40813
total_s_cent_america,1989,6.8677476
total_s_cent_america,1990,9.5149682
total_s_cent_america,1991,9.1967714
total_s_cent_america,1992,8.8432194
total_s_cent_america,1993,8.1935676
total_s_cent_america,1994,8.2907944
total_s_cent_america,1995,9.5856786
total_s_cent_america,1996,9.8906172
total_s_cent_america,1997,11.136888
total_s_cent_america,1998,10.7214644
total_s_cent_america,1999,11.0794358
total_s_cent_america,2000,12.2240604
total_s_cent_america,2001,21.3412826
total_s_cent_america,2002,19.6574912
total_s_cent_america,2003,20.9240127999999
total_s_cent_america,2004,19.4907901999999
total_s_cent_america,2005,16.7227475999999
total_s_cent_america,2006,21.2837894736842
total_s_cent_america,2007,19.4242210526315
total_s_cent_america,2008,21.1638421052631
total_s_cent_america,2009,20.9451052631579
total_s_cent_america,2010,21.5667894736842
total_s_cent_america,2011,21.5512999999999
total_s_cent_america,2012,22.2532631578947
total_s_cent_america,2013,20.6732631578947
total_s_cent_america,2014,20.9064210526315
total_world,1965,25.6592126842105
total_world,1966,34.3923667157895
total_world,1967,42.2166299368421
total_world,1968,51.5866634210527
total_world,1969,62.858932031579
total_world,1970,77.3230049473685
total_world,1971,109.972401515789
total_world,1972,150.830208936842
total_world,1973,202.601125778948
total_world,1974,263.346652042106
total_world,1975,364.339879726317
total_world,1976,433.379020863159
total_world,1977,535.484923021054
total_world,1978,619.375496515791
total_world,1979,639.686176526317
total_world,1980,711.414717178949
total_world,1981,836.059129357896
total_world,1982,916.780020673686
total_world,1983,1029.55150941052
total_world,1984,1244.70109673684
total_world,1985,1481.95963595789
total_world,1986,1596.60202968421
total_world,1987,1736.33028654737
total_world,1988,1893.18959385263
total_world,1989,1946.75382517895
total_world,1990,2002.34624169474
total_world,1991,2096.83201852632
total_world,1992,2113.94881635789
total_world,1993,2186.91415607368
total_world,1994,2227.52677714737
total_world,1995,2324.17785605263
total_world,1996,2407.86607145474
total_world,1997,2391.43258775789
total_world,1998,2431.06566763895
total_world,1999,2523.97708889474
total_world,2000,2582.40717639369
total_world,2001,2655.12655950527
total_world,2002,2697.90976810258
total_world,2003,2643.92980065574
total_world,2004,2760.87514294648
total_world,2005,2768.47508408711
total_world,2006,2805.84417278321
total_world,2007,2747.71887907263
total_world,2008,2737.52201633263
total_world,2009,2713.57971495263
total_world,2010,2767.28108388738
total_world,2011,2654.73173039977
total_world,2012,2473.15070670683
total_world,2013,2491.0648430340498
total_world,2014,2536.83520683074
trinidad_tobago,1965,0.0
trinidad_tobago,1966,0.0
trinidad_tobago,1967,0.0
trinidad_tobago,1968,0.0
trinidad_tobago,1969,0.0
trinidad_tobago,1970,0.0
trinidad_tobago,1971,0.0
trinidad_tobago,1972,0.0
trinidad_tobago,1973,0.0
trinidad_tobago,1974,0.0
trinidad_tobago,1975,0.0
trinidad_tobago,1976,0.0
trinidad_tobago,1977,0.0
trinidad_tobago,1978,0.0
trinidad_tobago,1979,0.0
trinidad_tobago,1980,0.0
trinidad_tobago,1981,0.0
trinidad_tobago,1982,0.0
trinidad_tobago,1983,0.0
trinidad_tobago,1984,0.0
trinidad_tobago,1985,0.0
trinidad_tobago,1986,0.0
trinidad_tobago,1987,0.0
trinidad_tobago,1988,0.0
trinidad_tobago,1989,0.0
trinidad_tobago,1990,0.0
trinidad_tobago,1991,0.0
trinidad_tobago,1992,0.0
trinidad_tobago,1993,0.0
trinidad_tobago,1994,0.0
trinidad_tobago,1995,0.0
trinidad_tobago,1996,0.0
trinidad_tobago,1997,0.0
trinidad_tobago,1998,0.0
trinidad_tobago,1999,0.0
trinidad_tobago,2000,0.0
trinidad_tobago,2001,0.0
trinidad_tobago,2002,0.0
trinidad_tobago,2003,0.0
trinidad_tobago,2004,0.0
trinidad_tobago,2005,0.0
trinidad_tobago,2006,0.0
trinidad_tobago,2007,0.0
trinidad_tobago,2008,0.0
trinidad_tobago,2009,0.0
trinidad_tobago,2010,0.0
trinidad_tobago,2011,0.0
trinidad_tobago,2012,0.0
trinidad_tobago,2013,0.0
trinidad_tobago,2014,0.0
turkey,1965,0.0
turkey,1966,0.0
turkey,1967,0.0
turkey,1968,0.0
turkey,1969,0.0
turkey,1970,0.0
turkey,1971,0.0
turkey,1972,0.0
turkey,1973,0.0
turkey,1974,0.0
turkey,1975,0.0
turkey,1976,0.0
turkey,1977,0.0
turkey,1978,0.0
turkey,1979,0.0
turkey,1980,0.0
turkey,1981,0.0
turkey,1982,0.0
turkey,1983,0.0
turkey,1984,0.0
turkey,1985,0.0
turkey,1986,0.0
turkey,1987,0.0
turkey,1988,0.0
turkey,1989,0.0
turkey,1990,0.0
turkey,1991,0.0
turkey,1992,0.0
turkey,1993,0.0
turkey,1994,0.0
turkey,1995,0.0
turkey,1996,0.0
turkey,1997,0.0
turkey,1998,0.0
turkey,1999,0.0
turkey,2000,0.0
turkey,2001,0.0
turkey,2002,0.0
turkey,2003,0.0
turkey,2004,0.0
turkey,2005,0.0
turkey,2006,0.0
turkey,2007,0.0
turkey,2008,0.0
turkey,2009,0.0
turkey,2010,0.0
turkey,2011,0.0
turkey,2012,0.0
turkey,2013,0.0
turkey,2014,0.0
turkmenistan,1985,0.0
turkmenistan,1986,0.0
turkmenistan,1987,0.0
turkmenistan,1988,0.0
turkmenistan,1989,0.0
turkmenistan,1990,0.0
turkmenistan,1991,0.0
turkmenistan,1992,0.0
turkmenistan,1993,0.0
turkmenistan,1994,0.0
turkmenistan,1995,0.0
turkmenistan,1996,0.0
turkmenistan,1997,0.0
turkmenistan,1998,0.0
turkmenistan,1999,0.0
turkmenistan,2000,0.0
turkmenistan,2001,0.0
turkmenistan,2002,0.0
turkmenistan,2003,0.0
turkmenistan,2004,0.0
turkmenistan,2005,0.0
turkmenistan,2006,0.0
turkmenistan,2007,0.0
turkmenistan,2008,0.0
turkmenistan,2009,0.0
turkmenistan,2010,0.0
turkmenistan,2011,0.0
turkmenistan,2012,0.0
turkmenistan,2013,0.0
turkmenistan,2014,0.0
ukraine,1985,53.3068028
ukraine,1986,42.7090816
ukraine,1987,50.425354
ukraine,1988,72.0008648
ukraine,1989,66.5163894
ukraine,1990,76.190456
ukraine,1991,75.1430582
ukraine,1992,73.7642054
ukraine,1993,75.2535432
ukraine,1994,68.8586714
ukraine,1995,70.533624
ukraine,1996,79.5889746
ukraine,1997,79.4475538
ukraine,1998,75.2535432
ukraine,1999,72.0759946
ukraine,2000,77.3527582
ukraine,2001,76.1816172
ukraine,2002,78.00241
ukraine,2003,81.4848972
ukraine,2004,86.9999999999996
ukraine,2005,88.7999999999996
ukraine,2006,90.2252999999996
ukraine,2007,92.5430999999996
ukraine,2008,89.8412999999996
ukraine,2009,82.9240999999997
ukraine,2010,89.1513999999996
ukraine,2011,90.2476999999996
ukraine,2012,90.1369999999996
ukraine,2013,83.2089999999996
ukraine,2014,88.3886999999996
united_arab_emirates,1965,0.0
united_arab_emirates,1966,0.0
united_arab_emirates,1967,0.0
united_arab_emirates,1968,0.0
united_arab_emirates,1969,0.0
united_arab_emirates,1970,0.0
united_arab_emirates,1971,0.0
united_arab_emirates,1972,0.0
united_arab_emirates,1973,0.0
united_arab_emirates,1974,0.0
united_arab_emirates,1975,0.0
united_arab_emirates,1976,0.0
united_arab_emirates,1977,0.0
united_arab_emirates,1978,0.0
united_arab_emirates,1979,0.0
united_arab_emirates,1980,0.0
united_arab_emirates,1981,0.0
united_arab_emirates,1982,0.0
united_arab_emirates,1983,0.0
united_arab_emirates,1984,0.0
united_arab_emirates,1985,0.0
united_arab_emirates,1986,0.0
united_arab_emirates,1987,0.0
united_arab_emirates,1988,0.0
united_arab_emirates,1989,0.0
united_arab_emirates,1990,0.0
united_arab_emirates,1991,0.0
united_arab_emirates,1992,0.0
united_arab_emirates,1993,0.0
united_arab_emirates,1994,0.0
united_arab_emirates,1995,0.0
united_arab_emirates,1996,0.0
united_arab_emirates,1997,0.0
united_arab_emirates,1998,0.0
united_arab_emirates,1999,0.0
united_arab_emirates,2000,0.0
united_arab_emirates,2001,0.0
united_arab_emirates,2002,0.0
united_arab_emirates,2003,0.0
united_arab_emirates,2004,0.0
united_arab_emirates,2005,0.0
united_arab_emirates,2006,0.0
united_arab_emirates,2007,0.0
united_arab_emirates,2008,0.0
united_arab_emirates,2009,0.0
united_arab_emirates,2010,0.0
united_arab_emirates,2011,0.0
united_arab_emirates,2012,0.0
united_arab_emirates,2013,0.0
united_arab_emirates,2014,0.0
united_kingdom,1965,15.136445
united_kingdom,1966,20.218755
united_kingdom,1967,23.2769798
united_kingdom,1968,26.1937838
united_kingdom,1969,29.1282654
united_kingdom,1970,26.0170078
united_kingdom,1971,27.5505396
united_kingdom,1972,29.3845906
united_kingdom,1973,28.0013184
united_kingdom,1974,33.6227952
united_kingdom,1975,30.3436004
united_kingdom,1976,36.1595308
united_kingdom,1977,40.0265058
united_kingdom,1978,37.2290256
united_kingdom,1979,38.3117786
united_kingdom,1980,37.0301526
united_kingdom,1981,37.9759042
united_kingdom,1982,43.9818688
united_kingdom,1983,49.9348006
united_kingdom,1984,53.9918098
united_kingdom,1985,61.1070438
united_kingdom,1986,59.087378
united_kingdom,1987,55.2469194
united_kingdom,1988,63.4670034
united_kingdom,1989,71.7445396
united_kingdom,1990,65.760672
united_kingdom,1991,70.555721
united_kingdom,1992,76.8180108
united_kingdom,1993,89.3691068
united_kingdom,1994,88.299612
united_kingdom,1995,88.9801996
united_kingdom,1996,94.685645
united_kingdom,1997,98.1637128
united_kingdom,1998,99.502791
united_kingdom,1999,95.149682
united_kingdom,2000,85.0778694
united_kingdom,2001,90.1071466
united_kingdom,2002,87.8479999999996
united_kingdom,2003,88.6859999999996
united_kingdom,2004,79.9989999999997
united_kingdom,2005,81.6179999999997
united_kingdom,2006,75.4509999999997
united_kingdom,2007,63.0279999999997
united_kingdom,2008,52.4859999999998
united_kingdom,2009,69.0979999999997
united_kingdom,2010,62.1396732524887
united_kingdom,2011,68.9799999999997
united_kingdom,2012,70.4050698803057
united_kingdom,2013,70.6069999999997
united_kingdom,2014,63.7479999999997
us,1965,3.84947368421055
us,1966,5.81052631578952
us,1967,8.05789473684216
us,1968,13.1873684210527
us,1969,14.661052631579
us,1970,22.9515789473685
us,1971,40.1105263157897
us,1972,56.9378947368425
us,1973,87.872631578948
us,1974,119.974736842106
us,1975,181.584210526317
us,1976,201.162105263159
us,1977,264.087368421054
us,1978,290.950526315791
us,1979,268.584210526317
us,1980,264.332631578949
us,1981,287.025263157896
us,1982,297.655789473686
us,1983,309.133684210528
us,1984,344.877894736844
us,1985,403.885263157897
us,1986,435.829473684213
us,1987,479.231578947371
us,1988,554.708421052635
us,1989,557.215789473688
us,1990,607.223157894741
us,1991,644.805263157899
us,1992,651.343157894741
us,1993,642.411578947373
us,1994,674.147368421057
us,1995,708.84421052632
us,1996,710.241052631584
us,1997,661.730526315794
us,1998,709.160000000005
us,1999,766.583157894742
us,2000,793.571578947374
us,2001,809.290526315795
us,2002,821.120000000005
us,2003,803.929473684216
us,2004,830.029473684216
us,2005,823.143157894742
us,2006,828.651578947374
us,2007,848.868421052637
us,2008,848.640000000006
us,2009,840.899568421058
us,2010,849.440315789479
us,2011,831.794070526321
us,2012,809.822367368426
us,2013,830.543655789479
us,2014,839.018376842111
uzbekistan,1985,0.0
uzbekistan,1986,0.0
uzbekistan,1987,0.0
uzbekistan,1988,0.0
uzbekistan,1989,0.0
uzbekistan,1990,0.0
uzbekistan,1991,0.0
uzbekistan,1992,0.0
uzbekistan,1993,0.0
uzbekistan,1994,0.0
uzbekistan,1995,0.0
uzbekistan,1996,0.0
uzbekistan,1997,0.0
uzbekistan,1998,0.0
uzbekistan,1999,0.0
uzbekistan,2000,0.0
uzbekistan,2001,0.0
uzbekistan,2002,0.0
uzbekistan,2003,0.0
uzbekistan,2004,0.0
uzbekistan,2005,0.0
uzbekistan,2006,0.0
uzbekistan,2007,0.0
uzbekistan,2008,0.0
uzbekistan,2009,0.0
uzbekistan,2010,0.0
uzbekistan,2011,0.0
uzbekistan,2012,0.0
uzbekistan,2013,0.0
uzbekistan,2014,0.0
venezuela,1965,0.0
venezuela,1966,0.0
venezuela,1967,0.0
venezuela,1968,0.0
venezuela,1969,0.0
venezuela,1970,0.0
venezuela,1971,0.0
venezuela,1972,0.0
venezuela,1973,0.0
venezuela,1974,0.0
venezuela,1975,0.0
venezuela,1976,0.0
venezuela,1977,0.0
venezuela,1978,0.0
venezuela,1979,0.0
venezuela,1980,0.0
venezuela,1981,0.0
venezuela,1982,0.0
venezuela,1983,0.0
venezuela,1984,0.0
venezuela,1985,0.0
venezuela,1986,0.0
venezuela,1987,0.0
venezuela,1988,0.0
venezuela,1989,0.0
venezuela,1990,0.0
venezuela,1991,0.0
venezuela,1992,0.0
venezuela,1993,0.0
venezuela,1994,0.0
venezuela,1995,0.0
venezuela,1996,0.0
venezuela,1997,0.0
venezuela,1998,0.0
venezuela,1999,0.0
venezuela,2000,0.0
venezuela,2001,0.0
venezuela,2002,0.0
venezuela,2003,0.0
venezuela,2004,0.0
venezuela,2005,0.0
venezuela,2006,0.0
venezuela,2007,0.0
venezuela,2008,0.0
venezuela,2009,0.0
venezuela,2010,0.0
venezuela,2011,0.0
venezuela,2012,0.0
venezuela,2013,0.0
venezuela,2014,0.0
vietnam,1965,0.0
vietnam,1966,0.0
vietnam,1967,0.0
vietnam,1968,0.0
vietnam,1969,0.0
vietnam,1970,0.0
vietnam,1971,0.0
vietnam,1972,0.0
vietnam,1973,0.0
vietnam,1974,0.0
vietnam,1975,0.0
vietnam,1976,0.0
vietnam,1977,0.0
vietnam,1978,0.0
vietnam,1979,0.0
vietnam,1980,0.0
vietnam,1981,0.0
vietnam,1982,0.0
vietnam,1983,0.0
vietnam,1984,0.0
vietnam,1985,0.0
vietnam,1986,0.0
vietnam,1987,0.0
vietnam,1988,0.0
vietnam,1989,0.0
vietnam,1990,0.0
vietnam,1991,0.0
vietnam,1992,0.0
vietnam,1993,0.0
vietnam,1994,0.0
vietnam,1995,0.0
vietnam,1996,0.0
vietnam,1997,0.0
vietnam,1998,0.0
vietnam,1999,0.0
vietnam,2000,0.0
vietnam,2001,0.0
vietnam,2002,0.0
vietnam,2003,0.0
vietnam,2004,0.0
vietnam,2005,0.0
vietnam,2006,0.0
vietnam,2007,0.0
vietnam,2008,0.0
vietnam,2009,0.0
vietnam,2010,0.0
vietnam,2011,0.0
vietnam,2012,0.0
vietnam,2013,0.0
vietnam,2014,0.0
