geo,year,oil_refinery_capacities
argentina,1965,402.32
argentina,1966,414.20
argentina,1967,412.30
argentina,1968,423.70
argentina,1969,434.15
argentina,1970,437.69
argentina,1971,603.92
argentina,1972,602.00
argentina,1973,624.00
argentina,1974,721.00
argentina,1975,684.00
argentina,1976,703.00
argentina,1977,655.00
argentina,1978,686.00
argentina,1979,686.00
argentina,1980,686.00
argentina,1981,686.00
argentina,1982,686.00
argentina,1983,686.00
argentina,1984,679.00
argentina,1985,681.00
argentina,1986,683.00
argentina,1987,685.00
argentina,1988,688.00
argentina,1989,687.00
argentina,1990,681.00
argentina,1991,685.00
argentina,1992,685.00
argentina,1993,679.00
argentina,1994,654.00
argentina,1995,639.00
argentina,1996,642.00
argentina,1997,644.00
argentina,1998,642.00
argentina,1999,637.00
argentina,2000,620.00
argentina,2001,613.00
argentina,2002,613.00
argentina,2003,614.00
argentina,2004,617.00
argentina,2005,621.00
argentina,2006,617.00
argentina,2007,628.00
argentina,2008,628.00
argentina,2009,630.00
argentina,2010,633.00
argentina,2011,640.00
argentina,2012,643.00
argentina,2013,609.00
argentina,2014,622.00
australia,1965,462.00
australia,1966,455.00
australia,1967,496.00
australia,1968,543.00
australia,1969,554.00
australia,1970,603.00
australia,1971,624.00
australia,1972,640.00
australia,1973,686.00
australia,1974,689.00
australia,1975,702.00
australia,1976,691.00
australia,1977,715.00
australia,1978,715.00
australia,1979,730.00
australia,1980,723.00
australia,1981,725.00
australia,1982,725.00
australia,1983,725.00
australia,1984,723.00
australia,1985,670.00
australia,1986,659.00
australia,1987,647.00
australia,1988,660.00
australia,1989,662.00
australia,1990,662.00
australia,1991,677.00
australia,1992,694.00
australia,1993,703.00
australia,1994,708.00
australia,1995,730.00
australia,1996,751.00
australia,1997,793.00
australia,1998,810.00
australia,1999,828.00
australia,2000,828.00
australia,2001,815.00
australia,2002,829.00
australia,2003,756.00
australia,2004,763.00
australia,2005,711.00
australia,2006,693.80
australia,2007,732.90
australia,2008,733.90
australia,2009,733.90
australia,2010,739.60
australia,2011,742.40
australia,2012,663.40
australia,2013,662.40
australia,2014,536.15
belgium,1965,335.00
belgium,1966,352.00
belgium,1967,502.00
belgium,1968,611.00
belgium,1969,692.00
belgium,1970,721.00
belgium,1971,837.00
belgium,1972,847.00
belgium,1973,865.00
belgium,1974,936.00
belgium,1975,978.00
belgium,1976,1113.0
belgium,1977,1082.0
belgium,1978,1049.0
belgium,1979,1115.0
belgium,1980,1060.0
belgium,1981,1060.0
belgium,1982,846.00
belgium,1983,726.00
belgium,1984,671.00
belgium,1985,569.00
belgium,1986,609.00
belgium,1987,676.00
belgium,1988,686.00
belgium,1989,693.00
belgium,1990,684.00
belgium,1991,662.00
belgium,1992,662.00
belgium,1993,662.00
belgium,1994,665.00
belgium,1995,669.00
belgium,1996,686.00
belgium,1997,689.00
belgium,1998,707.00
belgium,1999,709.00
belgium,2000,739.00
belgium,2001,758.00
belgium,2002,780.00
belgium,2003,776.00
belgium,2004,751.00
belgium,2005,756.00
belgium,2006,766.00
belgium,2007,781.00
belgium,2008,786.00
belgium,2009,786.00
belgium,2010,787.00
belgium,2011,788.00
belgium,2012,753.00
belgium,2013,776.00
belgium,2014,776.00
brazil,1965,346.65
brazil,1966,351.88
brazil,1967,360.90
brazil,1968,439.28
brazil,1969,476.52
brazil,1970,525.00
brazil,1971,597.00
brazil,1972,756.00
brazil,1973,820.00
brazil,1974,981.00
brazil,1975,996.00
brazil,1976,990.00
brazil,1977,1110.0
brazil,1978,1202.0
brazil,1979,1202.0
brazil,1980,1393.0
brazil,1981,1394.0
brazil,1982,1423.0
brazil,1983,1435.0
brazil,1984,1435.0
brazil,1985,1435.0
brazil,1986,1435.0
brazil,1987,1435.0
brazil,1988,1404.0
brazil,1989,1440.0
brazil,1990,1440.0
brazil,1991,1445.0
brazil,1992,1444.0
brazil,1993,1429.0
brazil,1994,1473.0
brazil,1995,1481.0
brazil,1996,1481.0
brazil,1997,1749.8
brazil,1998,1768.0
brazil,1999,1795.6
brazil,2000,1849.4
brazil,2001,1849.4
brazil,2002,1853.5
brazil,2003,1915.4
brazil,2004,1925.7
brazil,2005,1941.9
brazil,2006,1941.9
brazil,2007,1960.4
brazil,2008,1972.8
brazil,2009,1988.0
brazil,2010,1988.0
brazil,2011,2010.1
brazil,2012,2000.5
brazil,2013,2093.1
brazil,2014,2234.8
canada,1965,1089.1
canada,1966,1140.5
canada,1967,1238.5
canada,1968,1280.0
canada,1969,1344.3
canada,1970,1396.5
canada,1971,1651.6
canada,1972,1684.0
canada,1973,1846.1
canada,1974,2034.3
canada,1975,2089.4
canada,1976,2150.0
canada,1977,2153.0
canada,1978,2216.5
canada,1979,2231.5
canada,1980,2154.9
canada,1981,2160.4
canada,1982,2092.7
canada,1983,1873.4
canada,1984,1891.9
canada,1985,1880.0
canada,1986,1781.3
canada,1987,1882.6
canada,1988,1847.8
canada,1989,1885.2
canada,1990,1919.5
canada,1991,1903.1
canada,1992,1911.2
canada,1993,1824.1
canada,1994,1831.7
canada,1995,1791.9
canada,1996,1806.9
canada,1997,1810.8
canada,1998,1844.5
canada,1999,1861.2
canada,2000,1860.6
canada,2001,1917.3
canada,2002,1922.6
canada,2003,1958.6
canada,2004,1915.2
canada,2005,1895.9
canada,2006,1914.2
canada,2007,1906.7
canada,2008,1951.4
canada,2009,1976.1
canada,2010,1913.2
canada,2011,2039.6
canada,2012,2050.0
canada,2013,1964.5
canada,2014,1965.5
china,1965,221.00
china,1966,291.00
china,1967,291.00
china,1968,423.00
china,1969,494.00
china,1970,554.00
china,1971,703.00
china,1972,801.00
china,1973,934.00
china,1974,1125.0
china,1975,1215.0
china,1976,1442.0
china,1977,1607.0
china,1978,1578.0
china,1979,1600.0
china,1980,1805.0
china,1981,1810.0
china,1982,2000.0
china,1983,2048.0
china,1984,2053.0
china,1985,2149.0
china,1986,2169.0
china,1987,2229.0
china,1988,2343.0
china,1989,2470.0
china,1990,2892.0
china,1991,2892.0
china,1992,3044.0
china,1993,3334.0
china,1994,3567.0
china,1995,4014.0
china,1996,4226.0
china,1997,4559.0
china,1998,4592.0
china,1999,5401.0
china,2000,5407.0
china,2001,5643.0
china,2002,5932.8
china,2003,6294.8
china,2004,6602.8
china,2005,7164.8
china,2006,7864.8
china,2007,8398.8
china,2008,8721.8
china,2009,9478.8
china,2010,10302
china,2011,10834
china,2012,11933
china,2013,13304
china,2014,14098
france,1965,1411.0
france,1966,1590.0
france,1967,1683.0
france,1968,1949.0
france,1969,2113.0
france,1970,2339.0
france,1971,2431.0
france,1972,2902.0
france,1973,3090.0
france,1974,3402.0
france,1975,3404.0
france,1976,3438.0
france,1977,3439.0
france,1978,3395.0
france,1979,3351.0
france,1980,3326.0
france,1981,3179.0
france,1982,2831.0
france,1983,2378.0
france,1984,2194.0
france,1985,2184.0
france,1986,1919.0
france,1987,1927.0
france,1988,1815.0
france,1989,1699.0
france,1990,1699.0
france,1991,1699.0
france,1992,1711.0
france,1993,1687.0
france,1994,1697.0
france,1995,1728.0
france,1996,1749.0
france,1997,1872.0
france,1998,1918.0
france,1999,1933.0
france,2000,1984.0
france,2001,1961.0
france,2002,1987.0
france,2003,1967.0
france,2004,1982.3
france,2005,1978.2
france,2006,1959.3
france,2007,1962.0
france,2008,1970.6
france,2009,1873.0
france,2010,1702.2
france,2011,1610.2
france,2012,1512.8
france,2013,1374.9
france,2014,1374.9
germany,1965,1747.0
germany,1966,1911.0
germany,1967,2324.0
germany,1968,2436.0
germany,1969,2502.0
germany,1970,2643.0
germany,1971,2773.0
germany,1972,2918.0
germany,1973,3192.0
germany,1974,3268.0
germany,1975,3461.0
germany,1976,3452.0
germany,1977,3505.0
germany,1978,3603.0
germany,1979,3492.0
germany,1980,3422.0
germany,1981,3333.0
germany,1982,2976.0
germany,1983,2735.0
germany,1984,2553.0
germany,1985,2198.0
germany,1986,2158.0
germany,1987,2061.0
germany,1988,2077.0
germany,1989,2018.0
germany,1990,2024.0
germany,1991,2209.0
germany,1992,2219.0
germany,1993,2248.0
germany,1994,2272.0
germany,1995,2104.0
germany,1996,2098.0
germany,1997,2170.0
germany,1998,2206.0
germany,1999,2240.0
germany,2000,2262.0
germany,2001,2274.0
germany,2002,2286.0
germany,2003,2304.0
germany,2004,2320.1
germany,2005,2322.1
germany,2006,2390.4
germany,2007,2390.4
germany,2008,2366.3
germany,2009,2362.3
germany,2010,2091.2
germany,2011,2077.5
germany,2012,2096.5
germany,2013,2061.1
germany,2014,2060.4
greece,1965,37.000
greece,1966,89.000
greece,1967,91.000
greece,1968,90.000
greece,1969,97.000
greece,1970,97.000
greece,1971,105.00
greece,1972,125.00
greece,1973,314.00
greece,1974,411.00
greece,1975,420.00
greece,1976,407.00
greece,1977,407.00
greece,1978,413.00
greece,1979,418.00
greece,1980,443.00
greece,1981,443.00
greece,1982,443.00
greece,1983,423.00
greece,1984,403.00
greece,1985,403.00
greece,1986,403.00
greece,1987,403.00
greece,1988,403.00
greece,1989,403.00
greece,1990,403.00
greece,1991,403.00
greece,1992,367.00
greece,1993,295.00
greece,1994,385.00
greece,1995,403.00
greece,1996,403.00
greece,1997,403.00
greece,1998,403.00
greece,1999,403.00
greece,2000,403.00
greece,2001,412.00
greece,2002,412.00
greece,2003,412.00
greece,2004,412.00
greece,2005,418.00
greece,2006,425.00
greece,2007,425.00
greece,2008,425.00
greece,2009,425.00
greece,2010,440.00
greece,2011,495.00
greece,2012,498.00
greece,2013,498.00
greece,2014,498.00
india,1965,231.00
india,1966,329.00
india,1967,320.15
india,1968,366.70
india,1969,423.70
india,1970,411.63
india,1971,415.15
india,1972,489.00
india,1973,499.00
india,1974,555.00
india,1975,564.00
india,1976,568.00
india,1977,564.00
india,1978,626.00
india,1979,557.00
india,1980,557.00
india,1981,557.00
india,1982,753.00
india,1983,779.00
india,1984,705.00
india,1985,867.00
india,1986,991.00
india,1987,1059.0
india,1988,1051.0
india,1989,1080.0
india,1990,1122.0
india,1991,1122.0
india,1992,1041.0
india,1993,1069.0
india,1994,1072.0
india,1995,1133.0
india,1996,1210.0
india,1997,1236.0
india,1998,1356.0
india,1999,2190.0
india,2000,2219.0
india,2001,2261.0
india,2002,2303.0
india,2003,2292.9
india,2004,2558.4
india,2005,2558.4
india,2006,2871.7
india,2007,2983.3
india,2008,2992.1
india,2009,3574.4
india,2010,3703.3
india,2011,3794.6
india,2012,4278.8
india,2013,4319.0
india,2014,4319.0
indonesia,1965,237.00
indonesia,1966,241.00
indonesia,1967,251.00
indonesia,1968,251.00
indonesia,1969,256.00
indonesia,1970,284.00
indonesia,1971,361.00
indonesia,1972,361.00
indonesia,1973,361.00
indonesia,1974,361.00
indonesia,1975,361.00
indonesia,1976,473.00
indonesia,1977,473.00
indonesia,1978,503.00
indonesia,1979,503.00
indonesia,1980,449.00
indonesia,1981,447.00
indonesia,1982,447.00
indonesia,1983,447.00
indonesia,1984,747.00
indonesia,1985,867.00
indonesia,1986,867.00
indonesia,1987,867.00
indonesia,1988,867.00
indonesia,1989,866.00
indonesia,1990,866.00
indonesia,1991,866.00
indonesia,1992,866.00
indonesia,1993,866.00
indonesia,1994,931.00
indonesia,1995,991.00
indonesia,1996,991.00
indonesia,1997,1016.0
indonesia,1998,1096.0
indonesia,1999,1119.0
indonesia,2000,1127.0
indonesia,2001,1127.0
indonesia,2002,1092.0
indonesia,2003,1057.0
indonesia,2004,1057.0
indonesia,2005,1057.0
indonesia,2006,1127.0
indonesia,2007,1150.0
indonesia,2008,1052.0
indonesia,2009,1085.0
indonesia,2010,1139.0
indonesia,2011,1116.0
indonesia,2012,1041.0
indonesia,2013,1072.0
indonesia,2014,1095.0
iran,1965,467.00
iran,1966,524.00
iran,1967,524.00
iran,1968,594.00
iran,1969,594.00
iran,1970,594.00
iran,1971,605.00
iran,1972,605.00
iran,1973,660.00
iran,1974,690.00
iran,1975,810.00
iran,1976,810.00
iran,1977,1050.0
iran,1978,1080.0
iran,1979,1080.0
iran,1980,1085.0
iran,1981,590.00
iran,1982,590.00
iran,1983,632.00
iran,1984,680.00
iran,1985,685.00
iran,1986,685.00
iran,1987,715.00
iran,1988,735.00
iran,1989,825.00
iran,1990,865.00
iran,1991,980.00
iran,1992,1050.0
iran,1993,1145.0
iran,1994,1280.0
iran,1995,1290.0
iran,1996,1290.0
iran,1997,1345.0
iran,1998,1495.0
iran,1999,1597.0
iran,2000,1597.0
iran,2001,1597.0
iran,2002,1597.0
iran,2003,1607.0
iran,2004,1642.0
iran,2005,1642.0
iran,2006,1727.0
iran,2007,1772.0
iran,2008,1805.0
iran,2009,1860.0
iran,2010,1860.0
iran,2011,1860.0
iran,2012,1892.0
iran,2013,1970.0
iran,2014,1985.0
iraq,1965,79.000
iraq,1966,82.000
iraq,1967,82.000
iraq,1968,103.00
iraq,1969,103.00
iraq,1970,103.00
iraq,1971,109.00
iraq,1972,115.00
iraq,1973,115.00
iraq,1974,186.00
iraq,1975,186.00
iraq,1976,186.00
iraq,1977,186.00
iraq,1978,209.00
iraq,1979,251.00
iraq,1980,297.00
iraq,1981,228.00
iraq,1982,200.00
iraq,1983,342.00
iraq,1984,450.00
iraq,1985,520.00
iraq,1986,528.00
iraq,1987,530.00
iraq,1988,530.00
iraq,1989,580.00
iraq,1990,600.00
iraq,1991,373.00
iraq,1992,580.00
iraq,1993,628.00
iraq,1994,628.00
iraq,1995,638.00
iraq,1996,658.00
iraq,1997,688.00
iraq,1998,708.00
iraq,1999,709.00
iraq,2000,718.00
iraq,2001,718.00
iraq,2002,718.00
iraq,2003,718.00
iraq,2004,718.00
iraq,2005,721.00
iraq,2006,726.00
iraq,2007,735.00
iraq,2008,727.00
iraq,2009,754.00
iraq,2010,862.00
iraq,2011,923.00
iraq,2012,954.00
iraq,2013,994.00
iraq,2014,1094.0
italy,1965,1560.0
italy,1966,2198.0
italy,1967,2564.0
italy,1968,2625.0
italy,1969,2738.0
italy,1970,2939.0
italy,1971,3539.0
italy,1972,3628.0
italy,1973,3792.0
italy,1974,3889.0
italy,1975,4343.0
italy,1976,4343.0
italy,1977,4270.0
italy,1978,3803.0
italy,1979,3471.0
italy,1980,3136.0
italy,1981,3096.0
italy,1982,2885.0
italy,1983,2777.0
italy,1984,2810.0
italy,1985,2690.0
italy,1986,2586.0
italy,1987,2591.0
italy,1988,2505.0
italy,1989,2492.0
italy,1990,2520.0
italy,1991,2535.0
italy,1992,2535.0
italy,1993,2455.0
italy,1994,2359.0
italy,1995,2359.0
italy,1996,2354.0
italy,1997,2345.0
italy,1998,2385.0
italy,1999,2485.0
italy,2000,2485.0
italy,2001,2485.0
italy,2002,2485.0
italy,2003,2485.0
italy,2004,2497.0
italy,2005,2515.0
italy,2006,2526.0
italy,2007,2497.0
italy,2008,2396.0
italy,2009,2396.0
italy,2010,2396.0
italy,2011,2311.0
italy,2012,2200.0
italy,2013,2062.0
italy,2014,1984.0
japan,1965,1917.0
japan,1966,2102.0
japan,1967,2214.0
japan,1968,2613.0
japan,1969,3029.0
japan,1970,3504.0
japan,1971,3904.0
japan,1972,4635.0
japan,1973,5140.0
japan,1974,5377.0
japan,1975,5567.0
japan,1976,5643.0
japan,1977,5643.0
japan,1978,5643.0
japan,1979,5643.0
japan,1980,5643.0
japan,1981,5643.0
japan,1982,5643.0
japan,1983,4724.0
japan,1984,4724.0
japan,1985,4724.0
japan,1986,4619.0
japan,1987,4461.0
japan,1988,4324.0
japan,1989,4324.0
japan,1990,4324.0
japan,1991,4505.0
japan,1992,4636.0
japan,1993,4802.0
japan,1994,4862.0
japan,1995,5006.0
japan,1996,5006.0
japan,1997,5056.0
japan,1998,5144.0
japan,1999,5087.0
japan,2000,5010.0
japan,2001,4705.0
japan,2002,4727.8
japan,2003,4645.1
japan,2004,4531.1
japan,2005,4531.1
japan,2006,4588.4
japan,2007,4650.2
japan,2008,4650.2
japan,2009,4629.8
japan,2010,4290.6
japan,2011,4274.3
japan,2012,4253.6
japan,2013,4122.7
japan,2014,3749.4
kuwait,1965,342.00
kuwait,1966,360.00
kuwait,1967,360.00
kuwait,1968,440.00
kuwait,1969,469.00
kuwait,1970,469.00
kuwait,1971,541.00
kuwait,1972,523.00
kuwait,1973,523.00
kuwait,1974,523.00
kuwait,1975,563.00
kuwait,1976,577.00
kuwait,1977,577.00
kuwait,1978,572.00
kuwait,1979,582.00
kuwait,1980,579.00
kuwait,1981,554.00
kuwait,1982,534.00
kuwait,1983,534.00
kuwait,1984,549.00
kuwait,1985,644.00
kuwait,1986,654.00
kuwait,1987,689.00
kuwait,1988,844.00
kuwait,1989,844.00
kuwait,1990,570.00
kuwait,1991,140.00
kuwait,1992,380.00
kuwait,1993,464.00
kuwait,1994,764.00
kuwait,1995,824.00
kuwait,1996,854.00
kuwait,1997,906.00
kuwait,1998,926.00
kuwait,1999,926.00
kuwait,2000,745.00
kuwait,2001,764.00
kuwait,2002,814.00
kuwait,2003,914.00
kuwait,2004,936.00
kuwait,2005,936.00
kuwait,2006,936.00
kuwait,2007,936.00
kuwait,2008,936.00
kuwait,2009,936.00
kuwait,2010,936.00
kuwait,2011,936.00
kuwait,2012,936.00
kuwait,2013,936.00
kuwait,2014,936.00
mexico,1965,417.00
mexico,1966,417.00
mexico,1967,457.00
mexico,1968,525.00
mexico,1969,525.00
mexico,1970,562.00
mexico,1971,562.00
mexico,1972,594.00
mexico,1973,722.00
mexico,1974,722.00
mexico,1975,746.00
mexico,1976,822.00
mexico,1977,822.00
mexico,1978,822.00
mexico,1979,1078.0
mexico,1980,1207.0
mexico,1981,1207.0
mexico,1982,1207.0
mexico,1983,1235.0
mexico,1984,1282.0
mexico,1985,1282.0
mexico,1986,1282.0
mexico,1987,1438.0
mexico,1988,1438.0
mexico,1989,1595.0
mexico,1990,1595.0
mexico,1991,1447.8
mexico,1992,1447.8
mexico,1993,1444.0
mexico,1994,1444.0
mexico,1995,1444.0
mexico,1996,1444.0
mexico,1997,1448.8
mexico,1998,1448.8
mexico,1999,1448.8
mexico,2000,1481.0
mexico,2001,1481.0
mexico,2002,1463.0
mexico,2003,1463.0
mexico,2004,1463.0
mexico,2005,1463.0
mexico,2006,1463.0
mexico,2007,1463.0
mexico,2008,1463.0
mexico,2009,1463.0
mexico,2010,1463.0
mexico,2011,1605.5
mexico,2012,1605.5
mexico,2013,1605.5
mexico,2014,1521.9
netherlands,1965,614.00
netherlands,1966,659.00
netherlands,1967,773.00
netherlands,1968,846.00
netherlands,1969,1319.0
netherlands,1970,1348.0
netherlands,1971,1587.0
netherlands,1972,1826.0
netherlands,1973,1826.0
netherlands,1974,1841.0
netherlands,1975,1985.0
netherlands,1976,2031.0
netherlands,1977,1869.0
netherlands,1978,1850.0
netherlands,1979,1850.0
netherlands,1980,1852.0
netherlands,1981,1705.0
netherlands,1982,1625.0
netherlands,1983,1504.0
netherlands,1984,1500.0
netherlands,1985,1478.0
netherlands,1986,1456.0
netherlands,1987,1363.0
netherlands,1988,1359.0
netherlands,1989,1367.0
netherlands,1990,1207.0
netherlands,1991,1225.0
netherlands,1992,1254.0
netherlands,1993,1197.0
netherlands,1994,1197.0
netherlands,1995,1257.0
netherlands,1996,1234.0
netherlands,1997,1261.0
netherlands,1998,1261.0
netherlands,1999,1277.0
netherlands,2000,1277.0
netherlands,2001,1278.0
netherlands,2002,1281.5
netherlands,2003,1281.5
netherlands,2004,1283.5
netherlands,2005,1273.9
netherlands,2006,1273.9
netherlands,2007,1236.3
netherlands,2008,1279.6
netherlands,2009,1279.6
netherlands,2010,1273.9
netherlands,2011,1276.2
netherlands,2012,1274.3
netherlands,2013,1274.3
netherlands,2014,1274.3
netherlands_antilles,1965,703.00
netherlands_antilles,1966,755.25
netherlands_antilles,1967,755.25
netherlands_antilles,1968,755.25
netherlands_antilles,1969,798.00
netherlands_antilles,1970,797.00
netherlands_antilles,1971,797.00
netherlands_antilles,1972,945.00
netherlands_antilles,1973,980.00
netherlands_antilles,1974,849.00
netherlands_antilles,1975,810.00
netherlands_antilles,1976,802.00
netherlands_antilles,1977,842.00
netherlands_antilles,1978,842.00
netherlands_antilles,1979,792.00
netherlands_antilles,1980,782.00
netherlands_antilles,1981,782.00
netherlands_antilles,1982,782.00
netherlands_antilles,1983,761.00
netherlands_antilles,1984,620.00
netherlands_antilles,1985,425.00
netherlands_antilles,1986,320.00
netherlands_antilles,1987,320.00
netherlands_antilles,1988,320.00
netherlands_antilles,1989,320.00
netherlands_antilles,1990,320.00
netherlands_antilles,1991,320.00
netherlands_antilles,1992,320.00
netherlands_antilles,1993,320.00
netherlands_antilles,1994,320.00
netherlands_antilles,1995,320.00
netherlands_antilles,1996,320.00
netherlands_antilles,1997,320.00
netherlands_antilles,1998,320.00
netherlands_antilles,1999,320.00
netherlands_antilles,2000,320.00
netherlands_antilles,2001,320.00
netherlands_antilles,2002,320.00
netherlands_antilles,2003,320.00
netherlands_antilles,2004,320.00
netherlands_antilles,2005,320.00
netherlands_antilles,2006,320.00
netherlands_antilles,2007,320.00
netherlands_antilles,2008,320.00
netherlands_antilles,2009,320.00
netherlands_antilles,2010,320.00
netherlands_antilles,2011,320.00
netherlands_antilles,2012,320.00
netherlands_antilles,2013,320.00
netherlands_antilles,2014,320.00
norway,1965,60.000
norway,1966,60.000
norway,1967,98.000
norway,1968,107.00
norway,1969,117.00
norway,1970,194.00
norway,1971,161.00
norway,1972,173.00
norway,1973,168.00
norway,1974,168.00
norway,1975,259.00
norway,1976,259.00
norway,1977,264.00
norway,1978,260.00
norway,1979,260.00
norway,1980,250.00
norway,1981,240.00
norway,1982,240.00
norway,1983,240.00
norway,1984,240.00
norway,1985,240.00
norway,1986,240.00
norway,1987,240.00
norway,1988,210.00
norway,1989,260.00
norway,1990,291.00
norway,1991,288.00
norway,1992,288.00
norway,1993,288.00
norway,1994,288.00
norway,1995,298.00
norway,1996,308.00
norway,1997,308.00
norway,1998,310.00
norway,1999,323.00
norway,2000,318.00
norway,2001,307.00
norway,2002,316.00
norway,2003,316.00
norway,2004,316.00
norway,2005,316.00
norway,2006,316.00
norway,2007,316.00
norway,2008,316.00
norway,2009,316.00
norway,2010,316.00
norway,2011,316.00
norway,2012,316.00
norway,2013,316.00
norway,2014,316.00
other_asia_pacific,1965,357.70
other_asia_pacific,1966,379.70
other_asia_pacific,1967,442.70
other_asia_pacific,1968,454.70
other_asia_pacific,1969,504.70
other_asia_pacific,1970,509.70
other_asia_pacific,1971,516.70
other_asia_pacific,1972,645.00
other_asia_pacific,1973,645.00
other_asia_pacific,1974,706.00
other_asia_pacific,1975,667.00
other_asia_pacific,1976,664.00
other_asia_pacific,1977,710.00
other_asia_pacific,1978,747.00
other_asia_pacific,1979,765.00
other_asia_pacific,1980,805.00
other_asia_pacific,1981,847.00
other_asia_pacific,1982,872.00
other_asia_pacific,1983,910.00
other_asia_pacific,1984,927.00
other_asia_pacific,1985,887.00
other_asia_pacific,1986,891.00
other_asia_pacific,1987,919.00
other_asia_pacific,1988,921.00
other_asia_pacific,1989,928.00
other_asia_pacific,1990,954.00
other_asia_pacific,1991,960.00
other_asia_pacific,1992,961.00
other_asia_pacific,1993,965.00
other_asia_pacific,1994,1043.0
other_asia_pacific,1995,1168.0
other_asia_pacific,1996,1190.0
other_asia_pacific,1997,1211.0
other_asia_pacific,1998,1258.0
other_asia_pacific,1999,1344.0
other_asia_pacific,2000,1403.0
other_asia_pacific,2001,1511.5
other_asia_pacific,2002,1486.5
other_asia_pacific,2003,1415.5
other_asia_pacific,2004,1407.6
other_asia_pacific,2005,1431.1
other_asia_pacific,2006,1439.5
other_asia_pacific,2007,1447.7
other_asia_pacific,2008,1470.3
other_asia_pacific,2009,1630.1
other_asia_pacific,2010,1674.9
other_asia_pacific,2011,1692.1
other_asia_pacific,2012,1699.7
other_asia_pacific,2013,1826.4
other_asia_pacific,2014,1824.4
other_europe_eurasia,1965,5451.1
other_europe_eurasia,1966,5879.8
other_europe_eurasia,1967,6301.2
other_europe_eurasia,1968,6837.9
other_europe_eurasia,1969,7334.9
other_europe_eurasia,1970,8030.5
other_europe_eurasia,1971,8668.8
other_europe_eurasia,1972,9087.9
other_europe_eurasia,1973,9733.6
other_europe_eurasia,1974,10667
other_europe_eurasia,1975,11221
other_europe_eurasia,1976,12056
other_europe_eurasia,1977,12981
other_europe_eurasia,1978,13162
other_europe_eurasia,1979,13447
other_europe_eurasia,1980,6718.0
other_europe_eurasia,1981,6900.0
other_europe_eurasia,1982,6960.0
other_europe_eurasia,1983,7036.0
other_europe_eurasia,1984,7150.0
other_europe_eurasia,1985,7272.0
other_europe_eurasia,1986,7407.0
other_europe_eurasia,1987,7437.0
other_europe_eurasia,1988,7496.0
other_europe_eurasia,1989,7426.0
other_europe_eurasia,1990,7436.0
other_europe_eurasia,1991,7312.0
other_europe_eurasia,1992,6929.0
other_europe_eurasia,1993,6847.0
other_europe_eurasia,1994,6745.0
other_europe_eurasia,1995,6366.0
other_europe_eurasia,1996,6111.0
other_europe_eurasia,1997,6073.0
other_europe_eurasia,1998,6225.0
other_europe_eurasia,1999,6086.0
other_europe_eurasia,2000,5920.0
other_europe_eurasia,2001,5844.0
other_europe_eurasia,2002,5628.0
other_europe_eurasia,2003,5510.0
other_europe_eurasia,2004,5527.4
other_europe_eurasia,2005,5499.5
other_europe_eurasia,2006,5387.2
other_europe_eurasia,2007,5369.0
other_europe_eurasia,2008,5340.0
other_europe_eurasia,2009,5381.6
other_europe_eurasia,2010,5500.0
other_europe_eurasia,2011,5406.1
other_europe_eurasia,2012,5107.9
other_europe_eurasia,2013,5095.9
other_europe_eurasia,2014,5139.9
other_middle_east,1965,510.85
other_middle_east,1966,532.15
other_middle_east,1967,544.25
other_middle_east,1968,547.10
other_middle_east,1969,575.85
other_middle_east,1970,623.55
other_middle_east,1971,622.60
other_middle_east,1972,678.00
other_middle_east,1973,744.00
other_middle_east,1974,752.00
other_middle_east,1975,799.00
other_middle_east,1976,824.00
other_middle_east,1977,789.00
other_middle_east,1978,800.00
other_middle_east,1979,804.00
other_middle_east,1980,852.00
other_middle_east,1981,955.00
other_middle_east,1982,977.00
other_middle_east,1983,1083.0
other_middle_east,1984,1086.0
other_middle_east,1985,1116.0
other_middle_east,1986,1187.0
other_middle_east,1987,1202.0
other_middle_east,1988,1202.0
other_middle_east,1989,1175.0
other_middle_east,1990,1155.0
other_middle_east,1991,1168.0
other_middle_east,1992,1163.0
other_middle_east,1993,1146.0
other_middle_east,1994,1146.0
other_middle_east,1995,1150.0
other_middle_east,1996,1150.0
other_middle_east,1997,1150.0
other_middle_east,1998,1155.0
other_middle_east,1999,1168.0
other_middle_east,2000,1168.0
other_middle_east,2001,1170.0
other_middle_east,2002,1248.0
other_middle_east,2003,1248.0
other_middle_east,2004,1248.0
other_middle_east,2005,1248.0
other_middle_east,2006,1298.0
other_middle_east,2007,1381.0
other_middle_east,2008,1390.0
other_middle_east,2009,1536.0
other_middle_east,2010,1541.0
other_middle_east,2011,1553.0
other_middle_east,2012,1553.0
other_middle_east,2013,1555.0
other_middle_east,2014,1448.0
other_s_cent_america,1965,989.85
other_s_cent_america,1966,1142.7
other_s_cent_america,1967,1223.9
other_s_cent_america,1968,1331.6
other_s_cent_america,1969,1456.1
other_s_cent_america,1970,1758.8
other_s_cent_america,1971,2028.5
other_s_cent_america,1972,2228.5
other_s_cent_america,1973,2738.8
other_s_cent_america,1974,2780.8
other_s_cent_america,1975,2955.8
other_s_cent_america,1976,2916.8
other_s_cent_america,1977,3051.8
other_s_cent_america,1978,3029.8
other_s_cent_america,1979,3048.8
other_s_cent_america,1980,3059.8
other_s_cent_america,1981,3037.8
other_s_cent_america,1982,2793.8
other_s_cent_america,1983,2668.8
other_s_cent_america,1984,2504.8
other_s_cent_america,1985,2320.0
other_s_cent_america,1986,2150.0
other_s_cent_america,1987,2178.0
other_s_cent_america,1988,2231.0
other_s_cent_america,1989,2315.0
other_s_cent_america,1990,2376.0
other_s_cent_america,1991,2399.0
other_s_cent_america,1992,2448.0
other_s_cent_america,1993,2416.0
other_s_cent_america,1994,2343.0
other_s_cent_america,1995,2225.0
other_s_cent_america,1996,2187.0
other_s_cent_america,1997,2232.0
other_s_cent_america,1998,2165.0
other_s_cent_america,1999,2203.0
other_s_cent_america,2000,2207.0
other_s_cent_america,2001,2189.0
other_s_cent_america,2002,2234.0
other_s_cent_america,2003,2229.0
other_s_cent_america,2004,2235.0
other_s_cent_america,2005,2254.0
other_s_cent_america,2006,2263.0
other_s_cent_america,2007,2313.0
other_s_cent_america,2008,2359.0
other_s_cent_america,2009,2328.0
other_s_cent_america,2010,2298.0
other_s_cent_america,2011,2195.0
other_s_cent_america,2012,1619.0
other_s_cent_america,2013,1570.0
other_s_cent_america,2014,1589.0
russian_federation,1980,6857.0
russian_federation,1981,6857.0
russian_federation,1982,6907.0
russian_federation,1983,7067.0
russian_federation,1984,7067.0
russian_federation,1985,7097.0
russian_federation,1986,7157.0
russian_federation,1987,7193.0
russian_federation,1988,7193.0
russian_federation,1989,7193.0
russian_federation,1990,7193.0
russian_federation,1991,7193.0
russian_federation,1992,6643.0
russian_federation,1993,6466.0
russian_federation,1994,6526.0
russian_federation,1995,6108.0
russian_federation,1996,6070.0
russian_federation,1997,5857.0
russian_federation,1998,5562.0
russian_federation,1999,5587.0
russian_federation,2000,5536.0
russian_federation,2001,5486.0
russian_federation,2002,5446.0
russian_federation,2003,5320.0
russian_federation,2004,5328.0
russian_federation,2005,5400.0
russian_federation,2006,5484.0
russian_federation,2007,5498.0
russian_federation,2008,5419.0
russian_federation,2009,5401.0
russian_federation,2010,5511.0
russian_federation,2011,5589.0
russian_federation,2012,5785.0
russian_federation,2013,6027.0
russian_federation,2014,6338.0
saudi_arabia,1965,303.00
saudi_arabia,1966,335.00
saudi_arabia,1967,335.00
saudi_arabia,1968,347.00
saudi_arabia,1969,347.00
saudi_arabia,1970,676.00
saudi_arabia,1971,676.00
saudi_arabia,1972,676.00
saudi_arabia,1973,676.00
saudi_arabia,1974,676.00
saudi_arabia,1975,703.00
saudi_arabia,1976,703.00
saudi_arabia,1977,703.00
saudi_arabia,1978,758.00
saudi_arabia,1979,758.00
saudi_arabia,1980,700.00
saudi_arabia,1981,780.00
saudi_arabia,1982,820.00
saudi_arabia,1983,935.00
saudi_arabia,1984,1110.0
saudi_arabia,1985,1420.0
saudi_arabia,1986,1540.0
saudi_arabia,1987,1565.0
saudi_arabia,1988,1565.0
saudi_arabia,1989,1620.0
saudi_arabia,1990,1885.0
saudi_arabia,1991,1645.0
saudi_arabia,1992,1660.0
saudi_arabia,1993,1670.0
saudi_arabia,1994,1683.0
saudi_arabia,1995,1692.0
saudi_arabia,1996,1699.0
saudi_arabia,1997,1704.0
saudi_arabia,1998,1762.0
saudi_arabia,1999,1823.0
saudi_arabia,2000,1808.0
saudi_arabia,2001,1810.0
saudi_arabia,2002,1814.0
saudi_arabia,2003,1894.0
saudi_arabia,2004,2079.0
saudi_arabia,2005,2107.0
saudi_arabia,2006,2107.0
saudi_arabia,2007,2107.0
saudi_arabia,2008,2107.0
saudi_arabia,2009,2107.0
saudi_arabia,2010,2107.0
saudi_arabia,2011,2117.0
saudi_arabia,2012,2122.0
saudi_arabia,2013,2522.0
saudi_arabia,2014,2822.0
singapore,1965,50.000
singapore,1966,79.000
singapore,1967,162.00
singapore,1968,170.00
singapore,1969,180.00
singapore,1970,288.00
singapore,1971,303.00
singapore,1972,490.00
singapore,1973,700.00
singapore,1974,956.00
singapore,1975,923.00
singapore,1976,918.00
singapore,1977,918.00
singapore,1978,918.00
singapore,1979,921.00
singapore,1980,1069.0
singapore,1981,1083.0
singapore,1982,1103.0
singapore,1983,1108.0
singapore,1984,1079.0
singapore,1985,968.00
singapore,1986,961.00
singapore,1987,858.00
singapore,1988,932.00
singapore,1989,1017.0
singapore,1990,1060.0
singapore,1991,1085.0
singapore,1992,1115.0
singapore,1993,1160.0
singapore,1994,1158.0
singapore,1995,1273.0
singapore,1996,1245.0
singapore,1997,1246.0
singapore,1998,1246.0
singapore,1999,1245.0
singapore,2000,1310.0
singapore,2001,1365.0
singapore,2002,1393.0
singapore,2003,1393.0
singapore,2004,1406.0
singapore,2005,1420.0
singapore,2006,1422.0
singapore,2007,1427.0
singapore,2008,1427.0
singapore,2009,1427.0
singapore,2010,1427.0
singapore,2011,1427.0
singapore,2012,1422.0
singapore,2013,1414.0
singapore,2014,1514.0
south_korea,1965,33.000
south_korea,1966,38.000
south_korea,1967,57.000
south_korea,1968,114.00
south_korea,1969,171.00
south_korea,1970,209.00
south_korea,1971,257.00
south_korea,1972,380.00
south_korea,1973,380.00
south_korea,1974,418.00
south_korea,1975,418.00
south_korea,1976,418.00
south_korea,1977,380.00
south_korea,1978,551.00
south_korea,1979,551.00
south_korea,1980,608.00
south_korea,1981,751.00
south_korea,1982,751.00
south_korea,1983,751.00
south_korea,1984,751.00
south_korea,1985,751.00
south_korea,1986,751.00
south_korea,1987,751.00
south_korea,1988,798.00
south_korea,1989,798.00
south_korea,1990,798.00
south_korea,1991,984.00
south_korea,1992,1370.0
south_korea,1993,1591.0
south_korea,1994,1615.0
south_korea,1995,1727.0
south_korea,1996,1917.0
south_korea,1997,2598.0
south_korea,1998,2598.0
south_korea,1999,2598.0
south_korea,2000,2598.0
south_korea,2001,2598.0
south_korea,2002,2598.0
south_korea,2003,2598.0
south_korea,2004,2598.0
south_korea,2005,2598.3
south_korea,2006,2633.4
south_korea,2007,2671.4
south_korea,2008,2712.3
south_korea,2009,2712.3
south_korea,2010,2712.3
south_korea,2011,2859.5
south_korea,2012,2887.0
south_korea,2013,2887.0
south_korea,2014,2887.0
spain,1965,311.00
spain,1966,341.00
spain,1967,482.00
spain,1968,511.00
spain,1969,723.00
spain,1970,894.00
spain,1971,894.00
spain,1972,894.00
spain,1973,894.00
spain,1974,964.00
spain,1975,994.00
spain,1976,1212.0
spain,1977,1275.0
spain,1978,1295.0
spain,1979,1396.0
spain,1980,1396.0
spain,1981,1476.0
spain,1982,1476.0
spain,1983,1476.0
spain,1984,1462.0
spain,1985,1342.0
spain,1986,1312.0
spain,1987,1312.0
spain,1988,1312.0
spain,1989,1287.0
spain,1990,1267.0
spain,1991,1272.0
spain,1992,1272.0
spain,1993,1277.0
spain,1994,1282.0
spain,1995,1308.0
spain,1996,1324.0
spain,1997,1312.0
spain,1998,1312.0
spain,1999,1326.0
spain,2000,1330.0
spain,2001,1330.0
spain,2002,1330.0
spain,2003,1347.0
spain,2004,1372.0
spain,2005,1377.0
spain,2006,1361.6
spain,2007,1361.6
spain,2008,1361.6
spain,2009,1361.6
spain,2010,1416.4
spain,2011,1416.4
spain,2012,1536.9
spain,2013,1536.9
spain,2014,1546.3
sweden,1965,98.000
sweden,1966,153.00
sweden,1967,153.00
sweden,1968,253.00
sweden,1969,253.00
sweden,1970,253.00
sweden,1971,253.00
sweden,1972,253.00
sweden,1973,253.00
sweden,1974,253.00
sweden,1975,253.00
sweden,1976,420.00
sweden,1977,420.00
sweden,1978,420.00
sweden,1979,420.00
sweden,1980,471.00
sweden,1981,471.00
sweden,1982,461.00
sweden,1983,451.00
sweden,1984,444.00
sweden,1985,439.00
sweden,1986,436.00
sweden,1987,436.00
sweden,1988,436.00
sweden,1989,436.00
sweden,1990,436.00
sweden,1991,436.00
sweden,1992,436.00
sweden,1993,436.00
sweden,1994,436.00
sweden,1995,436.00
sweden,1996,436.00
sweden,1997,436.00
sweden,1998,436.00
sweden,1999,436.00
sweden,2000,436.00
sweden,2001,436.00
sweden,2002,436.00
sweden,2003,436.00
sweden,2004,436.00
sweden,2005,436.00
sweden,2006,436.00
sweden,2007,436.00
sweden,2008,436.00
sweden,2009,436.00
sweden,2010,436.00
sweden,2011,436.00
sweden,2012,436.00
sweden,2013,436.00
sweden,2014,436.00
taiwan,1965,46.000
taiwan,1966,50.000
taiwan,1967,50.000
taiwan,1968,103.00
taiwan,1969,103.00
taiwan,1970,103.00
taiwan,1971,122.00
taiwan,1972,193.00
taiwan,1973,193.00
taiwan,1974,288.00
taiwan,1975,274.00
taiwan,1976,369.00
taiwan,1977,464.00
taiwan,1978,447.00
taiwan,1979,447.00
taiwan,1980,542.00
taiwan,1981,542.00
taiwan,1982,542.00
taiwan,1983,542.00
taiwan,1984,542.00
taiwan,1985,570.00
taiwan,1986,570.00
taiwan,1987,570.00
taiwan,1988,570.00
taiwan,1989,570.00
taiwan,1990,570.00
taiwan,1991,570.00
taiwan,1992,570.00
taiwan,1993,570.00
taiwan,1994,570.00
taiwan,1995,732.00
taiwan,1996,732.00
taiwan,1997,732.00
taiwan,1998,732.00
taiwan,1999,732.00
taiwan,2000,732.00
taiwan,2001,874.00
taiwan,2002,1159.0
taiwan,2003,1159.0
taiwan,2004,1159.0
taiwan,2005,1159.0
taiwan,2006,1140.0
taiwan,2007,1197.0
taiwan,2008,1197.0
taiwan,2009,1197.0
taiwan,2010,1197.0
taiwan,2011,1197.0
taiwan,2012,1197.0
taiwan,2013,1197.0
taiwan,2014,1197.0
thailand,1965,45.000
thailand,1966,45.000
thailand,1967,45.000
thailand,1968,45.000
thailand,1969,63.000
thailand,1970,122.00
thailand,1971,122.00
thailand,1972,153.00
thailand,1973,153.00
thailand,1974,153.00
thailand,1975,153.00
thailand,1976,153.00
thailand,1977,153.00
thailand,1978,153.00
thailand,1979,158.00
thailand,1980,163.00
thailand,1981,163.00
thailand,1982,163.00
thailand,1983,163.00
thailand,1984,163.00
thailand,1985,181.00
thailand,1986,181.00
thailand,1987,181.00
thailand,1988,181.00
thailand,1989,222.28
thailand,1990,222.28
thailand,1991,222.28
thailand,1992,409.70
thailand,1993,449.90
thailand,1994,476.70
thailand,1995,476.70
thailand,1996,817.50
thailand,1997,866.50
thailand,1998,883.50
thailand,1999,898.50
thailand,2000,898.50
thailand,2001,1063.5
thailand,2002,1067.5
thailand,2003,1067.5
thailand,2004,1067.5
thailand,2005,1077.5
thailand,2006,1099.5
thailand,2007,1099.5
thailand,2008,1164.5
thailand,2009,1235.5
thailand,2010,1229.5
thailand,2011,1229.5
thailand,2012,1229.5
thailand,2013,1236.5
thailand,2014,1241.5
total_africa,1965,560.00
total_africa,1966,598.00
total_africa,1967,646.00
total_africa,1968,597.00
total_africa,1969,549.00
total_africa,1970,697.00
total_africa,1971,806.00
total_africa,1972,935.00
total_africa,1973,1066.0
total_africa,1974,1173.0
total_africa,1975,1242.0
total_africa,1976,1253.0
total_africa,1977,1383.0
total_africa,1978,1612.0
total_africa,1979,1708.0
total_africa,1980,2073.0
total_africa,1981,2268.0
total_africa,1982,2333.0
total_africa,1983,2276.0
total_africa,1984,2220.0
total_africa,1985,2443.0
total_africa,1986,2489.0
total_africa,1987,2538.0
total_africa,1988,2628.0
total_africa,1989,2688.0
total_africa,1990,2758.0
total_africa,1991,2748.0
total_africa,1992,2757.0
total_africa,1993,2857.0
total_africa,1994,2784.0
total_africa,1995,2854.0
total_africa,1996,2934.0
total_africa,1997,2853.0
total_africa,1998,2806.0
total_africa,1999,2910.0
total_africa,2000,2838.0
total_africa,2001,3093.0
total_africa,2002,3157.0
total_africa,2003,3141.0
total_africa,2004,3058.0
total_africa,2005,3154.0
total_africa,2006,3017.0
total_africa,2007,3034.0
total_africa,2008,3148.0
total_africa,2009,3009.0
total_africa,2010,3203.0
total_africa,2011,3152.0
total_africa,2012,3350.0
total_africa,2013,3509.0
total_africa,2014,3553.0
total_asia_pacific,1965,3599.7
total_asia_pacific,1966,4009.7
total_asia_pacific,1967,4328.9
total_asia_pacific,1968,5083.4
total_asia_pacific,1969,5778.4
total_asia_pacific,1970,6588.3
total_asia_pacific,1971,7327.8
total_asia_pacific,1972,8787.0
total_asia_pacific,1973,9691.0
total_asia_pacific,1974,10628
total_asia_pacific,1975,10844
total_asia_pacific,1976,11339
total_asia_pacific,1977,11627
total_asia_pacific,1978,11881
total_asia_pacific,1979,11875
total_asia_pacific,1980,12364
total_asia_pacific,1981,12568
total_asia_pacific,1982,12999
total_asia_pacific,1983,12197
total_asia_pacific,1984,12414
total_asia_pacific,1985,12634
total_asia_pacific,1986,12659
total_asia_pacific,1987,12542
total_asia_pacific,1988,12647
total_asia_pacific,1989,12937
total_asia_pacific,1990,13470
total_asia_pacific,1991,13883
total_asia_pacific,1992,14707
total_asia_pacific,1993,15510
total_asia_pacific,1994,16003
total_asia_pacific,1995,17251
total_asia_pacific,1996,18086
total_asia_pacific,1997,19314
total_asia_pacific,1998,19716
total_asia_pacific,1999,21443
total_asia_pacific,2000,21533
total_asia_pacific,2001,21963
total_asia_pacific,2002,22589
total_asia_pacific,2003,22679
total_asia_pacific,2004,23150
total_asia_pacific,2005,23708
total_asia_pacific,2006,24880
total_asia_pacific,2007,25758
total_asia_pacific,2008,26121
total_asia_pacific,2009,27704
total_asia_pacific,2010,28415
total_asia_pacific,2011,29167
total_asia_pacific,2012,30605
total_asia_pacific,2013,32042
total_asia_pacific,2014,32461
total_europe_eurasia,1965,13194
total_europe_eurasia,1966,15012
total_europe_eurasia,1967,16822
total_europe_eurasia,1968,18343
total_europe_eurasia,1969,20288
total_europe_eurasia,1970,21968
total_europe_eurasia,1971,23903
total_europe_eurasia,1972,25421
total_europe_eurasia,1973,27261
total_europe_eurasia,1974,29064
total_europe_eurasia,1975,30539
total_europe_eurasia,1976,31927
total_europe_eurasia,1977,32624
total_europe_eurasia,1978,32242
total_europe_eurasia,1979,32208
total_europe_eurasia,1980,31911
total_europe_eurasia,1981,31644
total_europe_eurasia,1982,30317
total_europe_eurasia,1983,29301
total_europe_eurasia,1984,28879
total_europe_eurasia,1985,28242
total_europe_eurasia,1986,27964
total_europe_eurasia,1987,28061
total_europe_eurasia,1988,28009
total_europe_eurasia,1989,27804
total_europe_eurasia,1990,27713
total_europe_eurasia,1991,27769
total_europe_eurasia,1992,26866
total_europe_eurasia,1993,26415
total_europe_eurasia,1994,26431
total_europe_eurasia,1995,25593
total_europe_eurasia,1996,25359
total_europe_eurasia,1997,25262
total_europe_eurasia,1998,25286
total_europe_eurasia,1999,25295
total_europe_eurasia,2000,25181
total_europe_eurasia,2001,25053
total_europe_eurasia,2002,24886
total_europe_eurasia,2003,24681
total_europe_eurasia,2004,24766
total_europe_eurasia,2005,24724
total_europe_eurasia,2006,24774
total_europe_eurasia,2007,24705
total_europe_eurasia,2008,24537
total_europe_eurasia,2009,24388
total_europe_eurasia,2010,24240
total_europe_eurasia,2011,24122
total_europe_eurasia,2012,23656
total_europe_eurasia,2013,23569
total_europe_eurasia,2014,23724
total_middle_east,1965,1701.8
total_middle_east,1966,1833.2
total_middle_east,1967,1845.3
total_middle_east,1968,2031.1
total_middle_east,1969,2088.8
total_middle_east,1970,2465.5
total_middle_east,1971,2553.6
total_middle_east,1972,2597.0
total_middle_east,1973,2718.0
total_middle_east,1974,2827.0
total_middle_east,1975,3061.0
total_middle_east,1976,3115.0
total_middle_east,1977,3320.0
total_middle_east,1978,3434.0
total_middle_east,1979,3490.0
total_middle_east,1980,3528.0
total_middle_east,1981,3182.0
total_middle_east,1982,3256.0
total_middle_east,1983,3680.0
total_middle_east,1984,4055.0
total_middle_east,1985,4565.0
total_middle_east,1986,4774.0
total_middle_east,1987,4881.0
total_middle_east,1988,5056.0
total_middle_east,1989,5224.0
total_middle_east,1990,5260.0
total_middle_east,1991,4498.0
total_middle_east,1992,5035.0
total_middle_east,1993,5268.0
total_middle_east,1994,5721.0
total_middle_east,1995,5814.0
total_middle_east,1996,5901.0
total_middle_east,1997,6091.0
total_middle_east,1998,6281.0
total_middle_east,1999,6513.0
total_middle_east,2000,6476.0
total_middle_east,2001,6733.0
total_middle_east,2002,6902.0
total_middle_east,2003,7026.0
total_middle_east,2004,7243.0
total_middle_east,2005,7274.0
total_middle_east,2006,7414.0
total_middle_east,2007,7556.0
total_middle_east,2008,7645.0
total_middle_east,2009,7893.0
total_middle_east,2010,8006.0
total_middle_east,2011,8094.0
total_middle_east,2012,8167.0
total_middle_east,2013,8687.0
total_middle_east,2014,9428.0
total_north_america,1965,11896
total_north_america,1966,12217
total_north_america,1967,13046
total_north_america,1968,13505
total_north_america,1969,13889
total_north_america,1970,14818
total_north_america,1971,15504
total_north_america,1972,15918
total_north_america,1973,16928
total_north_america,1974,17716
total_north_america,1975,18075
total_north_america,1976,19372
total_north_america,1977,20025
total_north_america,1978,20479
total_north_america,1979,21300
total_north_america,1980,21982
total_north_america,1981,21257
total_north_america,1982,20160
total_north_america,1983,19248
total_north_america,1984,18834
total_north_america,1985,18622
total_north_america,1986,18633
total_north_america,1987,19241
total_north_america,1988,18936
total_north_america,1989,19050
total_north_america,1990,19195
total_north_america,1991,19051
total_north_america,1992,18479
total_north_america,1993,18298
total_north_america,1994,18710
total_north_america,1995,18569
total_north_america,1996,18703
total_north_america,1997,18971
total_north_america,1998,19554
total_north_america,1999,19822
total_north_america,2000,19937
total_north_america,2001,20183
total_north_america,2002,20143
total_north_america,2003,20316
total_north_america,2004,20503
total_north_america,2005,20698
total_north_america,2006,20821
total_north_america,2007,20964
total_north_america,2008,21086
total_north_america,2009,21023
total_north_america,2010,21113
total_north_america,2011,20967
total_north_america,2012,21479
total_north_america,2013,21495
total_north_america,2014,21278
total_s_cent_america,1965,3561.8
total_s_cent_america,1966,3799.0
total_s_cent_america,1967,3969.4
total_s_cent_america,1968,4171.9
total_s_cent_america,1969,4422.7
total_s_cent_america,1970,4807.5
total_s_cent_america,1971,5321.4
total_s_cent_america,1972,6005.5
total_s_cent_america,1973,6636.9
total_s_cent_america,1974,6805.9
total_s_cent_america,1975,6890.9
total_s_cent_america,1976,6856.9
total_s_cent_america,1977,7103.9
total_s_cent_america,1978,7204.9
total_s_cent_america,1979,7173.9
total_s_cent_america,1980,7250.9
total_s_cent_america,1981,7175.9
total_s_cent_america,1982,6937.9
total_s_cent_america,1983,6793.9
total_s_cent_america,1984,6481.9
total_s_cent_america,1985,6104.0
total_s_cent_america,1986,5831.0
total_s_cent_america,1987,5804.0
total_s_cent_america,1988,5829.0
total_s_cent_america,1989,5948.0
total_s_cent_america,1990,6003.0
total_s_cent_america,1991,6045.0
total_s_cent_america,1992,6099.0
total_s_cent_america,1993,6046.0
total_s_cent_america,1994,5995.0
total_s_cent_america,1995,5877.0
total_s_cent_america,1996,5842.0
total_s_cent_america,1997,6157.8
total_s_cent_america,1998,6110.0
total_s_cent_america,1999,6203.6
total_s_cent_america,2000,6265.4
total_s_cent_america,2001,6240.4
total_s_cent_america,2002,6289.5
total_s_cent_america,2003,6347.4
total_s_cent_america,2004,6381.7
total_s_cent_america,2005,6427.9
total_s_cent_america,2006,6435.9
total_s_cent_america,2007,6524.4
total_s_cent_america,2008,6582.8
total_s_cent_america,2009,6569.0
total_s_cent_america,2010,6542.0
total_s_cent_america,2011,6468.1
total_s_cent_america,2012,5885.5
total_s_cent_america,2013,5895.1
total_s_cent_america,2014,6068.8
total_world,1965,34514
total_world,1966,37469
total_world,1967,40657
total_world,1968,43731
total_world,1969,47016
total_world,1970,51344
total_world,1971,55415
total_world,1972,59663
total_world,1973,64301
total_world,1974,68214
total_world,1975,70652
total_world,1976,73863
total_world,1977,76083
total_world,1978,76852
total_world,1979,77754
total_world,1980,79109
total_world,1981,78095
total_world,1982,76003
total_world,1983,73496
total_world,1984,72884
total_world,1985,72610
total_world,1986,72350
total_world,1987,73067
total_world,1988,73105
total_world,1989,73652
total_world,1990,74399
total_world,1991,73994
total_world,1992,73943
total_world,1993,74394
total_world,1994,75643
total_world,1995,75958
total_world,1996,76824
total_world,1997,78648
total_world,1998,79753
total_world,1999,82186
total_world,2000,82230
total_world,2001,83266
total_world,2002,83965
total_world,2003,84189
total_world,2004,85102
total_world,2005,85986
total_world,2006,87342
total_world,2007,88540
total_world,2008,89119
total_world,2009,90586
total_world,2010,91519
total_world,2011,91970
total_world,2012,93142
total_world,2013,95197
total_world,2014,96514
turkey,1965,96.000
turkey,1966,96.000
turkey,1967,120.00
turkey,1968,120.00
turkey,1969,204.00
turkey,1970,204.00
turkey,1971,204.00
turkey,1972,280.00
turkey,1973,281.00
turkey,1974,281.00
turkey,1975,281.00
turkey,1976,280.00
turkey,1977,311.00
turkey,1978,311.00
turkey,1979,311.00
turkey,1980,366.00
turkey,1981,366.00
turkey,1982,386.00
turkey,1983,466.00
turkey,1984,466.00
turkey,1985,466.00
turkey,1986,476.00
turkey,1987,599.00
turkey,1988,703.00
turkey,1989,703.00
turkey,1990,703.00
turkey,1991,708.00
turkey,1992,713.00
turkey,1993,713.00
turkey,1994,713.00
turkey,1995,713.00
turkey,1996,713.00
turkey,1997,713.00
turkey,1998,713.00
turkey,1999,713.00
turkey,2000,713.00
turkey,2001,713.00
turkey,2002,713.00
turkey,2003,713.00
turkey,2004,693.00
turkey,2005,613.00
turkey,2006,613.00
turkey,2007,613.00
turkey,2008,613.00
turkey,2009,613.00
turkey,2010,613.00
turkey,2011,613.00
turkey,2012,613.00
turkey,2013,613.00
turkey,2014,613.00
united_arab_emirates,1965,0.0000
united_arab_emirates,1966,0.0000
united_arab_emirates,1967,0.0000
united_arab_emirates,1968,0.0000
united_arab_emirates,1969,0.0000
united_arab_emirates,1970,0.0000
united_arab_emirates,1971,0.0000
united_arab_emirates,1972,0.0000
united_arab_emirates,1973,0.0000
united_arab_emirates,1974,0.0000
united_arab_emirates,1975,0.0000
united_arab_emirates,1976,15.000
united_arab_emirates,1977,15.000
united_arab_emirates,1978,15.000
united_arab_emirates,1979,15.000
united_arab_emirates,1980,15.000
united_arab_emirates,1981,75.000
united_arab_emirates,1982,135.00
united_arab_emirates,1983,154.00
united_arab_emirates,1984,180.00
united_arab_emirates,1985,180.00
united_arab_emirates,1986,180.00
united_arab_emirates,1987,180.00
united_arab_emirates,1988,180.00
united_arab_emirates,1989,180.00
united_arab_emirates,1990,185.00
united_arab_emirates,1991,192.00
united_arab_emirates,1992,202.00
united_arab_emirates,1993,215.00
united_arab_emirates,1994,220.00
united_arab_emirates,1995,220.00
united_arab_emirates,1996,250.00
united_arab_emirates,1997,298.00
united_arab_emirates,1998,235.00
united_arab_emirates,1999,290.00
united_arab_emirates,2000,440.00
united_arab_emirates,2001,674.00
united_arab_emirates,2002,711.00
united_arab_emirates,2003,645.00
united_arab_emirates,2004,620.00
united_arab_emirates,2005,620.00
united_arab_emirates,2006,620.00
united_arab_emirates,2007,625.00
united_arab_emirates,2008,680.00
united_arab_emirates,2009,700.00
united_arab_emirates,2010,700.00
united_arab_emirates,2011,705.00
united_arab_emirates,2012,710.00
united_arab_emirates,2013,710.00
united_arab_emirates,2014,1143.0
united_kingdom,1965,1474.0
united_kingdom,1966,1683.0
united_kingdom,1967,1731.0
united_kingdom,1968,1957.0
united_kingdom,1969,2195.0
united_kingdom,1970,2305.0
united_kingdom,1971,2450.0
united_kingdom,1972,2487.0
united_kingdom,1973,2852.0
united_kingdom,1974,2984.0
united_kingdom,1975,2940.0
united_kingdom,1976,2916.0
united_kingdom,1977,2801.0
united_kingdom,1978,2681.0
united_kingdom,1979,2677.0
united_kingdom,1980,2614.0
united_kingdom,1981,2518.0
united_kingdom,1982,2281.0
united_kingdom,1983,2022.0
united_kingdom,1984,1919.0
united_kingdom,1985,1864.0
united_kingdom,1986,1805.0
united_kingdom,1987,1823.0
united_kingdom,1988,1814.0
united_kingdom,1989,1827.0
united_kingdom,1990,1850.0
united_kingdom,1991,1827.0
united_kingdom,1992,1837.0
united_kingdom,1993,1844.0
united_kingdom,1994,1866.0
united_kingdom,1995,1844.0
united_kingdom,1996,1873.0
united_kingdom,1997,1823.0
united_kingdom,1998,1848.0
united_kingdom,1999,1777.0
united_kingdom,2000,1778.0
united_kingdom,2001,1769.0
united_kingdom,2002,1785.0
united_kingdom,2003,1813.0
united_kingdom,2004,1847.6
united_kingdom,2005,1819.4
united_kingdom,2006,1835.5
united_kingdom,2007,1819.4
united_kingdom,2008,1827.5
united_kingdom,2009,1757.2
united_kingdom,2010,1757.2
united_kingdom,2011,1787.3
united_kingdom,2012,1526.2
united_kingdom,2013,1498.1
united_kingdom,2014,1367.6
us,1965,10390
us,1966,10660
us,1967,11350
us,1968,11700
us,1969,12020
us,1970,12860
us,1971,13290
us,1972,13640
us,1973,14360
us,1974,14960
us,1975,15240
us,1976,16400
us,1977,17050
us,1978,17440
us,1979,17990
us,1980,18620
us,1981,17890
us,1982,16860
us,1983,16140
us,1984,15660
us,1985,15460
us,1986,15570
us,1987,15920
us,1988,15650
us,1989,15570
us,1990,15680
us,1991,15700
us,1992,15120
us,1993,15030
us,1994,15434
us,1995,15333
us,1996,15452
us,1997,15711
us,1998,16261
us,1999,16512
us,2000,16595
us,2001,16785
us,2002,16757
us,2003,16894
us,2004,17125
us,2005,17339
us,2006,17443
us,2007,17594
us,2008,17672
us,2009,17584
us,2010,17736
us,2011,17322
us,2012,17824
us,2013,17925
us,2014,17791
venezuela,1965,1120.0
venezuela,1966,1135.0
venezuela,1967,1217.0
venezuela,1968,1222.0
venezuela,1969,1258.0
venezuela,1970,1289.0
venezuela,1971,1295.0
venezuela,1972,1474.0
venezuela,1973,1474.0
venezuela,1974,1474.0
venezuela,1975,1445.0
venezuela,1976,1445.0
venezuela,1977,1445.0
venezuela,1978,1445.0
venezuela,1979,1445.0
venezuela,1980,1330.0
venezuela,1981,1276.0
venezuela,1982,1253.0
venezuela,1983,1243.0
venezuela,1984,1243.0
venezuela,1985,1243.0
venezuela,1986,1243.0
venezuela,1987,1186.0
venezuela,1988,1186.0
venezuela,1989,1186.0
venezuela,1990,1186.0
venezuela,1991,1196.0
venezuela,1992,1202.0
venezuela,1993,1202.0
venezuela,1994,1205.0
venezuela,1995,1212.0
venezuela,1996,1212.0
venezuela,1997,1212.0
venezuela,1998,1215.0
venezuela,1999,1248.0
venezuela,2000,1269.0
venezuela,2001,1269.0
venezuela,2002,1269.0
venezuela,2003,1269.0
venezuela,2004,1284.0
venezuela,2005,1291.0
venezuela,2006,1294.0
venezuela,2007,1303.0
venezuela,2008,1303.0
venezuela,2009,1303.0
venezuela,2010,1303.0
venezuela,2011,1303.0
venezuela,2012,1303.0
venezuela,2013,1303.0
venezuela,2014,1303.0
