geo,year,gas_production_bcm
algeria,1970,2.4380
algeria,1971,2.5699
algeria,1972,3.2561
algeria,1973,4.3216
algeria,1974,4.9963
algeria,1975,6.1523
algeria,1976,7.7491
algeria,1977,7.4165
algeria,1978,11.502
algeria,1979,18.853
algeria,1980,15.410
algeria,1981,17.865
algeria,1982,23.310
algeria,1983,33.379
algeria,1984,33.976
algeria,1985,37.338
algeria,1986,38.189
algeria,1987,43.101
algeria,1988,45.058
algeria,1989,48.583
algeria,1990,51.657
algeria,1991,55.703
algeria,1992,58.001
algeria,1993,58.747
algeria,1994,54.011
algeria,1995,61.491
algeria,1996,65.251
algeria,1997,74.859
algeria,1998,80.162
algeria,1999,90.107
algeria,2000,91.889
algeria,2001,86.473
algeria,2002,88.942
algeria,2003,93.858
algeria,2004,92.055
algeria,2005,84.912
algeria,2006,81.299
algeria,2007,81.646
algeria,2008,82.601
algeria,2009,76.567
algeria,2010,77.397
algeria,2011,79.599
algeria,2012,78.444
algeria,2013,79.339
algeria,2014,80.172
algeria,2015,81.411
algeria,2016,91.392
algeria,2017,91.245
argentina,1970,5.8545
argentina,1971,6.3266
argentina,1972,6.0139
argentina,1973,6.5488
argentina,1974,7.0487
argentina,1975,7.4805
argentina,1976,7.1323
argentina,1977,7.3618
argentina,1978,7.5952
argentina,1979,7.0312
argentina,1980,8.1646
argentina,1981,8.4953
argentina,1982,9.5208
argentina,1983,12.779
argentina,1984,13.109
argentina,1985,13.508
argentina,1986,15.083
argentina,1987,14.733
argentina,1988,17.466
argentina,1989,18.468
argentina,1990,17.349
argentina,1991,19.382
argentina,1992,19.538
argentina,1993,20.928
argentina,1994,21.658
argentina,1995,24.322
argentina,1996,28.134
argentina,1997,26.627
argentina,1998,28.776
argentina,1999,33.619
argentina,2000,36.381
argentina,2001,36.119
argentina,2002,35.117
argentina,2003,39.911
argentina,2004,43.646
argentina,2005,44.375
argentina,2006,44.832
argentina,2007,43.597
argentina,2008,42.848
argentina,2009,40.287
argentina,2010,38.996
argentina,2011,37.717
argentina,2012,36.691
argentina,2013,34.556
argentina,2014,34.486
argentina,2015,35.491
argentina,2016,37.282
argentina,2017,37.150
australia,1970,1.7304
australia,1971,2.5827
australia,1972,3.7074
australia,1973,4.7069
australia,1974,5.3702
australia,1975,5.7670
australia,1976,6.8077
australia,1977,7.7768
australia,1978,8.3725
australia,1979,9.6375
australia,1980,11.067
australia,1981,11.994
australia,1982,11.698
australia,1983,12.707
australia,1984,12.532
australia,1985,13.395
australia,1986,14.633
australia,1987,14.939
australia,1988,15.299
australia,1989,17.708
australia,1990,20.611
australia,1991,21.576
australia,1992,23.334
australia,1993,24.384
australia,1994,27.991
australia,1995,29.596
australia,1996,29.634
australia,1997,29.638
australia,1998,30.274
australia,1999,30.713
australia,2000,31.192
australia,2001,32.641
australia,2002,33.001
australia,2003,33.745
australia,2004,35.930
australia,2005,38.235
australia,2006,40.682
australia,2007,42.751
australia,2008,41.683
australia,2009,46.698
australia,2010,54.011
australia,2011,55.651
australia,2012,59.526
australia,2013,61.800
australia,2014,66.644
australia,2015,76.039
australia,2016,96.419
australia,2017,113.46
azerbaijan,1985,13.717
azerbaijan,1986,13.259
azerbaijan,1987,12.187
azerbaijan,1988,11.602
azerbaijan,1989,10.822
azerbaijan,1990,9.6518
azerbaijan,1991,8.3844
azerbaijan,1992,7.7019
azerbaijan,1993,6.6295
azerbaijan,1994,6.2395
azerbaijan,1995,6.4345
azerbaijan,1996,5.7296
azerbaijan,1997,5.4567
azerbaijan,1998,5.0920
azerbaijan,1999,5.4567
azerbaijan,2000,5.1447
azerbaijan,2001,5.0433
azerbaijan,2002,4.6777
azerbaijan,2003,4.6631
azerbaijan,2004,4.5432
azerbaijan,2005,5.5884
azerbaijan,2006,6.5938
azerbaijan,2007,10.560
azerbaijan,2008,15.927
azerbaijan,2009,15.913
azerbaijan,2010,16.255
azerbaijan,2011,15.951
azerbaijan,2012,16.810
azerbaijan,2013,17.446
azerbaijan,2014,18.384
azerbaijan,2015,18.784
azerbaijan,2016,18.278
azerbaijan,2017,17.731
bahrain,1970,0.65012
bahrain,1971,0.94784
bahrain,1972,1.1828
bahrain,1973,1.6770
bahrain,1974,2.0678
bahrain,1975,2.1760
bahrain,1976,2.2806
bahrain,1977,2.4737
bahrain,1978,2.7179
bahrain,1979,3.0133
bahrain,1980,2.4458
bahrain,1981,2.2678
bahrain,1982,3.5809
bahrain,1983,3.7530
bahrain,1984,3.8670
bahrain,1985,4.7206
bahrain,1986,5.4045
bahrain,1987,5.2509
bahrain,1988,5.5777
bahrain,1989,5.8022
bahrain,1990,6.0767
bahrain,1991,5.7929
bahrain,1992,6.7687
bahrain,1993,7.2501
bahrain,1994,7.4223
bahrain,1995,7.5455
bahrain,1996,7.7700
bahrain,1997,8.3422
bahrain,1998,8.7713
bahrain,1999,9.0761
bahrain,2000,9.1749
bahrain,2001,9.5540
bahrain,2002,9.8995
bahrain,2003,10.077
bahrain,2004,9.2699
bahrain,2005,10.174
bahrain,2006,10.763
bahrain,2007,11.199
bahrain,2008,12.018
bahrain,2009,12.134
bahrain,2010,12.429
bahrain,2011,12.624
bahrain,2012,13.052
bahrain,2013,13.958
bahrain,2014,14.697
bahrain,2015,14.757
bahrain,2016,14.682
bahrain,2017,15.076
bangladesh,1970,0.0000
bangladesh,1971,0.0000
bangladesh,1972,0.43961
bangladesh,1973,0.60825
bangladesh,1974,0.66873
bangladesh,1975,0.67221
bangladesh,1976,0.88504
bangladesh,1977,0.98739
bangladesh,1978,1.0897
bangladesh,1979,1.2537
bangladesh,1980,1.4119
bangladesh,1981,1.3614
bangladesh,1982,1.7675
bangladesh,1983,1.9667
bangladesh,1984,2.2701
bangladesh,1985,2.5780
bangladesh,1986,2.9070
bangladesh,1987,3.4156
bangladesh,1988,4.0201
bangladesh,1989,4.2499
bangladesh,1990,4.5742
bangladesh,1991,4.7107
bangladesh,1992,5.1370
bangladesh,1993,5.7503
bangladesh,1994,6.0986
bangladesh,1995,6.7423
bangladesh,1996,7.2365
bangladesh,1997,7.1133
bangladesh,1998,7.6864
bangladesh,1999,8.3804
bangladesh,2000,9.0582
bangladesh,2001,10.143
bangladesh,2002,10.671
bangladesh,2003,11.478
bangladesh,2004,12.340
bangladesh,2005,13.263
bangladesh,2006,14.363
bangladesh,2007,15.336
bangladesh,2008,16.376
bangladesh,2009,18.747
bangladesh,2010,19.254
bangladesh,2011,19.582
bangladesh,2012,21.336
bangladesh,2013,21.953
bangladesh,2014,23.022
bangladesh,2015,25.854
bangladesh,2016,26.451
bangladesh,2017,26.590
bolivia,1970,0.041868
bolivia,1971,0.041868
bolivia,1972,1.1165
bolivia,1973,1.7212
bolivia,1974,1.8015
bolivia,1975,1.7759
bolivia,1976,1.8306
bolivia,1977,1.9317
bolivia,1978,1.9038
bolivia,1979,2.0818
bolivia,1980,2.5528
bolivia,1981,2.7226
bolivia,1982,2.8238
bolivia,1983,2.7110
bolivia,1984,2.6074
bolivia,1985,2.5842
bolivia,1986,2.6319
bolivia,1987,2.7528
bolivia,1988,2.9098
bolivia,1989,3.0692
bolivia,1990,3.1366
bolivia,1991,3.1180
bolivia,1992,2.8311
bolivia,1993,2.8247
bolivia,1994,3.0458
bolivia,1995,3.0434
bolivia,1996,3.0733
bolivia,1997,2.5904
bolivia,1998,2.7055
bolivia,1999,2.1784
bolivia,2000,3.1224
bolivia,2001,4.5471
bolivia,2002,5.8258
bolivia,2003,6.6954
bolivia,2004,9.4199
bolivia,2005,11.622
bolivia,2006,12.445
bolivia,2007,13.330
bolivia,2008,13.792
bolivia,2009,11.882
bolivia,2010,13.715
bolivia,2011,15.034
bolivia,2012,17.140
bolivia,2013,19.575
bolivia,2014,20.277
bolivia,2015,19.561
bolivia,2016,17.590
bolivia,2017,17.090
brazil,1970,0.082480
brazil,1971,0.13094
brazil,1972,0.17836
brazil,1973,0.20414
brazil,1974,0.39281
brazil,1975,0.42786
brazil,1976,0.49282
brazil,1977,0.61344
brazil,1978,0.80727
brazil,1979,0.88460
brazil,1980,1.0341
brazil,1981,0.92790
brazil,1982,1.3259
brazil,1983,1.7929
brazil,1984,2.0867
brazil,1985,2.6177
brazil,1986,3.0487
brazil,1987,3.4054
brazil,1988,3.4270
brazil,1989,3.5136
brazil,1990,3.1990
brazil,1991,3.3257
brazil,1992,3.7674
brazil,1993,4.4132
brazil,1994,4.8197
brazil,1995,5.3194
brazil,1996,5.8129
brazil,1997,6.3274
brazil,1998,6.6281
brazil,1999,7.7826
brazil,2000,7.8408
brazil,2001,8.0077
brazil,2002,9.6743
brazil,2003,10.510
brazil,2004,11.559
brazil,2005,11.433
brazil,2006,11.674
brazil,2007,11.754
brazil,2008,14.620
brazil,2009,12.486
brazil,2010,15.276
brazil,2011,17.520
brazil,2012,20.170
brazil,2013,22.323
brazil,2014,23.745
brazil,2015,24.209
brazil,2016,24.534
brazil,2017,27.509
brunei,1970,0.21352
brunei,1971,0.21157
brunei,1972,0.43436
brunei,1973,1.8969
brunei,1974,4.1174
brunei,1975,5.3995
brunei,1976,7.1214
brunei,1977,8.1724
brunei,1978,8.0101
brunei,1979,8.3918
brunei,1980,8.4230
brunei,1981,8.1549
brunei,1982,8.1451
brunei,1983,8.4952
brunei,1984,8.5966
brunei,1985,8.3806
brunei,1986,8.4025
brunei,1987,8.3830
brunei,1988,8.7097
brunei,1989,8.5351
brunei,1990,8.7024
brunei,1991,8.8335
brunei,1992,9.5082
brunei,1993,10.067
brunei,1994,10.131
brunei,1995,11.467
brunei,1996,11.368
brunei,1997,11.376
brunei,1998,10.502
brunei,1999,10.947
brunei,2000,11.016
brunei,2001,11.112
brunei,2002,11.173
brunei,2003,12.045
brunei,2004,11.927
brunei,2005,11.709
brunei,2006,12.256
brunei,2007,11.948
brunei,2008,11.850
brunei,2009,11.129
brunei,2010,11.975
brunei,2011,12.479
brunei,2012,12.251
brunei,2013,11.901
brunei,2014,11.556
brunei,2015,12.165
brunei,2016,11.736
brunei,2017,11.998
canada,1970,54.016
canada,1971,59.055
canada,1972,66.675
canada,1973,71.437
canada,1974,69.955
canada,1975,71.457
canada,1976,72.085
canada,1977,75.724
canada,1978,73.076
canada,1979,77.057
canada,1980,71.228
canada,1981,68.828
canada,1982,72.247
canada,1983,67.951
canada,1984,74.476
canada,1985,80.514
canada,1986,75.515
canada,1987,81.857
canada,1988,94.527
canada,1989,100.43
canada,1990,103.45
canada,1991,108.88
canada,1992,119.96
canada,1993,132.06
canada,1994,142.95
canada,1995,152.74
canada,1996,153.92
canada,1997,159.73
canada,1998,165.60
canada,1999,170.54
canada,2000,176.30
canada,2001,179.42
canada,2002,180.72
canada,2003,176.05
canada,2004,176.74
canada,2005,179.15
canada,2006,179.40
canada,2007,174.68
canada,2008,166.50
canada,2009,155.05
canada,2010,149.59
canada,2011,151.07
canada,2012,150.31
canada,2013,151.92
canada,2014,159.10
canada,2015,160.94
canada,2016,171.64
canada,2017,176.31
china,1970,2.8926
china,1971,3.7694
china,1972,4.8781
china,1973,6.0270
china,1974,7.5892
china,1975,8.9196
china,1976,10.179
china,1977,12.215
china,1978,13.838
china,1979,14.624
china,1980,14.382
china,1981,12.840
china,1982,12.024
china,1983,12.306
china,1984,12.528
china,1985,13.032
china,1986,13.868
china,1987,13.999
china,1988,14.372
china,1989,15.167
china,1990,15.418
china,1991,15.612
china,1992,15.914
china,1993,16.897
china,1994,17.697
china,1995,18.091
china,1996,20.272
china,1997,22.882
china,1998,23.462
china,1999,25.396
china,2000,27.414
china,2001,30.568
china,2002,32.918
china,2003,35.290
china,2004,41.786
china,2005,49.708
china,2006,59.014
china,2007,69.785
china,2008,80.932
china,2009,85.940
china,2010,96.545
china,2011,106.17
china,2012,111.48
china,2013,121.81
china,2014,131.18
china,2015,135.67
china,2016,137.94
china,2017,149.19
colombia,1970,1.2493
colombia,1971,1.3004
colombia,1972,1.5885
colombia,1973,1.6460
colombia,1974,1.7125
colombia,1975,1.4916
colombia,1976,1.5148
colombia,1977,1.7175
colombia,1978,2.2808
colombia,1979,2.6056
colombia,1980,2.7845
colombia,1981,3.0519
colombia,1982,3.2536
colombia,1983,3.5745
colombia,1984,3.6341
colombia,1985,3.7067
colombia,1986,3.6126
colombia,1987,3.8069
colombia,1988,3.6711
colombia,1989,3.7102
colombia,1990,3.9246
colombia,1991,3.8861
colombia,1992,3.9809
colombia,1993,3.8974
colombia,1994,4.0204
colombia,1995,4.2149
colombia,1996,4.5468
colombia,1997,5.6740
colombia,1998,6.4895
colombia,1999,5.6929
colombia,2000,5.7358
colombia,2001,5.9390
colombia,2002,5.9987
colombia,2003,5.7500
colombia,2004,6.1348
colombia,2005,6.4463
colombia,2006,6.7647
colombia,2007,7.2579
colombia,2008,8.7189
colombia,2009,10.112
colombia,2010,10.843
colombia,2011,10.546
colombia,2012,11.526
colombia,2013,13.223
colombia,2014,12.333
colombia,2015,11.610
colombia,2016,10.877
colombia,2017,10.138
denmark,1970,0.0000
denmark,1971,0.0000
denmark,1972,0.0000
denmark,1973,0.0000
denmark,1974,0.0000
denmark,1975,0.0000
denmark,1976,0.0000
denmark,1977,0.0000
denmark,1978,0.0000
denmark,1979,0.0000
denmark,1980,0.0000
denmark,1981,0.0000
denmark,1982,0.0000
denmark,1983,0.0000
denmark,1984,0.24186
denmark,1985,1.1697
denmark,1986,1.9839
denmark,1987,2.5286
denmark,1988,2.4973
denmark,1989,3.2026
denmark,1990,3.2703
denmark,1991,4.1088
denmark,1992,4.2799
denmark,1993,4.6953
denmark,1994,5.0874
denmark,1995,5.5085
denmark,1996,6.6935
denmark,1997,8.1939
denmark,1998,7.8867
denmark,1999,8.0850
denmark,2000,8.4995
denmark,2001,8.7384
denmark,2002,8.8423
denmark,2003,8.3766
denmark,2004,9.8758
denmark,2005,10.913
denmark,2006,10.843
denmark,2007,9.6152
denmark,2008,10.490
denmark,2009,8.7568
denmark,2010,8.5359
denmark,2011,6.8571
denmark,2012,5.9912
denmark,2013,4.9736
denmark,2014,4.8007
denmark,2015,4.7935
denmark,2016,4.7001
denmark,2017,5.0500
egypt,1970,0.081813
egypt,1971,0.081813
egypt,1972,0.068338
egypt,1973,0.054863
egypt,1974,0.057750
egypt,1975,0.048125
egypt,1976,0.36575
egypt,1977,0.44275
egypt,1978,0.71225
egypt,1979,1.0780
egypt,1980,2.0983
egypt,1981,2.3485
egypt,1982,2.5699
egypt,1983,3.0126
egypt,1984,3.8692
egypt,1985,4.7451
egypt,1986,5.4670
egypt,1987,6.0445
egypt,1988,6.6605
egypt,1989,7.4497
egypt,1990,7.7674
egypt,1991,8.7395
egypt,1992,9.4518
egypt,1993,10.867
egypt,1994,11.646
egypt,1995,12.031
egypt,1996,12.801
egypt,1997,13.090
egypt,1998,13.475
egypt,1999,16.170
egypt,2000,20.212
egypt,2001,24.255
egypt,2002,26.276
egypt,2003,28.971
egypt,2004,31.762
egypt,2005,40.906
egypt,2006,52.649
egypt,2007,53.602
egypt,2008,56.759
egypt,2009,60.339
egypt,2010,59.021
egypt,2011,59.143
egypt,2012,58.598
egypt,2013,53.965
egypt,2014,46.961
egypt,2015,42.591
egypt,2016,40.252
egypt,2017,49.018
germany,1970,11.565
germany,1971,14.442
germany,1972,17.248
germany,1973,19.384
germany,1974,20.346
germany,1975,18.515
germany,1976,19.499
germany,1977,19.778
germany,1978,21.150
germany,1979,21.217
germany,1980,19.387
germany,1981,20.037
germany,1982,14.219
germany,1983,15.126
germany,1984,15.817
germany,1985,14.354
germany,1986,12.348
germany,1987,14.771
germany,1988,13.747
germany,1989,13.270
germany,1990,13.421
germany,1991,15.398
germany,1992,15.619
germany,1993,15.543
germany,1994,16.295
germany,1995,16.815
germany,1996,18.209
germany,1997,17.900
germany,1998,17.490
germany,1999,18.682
germany,2000,17.669
germany,2001,17.837
germany,2002,17.790
germany,2003,18.519
germany,2004,17.137
germany,2005,16.546
germany,2006,16.345
germany,2007,14.972
germany,2008,13.638
germany,2009,12.748
germany,2010,11.126
germany,2011,10.467
germany,2012,9.4631
germany,2013,8.6057
germany,2014,8.0842
germany,2015,7.5258
germany,2016,6.9243
germany,2017,6.3773
india,1970,0.63285
india,1971,0.67062
india,1972,0.73559
india,1973,0.73367
india,1974,0.83040
india,1975,1.0631
india,1976,1.2914
india,1977,1.3793
india,1978,1.5405
india,1979,1.9159
india,1980,1.1331
india,1981,1.9782
india,1982,2.5935
india,1983,3.0858
india,1984,3.5341
india,1985,4.3228
india,1986,6.0400
india,1987,6.9577
india,1988,8.1505
india,1989,9.6905
india,1990,11.593
india,1991,12.911
india,1992,14.435
india,1993,14.667
india,1994,15.857
india,1995,18.078
india,1996,19.732
india,1997,21.453
india,1998,23.543
india,1999,24.123
india,2000,25.363
india,2001,25.428
india,2002,26.554
india,2003,28.427
india,2004,28.138
india,2005,28.512
india,2006,28.187
india,2007,28.965
india,2008,29.392
india,2009,35.690
india,2010,47.956
india,2011,43.968
india,2012,38.226
india,2013,31.855
india,2014,30.222
india,2015,29.220
india,2016,27.347
india,2017,28.504
indonesia,1970,1.2789
indonesia,1971,1.5225
indonesia,1972,1.1277
indonesia,1973,1.7478
indonesia,1974,1.8047
indonesia,1975,2.3649
indonesia,1976,2.3852
indonesia,1977,5.7449
indonesia,1978,11.043
indonesia,1979,16.017
indonesia,1980,18.788
indonesia,1981,19.052
indonesia,1982,19.366
indonesia,1983,22.097
indonesia,1984,29.790
indonesia,1985,32.784
indonesia,1986,34.114
indonesia,1987,36.449
indonesia,1988,39.808
indonesia,1989,41.879
indonesia,1990,44.540
indonesia,1991,48.909
indonesia,1992,51.831
indonesia,1993,53.848
indonesia,1994,61.353
indonesia,1995,61.630
indonesia,1996,64.939
indonesia,1997,66.669
indonesia,1998,65.557
indonesia,1999,71.089
indonesia,2000,70.684
indonesia,2001,68.626
indonesia,2002,75.590
indonesia,2003,79.157
indonesia,2004,75.695
indonesia,2005,76.270
indonesia,2006,75.397
indonesia,2007,72.579
indonesia,2008,74.830
indonesia,2009,78.044
indonesia,2010,87.001
indonesia,2011,82.679
indonesia,2012,78.300
indonesia,2013,77.624
indonesia,2014,76.400
indonesia,2015,76.162
indonesia,2016,70.739
indonesia,2017,67.976
iran,1970,3.6453
iran,1971,8.8169
iran,1972,11.889
iran,1973,13.138
iran,1974,13.633
iran,1975,14.202
iran,1976,14.469
iran,1977,14.693
iran,1978,9.2038
iran,1979,8.8651
iran,1980,4.7299
iran,1981,5.1394
iran,1982,7.0385
iran,1983,8.0441
iran,1984,9.3639
iran,1985,10.102
iran,1986,9.7045
iran,1987,11.880
iran,1988,12.898
iran,1989,16.286
iran,1990,25.778
iran,1991,30.452
iran,1992,32.230
iran,1993,17.221
iran,1994,27.356
iran,1995,33.234
iran,1996,39.086
iran,1997,41.069
iran,1998,46.379
iran,1999,55.252
iran,2000,58.752
iran,2001,65.290
iran,2002,77.639
iran,2003,81.436
iran,2004,94.944
iran,2005,100.76
iran,2006,109.79
iran,2007,123.07
iran,2008,128.87
iran,2009,141.56
iran,2010,150.08
iran,2011,157.46
iran,2012,163.67
iran,2013,164.28
iran,2014,183.05
iran,2015,191.42
iran,2016,203.16
iran,2017,223.89
iraq,1970,0.74100
iraq,1971,0.87875
iraq,1972,0.88825
iraq,1973,0.86450
iraq,1974,0.79420
iraq,1975,1.2302
iraq,1976,1.7147
iraq,1977,1.1191
iraq,1978,1.1600
iraq,1979,1.6634
iraq,1980,1.2169
iraq,1981,0.58900
iraq,1982,0.64600
iraq,1983,0.44650
iraq,1984,0.56050
iraq,1985,0.80750
iraq,1986,1.4725
iraq,1987,3.5625
iraq,1988,5.3200
iraq,1989,6.1275
iraq,1990,3.7810
iraq,1991,1.6530
iraq,1992,2.1565
iraq,1993,2.4225
iraq,1994,3.0115
iraq,1995,3.0115
iraq,1996,3.0780
iraq,1997,2.8975
iraq,1998,2.8025
iraq,1999,3.0210
iraq,2000,2.9925
iraq,2001,2.6220
iraq,2002,2.2420
iraq,2003,1.4820
iraq,2004,0.95000
iraq,2005,1.3775
iraq,2006,1.3775
iraq,2007,4.5430
iraq,2008,6.4576
iraq,2009,6.8527
iraq,2010,7.1353
iraq,2011,6.3019
iraq,2012,6.3413
iraq,2013,7.0727
iraq,2014,7.5308
iraq,2015,7.3011
iraq,2016,9.8956
iraq,2017,10.392
italy,1970,12.582
italy,1971,12.820
italy,1972,13.587
italy,1973,14.675
italy,1974,14.648
italy,1975,13.962
italy,1976,15.003
italy,1977,13.161
italy,1978,13.145
italy,1979,12.826
italy,1980,11.936
italy,1981,13.376
italy,1982,13.734
italy,1983,12.315
italy,1984,13.034
italy,1985,13.419
italy,1986,15.038
italy,1987,15.412
italy,1988,15.664
italy,1989,16.011
italy,1990,16.317
italy,1991,16.411
italy,1992,17.135
italy,1993,18.238
italy,1994,19.243
italy,1995,19.011
italy,1996,19.031
italy,1997,18.486
italy,1998,18.238
italy,1999,16.768
italy,2000,15.959
italy,2001,14.625
italy,2002,14.030
italy,2003,13.322
italy,2004,12.436
italy,2005,11.582
italy,2006,10.534
italy,2007,9.3127
italy,2008,8.8797
italy,2009,7.6883
italy,2010,8.0652
italy,2011,8.1068
italy,2012,8.2558
italy,2013,7.4214
italy,2014,6.8594
italy,2015,6.4969
italy,2016,5.5501
italy,2017,5.3139
kazakhstan,1985,4.6738
kazakhstan,1986,4.9890
kazakhstan,1987,5.4062
kazakhstan,1988,6.1112
kazakhstan,1989,5.7480
kazakhstan,1990,6.0940
kazakhstan,1991,6.2466
kazakhstan,1992,5.8587
kazakhstan,1993,5.2831
kazakhstan,1994,3.2669
kazakhstan,1995,4.1123
kazakhstan,1996,3.5563
kazakhstan,1997,5.7839
kazakhstan,1998,5.0808
kazakhstan,1999,6.7552
kazakhstan,2000,8.4754
kazakhstan,2001,8.6465
kazakhstan,2002,9.2250
kazakhstan,2003,11.120
kazakhstan,2004,13.105
kazakhstan,2005,14.588
kazakhstan,2006,15.231
kazakhstan,2007,15.792
kazakhstan,2008,18.291
kazakhstan,2009,19.009
kazakhstan,2010,20.430
kazakhstan,2011,20.089
kazakhstan,2012,19.832
kazakhstan,2013,21.382
kazakhstan,2014,21.681
kazakhstan,2015,21.973
kazakhstan,2016,22.949
kazakhstan,2017,27.133
kuwait,1970,1.9351
kuwait,1971,1.9988
kuwait,1972,2.3626
kuwait,1973,2.6467
kuwait,1974,2.7845
kuwait,1975,3.0514
kuwait,1976,3.6708
kuwait,1977,4.0023
kuwait,1978,4.4849
kuwait,1979,5.9384
kuwait,1980,3.8674
kuwait,1981,4.4498
kuwait,1982,3.4912
kuwait,1983,3.8332
kuwait,1984,4.1572
kuwait,1985,3.9900
kuwait,1986,5.4435
kuwait,1987,4.5410
kuwait,1988,6.4980
kuwait,1989,7.7520
kuwait,1990,3.9805
kuwait,1991,0.47500
kuwait,1992,2.4890
kuwait,1993,5.1490
kuwait,1994,5.6715
kuwait,1995,8.8141
kuwait,1996,8.8369
kuwait,1997,8.8065
kuwait,1998,9.0164
kuwait,1999,8.2536
kuwait,2000,9.1200
kuwait,2001,9.0250
kuwait,2002,8.2745
kuwait,2003,9.5000
kuwait,2004,10.355
kuwait,2005,11.685
kuwait,2006,11.789
kuwait,2007,10.697
kuwait,2008,12.065
kuwait,2009,10.915
kuwait,2010,11.146
kuwait,2011,12.856
kuwait,2012,14.739
kuwait,2013,15.496
kuwait,2014,14.277
kuwait,2015,16.064
kuwait,2016,16.426
kuwait,2017,17.373
libya,1970,0.27930
libya,1971,0.67260
libya,1972,2.6904
libya,1973,4.3044
libya,1974,3.8712
libya,1975,4.4032
libya,1976,4.5400
libya,1977,4.7984
libya,1978,4.8649
libya,1979,6.4457
libya,1980,4.9115
libya,1981,2.9925
libya,1982,3.1825
libya,1983,3.5245
libya,1984,4.3700
libya,1985,4.9400
libya,1986,5.3200
libya,1987,4.7500
libya,1988,5.2250
libya,1989,6.4600
libya,1990,5.8900
libya,1991,6.2130
libya,1992,6.4315
libya,1993,6.0420
libya,1994,6.0705
libya,1995,6.0230
libya,1996,6.0990
libya,1997,6.2415
libya,1998,6.0420
libya,1999,4.9400
libya,2000,5.5860
libya,2001,5.8710
libya,2002,5.6050
libya,2003,5.2250
libya,2004,7.6570
libya,2005,10.735
libya,2006,12.535
libya,2007,14.516
libya,2008,15.105
libya,2009,15.105
libya,2010,15.973
libya,2011,7.4623
libya,2012,11.590
libya,2013,12.160
libya,2014,11.827
libya,2015,12.374
libya,2016,11.235
libya,2017,11.526
malaysia,1970,0.0000
malaysia,1971,0.082875
malaysia,1972,0.11605
malaysia,1973,0.11605
malaysia,1974,0.24193
malaysia,1975,0.29163
malaysia,1976,0.34718
malaysia,1977,0.31768
malaysia,1978,2.3656
malaysia,1979,2.9354
malaysia,1980,2.6109
malaysia,1981,2.1992
malaysia,1982,2.7668
malaysia,1983,6.6721
malaysia,1984,10.136
malaysia,1985,11.199
malaysia,1986,15.061
malaysia,1987,16.284
malaysia,1988,16.811
malaysia,1989,18.195
malaysia,1990,18.011
malaysia,1991,21.388
malaysia,1992,22.390
malaysia,1993,24.124
malaysia,1994,25.552
malaysia,1995,28.289
malaysia,1996,36.146
malaysia,1997,41.309
malaysia,1998,41.226
malaysia,1999,42.227
malaysia,2000,49.682
malaysia,2001,49.024
malaysia,2002,50.588
malaysia,2003,52.722
malaysia,2004,60.142
malaysia,2005,67.699
malaysia,2006,68.465
malaysia,2007,67.630
malaysia,2008,69.205
malaysia,2009,66.914
malaysia,2010,67.563
malaysia,2011,66.951
malaysia,2012,69.251
malaysia,2013,72.910
malaysia,2014,71.992
malaysia,2015,73.856
malaysia,2016,75.556
malaysia,2017,78.441
mexico,1970,11.030
mexico,1971,10.918
mexico,1972,11.348
mexico,1973,12.331
mexico,1974,12.926
mexico,1975,13.139
mexico,1976,12.885
mexico,1977,13.665
mexico,1978,17.106
mexico,1979,20.765
mexico,1980,25.115
mexico,1981,27.058
mexico,1982,28.852
mexico,1983,29.096
mexico,1984,28.619
mexico,1985,27.764
mexico,1986,24.662
mexico,1987,25.067
mexico,1988,25.393
mexico,1989,24.376
mexico,1990,26.386
mexico,1991,26.759
mexico,1992,25.938
mexico,1993,27.778
mexico,1994,29.223
mexico,1995,29.186
mexico,1996,30.805
mexico,1997,31.106
mexico,1998,32.934
mexico,1999,34.235
mexico,2000,33.379
mexico,2001,33.141
mexico,2002,33.728
mexico,2003,34.840
mexico,2004,37.027
mexico,2005,44.312
mexico,2006,48.452
mexico,2007,46.859
mexico,2008,47.231
mexico,2009,52.583
mexico,2010,51.178
mexico,2011,52.099
mexico,2012,50.850
mexico,2013,52.488
mexico,2014,51.300
mexico,2015,47.947
mexico,2016,43.651
mexico,2017,40.690
myanmar,1970,0.0073687
myanmar,1971,0.014246
myanmar,1972,0.015229
myanmar,1973,0.018422
myanmar,1974,0.16481
myanmar,1975,0.17685
myanmar,1976,0.24562
myanmar,1977,0.22598
myanmar,1978,0.26528
myanmar,1979,0.26528
myanmar,1980,0.34387
myanmar,1981,0.41265
myanmar,1982,0.44212
myanmar,1983,0.58950
myanmar,1984,0.62880
myanmar,1985,0.90390
myanmar,1986,1.0513
myanmar,1987,1.1692
myanmar,1988,1.0218
myanmar,1989,1.0709
myanmar,1990,0.83513
myanmar,1991,0.84495
myanmar,1992,0.85477
myanmar,1993,1.0808
myanmar,1994,1.4050
myanmar,1995,1.6113
myanmar,1996,1.5720
myanmar,1997,1.4836
myanmar,1998,1.7292
myanmar,1999,1.6899
myanmar,2000,3.3405
myanmar,2001,6.8775
myanmar,2002,8.2530
myanmar,2003,9.4320
myanmar,2004,10.021
myanmar,2005,11.986
myanmar,2006,12.380
myanmar,2007,13.283
myanmar,2008,12.183
myanmar,2009,11.352
myanmar,2010,12.208
myanmar,2011,12.550
myanmar,2012,12.511
myanmar,2013,12.861
myanmar,2014,16.543
myanmar,2015,19.217
myanmar,2016,18.280
myanmar,2017,17.979
netherlands,1970,27.917
netherlands,1971,38.583
netherlands,1972,51.444
netherlands,1973,62.556
netherlands,1974,74.167
netherlands,1975,80.333
netherlands,1976,85.833
netherlands,1977,86.111
netherlands,1978,78.833
netherlands,1979,82.667
netherlands,1980,79.944
netherlands,1981,74.222
netherlands,1982,63.472
netherlands,1983,67.583
netherlands,1984,68.417
netherlands,1985,71.639
netherlands,1986,65.500
netherlands,1987,65.611
netherlands,1988,57.917
netherlands,1989,63.306
netherlands,1990,63.889
netherlands,1991,72.167
netherlands,1992,72.667
netherlands,1993,74.111
netherlands,1994,70.000
netherlands,1995,70.778
netherlands,1996,80.111
netherlands,1997,70.944
netherlands,1998,67.667
netherlands,1999,62.944
netherlands,2000,60.694
netherlands,2001,65.167
netherlands,2002,63.056
netherlands,2003,60.722
netherlands,2004,71.611
netherlands,2005,65.417
netherlands,2006,64.417
netherlands,2007,63.306
netherlands,2008,69.639
netherlands,2009,65.611
netherlands,2010,73.778
netherlands,2011,67.139
netherlands,2012,66.778
netherlands,2013,71.833
netherlands,2014,60.611
netherlands,2015,45.361
netherlands,2016,41.972
netherlands,2017,36.591
nigeria,1970,0.10545
nigeria,1971,0.19522
nigeria,1972,0.26173
nigeria,1973,0.40090
nigeria,1974,0.37430
nigeria,1975,0.33535
nigeria,1976,0.62272
nigeria,1977,0.81985
nigeria,1978,0.99323
nigeria,1979,1.3091
nigeria,1980,1.5822
nigeria,1981,2.3304
nigeria,1982,2.4277
nigeria,1983,2.7522
nigeria,1984,2.6476
nigeria,1985,2.5080
nigeria,1986,2.9251
nigeria,1987,2.8965
nigeria,1988,3.4822
nigeria,1989,4.0318
nigeria,1990,3.8390
nigeria,1991,3.7449
nigeria,1992,4.0537
nigeria,1993,4.6189
nigeria,1994,4.2190
nigeria,1995,4.5913
nigeria,1996,5.1651
nigeria,1997,4.9746
nigeria,1998,6.0177
nigeria,1999,4.3377
nigeria,2000,11.204
nigeria,2001,15.261
nigeria,2002,17.140
nigeria,2003,21.394
nigeria,2004,23.214
nigeria,2005,23.796
nigeria,2006,28.114
nigeria,2007,35.008
nigeria,2008,34.355
nigeria,2009,24.697
nigeria,2010,35.454
nigeria,2011,38.550
nigeria,2012,41.121
nigeria,2013,34.380
nigeria,2014,42.796
nigeria,2015,47.565
nigeria,2016,42.636
nigeria,2017,47.206
norway,1970,0.0000
norway,1971,0.0000
norway,1972,0.0000
norway,1973,0.0000
norway,1974,0.0000
norway,1975,0.0000
norway,1976,0.0000
norway,1977,2.6350
norway,1978,14.094
norway,1979,20.515
norway,1980,24.900
norway,1981,24.764
norway,1982,23.780
norway,1983,23.435
norway,1984,25.768
norway,1985,25.989
norway,1986,25.894
norway,1987,27.940
norway,1988,28.117
norway,1989,28.522
norway,1990,25.288
norway,1991,24.839
norway,1992,25.640
norway,1993,24.618
norway,1994,26.640
norway,1995,27.605
norway,1996,37.117
norway,1997,42.623
norway,1998,43.863
norway,1999,48.107
norway,2000,49.422
norway,2001,53.631
norway,2002,65.102
norway,2003,72.413
norway,2004,78.585
norway,2005,85.199
norway,2006,88.003
norway,2007,89.633
norway,2008,99.359
norway,2009,103.60
norway,2010,106.45
norway,2011,100.51
norway,2012,113.86
norway,2013,107.93
norway,2014,108.01
norway,2015,116.24
norway,2016,115.78
norway,2017,123.23
oman,1970,0.0000
oman,1971,0.0000
oman,1972,0.0000
oman,1973,0.0000
oman,1974,0.0000
oman,1975,0.0000
oman,1976,0.0000
oman,1977,0.0000
oman,1978,0.30254
oman,1979,0.50895
oman,1980,0.64608
oman,1981,0.76154
oman,1982,0.83317
oman,1983,1.0349
oman,1984,1.3007
oman,1985,1.6560
oman,1986,1.9359
oman,1987,2.1687
oman,1988,2.1824
oman,1989,2.2648
oman,1990,2.4477
oman,1991,2.4816
oman,1992,2.7125
oman,1993,2.6032
oman,1994,2.7257
oman,1995,3.8181
oman,1996,4.1281
oman,1997,4.6955
oman,1998,4.8756
oman,1999,5.1385
oman,2000,10.321
oman,2001,15.425
oman,2002,16.644
oman,2003,18.335
oman,2004,18.658
oman,2005,20.849
oman,2006,24.291
oman,2007,24.607
oman,2008,24.136
oman,2009,23.914
oman,2010,25.698
oman,2011,27.128
oman,2012,28.322
oman,2013,30.786
oman,2014,29.349
oman,2015,30.747
oman,2016,31.448
oman,2017,32.258
other_africa,1970,0.11264
other_africa,1971,0.18278
other_africa,1972,0.23688
other_africa,1973,0.75038
other_africa,1974,0.96086
other_africa,1975,0.59409
other_africa,1976,0.45060
other_africa,1977,0.52009
other_africa,1978,0.59673
other_africa,1979,0.64669
other_africa,1980,0.82861
other_africa,1981,0.93861
other_africa,1982,1.0212
other_africa,1983,1.0271
other_africa,1984,1.0023
other_africa,1985,1.0366
other_africa,1986,1.1128
other_africa,1987,1.1060
other_africa,1988,1.3274
other_africa,1989,1.2161
other_africa,1990,3.0058
other_africa,1991,2.9447
other_africa,1992,2.8902
other_africa,1993,3.0665
other_africa,1994,3.0180
other_africa,1995,3.1336
other_africa,1996,4.0158
other_africa,1997,4.9962
other_africa,1998,5.2348
other_africa,1999,6.1179
other_africa,2000,6.2096
other_africa,2001,7.2094
other_africa,2002,7.3450
other_africa,2003,6.5522
other_africa,2004,8.6142
other_africa,2005,10.427
other_africa,2006,10.931
other_africa,2007,12.592
other_africa,2008,16.726
other_africa,2009,16.137
other_africa,2010,18.214
other_africa,2011,17.892
other_africa,2012,18.083
other_africa,2013,18.488
other_africa,2014,18.830
other_africa,2015,19.707
other_africa,2016,21.450
other_africa,2017,26.040
other_asia_pacific,1970,5.4356
other_asia_pacific,1971,6.1048
other_asia_pacific,1972,6.6232
other_asia_pacific,1973,6.8532
other_asia_pacific,1974,7.2178
other_asia_pacific,1975,7.0945
other_asia_pacific,1976,7.7936
other_asia_pacific,1977,8.8118
other_asia_pacific,1978,8.4510
other_asia_pacific,1979,7.5297
other_asia_pacific,1980,7.7317
other_asia_pacific,1981,7.4188
other_asia_pacific,1982,7.9022
other_asia_pacific,1983,8.1421
other_asia_pacific,1984,8.9513
other_asia_pacific,1985,9.7844
other_asia_pacific,1986,10.278
other_asia_pacific,1987,10.255
other_asia_pacific,1988,10.709
other_asia_pacific,1989,8.1640
other_asia_pacific,1990,7.9676
other_asia_pacific,1991,8.1542
other_asia_pacific,1992,8.4083
other_asia_pacific,1993,8.3056
other_asia_pacific,1994,8.0812
other_asia_pacific,1995,7.8206
other_asia_pacific,1996,8.4613
other_asia_pacific,1997,8.7862
other_asia_pacific,1998,8.2113
other_asia_pacific,1999,8.8884
other_asia_pacific,2000,9.2880
other_asia_pacific,2001,9.8156
other_asia_pacific,2002,11.154
other_asia_pacific,2003,10.893
other_asia_pacific,2004,10.484
other_asia_pacific,2005,11.270
other_asia_pacific,2006,14.548
other_asia_pacific,2007,17.248
other_asia_pacific,2008,18.257
other_asia_pacific,2009,18.588
other_asia_pacific,2010,18.104
other_asia_pacific,2011,18.267
other_asia_pacific,2012,18.035
other_asia_pacific,2013,18.639
other_asia_pacific,2014,23.457
other_asia_pacific,2015,29.312
other_asia_pacific,2016,30.480
other_asia_pacific,2017,30.588
other_cis,1970,0.0000
other_cis,1971,0.0000
other_cis,1972,0.0000
other_cis,1973,0.0000
other_cis,1974,0.0000
other_cis,1975,0.0000
other_cis,1976,0.0000
other_cis,1977,0.0000
other_cis,1978,0.0000
other_cis,1979,0.0000
other_cis,1980,0.0000
other_cis,1981,0.0000
other_cis,1982,0.0000
other_cis,1983,0.0000
other_cis,1984,0.0000
other_cis,1985,0.62463
other_cis,1986,0.68142
other_cis,1987,0.68142
other_cis,1988,0.58677
other_cis,1989,0.58677
other_cis,1990,0.48401
other_cis,1991,0.45165
other_cis,1992,0.43625
other_cis,1993,0.35649
other_cis,1994,0.34564
other_cis,1995,0.32105
other_cis,1996,0.30462
other_cis,1997,0.29144
other_cis,1998,0.28395
other_cis,1999,0.29872
other_cis,2000,0.31074
other_cis,2001,0.32073
other_cis,2002,0.29123
other_cis,2003,0.29633
other_cis,2004,0.29329
other_cis,2005,0.26727
other_cis,2006,0.24455
other_cis,2007,0.22089
other_cis,2008,0.22383
other_cis,2009,0.22676
other_cis,2010,0.24493
other_cis,2011,0.25326
other_cis,2012,0.24400
other_cis,2013,0.24937
other_cis,2014,0.24360
other_cis,2015,0.24661
other_cis,2016,0.23421
other_cis,2017,0.21931
other_europe,1970,14.607
other_europe,1971,15.268
other_europe,1972,16.023
other_europe,1973,17.277
other_europe,1974,17.659
other_europe,1975,17.555
other_europe,1976,18.067
other_europe,1977,19.498
other_europe,1978,20.673
other_europe,1979,19.998
other_europe,1980,19.220
other_europe,1981,18.377
other_europe,1982,18.922
other_europe,1983,18.686
other_europe,1984,18.828
other_europe,1985,19.087
other_europe,1986,17.489
other_europe,1987,17.726
other_europe,1988,17.084
other_europe,1989,17.577
other_europe,1990,16.271
other_europe,1991,16.419
other_europe,1992,15.973
other_europe,1993,16.525
other_europe,1994,15.338
other_europe,1995,15.947
other_europe,1996,14.819
other_europe,1997,13.467
other_europe,1998,12.339
other_europe,1999,11.627
other_europe,2000,11.130
other_europe,2001,10.820
other_europe,2002,10.782
other_europe,2003,10.300
other_europe,2004,10.816
other_europe,2005,10.170
other_europe,2006,10.775
other_europe,2007,9.9706
other_europe,2008,9.4201
other_europe,2009,9.1796
other_europe,2010,9.3046
other_europe,2011,9.2218
other_europe,2012,8.3414
other_europe,2013,7.1512
other_europe,2014,6.3316
other_europe,2015,6.0831
other_europe,2016,8.6996
other_europe,2017,9.1074
other_middle_east,1970,0.12921
other_middle_east,1971,0.12094
other_middle_east,1972,0.11956
other_middle_east,1973,0.051895
other_middle_east,1974,0.063421
other_middle_east,1975,0.057957
other_middle_east,1976,0.055836
other_middle_east,1977,0.055483
other_middle_east,1978,0.054586
other_middle_east,1979,0.038873
other_middle_east,1980,0.0018485
other_middle_east,1981,0.0019573
other_middle_east,1982,0.043576
other_middle_east,1983,0.061735
other_middle_east,1984,0.053906
other_middle_east,1985,0.050726
other_middle_east,1986,0.038031
other_middle_east,1987,0.043332
other_middle_east,1988,0.039770
other_middle_east,1989,0.11849
other_middle_east,1990,0.15346
other_middle_east,1991,0.14816
other_middle_east,1992,0.15543
other_middle_east,1993,0.17529
other_middle_east,1994,0.24227
other_middle_east,1995,0.24569
other_middle_east,1996,0.23007
other_middle_east,1997,0.25517
other_middle_east,1998,0.25288
other_middle_east,1999,0.24953
other_middle_east,2000,0.23741
other_middle_east,2001,0.22899
other_middle_east,2002,0.20801
other_middle_east,2003,0.23326
other_middle_east,2004,1.3749
other_middle_east,2005,1.7784
other_middle_east,2006,2.4167
other_middle_east,2007,2.8191
other_middle_east,2008,3.4596
other_middle_east,2009,2.7362
other_middle_east,2010,3.2549
other_middle_east,2011,4.2314
other_middle_east,2012,2.5212
other_middle_east,2013,6.2513
other_middle_east,2014,7.3311
other_middle_east,2015,8.0664
other_middle_east,2016,9.0475
other_middle_east,2017,9.5347
other_s_cent_america,1970,0.74057
other_s_cent_america,1971,0.77981
other_s_cent_america,1972,0.74905
other_s_cent_america,1973,0.57745
other_s_cent_america,1974,0.66013
other_s_cent_america,1975,0.75802
other_s_cent_america,1976,1.1787
other_s_cent_america,1977,1.2734
other_s_cent_america,1978,1.4515
other_s_cent_america,1979,0.93017
other_s_cent_america,1980,0.83286
other_s_cent_america,1981,0.84288
other_s_cent_america,1982,0.89008
other_s_cent_america,1983,0.97483
other_s_cent_america,1984,1.0320
other_s_cent_america,1985,1.0657
other_s_cent_america,1986,0.98866
other_s_cent_america,1987,0.97412
other_s_cent_america,1988,1.3038
other_s_cent_america,1989,1.8535
other_s_cent_america,1990,2.3948
other_s_cent_america,1991,2.5392
other_s_cent_america,1992,2.7729
other_s_cent_america,1993,2.2894
other_s_cent_america,1994,2.9918
other_s_cent_america,1995,2.8622
other_s_cent_america,1996,2.9174
other_s_cent_america,1997,2.7933
other_s_cent_america,1998,2.6490
other_s_cent_america,1999,3.2673
other_s_cent_america,2000,3.6115
other_s_cent_america,2001,3.7915
other_s_cent_america,2002,3.5308
other_s_cent_america,2003,3.2519
other_s_cent_america,2004,3.2816
other_s_cent_america,2005,3.5739
other_s_cent_america,2006,3.8719
other_s_cent_america,2007,3.9091
other_s_cent_america,2008,3.7435
other_s_cent_america,2009,3.7082
other_s_cent_america,2010,3.6837
other_s_cent_america,2011,3.0492
other_s_cent_america,2012,2.8345
other_s_cent_america,2013,2.5472
other_s_cent_america,2014,2.4378
other_s_cent_america,2015,2.7372
other_s_cent_america,2016,2.9163
other_s_cent_america,2017,2.8356
pakistan,1970,2.9104
pakistan,1971,2.9020
pakistan,1972,2.6895
pakistan,1973,3.0636
pakistan,1974,3.3893
pakistan,1975,3.8076
pakistan,1976,3.8827
pakistan,1977,4.2418
pakistan,1978,4.3587
pakistan,1979,4.9098
pakistan,1980,5.9953
pakistan,1981,6.5380
pakistan,1982,7.1309
pakistan,1983,7.0307
pakistan,1984,7.2144
pakistan,1985,7.3647
pakistan,1986,7.8991
pakistan,1987,8.4585
pakistan,1988,8.9679
pakistan,1989,9.5607
pakistan,1990,10.212
pakistan,1991,11.030
pakistan,1992,10.822
pakistan,1993,12.458
pakistan,1994,12.700
pakistan,1995,13.026
pakistan,1996,14.153
pakistan,1997,14.111
pakistan,1998,14.863
pakistan,1999,16.950
pakistan,2000,17.952
pakistan,2001,18.954
pakistan,2002,20.549
pakistan,2003,25.550
pakistan,2004,30.677
pakistan,2005,32.610
pakistan,2006,33.319
pakistan,2007,33.800
pakistan,2008,34.608
pakistan,2009,34.702
pakistan,2010,35.348
pakistan,2011,35.340
pakistan,2012,36.597
pakistan,2013,35.586
pakistan,2014,34.987
pakistan,2015,35.048
pakistan,2016,34.679
pakistan,2017,34.650
peru,1970,0.39751
peru,1971,0.47451
peru,1972,0.45623
peru,1973,0.44660
peru,1974,0.46008
peru,1975,0.56788
peru,1976,0.61600
peru,1977,0.61167
peru,1978,0.63910
peru,1979,0.59098
peru,1980,0.63525
peru,1981,0.72957
peru,1982,0.76567
peru,1983,0.50435
peru,1984,0.68145
peru,1985,0.53130
peru,1986,0.56354
peru,1987,0.56017
peru,1988,0.52841
peru,1989,0.44804
peru,1990,0.42879
peru,1991,0.40232
peru,1992,0.36286
peru,1993,0.38211
peru,1994,0.39848
peru,1995,0.38596
peru,1996,0.39174
peru,1997,0.23196
peru,1998,0.39366
peru,1999,0.39559
peru,2000,0.33254
peru,2001,0.35613
peru,2002,0.42542
peru,2003,0.50339
peru,2004,0.82775
peru,2005,1.4600
peru,2006,1.7086
peru,2007,2.5752
peru,2008,3.4979
peru,2009,3.5858
peru,2010,7.3149
peru,2011,11.481
peru,2012,11.958
peru,2013,12.399
peru,2014,13.127
peru,2015,12.657
peru,2016,14.018
peru,2017,13.011
poland,1970,5.1193
poland,1971,5.2790
poland,1972,5.5841
poland,1973,5.6648
poland,1974,5.4835
poland,1975,5.6438
poland,1976,6.1432
poland,1977,6.4661
poland,1978,6.9335
poland,1979,6.2208
poland,1980,5.2835
poland,1981,4.6959
poland,1982,4.3278
poland,1983,4.2311
poland,1984,4.6474
poland,1985,4.8062
poland,1986,4.3634
poland,1987,4.3837
poland,1988,4.3505
poland,1989,4.0284
poland,1990,2.7655
poland,1991,3.0915
poland,1992,2.9770
poland,1993,3.8041
poland,1994,3.6045
poland,1995,3.6858
poland,1996,3.6520
poland,1997,3.7264
poland,1998,3.7781
poland,1999,3.6078
poland,2000,3.8534
poland,2001,4.0612
poland,2002,4.1509
poland,2003,4.1999
poland,2004,4.5654
poland,2005,4.5175
poland,2006,4.5128
poland,2007,4.5319
poland,2008,4.2913
poland,2009,4.2797
poland,2010,4.2949
poland,2011,4.4774
poland,2012,4.5436
poland,2013,4.4463
poland,2014,4.3337
poland,2015,4.2833
poland,2016,4.1318
poland,2017,4.0392
qatar,1970,1.0402
qatar,1971,1.0402
qatar,1972,1.1416
qatar,1973,1.6353
qatar,1974,1.3434
qatar,1975,2.0731
qatar,1976,1.1323
qatar,1977,1.6053
qatar,1978,1.5308
qatar,1979,4.5147
qatar,1980,4.9069
qatar,1981,4.4743
qatar,1982,5.2319
qatar,1983,5.4182
qatar,1984,6.1375
qatar,1985,5.6511
qatar,1986,6.0030
qatar,1987,5.8064
qatar,1988,6.0651
qatar,1989,6.4170
qatar,1990,6.5205
qatar,1991,7.8970
qatar,1992,8.2292
qatar,1993,8.5754
qatar,1994,8.9440
qatar,1995,9.3127
qatar,1996,9.7079
qatar,1997,13.417
qatar,1998,16.236
qatar,1999,21.374
qatar,2000,25.772
qatar,2001,27.945
qatar,2002,30.532
qatar,2003,32.499
qatar,2004,40.541
qatar,2005,47.403
qatar,2006,52.475
qatar,2007,65.412
qatar,2008,79.675
qatar,2009,92.425
qatar,2010,123.87
qatar,2011,150.36
qatar,2012,162.55
qatar,2013,167.68
qatar,2014,169.09
qatar,2015,175.24
qatar,2016,177.01
qatar,2017,175.71
romania,1970,21.743
romania,1971,23.236
romania,1972,23.769
romania,1973,25.164
romania,1974,25.972
romania,1975,28.212
romania,1976,30.773
romania,1977,32.590
romania,1978,32.812
romania,1979,31.353
romania,1980,32.373
romania,1981,34.075
romania,1982,34.452
romania,1983,34.189
romania,1984,33.944
romania,1985,32.445
romania,1986,32.834
romania,1987,31.206
romania,1988,30.559
romania,1989,27.395
romania,1990,26.645
romania,1991,23.327
romania,1992,20.482
romania,1993,19.492
romania,1994,17.240
romania,1995,16.800
romania,1996,16.008
romania,1997,13.849
romania,1998,12.967
romania,1999,13.017
romania,2000,12.756
romania,2001,12.537
romania,2002,12.327
romania,2003,12.128
romania,2004,12.069
romania,2005,11.283
romania,2006,11.116
romania,2007,10.738
romania,2008,10.458
romania,2009,10.395
romania,2010,10.023
romania,2011,10.079
romania,2012,10.098
romania,2013,10.002
romania,2014,10.194
romania,2015,10.217
romania,2016,9.0528
romania,2017,10.313
russian_federation,1985,424.88
russian_federation,1986,462.57
russian_federation,1987,500.55
russian_federation,1988,542.39
russian_federation,1989,566.30
russian_federation,1990,599.59
russian_federation,1991,591.31
russian_federation,1992,592.23
russian_federation,1993,568.60
russian_federation,1994,558.48
russian_federation,1995,541.19
russian_federation,1996,552.32
russian_federation,1997,523.54
russian_federation,1998,541.29
russian_federation,1999,544.41
russian_federation,2000,537.06
russian_federation,2001,534.76
russian_federation,2002,547.54
russian_federation,2003,570.62
russian_federation,2004,582.58
russian_federation,2005,589.47
russian_federation,2006,604.78
russian_federation,2007,601.61
russian_federation,2008,611.45
russian_federation,2009,536.19
russian_federation,2010,598.39
russian_federation,2011,616.83
russian_federation,2012,601.85
russian_federation,2013,614.50
russian_federation,2014,591.16
russian_federation,2015,584.44
russian_federation,2016,589.28
russian_federation,2017,635.56
saudi_arabia,1970,1.5362
saudi_arabia,1971,1.2815
saudi_arabia,1972,1.4526
saudi_arabia,1973,1.7100
saudi_arabia,1974,2.1641
saudi_arabia,1975,2.5745
saudi_arabia,1976,2.7792
saudi_arabia,1977,3.9111
saudi_arabia,1978,5.3932
saudi_arabia,1979,6.6215
saudi_arabia,1980,9.2378
saudi_arabia,1981,10.771
saudi_arabia,1982,11.416
saudi_arabia,1983,11.147
saudi_arabia,1984,17.290
saudi_arabia,1985,17.860
saudi_arabia,1986,23.940
saudi_arabia,1987,25.460
saudi_arabia,1988,27.645
saudi_arabia,1989,28.310
saudi_arabia,1990,31.844
saudi_arabia,1991,33.412
saudi_arabia,1992,36.337
saudi_arabia,1993,38.038
saudi_arabia,1994,40.632
saudi_arabia,1995,40.783
saudi_arabia,1996,42.189
saudi_arabia,1997,43.073
saudi_arabia,1998,44.479
saudi_arabia,1999,43.890
saudi_arabia,2000,47.319
saudi_arabia,2001,51.005
saudi_arabia,2002,53.865
saudi_arabia,2003,57.057
saudi_arabia,2004,62.396
saudi_arabia,2005,67.678
saudi_arabia,2006,69.788
saudi_arabia,2007,70.699
saudi_arabia,2008,76.418
saudi_arabia,2009,74.527
saudi_arabia,2010,83.277
saudi_arabia,2011,87.647
saudi_arabia,2012,94.364
saudi_arabia,2013,95.028
saudi_arabia,2014,97.261
saudi_arabia,2015,99.227
saudi_arabia,2016,105.32
saudi_arabia,2017,111.43
syria,1970,0.0000
syria,1971,0.0000
syria,1972,0.0000
syria,1973,0.0000
syria,1974,0.0000
syria,1975,0.0000
syria,1976,0.031400
syria,1977,0.034950
syria,1978,0.033700
syria,1979,0.034750
syria,1980,0.046775
syria,1981,0.047200
syria,1982,0.049250
syria,1983,0.074750
syria,1984,0.12625
syria,1985,0.15000
syria,1986,0.37927
syria,1987,0.37342
syria,1988,0.88335
syria,1989,1.4459
syria,1990,1.5922
syria,1991,1.8583
syria,1992,1.9222
syria,1993,1.9025
syria,1994,2.0623
syria,1995,2.6005
syria,1996,2.7709
syria,1997,4.2978
syria,1998,5.4194
syria,1999,5.3722
syria,2000,5.3722
syria,2001,5.5042
syria,2002,6.0885
syria,2003,6.4561
syria,2004,5.9377
syria,2005,5.7492
syria,2006,5.8906
syria,2007,5.6550
syria,2008,5.5607
syria,2009,6.1357
syria,2010,8.4259
syria,2011,7.4175
syria,2012,6.0791
syria,2013,4.9952
syria,2014,4.6182
syria,2015,4.0527
syria,2016,3.6475
syria,2017,3.1068
thailand,1970,0.0000
thailand,1971,0.0000
thailand,1972,0.0000
thailand,1973,0.0000
thailand,1974,0.0000
thailand,1975,0.0000
thailand,1976,0.0000
thailand,1977,0.0000
thailand,1978,0.0000
thailand,1979,0.0000
thailand,1980,0.0000
thailand,1981,0.27256
thailand,1982,1.3892
thailand,1983,1.6353
thailand,1984,2.4413
thailand,1985,3.2091
thailand,1986,3.7440
thailand,1987,5.2309
thailand,1988,6.1999
thailand,1989,6.1936
thailand,1990,6.7499
thailand,1991,8.3651
thailand,1992,8.9244
thailand,1993,10.045
thailand,1994,11.104
thailand,1995,11.756
thailand,1996,13.590
thailand,1997,16.730
thailand,1998,18.164
thailand,1999,19.897
thailand,2000,20.895
thailand,2001,20.324
thailand,2002,21.244
thailand,2003,22.218
thailand,2004,23.148
thailand,2005,24.518
thailand,2006,25.170
thailand,2007,26.903
thailand,2008,29.798
thailand,2009,31.984
thailand,2010,37.504
thailand,2011,38.264
thailand,2012,42.863
thailand,2013,43.259
thailand,2014,43.569
thailand,2015,41.184
thailand,2016,40.406
thailand,2017,38.691
total_africa,1970,3.0172
total_africa,1971,3.7023
total_africa,1972,6.5135
total_africa,1973,9.8322
total_africa,1974,10.260
total_africa,1975,11.533
total_africa,1976,13.728
total_africa,1977,13.998
total_africa,1978,18.669
total_africa,1979,28.333
total_africa,1980,24.830
total_africa,1981,26.475
total_africa,1982,32.511
total_africa,1983,43.696
total_africa,1984,45.865
total_africa,1985,50.568
total_africa,1986,53.014
total_africa,1987,57.898
total_africa,1988,61.753
total_africa,1989,67.741
total_africa,1990,72.159
total_africa,1991,77.345
total_africa,1992,80.828
total_africa,1993,83.341
total_africa,1994,78.965
total_africa,1995,87.271
total_africa,1996,93.333
total_africa,1997,104.16
total_africa,1998,110.93
total_africa,1999,121.67
total_africa,2000,135.10
total_africa,2001,139.07
total_africa,2002,145.31
total_africa,2003,156.00
total_africa,2004,163.30
total_africa,2005,170.78
total_africa,2006,185.53
total_africa,2007,197.36
total_africa,2008,205.54
total_africa,2009,192.84
total_africa,2010,206.06
total_africa,2011,202.65
total_africa,2012,207.84
total_africa,2013,198.33
total_africa,2014,200.59
total_africa,2015,203.65
total_africa,2016,206.97
total_africa,2017,225.03
total_asia_pacific,1970,15.102
total_asia_pacific,1971,17.861
total_asia_pacific,1972,20.767
total_asia_pacific,1973,25.772
total_asia_pacific,1974,31.394
total_asia_pacific,1975,35.557
total_asia_pacific,1976,40.939
total_asia_pacific,1977,49.873
total_asia_pacific,1978,59.335
total_asia_pacific,1979,67.480
total_asia_pacific,1980,71.886
total_asia_pacific,1981,72.232
total_asia_pacific,1982,75.244
total_asia_pacific,1983,84.791
total_asia_pacific,1984,98.677
total_asia_pacific,1985,106.99
total_asia_pacific,1986,118.03
total_asia_pacific,1987,125.58
total_asia_pacific,1988,134.10
total_asia_pacific,1989,140.45
total_asia_pacific,1990,149.25
total_asia_pacific,1991,162.40
total_asia_pacific,1992,171.76
total_asia_pacific,1993,181.87
total_asia_pacific,1994,198.21
total_asia_pacific,1995,208.25
total_asia_pacific,1996,227.38
total_asia_pacific,1997,242.06
total_asia_pacific,1998,246.09
total_asia_pacific,1999,261.56
total_asia_pacific,2000,277.43
total_asia_pacific,2001,285.44
total_asia_pacific,2002,304.01
total_asia_pacific,2003,323.25
total_asia_pacific,2004,344.30
total_asia_pacific,2005,372.00
total_asia_pacific,2006,390.54
total_asia_pacific,2007,407.06
total_asia_pacific,2008,426.35
total_asia_pacific,2009,447.52
total_asia_pacific,2010,496.54
total_asia_pacific,2011,500.08
total_asia_pacific,2012,509.40
total_asia_pacific,2013,519.61
total_asia_pacific,2014,539.43
total_asia_pacific,2015,564.01
total_asia_pacific,2016,580.27
total_asia_pacific,2017,607.53
total_cis,1970,187.50
total_cis,1971,201.19
total_cis,1972,209.72
total_cis,1973,223.83
total_cis,1974,246.85
total_cis,1975,274.01
total_cis,1976,304.02
total_cis,1977,327.75
total_cis,1978,352.56
total_cis,1979,385.14
total_cis,1980,412.24
total_cis,1981,440.75
total_cis,1982,474.28
total_cis,1983,507.44
total_cis,1984,556.41
total_cis,1985,595.95
total_cis,1986,635.76
total_cis,1987,673.56
total_cis,1988,712.68
total_cis,1989,736.59
total_cis,1990,764.12
total_cis,1991,748.91
total_cis,1992,723.49
total_cis,1993,703.46
total_cis,1994,661.73
total_cis,1995,644.66
total_cis,1996,655.58
total_cis,1997,615.33
total_cis,1998,631.20
total_cis,1999,645.65
total_cis,2000,661.65
total_cis,2001,664.55
total_cis,2002,681.94
total_cis,2003,715.87
total_cis,2004,731.72
total_cis,2005,745.72
total_cis,2006,769.18
total_cis,2007,777.44
total_cis,2008,795.69
total_cis,2009,687.84
total_cis,2010,755.93
total_cis,2011,788.89
total_cis,2012,777.12
total_cis,2013,792.79
total_cis,2014,776.09
total_cis,2015,771.65
total_cis,2016,769.83
total_cis,2017,815.51
total_europe,1970,104.48
total_europe,1971,127.82
total_europe,1972,153.91
total_europe,1973,173.23
total_europe,1974,192.66
total_europe,1975,200.02
total_europe,1976,213.23
total_europe,1977,219.85
total_europe,1978,225.58
total_europe,1979,233.10
total_europe,1980,229.46
total_europe,1981,225.88
total_europe,1982,209.84
total_europe,1983,213.64
total_europe,1984,217.92
total_europe,1985,224.44
total_europe,1986,219.12
total_europe,1987,225.29
total_europe,1988,213.96
total_europe,1989,216.42
total_europe,1990,215.47
total_europe,1991,228.76
total_europe,1992,228.67
total_europe,1993,240.40
total_europe,1994,241.10
total_europe,1995,250.21
total_europe,1996,283.72
total_europe,1997,279.06
total_europe,1998,278.64
total_europe,1999,286.59
total_europe,2000,293.46
total_europe,2001,298.25
total_europe,2002,304.59
total_europe,2003,307.81
total_europe,2004,318.03
total_europe,2005,307.98
total_europe,2006,300.31
total_europe,2007,287.58
total_europe,2008,298.96
total_europe,2009,283.48
total_europe,2010,289.49
total_europe,2011,262.95
total_europe,2012,266.53
total_europe,2013,259.35
total_europe,2014,246.66
total_europe,2015,241.67
total_europe,2016,238.56
total_europe,2017,241.91
total_middle_east,1970,10.489
total_middle_east,1971,16.519
total_middle_east,1972,20.492
total_middle_east,1973,23.416
total_middle_east,1974,24.544
total_middle_east,1975,26.983
total_middle_east,1976,28.025
total_middle_east,1977,31.697
total_middle_east,1978,30.449
total_middle_east,1979,37.156
total_middle_east,1980,34.432
total_middle_east,1981,37.141
total_middle_east,1982,41.593
total_middle_east,1983,41.965
total_middle_east,1984,53.582
total_middle_east,1985,57.887
total_middle_east,1986,69.161
total_middle_east,1987,75.554
total_middle_east,1988,84.035
total_middle_east,1989,94.395
total_middle_east,1990,101.78
total_middle_east,1991,107.38
total_middle_east,1992,114.62
total_middle_east,1993,105.75
total_middle_east,1994,123.24
total_middle_east,1995,139.90
total_middle_east,1996,150.75
total_middle_east,1997,162.26
total_middle_east,1998,174.38
total_middle_east,1999,189.15
total_middle_east,2000,206.48
total_middle_east,2001,224.98
total_middle_east,2002,247.70
total_middle_east,2003,260.75
total_middle_east,2004,289.56
total_middle_east,2005,314.05
total_middle_east,2006,336.15
total_middle_east,2007,367.74
total_middle_east,2008,397.64
total_middle_east,2009,419.60
total_middle_east,2010,481.58
total_middle_east,2011,526.45
total_middle_east,2012,552.19
total_middle_east,2013,569.13
total_middle_east,2014,589.86
total_middle_east,2015,608.41
total_middle_east,2016,630.83
total_middle_east,2017,659.87
total_north_america,1970,636.51
total_north_america,1971,657.63
total_north_america,1972,663.78
total_north_america,1973,668.99
total_north_america,1974,642.33
total_north_america,1975,602.64
total_north_america,1976,598.79
total_north_america,1977,605.45
total_north_america,1978,604.13
total_north_america,1979,627.36
total_north_america,1980,621.43
total_north_america,1981,615.48
total_north_america,1982,584.29
total_north_america,1983,534.72
total_north_america,1984,578.08
total_north_america,1985,556.16
total_north_america,1986,536.46
total_north_america,1987,558.90
total_north_america,1988,584.11
total_north_america,1989,595.55
total_north_america,1990,613.21
total_north_america,1991,616.45
total_north_america,1992,630.57
total_north_america,1993,650.02
total_north_america,1994,682.50
total_north_america,1995,685.25
total_north_america,1996,694.96
total_north_america,1997,702.38
total_north_america,1998,715.87
total_north_america,1999,714.91
total_north_america,2000,728.28
total_north_america,2001,744.45
total_north_america,2002,725.68
total_north_america,2003,728.74
total_north_america,2004,716.87
total_north_america,2005,712.91
total_north_america,2006,729.57
total_north_america,2007,743.43
total_north_america,2008,759.80
total_north_america,2009,765.22
total_north_america,2010,775.93
total_north_america,2011,820.53
total_north_america,2012,850.28
total_north_america,2013,860.10
total_north_america,2014,915.13
total_north_america,2015,949.19
total_north_america,2016,944.58
total_north_america,2017,951.52
total_s_cent_america,1970,18.701
total_s_cent_america,1971,19.212
total_s_cent_america,1972,20.273
total_s_cent_america,1973,23.149
total_s_cent_america,1974,24.498
total_s_cent_america,1975,24.476
total_s_cent_america,1976,27.434
total_s_cent_america,1977,29.667
total_s_cent_america,1978,31.357
total_s_cent_america,1979,32.596
total_s_cent_america,1980,35.271
total_s_cent_america,1981,36.414
total_s_cent_america,1982,40.003
total_s_cent_america,1983,43.626
total_s_cent_america,1984,46.472
total_s_cent_america,1985,47.460
total_s_cent_america,1986,51.414
total_s_cent_america,1987,51.434
total_s_cent_america,1988,55.687
total_s_cent_america,1989,58.019
total_s_cent_america,1990,60.278
total_s_cent_america,1991,62.500
total_s_cent_america,1992,62.597
total_s_cent_america,1993,66.634
total_s_cent_america,1994,71.199
total_s_cent_america,1995,78.056
total_s_cent_america,1996,86.212
total_s_cent_america,1997,87.510
total_s_cent_america,1998,92.579
total_s_cent_america,1999,94.769
total_s_cent_america,2000,103.12
total_s_cent_america,2001,107.71
total_s_cent_america,2002,110.84
total_s_cent_america,2003,120.87
total_s_cent_america,2004,135.77
total_s_cent_america,2005,141.48
total_s_cent_america,2006,155.26
total_s_cent_america,2007,160.71
total_s_cent_america,2008,161.45
total_s_cent_america,2009,156.27
total_s_cent_america,2010,163.80
total_s_cent_america,2011,167.49
total_s_cent_america,2012,173.77
total_s_cent_america,2013,176.88
total_s_cent_america,2014,179.11
total_s_cent_america,2015,180.86
total_s_cent_america,2016,178.79
total_s_cent_america,2017,179.01
total_world,1970,975.80
total_world,1971,1043.9
total_world,1972,1095.5
total_world,1973,1148.2
total_world,1974,1172.5
total_world,1975,1175.2
total_world,1976,1226.2
total_world,1977,1278.3
total_world,1978,1322.1
total_world,1979,1411.2
total_world,1980,1429.6
total_world,1981,1454.4
total_world,1982,1457.8
total_world,1983,1469.9
total_world,1984,1597.0
total_world,1985,1639.4
total_world,1986,1683.0
total_world,1987,1768.2
total_world,1988,1846.3
total_world,1989,1909.2
total_world,1990,1976.3
total_world,1991,2003.8
total_world,1992,2012.5
total_world,1993,2031.5
total_world,1994,2057.0
total_world,1995,2093.6
total_world,1996,2191.9
total_world,1997,2192.7
total_world,1998,2249.7
total_world,1999,2314.3
total_world,2000,2405.5
total_world,2001,2464.5
total_world,2002,2520.1
total_world,2003,2613.3
total_world,2004,2699.5
total_world,2005,2764.9
total_world,2006,2866.5
total_world,2007,2941.3
total_world,2008,3045.4
total_world,2009,2952.8
total_world,2010,3169.3
total_world,2011,3269.0
total_world,2012,3337.1
total_world,2013,3376.2
total_world,2014,3446.9
total_world,2015,3519.4
total_world,2016,3549.8
total_world,2017,3680.4
trinidad_tobago,1970,1.7768
trinidad_tobago,1971,1.8635
trinidad_tobago,1972,1.9261
trinidad_tobago,1973,1.8498
trinidad_tobago,1974,1.6900
trinidad_tobago,1975,1.5360
trinidad_tobago,1976,1.7288
trinidad_tobago,1977,2.0321
trinidad_tobago,1978,2.4260
trinidad_tobago,1979,2.5076
trinidad_tobago,1980,2.8332
trinidad_tobago,1981,3.1209
trinidad_tobago,1982,3.7931
trinidad_tobago,1983,3.9297
trinidad_tobago,1984,4.1176
trinidad_tobago,1985,4.2152
trinidad_tobago,1986,4.3134
trinidad_tobago,1987,4.5693
trinidad_tobago,1988,5.2594
trinidad_tobago,1989,5.2695
trinidad_tobago,1990,5.4634
trinidad_tobago,1991,5.5352
trinidad_tobago,1992,5.3488
trinidad_tobago,1993,6.0033
trinidad_tobago,1994,6.8757
trinidad_tobago,1995,7.3813
trinidad_tobago,1996,8.3344
trinidad_tobago,1997,9.0443
trinidad_tobago,1998,9.0443
trinidad_tobago,1999,11.408
trinidad_tobago,2000,15.098
trinidad_tobago,2001,16.102
trinidad_tobago,2002,18.726
trinidad_tobago,2003,26.254
trinidad_tobago,2004,29.370
trinidad_tobago,2005,32.134
trinidad_tobago,2006,39.020
trinidad_tobago,2007,41.040
trinidad_tobago,2008,40.810
trinidad_tobago,2009,42.417
trinidad_tobago,2010,43.523
trinidad_tobago,2011,41.904
trinidad_tobago,2012,41.545
trinidad_tobago,2013,41.663
trinidad_tobago,2014,40.919
trinidad_tobago,2015,38.527
trinidad_tobago,2016,33.533
trinidad_tobago,2017,33.832
turkmenistan,1985,78.732
turkmenistan,1986,80.161
turkmenistan,1987,83.379
turkmenistan,1988,83.568
turkmenistan,1989,85.082
turkmenistan,1990,83.095
turkmenistan,1991,79.782
turkmenistan,1992,56.879
turkmenistan,1993,61.801
turkmenistan,1994,31.517
turkmenistan,1995,30.569
turkmenistan,1996,31.076
turkmenistan,1997,15.273
turkmenistan,1998,11.742
turkmenistan,1999,20.129
turkmenistan,2000,41.493
turkmenistan,2001,45.290
turkmenistan,2002,47.233
turkmenistan,2003,55.920
turkmenistan,2004,55.176
turkmenistan,2005,59.624
turkmenistan,2006,63.126
turkmenistan,2007,68.426
turkmenistan,2008,69.088
turkmenistan,2009,38.046
turkmenistan,2010,44.292
turkmenistan,2011,62.275
turkmenistan,2012,65.139
turkmenistan,2013,65.205
turkmenistan,2014,70.181
turkmenistan,2015,72.761
turkmenistan,2016,66.945
turkmenistan,2017,62.030
ukraine,1985,40.582
ukraine,1986,37.573
ukraine,1987,33.692
ukraine,1988,30.664
ukraine,1989,29.149
ukraine,1990,26.594
ukraine,1991,23.092
ukraine,1992,19.875
ukraine,1993,18.171
ukraine,1994,17.225
ukraine,1995,16.068
ukraine,1996,16.244
ukraine,1997,16.486
ukraine,1998,15.864
ukraine,1999,15.990
ukraine,2000,15.788
ukraine,2001,16.156
ukraine,2002,17.679
ukraine,2003,18.297
ukraine,2004,19.366
ukraine,2005,19.674
ukraine,2006,19.964
ukraine,2007,19.973
ukraine,2008,20.295
ukraine,2009,20.337
ukraine,2010,19.428
ukraine,2011,19.544
ukraine,2012,19.393
ukraine,2013,20.159
ukraine,2014,20.219
ukraine,2015,18.834
ukraine,2016,19.023
ukraine,2017,19.441
united_arab_emirates,1970,0.81217
united_arab_emirates,1971,1.4342
united_arab_emirates,1972,1.4557
united_arab_emirates,1973,1.6921
united_arab_emirates,1974,1.6945
united_arab_emirates,1975,1.6185
united_arab_emirates,1976,1.8915
united_arab_emirates,1977,3.8025
united_arab_emirates,1978,5.5672
united_arab_emirates,1979,5.9572
united_arab_emirates,1980,7.3320
united_arab_emirates,1981,8.6385
united_arab_emirates,1982,9.2625
united_arab_emirates,1983,8.1510
united_arab_emirates,1984,10.725
united_arab_emirates,1985,12.899
united_arab_emirates,1986,14.839
united_arab_emirates,1987,16.468
united_arab_emirates,1988,16.926
united_arab_emirates,1989,19.870
united_arab_emirates,1990,19.607
united_arab_emirates,1991,23.215
united_arab_emirates,1992,21.616
united_arab_emirates,1993,22.415
united_arab_emirates,1994,25.174
united_arab_emirates,1995,30.537
united_arab_emirates,1996,32.955
united_arab_emirates,1997,35.402
united_arab_emirates,1998,36.143
united_arab_emirates,1999,37.528
united_arab_emirates,2000,37.420
united_arab_emirates,2001,38.376
united_arab_emirates,2002,42.305
united_arab_emirates,2003,43.670
united_arab_emirates,2004,45.133
united_arab_emirates,2005,46.595
united_arab_emirates,2006,47.570
united_arab_emirates,2007,49.033
united_arab_emirates,2008,48.984
united_arab_emirates,2009,47.619
united_arab_emirates,2010,50.000
united_arab_emirates,2011,51.000
united_arab_emirates,2012,52.942
united_arab_emirates,2013,53.235
united_arab_emirates,2014,52.888
united_arab_emirates,2015,58.676
united_arab_emirates,2016,59.557
united_arab_emirates,2017,60.450
united_kingdom,1970,10.950
united_kingdom,1971,18.196
united_kingdom,1972,26.256
united_kingdom,1973,28.507
united_kingdom,1974,34.381
united_kingdom,1975,35.801
united_kingdom,1976,37.913
united_kingdom,1977,39.613
united_kingdom,1978,37.934
united_kingdom,1979,38.305
united_kingdom,1980,36.415
united_kingdom,1981,36.333
united_kingdom,1982,36.929
united_kingdom,1983,38.078
united_kingdom,1984,37.224
united_kingdom,1985,41.532
united_kingdom,1986,43.665
united_kingdom,1987,45.714
united_kingdom,1988,44.023
united_kingdom,1989,43.111
united_kingdom,1990,47.604
united_kingdom,1991,53.003
united_kingdom,1992,53.899
united_kingdom,1993,63.370
united_kingdom,1994,67.654
united_kingdom,1995,74.059
united_kingdom,1996,88.077
united_kingdom,1997,89.867
united_kingdom,1998,94.414
united_kingdom,1999,103.76
united_kingdom,2000,113.48
united_kingdom,2001,110.83
united_kingdom,2002,108.51
united_kingdom,2003,107.83
united_kingdom,2004,100.93
united_kingdom,2005,92.356
united_kingdom,2006,83.763
united_kingdom,2007,75.506
united_kingdom,2008,72.784
united_kingdom,2009,61.217
united_kingdom,2010,57.911
united_kingdom,2011,46.091
united_kingdom,2012,39.199
united_kingdom,2013,36.987
united_kingdom,2014,37.438
united_kingdom,2015,40.669
united_kingdom,2016,41.750
united_kingdom,2017,41.891
us,1970,571.46
us,1971,587.66
us,1972,585.76
us,1973,585.22
us,1974,559.45
us,1975,518.04
us,1976,513.82
us,1977,516.06
us,1978,513.95
us,1979,529.54
us,1980,525.09
us,1981,519.59
us,1982,483.19
us,1983,437.67
us,1984,474.98
us,1985,447.88
us,1986,436.29
us,1987,451.98
us,1988,464.19
us,1989,470.75
us,1990,483.38
us,1991,480.81
us,1992,484.67
us,1993,490.18
us,1994,510.33
us,1995,503.32
us,1996,510.23
us,1997,511.54
us,1998,517.33
us,1999,510.14
us,2000,518.60
us,2001,531.89
us,2002,511.23
us,2003,517.86
us,2004,503.11
us,2005,489.44
us,2006,501.72
us,2007,521.89
us,2008,546.07
us,2009,557.58
us,2010,575.16
us,2011,617.36
us,2012,649.12
us,2013,655.69
us,2014,704.73
us,2015,740.30
us,2016,729.29
us,2017,734.52
ussr,1970,187.50
ussr,1971,201.19
ussr,1972,209.72
ussr,1973,223.83
ussr,1974,246.85
ussr,1975,274.01
ussr,1976,304.02
ussr,1977,327.75
ussr,1978,352.56
ussr,1979,385.14
ussr,1980,412.24
ussr,1981,440.75
ussr,1982,474.28
ussr,1983,507.44
ussr,1984,556.41
uzbekistan,1985,32.736
uzbekistan,1986,36.531
uzbekistan,1987,37.667
uzbekistan,1988,37.762
uzbekistan,1989,38.897
uzbekistan,1990,38.614
uzbekistan,1991,39.637
uzbekistan,1992,40.509
uzbekistan,1993,42.621
uzbekistan,1994,44.653
uzbekistan,1995,45.956
uzbekistan,1996,46.352
uzbekistan,1997,48.498
uzbekistan,1998,51.854
uzbekistan,1999,52.602
uzbekistan,2000,53.379
uzbekistan,2001,54.337
uzbekistan,2002,55.298
uzbekistan,2003,54.951
uzbekistan,2004,56.657
uzbekistan,2005,56.501
uzbekistan,2006,59.236
uzbekistan,2007,60.854
uzbekistan,2008,60.413
uzbekistan,2009,58.117
uzbekistan,2010,56.891
uzbekistan,2011,53.945
uzbekistan,2012,53.851
uzbekistan,2013,53.851
uzbekistan,2014,54.229
uzbekistan,2015,54.608
uzbekistan,2016,53.124
uzbekistan,2017,53.394
venezuela,1970,8.5581
venezuela,1971,8.2939
venezuela,1972,8.2440
venezuela,1973,10.155
venezuela,1974,10.733
venezuela,1975,10.438
venezuela,1976,12.940
venezuela,1977,14.125
venezuela,1978,14.254
venezuela,1979,15.964
venezuela,1980,16.434
venezuela,1981,16.523
venezuela,1982,17.630
venezuela,1983,17.360
venezuela,1984,19.203
venezuela,1985,19.231
venezuela,1986,21.172
venezuela,1987,20.632
venezuela,1988,21.121
venezuela,1989,21.687
venezuela,1990,24.382
venezuela,1991,24.311
venezuela,1992,23.996
venezuela,1993,25.895
venezuela,1994,27.390
venezuela,1995,30.526
venezuela,1996,33.001
venezuela,1997,34.221
venezuela,1998,35.892
venezuela,1999,30.425
venezuela,2000,30.996
venezuela,2001,32.848
venezuela,2002,31.541
venezuela,2003,27.999
venezuela,2004,31.530
venezuela,2005,30.435
venezuela,2006,34.945
venezuela,2007,37.247
venezuela,2008,33.423
venezuela,2009,31.796
venezuela,2010,30.452
venezuela,2011,30.236
venezuela,2012,31.905
venezuela,2013,30.590
venezuela,2014,31.788
venezuela,2015,36.065
venezuela,2016,38.035
venezuela,2017,37.441
vietnam,1970,0.0000
vietnam,1971,0.0000
vietnam,1972,0.0000
vietnam,1973,0.0000
vietnam,1974,0.0000
vietnam,1975,0.0000
vietnam,1976,0.0000
vietnam,1977,0.0000
vietnam,1978,0.0000
vietnam,1979,0.0000
vietnam,1980,0.0000
vietnam,1981,0.0096500
vietnam,1982,0.018335
vietnam,1983,0.063207
vietnam,1984,0.055005
vietnam,1985,0.034258
vietnam,1986,0.035705
vietnam,1987,0.035705
vietnam,1988,0.027020
vietnam,1989,0.031845
vietnam,1990,0.038600
vietnam,1991,0.069480
vietnam,1992,0.20265
vietnam,1993,0.24125
vietnam,1994,0.24125
vietnam,1995,0.14041
vietnam,1996,0.27696
vietnam,1997,0.51241
vietnam,1998,0.86850
vietnam,1999,1.2545
vietnam,2000,1.5440
vietnam,2001,1.9300
vietnam,2002,2.3160
vietnam,2003,2.2899
vietnam,2004,4.0144
vietnam,2005,6.2146
vietnam,2006,6.7550
vietnam,2007,6.8322
vietnam,2008,7.2365
vietnam,2009,7.7296
vietnam,2010,9.0729
vietnam,2011,8.1832
vietnam,2012,9.0276
vietnam,2013,9.4097
vietnam,2014,9.8527
vietnam,2015,10.287
vietnam,2016,10.239
vietnam,2017,9.4533
yemen,1970,0.0000
yemen,1971,0.0000
yemen,1972,0.0000
yemen,1973,0.0000
yemen,1974,0.0000
yemen,1975,0.0000
yemen,1976,0.0000
yemen,1977,0.0000
yemen,1978,0.0000
yemen,1979,0.0000
yemen,1980,0.0000
yemen,1981,0.0000
yemen,1982,0.0000
yemen,1983,0.0000
yemen,1984,0.0000
yemen,1985,0.0000
yemen,1986,0.0000
yemen,1987,0.0000
yemen,1988,0.0000
yemen,1989,0.0000
yemen,1990,0.0000
yemen,1991,0.0000
yemen,1992,0.0000
yemen,1993,0.0000
yemen,1994,0.0000
yemen,1995,0.0000
yemen,1996,0.0000
yemen,1997,0.0000
yemen,1998,0.0000
yemen,1999,0.0000
yemen,2000,0.0000
yemen,2001,0.0000
yemen,2002,0.0000
yemen,2003,0.0000
yemen,2004,0.0000
yemen,2005,0.0000
yemen,2006,0.0000
yemen,2007,0.0000
yemen,2008,0.0000
yemen,2009,0.78190
yemen,2010,6.2553
yemen,2011,9.4230
yemen,2012,7.6169
yemen,2013,10.353
yemen,2014,9.7617
yemen,2015,2.8563
yemen,2016,0.63857
yemen,2017,0.65009
