geo,year,gas_production_exajoules
canada,1970,1.94459
mexico,1970,0.39709
united_states,1970,20.57264
total_north_america,1970,22.91432
argentina,1970,0.21076
bolivia,1970,0.00151
brazil,1970,0.00292
colombia,1970,0.04498
peru,1970,0.01431
trinidad_tobago,1970,0.06396
venezuela,1970,0.30809
other_south_central_america,1970,0.02666
total_south_central_america,1970,0.67319
denmark,1970,0
germany,1970,0.43247
italy,1970,0.45294
netherlands,1970,1.005
norway,1970,0
poland,1970,0.1843
romania,1970,0.78274
ukraine,1970,0
united_kingdom,1970,0.39419
other_europe,1970,0.52588
total_europe,1970,3.77751
azerbaijan,1970,0
kazakhstan,1970,0
russian_federation,1970,0
turkmenistan,1970,0
russia,1970,6.75005
uzbekistan,1970,0
other_cis,1970,0
total_cis,1970,6.75005
bahrain,1970,0.0234
iran,1970,0.12584
iraq,1970,0.02668
israel,1970,0.0046
kuwait,1970,0.06967
oman,1970,0
qatar,1970,0.03745
saudi_arabia,1970,0.0553
syria,1970,0
united_arab_emirates,1970,0.02924
other_middle_east,1970,0
total_middle_east,1970,0.37217
algeria,1970,0.08777
egypt,1970,0.00295
libya,1970,0.01005
nigeria,1970,0.0038
other_africa,1970,0.00371
total_africa,1970,0.10827
australia,1970,0.06229
bangladesh,1970,0
brunei,1970,0.00769
china,1970,0.10413
india,1970,0.02278
indonesia,1970,0.04604
malaysia,1970,0
myanmar,1970,0.00027
pakistan,1970,0.10477
thailand,1970,0
vietnam,1970,0
other_asia_pacific,1970,0.19568
total_asia_pacific,1970,0.54366
total_world,1970,35.13917
canada,1971,2.12598
mexico,1971,0.39305
united_states,1971,21.15578
total_north_america,1971,23.67481
argentina,1971,0.22776
bolivia,1971,0.00151
brazil,1971,0.00463
colombia,1971,0.04682
peru,1971,0.01708
trinidad_tobago,1971,0.06709
venezuela,1971,0.29858
other_south_central_america,1971,0.02807
total_south_central_america,1971,0.69154
denmark,1971,0
germany,1971,0.53279
italy,1971,0.46153
netherlands,1971,1.389
norway,1971,0
poland,1971,0.19004
romania,1971,0.8365
ukraine,1971,0
united_kingdom,1971,0.65507
other_europe,1971,0.54967
total_europe,1971,4.6146
azerbaijan,1971,0
kazakhstan,1971,0
russian_federation,1971,0
turkmenistan,1971,0
russia,1971,7.24297
uzbekistan,1971,0
other_cis,1971,0
total_cis,1971,7.24297
bahrain,1971,0.03412
iran,1971,0.30436
iraq,1971,0.03164
israel,1971,0.0043
kuwait,1971,0.07196
oman,1971,0
qatar,1971,0.03745
saudi_arabia,1971,0.04614
syria,1971,0
united_arab_emirates,1971,0.05163
other_middle_east,1971,0
total_middle_east,1971,0.58159
algeria,1971,0.09252
egypt,1971,0.00295
libya,1971,0.02421
nigeria,1971,0.00703
other_africa,1971,0.00658
total_africa,1971,0.13328
australia,1971,0.09298
bangladesh,1971,0.01604
brunei,1971,0.00762
china,1971,0.1357
india,1971,0.02414
indonesia,1971,0.05481
malaysia,1971,0.00298
myanmar,1971,0.00051
pakistan,1971,0.0949
thailand,1971,0
vietnam,1971,0
other_asia_pacific,1971,0.21977
total_asia_pacific,1971,0.64946
total_world,1971,37.58826
canada,1972,2.4003
mexico,1972,0.40853
united_states,1972,21.08718
total_north_america,1972,23.89601
argentina,1972,0.2165
bolivia,1972,0.04019
brazil,1972,0.00631
colombia,1972,0.05719
peru,1972,0.01642
trinidad_tobago,1972,0.06934
venezuela,1972,0.29678
other_south_central_america,1972,0.02697
total_south_central_america,1972,0.72971
denmark,1972,0
germany,1972,0.63787
italy,1972,0.48914
netherlands,1972,1.852
norway,1972,0
poland,1972,0.20103
romania,1972,0.85567
ukraine,1972,0
united_kingdom,1972,0.94521
other_europe,1972,0.57685
total_europe,1972,5.55778
azerbaijan,1972,0
kazakhstan,1972,0
russian_federation,1972,0
turkmenistan,1972,0
russia,1972,7.54988
uzbekistan,1972,0
other_cis,1972,0
total_cis,1972,7.54988
bahrain,1972,0.04258
iran,1972,0.41042
iraq,1972,0.03198
israel,1972,0.00426
kuwait,1972,0.08506
oman,1972,0
qatar,1972,0.0411
saudi_arabia,1972,0.05229
syria,1972,0
united_arab_emirates,1972,0.0524
other_middle_east,1972,0
total_middle_east,1972,0.72008
algeria,1972,0.11722
egypt,1972,0.00246
libya,1972,0.09685
nigeria,1972,0.00942
other_africa,1972,0.00853
total_africa,1972,0.23449
australia,1972,0.13347
bangladesh,1972,0.01604
brunei,1972,0.01564
china,1972,0.17561
india,1972,0.02648
indonesia,1972,0.0406
malaysia,1972,0.00418
myanmar,1972,0.00055
pakistan,1972,0.10076
thailand,1972,0
vietnam,1972,0
other_asia_pacific,1972,0.23843
total_asia_pacific,1972,0.75176
total_world,1972,39.4397
canada,1973,2.57175
mexico,1973,0.4439
united_states,1973,21.068
total_north_america,1973,24.08365
argentina,1973,0.23576
bolivia,1973,0.06196
brazil,1973,0.00723
colombia,1973,0.05926
peru,1973,0.01608
trinidad_tobago,1973,0.06659
venezuela,1973,0.36559
other_south_central_america,1973,0.02079
total_south_central_america,1973,0.83326
denmark,1973,0
germany,1973,0.71415
italy,1973,0.52831
netherlands,1973,2.252
norway,1973,0
poland,1973,0.20393
romania,1973,0.90589
ukraine,1973,0
united_kingdom,1973,1.02627
other_europe,1973,0.62202
total_europe,1973,6.25257
azerbaijan,1973,0
kazakhstan,1973,0
russian_federation,1973,0
turkmenistan,1973,0
russia,1973,8.05798
uzbekistan,1973,0
other_cis,1973,0
total_cis,1973,8.05798
bahrain,1973,0.06037
iran,1973,0.45353
iraq,1973,0.03112
israel,1973,0.00185
kuwait,1973,0.09528
oman,1973,0
qatar,1973,0.05887
saudi_arabia,1973,0.06156
syria,1973,0
united_arab_emirates,1973,0.06092
other_middle_east,1973,0
total_middle_east,1973,0.8235
algeria,1973,0.15558
egypt,1973,0.00198
libya,1973,0.15496
nigeria,1973,0.01443
other_africa,1973,0.02701
total_africa,1973,0.35396
australia,1973,0.16945
bangladesh,1973,0.02214
brunei,1973,0.06829
china,1973,0.21697
india,1973,0.02641
indonesia,1973,0.06292
malaysia,1973,0.00418
myanmar,1973,0.00066
pakistan,1973,0.11504
thailand,1973,0
vietnam,1973,0
other_asia_pacific,1973,0.24671
total_asia_pacific,1973,0.93278
total_world,1973,41.3377
canada,1974,2.51839
mexico,1974,0.46534
united_states,1974,20.1401
total_north_america,1974,23.12384
argentina,1974,0.25375
bolivia,1974,0.06485
brazil,1974,0.0139
colombia,1974,0.06165
peru,1974,0.01656
trinidad_tobago,1974,0.06084
venezuela,1974,0.38637
other_south_central_america,1974,0.02376
total_south_central_america,1974,0.8817
denmark,1974,0
germany,1974,0.74173
italy,1974,0.52734
netherlands,1974,2.67
norway,1974,0
poland,1974,0.19741
romania,1974,0.93498
ukraine,1974,0
united_kingdom,1974,1.2377
other_europe,1974,0.63576
total_europe,1974,6.94493
azerbaijan,1974,0
kazakhstan,1974,0
russian_federation,1974,0
turkmenistan,1974,0
russia,1974,8.88663
uzbekistan,1974,0
other_cis,1974,0
total_cis,1974,8.88663
bahrain,1974,0.07444
iran,1974,0.47059
iraq,1974,0.02859
israel,1974,0.00226
kuwait,1974,0.10024
oman,1974,0
qatar,1974,0.04836
saudi_arabia,1974,0.07791
syria,1974,0
united_arab_emirates,1974,0.061
other_middle_east,1974,0
total_middle_east,1974,0.8634
algeria,1974,0.17987
egypt,1974,0.00208
libya,1974,0.13937
nigeria,1974,0.01347
other_africa,1974,0.03459
total_africa,1974,0.36938
australia,1974,0.19333
bangladesh,1974,0.02453
brunei,1974,0.14823
china,1974,0.27321
india,1974,0.02989
indonesia,1974,0.06497
malaysia,1974,0.00871
myanmar,1974,0.00593
pakistan,1974,0.13193
thailand,1974,0
vietnam,1974,0
other_asia_pacific,1974,0.25974
total_asia_pacific,1974,1.14048
total_world,1974,42.21035
canada,1975,2.57244
mexico,1975,0.47301
united_states,1975,18.64949
total_north_america,1975,21.69493
argentina,1975,0.2693
bolivia,1975,0.06393
brazil,1975,0.01515
colombia,1975,0.0537
peru,1975,0.02044
trinidad_tobago,1975,0.0553
venezuela,1975,0.37578
other_south_central_america,1975,0.02729
total_south_central_america,1975,0.88088
denmark,1975,0
germany,1975,0.68851
italy,1975,0.50263
netherlands,1975,2.892
norway,1975,0
poland,1975,0.20318
romania,1975,1.01564
ukraine,1975,0
united_kingdom,1975,1.28882
other_europe,1975,0.632
total_europe,1975,7.22277
azerbaijan,1975,0
kazakhstan,1975,0
russian_federation,1975,0
turkmenistan,1975,0
russia,1975,9.86422
uzbekistan,1975,0
other_cis,1975,0
total_cis,1975,9.86422
bahrain,1975,0.07834
iran,1975,0.49024
iraq,1975,0.04429
israel,1975,0.00206
kuwait,1975,0.10985
oman,1975,0
qatar,1975,0.07463
saudi_arabia,1975,0.09268
syria,1975,0
united_arab_emirates,1975,0.05827
other_middle_east,1975,0
total_middle_east,1975,0.95036
algeria,1975,0.22148
egypt,1975,0.00173
libya,1975,0.15852
nigeria,1975,0.01207
other_africa,1975,0.02139
total_africa,1975,0.41519
australia,1975,0.20761
bangladesh,1975,0.01625
brunei,1975,0.19438
china,1975,0.32111
india,1975,0.03827
indonesia,1975,0.08514
malaysia,1975,0.0105
myanmar,1975,0.00637
pakistan,1975,0.13707
thailand,1975,0
vietnam,1975,0
other_asia_pacific,1975,0.25529
total_asia_pacific,1975,1.27199
total_world,1975,42.30035
canada,1976,2.59507
mexico,1976,0.46388
united_states,1976,18.49754
total_north_america,1976,21.55649
argentina,1976,0.25676
bolivia,1976,0.0659
brazil,1976,0.01744
colombia,1976,0.05453
peru,1976,0.02218
trinidad_tobago,1976,0.06224
venezuela,1976,0.46585
other_south_central_america,1976,0.04243
total_south_central_america,1976,0.98734
denmark,1976,0
germany,1976,0.70996
italy,1976,0.5401
netherlands,1976,3.09
norway,1976,0
poland,1976,0.22116
romania,1976,1.10784
ukraine,1976,0
united_kingdom,1976,1.36485
other_europe,1976,0.65045
total_europe,1976,7.68436
azerbaijan,1976,0
kazakhstan,1976,0
russian_federation,1976,0
turkmenistan,1976,0
russia,1976,10.9447
uzbekistan,1976,0
other_cis,1976,0
total_cis,1976,10.9447
bahrain,1976,0.0821
iran,1976,0.49946
iraq,1976,0.06173
israel,1976,0.00199
kuwait,1976,0.13215
oman,1976,0
qatar,1976,0.04076
saudi_arabia,1976,0.10005
syria,1976,0.00113
united_arab_emirates,1976,0.06809
other_middle_east,1976,0
total_middle_east,1976,0.98746
algeria,1976,0.27897
egypt,1976,0.01317
libya,1976,0.16344
nigeria,1976,0.02242
other_africa,1976,0.01622
total_africa,1976,0.49422
australia,1976,0.24508
bangladesh,1976,0.02474
brunei,1976,0.25637
china,1976,0.36646
india,1976,0.04649
indonesia,1976,0.08587
malaysia,1976,0.0125
myanmar,1976,0.00884
pakistan,1976,0.13978
thailand,1976,0
vietnam,1976,0
other_asia_pacific,1976,0.28368
total_asia_pacific,1976,1.46981
total_world,1976,44.12439
canada,1977,2.72605
mexico,1977,0.49195
united_states,1977,18.57826
total_north_america,1977,21.79626
argentina,1977,0.26503
bolivia,1977,0.06954
brazil,1977,0.02171
colombia,1977,0.06183
peru,1977,0.02202
trinidad_tobago,1977,0.07316
venezuela,1977,0.50851
other_south_central_america,1977,0.04584
total_south_central_america,1977,1.06764
denmark,1977,0
germany,1977,0.70584
italy,1977,0.4738
netherlands,1977,3.1
norway,1977,0.09486
poland,1977,0.23278
romania,1977,1.17323
ukraine,1977,0
united_kingdom,1977,1.42607
other_europe,1977,0.70196
total_europe,1977,7.90854
azerbaijan,1977,0
kazakhstan,1977,0
russian_federation,1977,0
turkmenistan,1977,0
russia,1977,11.79892
uzbekistan,1977,0
other_cis,1977,0
total_cis,1977,11.79892
bahrain,1977,0.08905
iran,1977,0.50718
iraq,1977,0.04029
israel,1977,0.00197
kuwait,1977,0.14408
oman,1977,0
qatar,1977,0.05779
saudi_arabia,1977,0.1408
syria,1977,0.00126
united_arab_emirates,1977,0.13689
other_middle_east,1977,0
total_middle_east,1977,1.11932
algeria,1977,0.267
egypt,1977,0.01594
libya,1977,0.17274
nigeria,1977,0.02951
other_africa,1977,0.01872
total_africa,1977,0.50392
australia,1977,0.27997
bangladesh,1977,0.02924
brunei,1977,0.29421
china,1977,0.43975
india,1977,0.04965
indonesia,1977,0.20682
malaysia,1977,0.01144
myanmar,1977,0.00814
pakistan,1977,0.1527
thailand,1977,0
vietnam,1977,0
other_asia_pacific,1977,0.32044
total_asia_pacific,1977,1.79235
total_world,1977,45.98696
canada,1978,2.63073
mexico,1978,0.61581
united_states,1978,18.5022
total_north_america,1978,21.74874
argentina,1978,0.27343
bolivia,1978,0.06854
brazil,1978,0.02858
colombia,1978,0.08211
peru,1978,0.02301
trinidad_tobago,1978,0.08734
venezuela,1978,0.51313
other_south_central_america,1978,0.05225
total_south_central_america,1978,1.12838
denmark,1978,0
germany,1978,0.72976
italy,1978,0.47324
netherlands,1978,2.838
norway,1978,0.50739
poland,1978,0.24961
romania,1978,1.18124
ukraine,1978,0
united_kingdom,1978,1.36561
other_europe,1978,0.74425
total_europe,1978,8.0891
azerbaijan,1978,0
kazakhstan,1978,0
russian_federation,1978,0
turkmenistan,1978,0
russia,1978,12.69205
uzbekistan,1978,0
other_cis,1978,0
total_cis,1978,12.69205
bahrain,1978,0.09785
iran,1978,0.31771
iraq,1978,0.04176
israel,1978,0.00194
kuwait,1978,0.16146
oman,1978,0.01089
qatar,1978,0.05511
saudi_arabia,1978,0.19415
syria,1978,0.00121
united_arab_emirates,1978,0.20042
other_middle_east,1978,0
total_middle_east,1978,1.08251
algeria,1978,0.41407
egypt,1978,0.02564
libya,1978,0.17514
nigeria,1978,0.03576
other_africa,1978,0.02148
total_africa,1978,0.67209
australia,1978,0.30141
bangladesh,1978,0.03101
brunei,1978,0.28836
china,1978,0.49817
india,1978,0.05546
indonesia,1978,0.39756
malaysia,1978,0.08516
myanmar,1978,0.00955
pakistan,1978,0.15691
thailand,1978,0
vietnam,1978,0
other_asia_pacific,1978,0.30732
total_asia_pacific,1978,2.13091
total_world,1978,47.54376
canada,1979,2.77406
mexico,1979,0.74756
united_states,1979,19.0635
total_north_america,1979,22.58512
argentina,1979,0.25312
bolivia,1979,0.07494
brazil,1979,0.03131
colombia,1979,0.0938
peru,1979,0.02128
trinidad_tobago,1979,0.09028
venezuela,1979,0.5747
other_south_central_america,1979,0.03349
total_south_central_america,1979,1.17292
denmark,1979,0
germany,1979,0.73082
italy,1979,0.46173
netherlands,1979,2.976
norway,1979,0.73853
poland,1979,0.22395
romania,1979,1.12869
ukraine,1979,0
united_kingdom,1979,1.37896
other_europe,1979,0.71995
total_europe,1979,8.35863
azerbaijan,1979,0
kazakhstan,1979,0
russian_federation,1979,0
turkmenistan,1979,0
russia,1979,13.86522
uzbekistan,1979,0
other_cis,1979,0
total_cis,1979,13.86522
bahrain,1979,0.10848
iran,1979,0.30602
iraq,1979,0.05988
israel,1979,0.00138
kuwait,1979,0.21378
oman,1979,0.01832
qatar,1979,0.16253
saudi_arabia,1979,0.23837
syria,1979,0.00125
united_arab_emirates,1979,0.21446
other_middle_east,1979,0
total_middle_east,1979,1.32449
algeria,1979,0.67872
egypt,1979,0.03881
libya,1979,0.23205
nigeria,1979,0.04713
other_africa,1979,0.02328
total_africa,1979,1.01999
australia,1979,0.34695
bangladesh,1979,0.03552
brunei,1979,0.30211
china,1979,0.52647
india,1979,0.06897
indonesia,1979,0.5766
malaysia,1979,0.10567
myanmar,1979,0.00955
pakistan,1979,0.17675
thailand,1979,0
vietnam,1979,0
other_asia_pacific,1979,0.27431
total_asia_pacific,1979,2.4229
total_world,1979,50.74926
canada,1980,2.56421
mexico,1980,0.90415
united_states,1980,18.90327
total_north_america,1980,22.37162
argentina,1980,0.29393
bolivia,1980,0.0919
brazil,1980,0.03661
colombia,1980,0.10024
peru,1980,0.02287
trinidad_tobago,1980,0.102
venezuela,1980,0.59163
other_south_central_america,1980,0.02998
total_south_central_america,1980,1.26915
denmark,1980,0
germany,1980,0.66534
italy,1980,0.42968
netherlands,1980,2.878
norway,1980,0.89641
poland,1980,0.19021
romania,1980,1.16544
ukraine,1980,0
united_kingdom,1980,1.31093
other_europe,1980,0.69196
total_europe,1980,8.22796
azerbaijan,1980,0
kazakhstan,1980,0
russian_federation,1980,0
turkmenistan,1980,0
russia,1980,14.8406
uzbekistan,1980,0
other_cis,1980,0
total_cis,1980,14.8406
bahrain,1980,0.08805
iran,1980,0.16327
iraq,1980,0.04381
israel,1980,0.00007
kuwait,1980,0.13923
oman,1980,0.02326
qatar,1980,0.17665
saudi_arabia,1980,0.33256
syria,1980,0.00168
united_arab_emirates,1980,0.26395
other_middle_east,1980,0
total_middle_east,1980,1.23253
algeria,1980,0.55475
egypt,1980,0.07554
libya,1980,0.17681
nigeria,1980,0.05696
other_africa,1980,0.02983
total_africa,1980,0.89389
australia,1980,0.3984
bangladesh,1980,0.04425
brunei,1980,0.30323
china,1980,0.51776
india,1980,0.04079
indonesia,1980,0.67636
malaysia,1980,0.09399
myanmar,1980,0.01238
pakistan,1980,0.21583
thailand,1980,0
vietnam,1980,0
other_asia_pacific,1980,0.28127
total_asia_pacific,1980,2.58426
total_world,1980,51.42002
canada,1981,2.4778
mexico,1981,0.97408
united_states,1981,18.70534
total_north_america,1981,22.15722
argentina,1981,0.30583
bolivia,1981,0.09801
brazil,1981,0.03285
colombia,1981,0.10987
peru,1981,0.02626
trinidad_tobago,1981,0.11235
venezuela,1981,0.59482
other_south_central_america,1981,0.03034
total_south_central_america,1981,1.31034
denmark,1981,0
germany,1981,0.68157
italy,1981,0.48153
netherlands,1981,2.672
norway,1981,0.8915
poland,1981,0.16905
romania,1981,1.2267
ukraine,1981,0
united_kingdom,1981,1.308
other_europe,1981,0.66161
total_europe,1981,8.09196
azerbaijan,1981,0
kazakhstan,1981,0
russian_federation,1981,0
turkmenistan,1981,0
russia,1981,15.86702
uzbekistan,1981,0
other_cis,1981,0
total_cis,1981,15.86702
bahrain,1981,0.08164
iran,1981,0.17741
iraq,1981,0.0212
israel,1981,0.00007
kuwait,1981,0.16019
oman,1981,0.02742
qatar,1981,0.16107
saudi_arabia,1981,0.38776
syria,1981,0.0017
united_arab_emirates,1981,0.31099
other_middle_east,1981,0
total_middle_east,1981,1.32945
algeria,1981,0.64313
egypt,1981,0.08455
libya,1981,0.10773
nigeria,1981,0.08389
other_africa,1981,0.03379
total_africa,1981,0.95309
australia,1981,0.4318
bangladesh,1981,0.04901
brunei,1981,0.29358
china,1981,0.46225
india,1981,0.07121
indonesia,1981,0.68586
malaysia,1981,0.07917
myanmar,1981,0.01486
pakistan,1981,0.23537
thailand,1981,0.00981
vietnam,1981,0.00035
other_asia_pacific,1981,0.26917
total_asia_pacific,1981,2.60243
total_world,1981,52.31153
canada,1982,2.6009
mexico,1982,1.03868
united_states,1982,17.39483
total_north_america,1982,21.03441
argentina,1982,0.34275
bolivia,1982,0.10166
brazil,1982,0.04693
colombia,1982,0.11713
peru,1982,0.02756
trinidad_tobago,1982,0.13655
venezuela,1982,0.63468
other_south_central_america,1982,0.03204
total_south_central_america,1982,1.43931
denmark,1982,0
germany,1982,0.59833
italy,1982,0.49443
netherlands,1982,2.285
norway,1982,0.85609
poland,1982,0.1558
romania,1982,1.24028
ukraine,1982,0
united_kingdom,1982,1.32943
other_europe,1982,0.68122
total_europe,1982,7.64059
azerbaijan,1982,0
kazakhstan,1982,0
russian_federation,1982,0
turkmenistan,1982,0
russia,1982,17.07419
uzbekistan,1982,0
other_cis,1982,0
total_cis,1982,17.07419
bahrain,1982,0.12891
iran,1982,0.24297
iraq,1982,0.02326
israel,1982,0.00155
kuwait,1982,0.12569
oman,1982,0.02999
qatar,1982,0.18835
saudi_arabia,1982,0.41098
syria,1982,0.00177
united_arab_emirates,1982,0.33345
other_middle_east,1982,0
total_middle_east,1982,1.48692
algeria,1982,0.83916
egypt,1982,0.09252
libya,1982,0.11457
nigeria,1982,0.0874
other_africa,1982,0.03676
total_africa,1982,1.17041
australia,1982,0.42113
bangladesh,1982,0.06363
brunei,1982,0.29323
china,1982,0.43286
india,1982,0.09336
indonesia,1982,0.69718
malaysia,1982,0.0996
myanmar,1982,0.01592
pakistan,1982,0.25671
thailand,1982,0.05001
vietnam,1982,0.00066
other_asia_pacific,1982,0.28083
total_asia_pacific,1982,2.70512
total_world,1982,52.55094
canada,1983,2.44625
mexico,1983,1.04746
united_states,1983,15.75626
total_north_america,1983,19.24997
argentina,1983,0.46003
bolivia,1983,0.09759
brazil,1983,0.06347
colombia,1983,0.12868
peru,1983,0.01816
trinidad_tobago,1983,0.14147
venezuela,1983,0.62497
other_south_central_america,1983,0.03509
total_south_central_america,1983,1.56947
denmark,1983,0
germany,1983,0.66137
italy,1983,0.44334
netherlands,1983,2.433
norway,1983,0.84368
poland,1983,0.15232
romania,1983,1.23079
ukraine,1983,0
united_kingdom,1983,1.3708
other_europe,1983,0.67271
total_europe,1983,7.808
azerbaijan,1983,0
kazakhstan,1983,0
russian_federation,1983,0
turkmenistan,1983,0
russia,1983,18.26771
uzbekistan,1983,0
other_cis,1983,0
total_cis,1983,18.26771
bahrain,1983,0.13511
iran,1983,0.27768
iraq,1983,0.01607
israel,1983,0.0022
kuwait,1983,0.138
oman,1983,0.03726
qatar,1983,0.19506
saudi_arabia,1983,0.4013
syria,1983,0.00269
united_arab_emirates,1983,0.29344
other_middle_east,1983,0
total_middle_east,1983,1.4988
algeria,1983,1.20165
egypt,1983,0.10845
libya,1983,0.12688
nigeria,1983,0.09908
other_africa,1983,0.03698
total_africa,1983,1.57304
australia,1983,0.45747
bangladesh,1983,0.0708
brunei,1983,0.30583
china,1983,0.44302
india,1983,0.11109
indonesia,1983,0.79548
malaysia,1983,0.2402
myanmar,1983,0.02122
pakistan,1983,0.25311
thailand,1983,0.05887
vietnam,1983,0.00228
other_asia_pacific,1983,0.29465
total_asia_pacific,1983,3.054
total_world,1983,53.02099
canada,1984,2.68114
mexico,1984,1.0303
united_states,1984,17.09944
total_north_america,1984,20.81087
argentina,1984,0.47193
bolivia,1984,0.09387
brazil,1984,0.07387
colombia,1984,0.13083
peru,1984,0.02453
trinidad_tobago,1984,0.14823
venezuela,1984,0.69131
other_south_central_america,1984,0.03715
total_south_central_america,1984,1.67172
denmark,1984,0.00871
germany,1984,0.64989
italy,1984,0.46922
netherlands,1984,2.463
norway,1984,0.92764
poland,1984,0.16731
romania,1984,1.222
ukraine,1984,0
united_kingdom,1984,1.34007
other_europe,1984,0.67785
total_europe,1984,7.92569
azerbaijan,1984,0
kazakhstan,1984,0
russian_federation,1984,0
turkmenistan,1984,0
russia,1984,20.03071
uzbekistan,1984,0
other_cis,1984,0
total_cis,1984,20.03071
bahrain,1984,0.13921
iran,1984,0.32324
iraq,1984,0.02018
israel,1984,0.00192
kuwait,1984,0.14966
oman,1984,0.04682
qatar,1984,0.22095
saudi_arabia,1984,0.62244
syria,1984,0.00454
united_arab_emirates,1984,0.3861
other_middle_east,1984,0
total_middle_east,1984,1.91507
algeria,1984,1.22313
egypt,1984,0.13929
libya,1984,0.15732
nigeria,1984,0.09532
other_africa,1984,0.03608
total_africa,1984,1.65114
australia,1984,0.45114
bangladesh,1984,0.08172
brunei,1984,0.30948
china,1984,0.451
india,1984,0.12723
indonesia,1984,1.07245
malaysia,1984,0.36488
myanmar,1984,0.02264
pakistan,1984,0.25972
thailand,1984,0.08789
vietnam,1984,0.00198
other_asia_pacific,1984,0.32368
total_asia_pacific,1984,3.5538
total_world,1984,57.55901
canada,1985,2.89849
mexico,1985,0.9995
united_states,1985,16.12372
total_north_america,1985,20.02171
argentina,1985,0.48629
bolivia,1985,0.09303
brazil,1985,0.09266
colombia,1985,0.13344
peru,1985,0.01913
trinidad_tobago,1985,0.15175
venezuela,1985,0.69233
other_south_central_america,1985,0.03837
total_south_central_america,1985,1.70699
denmark,1985,0.04211
germany,1985,0.61588
italy,1985,0.48309
netherlands,1985,2.579
norway,1985,0.93561
poland,1985,0.17302
romania,1985,1.16803
ukraine,1985,1.46096
united_kingdom,1985,1.49515
other_europe,1985,0.68556
total_europe,1985,9.6384
azerbaijan,1985,0.49462
kazakhstan,1985,0.13924
russian_federation,1985,15.29572
turkmenistan,1985,2.83435
russia,1985,0
uzbekistan,1985,1.17851
other_cis,1985,0.02591
total_cis,1985,19.96835
bahrain,1985,0.16994
iran,1985,0.34871
iraq,1985,0.02907
israel,1985,0.00181
kuwait,1985,0.14364
oman,1985,0.05962
qatar,1985,0.20344
saudi_arabia,1985,0.64296
syria,1985,0.0054
united_arab_emirates,1985,0.46437
other_middle_east,1985,0
total_middle_east,1985,2.06896
algeria,1985,1.34417
egypt,1985,0.17082
libya,1985,0.17784
nigeria,1985,0.09029
other_africa,1985,0.03732
total_africa,1985,1.82044
australia,1985,0.48223
bangladesh,1985,0.09281
brunei,1985,0.3017
china,1985,0.46914
india,1985,0.15562
indonesia,1985,1.18024
malaysia,1985,0.40315
myanmar,1985,0.03254
pakistan,1985,0.26513
thailand,1985,0.11553
vietnam,1985,0.00123
other_asia_pacific,1985,0.35304
total_asia_pacific,1985,3.85237
total_world,1985,59.07722
canada,1986,2.71855
mexico,1986,0.88782
united_states,1986,15.70632
total_north_america,1986,19.31269
argentina,1986,0.54301
bolivia,1986,0.09475
brazil,1986,0.10792
colombia,1986,0.13006
peru,1986,0.02029
trinidad_tobago,1986,0.15528
venezuela,1986,0.7622
other_south_central_america,1986,0.03559
total_south_central_america,1986,1.84909
denmark,1986,0.07142
germany,1986,0.50455
italy,1986,0.54135
netherlands,1986,2.358
norway,1986,0.93219
poland,1986,0.15708
romania,1986,1.18203
ukraine,1986,1.35261
united_kingdom,1986,1.57193
other_europe,1986,0.62964
total_europe,1986,9.3008
azerbaijan,1986,0.47809
kazakhstan,1986,0.14864
russian_federation,1986,16.65242
turkmenistan,1986,2.8858
russia,1986,0
uzbekistan,1986,1.31513
other_cis,1986,0.02881
total_cis,1986,21.50888
bahrain,1986,0.19456
iran,1986,0.335
iraq,1986,0.05301
israel,1986,0.00135
kuwait,1986,0.19597
oman,1986,0.06969
qatar,1986,0.21611
saudi_arabia,1986,0.86184
syria,1986,0.01365
united_arab_emirates,1986,0.53422
other_middle_east,1986,0
total_middle_east,1986,2.4754
algeria,1986,1.37482
egypt,1986,0.19681
libya,1986,0.19152
nigeria,1986,0.1053
other_africa,1986,0.04006
total_africa,1986,1.90852
australia,1986,0.52679
bangladesh,1986,0.10465
brunei,1986,0.30249
china,1986,0.49926
india,1986,0.21744
indonesia,1986,1.22811
malaysia,1986,0.54219
myanmar,1986,0.03785
pakistan,1986,0.28437
thailand,1986,0.13478
vietnam,1986,0.00129
other_asia_pacific,1986,0.37064
total_asia_pacific,1986,4.24984
total_world,1986,60.60521
canada,1987,2.94683
mexico,1987,0.90242
united_states,1987,16.27132
total_north_america,1987,20.12057
argentina,1987,0.5304
bolivia,1987,0.0991
brazil,1987,0.12054
colombia,1987,0.13705
peru,1987,0.02017
trinidad_tobago,1987,0.1645
venezuela,1987,0.74274
other_south_central_america,1987,0.03507
total_south_central_america,1987,1.84957
denmark,1987,0.09103
germany,1987,0.5663
italy,1987,0.55483
netherlands,1987,2.362
norway,1987,1.00583
poland,1987,0.15781
romania,1987,1.12341
ukraine,1987,1.21292
united_kingdom,1987,1.64571
other_europe,1987,0.63817
total_europe,1987,9.358
azerbaijan,1987,0.43942
kazakhstan,1987,0.16106
russian_federation,1987,18.0197
turkmenistan,1987,3.00164
russia,1987,0
uzbekistan,1987,1.35602
other_cis,1987,0.02881
total_cis,1987,23.00665
bahrain,1987,0.18903
iran,1987,0.4101
iraq,1987,0.12825
israel,1987,0.00154
kuwait,1987,0.16348
oman,1987,0.07807
qatar,1987,0.20903
saudi_arabia,1987,0.91656
syria,1987,0.01344
united_arab_emirates,1987,0.59284
other_middle_east,1987,0
total_middle_east,1987,2.70235
algeria,1987,1.55163
egypt,1987,0.2176
libya,1987,0.171
nigeria,1987,0.10428
other_africa,1987,0.03982
total_africa,1987,2.08432
australia,1987,0.53782
bangladesh,1987,0.12296
brunei,1987,0.30179
china,1987,0.50397
india,1987,0.25048
indonesia,1987,1.31215
malaysia,1987,0.58624
myanmar,1987,0.04209
pakistan,1987,0.30451
thailand,1987,0.18831
vietnam,1987,0.00129
other_asia_pacific,1987,0.3698
total_asia_pacific,1987,4.5214
total_world,1987,63.64286
canada,1988,3.40297
mexico,1988,0.91416
united_states,1988,16.71075
total_north_america,1988,21.02788
argentina,1988,0.62878
bolivia,1988,0.10475
brazil,1988,0.12131
colombia,1988,0.13216
peru,1988,0.01902
trinidad_tobago,1988,0.18934
venezuela,1988,0.76036
other_south_central_america,1988,0.04694
total_south_central_america,1988,2.00266
denmark,1988,0.0899
germany,1988,0.52698
italy,1988,0.56391
netherlands,1988,2.085
norway,1988,1.01222
poland,1988,0.15662
romania,1988,1.10013
ukraine,1988,1.10389
united_kingdom,1988,1.58483
other_europe,1988,0.61501
total_europe,1988,8.83849
azerbaijan,1988,0.41833
kazakhstan,1988,0.18207
russian_federation,1988,19.52603
turkmenistan,1988,3.00845
russia,1988,0
uzbekistan,1988,1.35942
other_cis,1988,0.0254
total_cis,1988,24.51971
bahrain,1988,0.2008
iran,1988,0.44523
iraq,1988,0.19152
israel,1988,0.00142
kuwait,1988,0.23393
oman,1988,0.07856
qatar,1988,0.21834
saudi_arabia,1988,0.99522
syria,1988,0.0318
united_arab_emirates,1988,0.60934
other_middle_east,1988,0
total_middle_east,1988,3.00616
algeria,1988,1.62209
egypt,1988,0.23978
libya,1988,0.1881
nigeria,1988,0.12536
other_africa,1988,0.04779
total_africa,1988,2.22312
australia,1988,0.55078
bangladesh,1988,0.14472
brunei,1988,0.31355
china,1988,0.5174
india,1988,0.29342
indonesia,1988,1.4331
malaysia,1988,0.6052
myanmar,1988,0.03678
pakistan,1988,0.32284
thailand,1988,0.22319
vietnam,1988,0.00097
other_asia_pacific,1988,0.38798
total_asia_pacific,1988,4.82994
total_world,1988,66.44795
canada,1989,3.61537
mexico,1989,0.87755
united_states,1989,16.94688
total_north_america,1989,21.43981
argentina,1989,0.66484
bolivia,1989,0.11049
brazil,1989,0.12438
colombia,1989,0.13357
peru,1989,0.01613
trinidad_tobago,1989,0.1897
venezuela,1989,0.78074
other_south_central_america,1989,0.06673
total_south_central_america,1989,2.08657
denmark,1989,0.11529
germany,1989,0.55153
italy,1989,0.57641
netherlands,1989,2.279
norway,1989,1.0268
poland,1989,0.14502
romania,1989,0.9862
ukraine,1989,1.04938
united_kingdom,1989,1.552
other_europe,1989,0.63276
total_europe,1989,8.9144
azerbaijan,1989,0.39021
kazakhstan,1989,0.17125
russian_federation,1989,20.3868
turkmenistan,1989,3.06296
russia,1989,0
uzbekistan,1989,1.40031
other_cis,1989,0.0254
total_cis,1989,25.43692
bahrain,1989,0.20888
iran,1989,0.56221
iraq,1989,0.22059
israel,1989,0.0013
kuwait,1989,0.27907
oman,1989,0.08153
qatar,1989,0.23101
saudi_arabia,1989,1.01916
syria,1989,0.05205
united_arab_emirates,1989,0.71534
other_middle_east,1989,0.00295
total_middle_east,1989,3.3741
algeria,1989,1.74899
egypt,1989,0.26819
libya,1989,0.23256
nigeria,1989,0.14514
other_africa,1989,0.04378
total_africa,1989,2.43867
australia,1989,0.63747
bangladesh,1989,0.153
brunei,1989,0.30727
china,1989,0.54603
india,1989,0.34886
indonesia,1989,1.50764
malaysia,1989,0.65502
myanmar,1989,0.03855
pakistan,1989,0.34419
thailand,1989,0.22297
vietnam,1989,0.00115
other_asia_pacific,1989,0.29657
total_asia_pacific,1989,5.05871
total_world,1989,68.74917
canada,1990,3.72412
mexico,1990,0.9499
united_states,1990,17.40161
total_north_america,1990,22.07563
argentina,1990,0.62458
bolivia,1990,0.11292
brazil,1990,0.11324
colombia,1990,0.14129
peru,1990,0.01544
trinidad_tobago,1990,0.19668
venezuela,1990,0.87774
other_south_central_america,1990,0.08621
total_south_central_america,1990,2.16809
denmark,1990,0.11773
germany,1990,0.54089
italy,1990,0.5874
netherlands,1990,2.283
norway,1990,0.91038
poland,1990,0.09956
romania,1990,0.95923
ukraine,1990,0.95739
united_kingdom,1990,1.71374
other_europe,1990,0.58575
total_europe,1990,8.75506
azerbaijan,1990,0.34802
kazakhstan,1990,0.18154
russian_federation,1990,21.58524
turkmenistan,1990,2.85273
russia,1990,0
uzbekistan,1990,1.32502
other_cis,1990,0.0217
total_cis,1990,26.31426
bahrain,1990,0.21876
iran,1990,0.88985
iraq,1990,0.13612
israel,1990,0.00112
kuwait,1990,0.1433
oman,1990,0.08812
qatar,1990,0.23474
saudi_arabia,1990,1.14638
syria,1990,0.05732
united_arab_emirates,1990,0.70586
other_middle_east,1990,0.00439
total_middle_east,1990,3.62595
algeria,1990,1.85965
egypt,1990,0.27963
libya,1990,0.21204
nigeria,1990,0.1382
other_africa,1990,0.10821
total_africa,1990,2.59773
australia,1990,0.742
bangladesh,1990,0.16467
brunei,1990,0.31329
china,1990,0.55506
india,1990,0.41734
indonesia,1990,1.60343
malaysia,1990,0.64841
myanmar,1990,0.03006
pakistan,1990,0.36763
thailand,1990,0.243
vietnam,1990,0.00139
other_asia_pacific,1990,0.28679
total_asia_pacific,1990,5.37307
total_world,1990,70.90979
canada,1991,3.91963
mexico,1991,0.96333
united_states,1991,17.3091
total_north_america,1991,22.19206
argentina,1991,0.69775
bolivia,1991,0.11225
brazil,1991,0.11772
colombia,1991,0.1399
peru,1991,0.01448
trinidad_tobago,1991,0.19927
venezuela,1991,0.8752
other_south_central_america,1991,0.09141
total_south_central_america,1991,2.24799
denmark,1991,0.14792
germany,1991,0.55423
italy,1991,0.5908
netherlands,1991,2.5812
norway,1991,0.89422
poland,1991,0.11129
romania,1991,0.83977
ukraine,1991,0.83133
united_kingdom,1991,1.90809
other_europe,1991,0.59105
total_europe,1991,9.04989
azerbaijan,1991,0.30232
kazakhstan,1991,0.20124
russian_federation,1991,21.28728
turkmenistan,1991,2.74116
russia,1991,0
uzbekistan,1991,1.3614
other_cis,1991,0.02045
total_cis,1991,25.91385
bahrain,1991,0.20854
iran,1991,1.05119
iraq,1991,0.05951
israel,1991,0.00094
kuwait,1991,0.0171
oman,1991,0.08934
qatar,1991,0.28429
saudi_arabia,1991,1.20281
syria,1991,0.0669
united_arab_emirates,1991,0.83573
other_middle_east,1991,0.00439
total_middle_east,1991,3.82074
algeria,1991,2.00531
egypt,1991,0.31462
libya,1991,0.22367
nigeria,1991,0.13482
other_africa,1991,0.10601
total_africa,1991,2.78443
australia,1991,0.77675
bangladesh,1991,0.16959
brunei,1991,0.31801
china,1991,0.56203
india,1991,0.46479
indonesia,1991,1.76073
malaysia,1991,0.76995
myanmar,1991,0.03042
pakistan,1991,0.39709
thailand,1991,0.30114
vietnam,1991,0.0025
other_asia_pacific,1991,0.29292
total_asia_pacific,1991,5.84592
total_world,1991,71.85487
canada,1992,4.31873
mexico,1992,0.93375
united_states,1992,17.44808
total_north_america,1992,22.70056
argentina,1992,0.70335
bolivia,1992,0.10192
brazil,1992,0.13336
colombia,1992,0.14331
peru,1992,0.01306
trinidad_tobago,1992,0.19256
venezuela,1992,0.86386
other_south_central_america,1992,0.09982
total_south_central_america,1992,2.25124
denmark,1992,0.15408
germany,1992,0.56217
italy,1992,0.61686
netherlands,1992,2.5922
norway,1992,0.92304
poland,1992,0.10717
romania,1992,0.73736
ukraine,1992,0.71549
united_kingdom,1992,1.94037
other_europe,1992,0.57501
total_europe,1992,8.92375
azerbaijan,1992,0.27772
kazakhstan,1992,0.20704
russian_federation,1992,21.32039
turkmenistan,1992,1.81081
russia,1992,0
uzbekistan,1992,1.38461
other_cis,1992,0.01986
total_cis,1992,25.02043
bahrain,1992,0.24367
iran,1992,1.11256
iraq,1992,0.07763
israel,1992,0.0008
kuwait,1992,0.0896
oman,1992,0.09765
qatar,1992,0.29613
saudi_arabia,1992,1.30815
syria,1992,0.0692
united_arab_emirates,1992,0.77817
other_middle_east,1992,0.00479
total_middle_east,1992,4.07835
algeria,1992,2.08804
egypt,1992,0.34026
libya,1992,0.23153
nigeria,1992,0.14593
other_africa,1992,0.10405
total_africa,1992,2.90982
australia,1992,0.84001
bangladesh,1992,0.18493
brunei,1992,0.3423
china,1992,0.57291
india,1992,0.51965
indonesia,1992,1.86592
malaysia,1992,0.80604
myanmar,1992,0.03077
pakistan,1992,0.38958
thailand,1992,0.32128
vietnam,1992,0.0073
other_asia_pacific,1992,0.30118
total_asia_pacific,1992,6.18186
total_world,1992,72.06602
canada,1993,4.7543
mexico,1993,1.00002
united_states,1993,17.64648
total_north_america,1993,23.4008
argentina,1993,0.75342
bolivia,1993,0.10169
brazil,1993,0.15622
colombia,1993,0.14031
peru,1993,0.01376
trinidad_tobago,1993,0.21612
venezuela,1993,0.93223
other_south_central_america,1993,0.08242
total_south_central_america,1993,2.39615
denmark,1993,0.16903
germany,1993,0.55945
italy,1993,0.65656
netherlands,1993,2.6424
norway,1993,0.88624
poland,1993,0.13695
romania,1993,0.70171
ukraine,1993,0.65416
united_kingdom,1993,2.2813
other_europe,1993,0.59487
total_europe,1993,9.28268
azerbaijan,1993,0.23905
kazakhstan,1993,0.17062
russian_federation,1993,20.46956
turkmenistan,1993,2.11989
russia,1993,0
uzbekistan,1993,1.46292
other_cis,1993,0.01699
total_cis,1993,24.47903
bahrain,1993,0.26101
iran,1993,0.59447
iraq,1993,0.08721
israel,1993,0.0008
kuwait,1993,0.18536
oman,1993,0.09371
qatar,1993,0.30859
saudi_arabia,1993,1.36937
syria,1993,0.06849
united_arab_emirates,1993,0.80695
other_middle_east,1993,0.0055
total_middle_east,1993,3.78146
algeria,1993,2.11488
egypt,1993,0.3912
libya,1993,0.21751
nigeria,1993,0.16628
other_africa,1993,0.1104
total_africa,1993,3.00026
australia,1993,0.87782
bangladesh,1993,0.20701
brunei,1993,0.36243
china,1993,0.60829
india,1993,0.52802
indonesia,1993,1.93851
malaysia,1993,0.86847
myanmar,1993,0.03891
pakistan,1993,0.4485
thailand,1993,0.3616
vietnam,1993,0.00869
other_asia_pacific,1993,0.29806
total_asia_pacific,1993,6.54629
total_world,1993,72.88667
canada,1994,5.1461
mexico,1994,1.05203
united_states,1994,18.37191
total_north_america,1994,24.57003
argentina,1994,0.77967
bolivia,1994,0.10965
brazil,1994,0.17061
colombia,1994,0.14474
peru,1994,0.01435
trinidad_tobago,1994,0.24753
venezuela,1994,0.98603
other_south_central_america,1994,0.10771
total_south_central_america,1994,2.56028
denmark,1994,0.18315
germany,1994,0.58652
italy,1994,0.69273
netherlands,1994,2.5066
norway,1994,0.95905
poland,1994,0.12976
romania,1994,0.62063
ukraine,1994,0.62009
united_kingdom,1994,2.43555
other_europe,1994,0.55433
total_europe,1994,9.28841
azerbaijan,1994,0.22499
kazakhstan,1994,0.11454
russian_federation,1994,20.10539
turkmenistan,1994,1.16389
russia,1994,0
uzbekistan,1994,1.5343
other_cis,1994,0.01663
total_cis,1994,23.15974
bahrain,1994,0.2672
iran,1994,0.94433
iraq,1994,0.10841
israel,1994,0.00074
kuwait,1994,0.20417
oman,1994,0.09813
qatar,1994,0.32185
saudi_arabia,1994,1.46273
syria,1994,0.07424
united_arab_emirates,1994,0.90628
other_middle_east,1994,0.00798
total_middle_east,1994,4.39607
algeria,1994,1.94439
egypt,1994,0.41927
libya,1994,0.21854
nigeria,1994,0.15188
other_africa,1994,0.10865
total_africa,1994,2.84273
australia,1994,1.00768
bangladesh,1994,0.21955
brunei,1994,0.36472
china,1994,0.6371
india,1994,0.57085
indonesia,1994,2.20872
malaysia,1994,0.91988
myanmar,1994,0.05058
pakistan,1994,0.45721
thailand,1994,0.39973
vietnam,1994,0.00869
other_asia_pacific,1994,0.29109
total_asia_pacific,1994,7.13579
total_world,1994,73.95306
canada,1995,5.49868
mexico,1995,1.05071
united_states,1995,18.11955
total_north_america,1995,24.66894
argentina,1995,0.8756
bolivia,1995,0.10956
brazil,1995,0.1883
colombia,1995,0.15174
peru,1995,0.01389
trinidad_tobago,1995,0.26573
venezuela,1995,1.09894
other_south_central_america,1995,0.10304
total_south_central_america,1995,2.8068
denmark,1995,0.19831
germany,1995,0.60522
italy,1995,0.6844
netherlands,1995,2.5482
norway,1995,0.99378
poland,1995,0.13269
romania,1995,0.60481
ukraine,1995,0.57845
united_kingdom,1995,2.66563
other_europe,1995,0.57408
total_europe,1995,9.58558
azerbaijan,1995,0.23202
kazakhstan,1995,0.15098
russian_federation,1995,19.483
turkmenistan,1995,1.0499
russia,1995,0
uzbekistan,1995,1.56029
other_cis,1995,0.01534
total_cis,1995,22.49152
bahrain,1995,0.27164
iran,1995,1.14725
iraq,1995,0.10841
israel,1995,0.00086
kuwait,1995,0.31731
oman,1995,0.13745
qatar,1995,0.33512
saudi_arabia,1995,1.46821
syria,1995,0.09362
united_arab_emirates,1995,1.09933
other_middle_east,1995,0.00798
total_middle_east,1995,4.98717
algeria,1995,2.21369
egypt,1995,0.43312
libya,1995,0.21683
nigeria,1995,0.16529
other_africa,1995,0.11281
total_africa,1995,3.14174
australia,1995,1.06545
bangladesh,1995,0.24272
brunei,1995,0.41281
china,1995,0.65128
india,1995,0.6508
indonesia,1995,2.2187
malaysia,1995,1.0184
myanmar,1995,0.05801
pakistan,1995,0.46894
thailand,1995,0.42322
vietnam,1995,0.00505
other_asia_pacific,1995,0.28347
total_asia_pacific,1995,7.49886
total_world,1995,75.1806
canada,1996,5.54105
mexico,1996,1.10898
united_states,1996,18.36835
total_north_america,1996,25.01839
argentina,1996,1.01284
bolivia,1996,0.11064
brazil,1996,0.20577
colombia,1996,0.16369
peru,1996,0.0141
trinidad_tobago,1996,0.30004
venezuela,1996,1.18805
other_south_central_america,1996,0.10503
total_south_central_america,1996,3.10015
denmark,1996,0.24097
germany,1996,0.65542
italy,1996,0.68511
netherlands,1996,2.8839
norway,1996,1.33623
poland,1996,0.13147
romania,1996,0.57627
ukraine,1996,0.58479
united_kingdom,1996,3.17019
other_europe,1996,0.53346
total_europe,1996,10.79782
azerbaijan,1996,0.2066
kazakhstan,1996,0.1665
russian_federation,1996,19.88358
turkmenistan,1996,1.14345
russia,1996,0
uzbekistan,1996,1.59251
other_cis,1996,0.01452
total_cis,1996,23.00717
bahrain,1996,0.27972
iran,1996,1.34926
iraq,1996,0.11081
israel,1996,0.00054
kuwait,1996,0.31813
oman,1996,0.14861
qatar,1996,0.34934
saudi_arabia,1996,1.51882
syria,1996,0.09975
united_arab_emirates,1996,1.18638
other_middle_east,1996,0.00774
total_middle_east,1996,5.3691
algeria,1996,2.34905
egypt,1996,0.46084
libya,1996,0.21956
nigeria,1996,0.18595
other_africa,1996,0.14457
total_africa,1996,3.35997
australia,1996,1.06681
bangladesh,1996,0.26051
brunei,1996,0.40923
china,1996,0.7298
india,1996,0.71034
indonesia,1996,2.3378
malaysia,1996,1.30126
myanmar,1996,0.05659
pakistan,1996,0.50952
thailand,1996,0.48925
vietnam,1996,0.00997
other_asia_pacific,1996,0.30619
total_asia_pacific,1996,8.18727
total_world,1996,78.83987
canada,1997,5.75031
mexico,1997,1.11983
united_states,1997,18.41544
total_north_america,1997,25.28558
argentina,1997,0.95857
bolivia,1997,0.09326
brazil,1997,0.22398
colombia,1997,0.20426
peru,1997,0.00835
trinidad_tobago,1997,0.3256
venezuela,1997,1.23197
other_south_central_america,1997,0.10056
total_south_central_america,1997,3.14655
denmark,1997,0.29498
germany,1997,0.64428
italy,1997,0.66549
netherlands,1997,2.5542
norway,1997,1.53442
poland,1997,0.13415
romania,1997,0.49856
ukraine,1997,0.59348
united_kingdom,1997,3.23463
other_europe,1997,0.48481
total_europe,1997,10.639
azerbaijan,1997,0.19676
kazakhstan,1997,0.20708
russian_federation,1997,18.84736
turkmenistan,1997,0.56237
russia,1997,0
uzbekistan,1997,1.63305
other_cis,1997,0.01399
total_cis,1997,21.46061
bahrain,1997,0.30032
iran,1997,1.41768
iraq,1997,0.10431
israel,1997,0.00064
kuwait,1997,0.31703
oman,1997,0.16904
qatar,1997,0.4828
saudi_arabia,1997,1.55063
syria,1997,0.15472
united_arab_emirates,1997,1.27448
other_middle_east,1997,0.00854
total_middle_east,1997,5.78019
algeria,1997,2.69492
egypt,1997,0.47124
libya,1997,0.22469
nigeria,1997,0.17909
other_africa,1997,0.17986
total_africa,1997,3.7498
australia,1997,1.06696
bangladesh,1997,0.25608
brunei,1997,0.40955
china,1997,0.82374
india,1997,0.77229
indonesia,1997,2.40008
malaysia,1997,1.48711
myanmar,1997,0.05341
pakistan,1997,0.50801
thailand,1997,0.60229
vietnam,1997,0.01845
other_asia_pacific,1997,0.319
total_asia_pacific,1997,8.71697
total_world,1997,78.77869
canada,1998,5.96175
mexico,1998,1.18563
united_states,1998,18.62381
total_north_america,1998,25.77119
argentina,1998,1.03595
bolivia,1998,0.0974
brazil,1998,0.23462
colombia,1998,0.23362
peru,1998,0.01417
trinidad_tobago,1998,0.3256
venezuela,1998,1.29213
other_south_central_america,1998,0.09536
total_south_central_america,1998,3.32885
denmark,1998,0.28392
germany,1998,0.62953
italy,1998,0.65657
netherlands,1998,2.4364
norway,1998,0
poland,1998,0.13601
romania,1998,0.46681
ukraine,1998,0.57109
united_kingdom,1998,3.3983
other_europe,1998,0.4442
total_europe,1998,9.02284
azerbaijan,1998,0.18361
kazakhstan,1998,0.20284
russian_federation,1998,19.48631
turkmenistan,1998,0.43243
russia,1998,0
uzbekistan,1998,1.78101
other_cis,1998,0.01381
total_cis,1998,22.10001
bahrain,1998,0.31577
iran,1998,1.60098
iraq,1998,0.10089
israel,1998,0.0004
kuwait,1998,0.32459
oman,1998,0.17552
qatar,1998,0.58426
saudi_arabia,1998,1.60124
syria,1998,0.1951
united_arab_emirates,1998,1.30116
other_middle_east,1998,0.00869
total_middle_east,1998,6.20861
algeria,1998,2.88584
egypt,1998,0.4851
libya,1998,0.21751
nigeria,1998,0.21664
other_africa,1998,0.18845
total_africa,1998,3.99354
australia,1998,1.08985
bangladesh,1998,0.27671
brunei,1998,0.37806
china,1998,0.84464
india,1998,0.84754
indonesia,1998,2.36003
malaysia,1998,1.48414
myanmar,1998,0.06225
pakistan,1998,0.53507
thailand,1998,0.65389
vietnam,1998,0.03127
other_asia_pacific,1998,0.29684
total_asia_pacific,1998,8.8603
total_world,1998,79.28533
canada,1999,6.13945
mexico,1999,1.23247
united_states,1999,18.36497
total_north_america,1999,25.73689
argentina,1999,1.2103
bolivia,1999,0.07842
brazil,1999,0.27549
colombia,1999,0.20494
peru,1999,0.01424
trinidad_tobago,1999,0.41067
venezuela,1999,1.0953
other_south_central_america,1999,0.11762
total_south_central_america,1999,3.40699
denmark,1999,0.29106
germany,1999,0.67242
italy,1999,0.60365
netherlands,1999,2.2656
norway,1999,1.73186
poland,1999,0.12988
romania,1999,0.4686
ukraine,1999,0.57564
united_kingdom,1999,3.73452
other_europe,1999,0.41855
total_europe,1999,10.89179
azerbaijan,1999,0.19676
kazakhstan,1999,0.25383
russian_federation,1999,19.59887
turkmenistan,1999,0.74116
russia,1999,0
uzbekistan,1999,1.80665
other_cis,1999,0.0144
total_cis,1999,22.61167
bahrain,1999,0.32674
iran,1999,1.90728
iraq,1999,0.10876
israel,1999,0.00036
kuwait,1999,0.29713
oman,1999,0.18499
qatar,1999,0.76913
saudi_arabia,1999,1.58004
syria,1999,0.1934
united_arab_emirates,1999,1.351
other_middle_east,1999,0.00862
total_middle_east,1999,6.72744
algeria,1999,3.24385
egypt,1999,0.58212
libya,1999,0.17784
nigeria,1999,0.15616
other_africa,1999,0.22025
total_africa,1999,4.38021
australia,1999,1.10565
bangladesh,1999,0.30169
brunei,1999,0.3941
china,1999,0.91426
india,1999,0.86844
indonesia,1999,2.5592
malaysia,1999,1.52019
myanmar,1999,0.06084
pakistan,1999,0.61022
thailand,1999,0.71628
vietnam,1999,0.04516
other_asia_pacific,1999,0.31888
total_asia_pacific,1999,9.4149
total_world,1999,83.1699
canada,2000,6.34697
mexico,2000,1.20163
united_states,2000,18.66961
total_north_america,2000,26.21821
argentina,2000,1.30972
bolivia,2000,0.11241
brazil,2000,0.27755
colombia,2000,0.20649
peru,2000,0.01197
trinidad_tobago,2000,0.4979
venezuela,2000,1.11584
other_south_central_america,2000,0.13001
total_south_central_america,2000,3.6619
denmark,2000,0.30598
germany,2000,0.63596
italy,2000,0.57451
netherlands,2000,2.209
norway,2000,1.79544
poland,2000,0.13872
romania,2000,0.45921
ukraine,2000,0.56837
united_kingdom,2000,4.08453
other_europe,2000,0.40181
total_europe,2000,11.17353
azerbaijan,2000,0.18551
kazakhstan,2000,0.29456
russian_federation,2000,19.33402
turkmenistan,2000,1.52772
russia,2000,0
uzbekistan,2000,1.83333
other_cis,2000,0.01485
total_cis,2000,23.18999
bahrain,2000,0.3303
iran,2000,2.02812
iraq,2000,0.10773
israel,2000,0.00033
kuwait,2000,0.32832
oman,2000,0.37156
qatar,2000,0.92777
saudi_arabia,2000,1.7035
syria,2000,0.1934
united_arab_emirates,2000,1.34714
other_middle_east,2000,0.00822
total_middle_east,2000,7.34638
algeria,2000,3.30799
egypt,2000,0.72765
libya,2000,0.2011
nigeria,2000,0.40336
other_africa,2000,0.22355
total_africa,2000,4.86364
australia,2000,1.12292
bangladesh,2000,0.32609
brunei,2000,0.39656
china,2000,0.9869
india,2000,0.91306
indonesia,2000,2.54464
malaysia,2000,1.78856
myanmar,2000,0.12026
pakistan,2000,0.64629
thailand,2000,0.75222
vietnam,2000,0.05558
other_asia_pacific,2000,0.33528
total_asia_pacific,2000,9.98837
total_world,2000,86.44203
canada,2001,6.45909
mexico,2001,1.19307
united_states,2001,19.14822
total_north_america,2001,26.80038
argentina,2001,1.30027
bolivia,2001,0.1637
brazil,2001,0.28346
colombia,2001,0.2138
peru,2001,0.01282
trinidad_tobago,2001,0.52974
venezuela,2001,1.18254
other_south_central_america,2001,0.13663
total_south_central_america,2001,3.82295
denmark,2001,0.31458
germany,2001,0.642
italy,2001,0.52649
netherlands,2001,2.3273
norway,2001,1.96585
poland,2001,0.1462
romania,2001,0.45135
ukraine,2001,0.58162
united_kingdom,2001,3.98929
other_europe,2001,0.39062
total_europe,2001,11.3353
azerbaijan,2001,0.18185
kazakhstan,2001,0.2963
russian_federation,2001,19.25125
turkmenistan,2001,1.6677
russia,2001,0
uzbekistan,2001,1.85274
other_cis,2001,0.01519
total_cis,2001,23.26503
bahrain,2001,0.34395
iran,2001,2.25379
iraq,2001,0.09439
israel,2001,0.00034
kuwait,2001,0.3249
oman,2001,0.55529
qatar,2001,1.00602
saudi_arabia,2001,1.8362
syria,2001,0.19815
united_arab_emirates,2001,1.38154
other_middle_east,2001,0.0079
total_middle_east,2001,8.00246
algeria,2001,3.11301
egypt,2001,0.87318
libya,2001,0.21136
nigeria,2001,0.54941
other_africa,2001,0.25133
total_africa,2001,4.99829
australia,2001,1.17509
bangladesh,2001,0.36516
brunei,2001,0.40003
china,2001,1.10043
india,2001,0.9154
indonesia,2001,2.47055
malaysia,2001,1.76486
myanmar,2001,0.24759
pakistan,2001,0.68236
thailand,2001,0.73168
vietnam,2001,0.06948
other_asia_pacific,2001,0.35513
total_asia_pacific,2001,10.27777
total_world,2001,88.50217
canada,2002,6.50601
mexico,2002,1.2142
united_states,2002,18.40424
total_north_america,2002,26.12445
argentina,2002,1.26421
bolivia,2002,0.20973
brazil,2002,0.34245
colombia,2002,0.21595
peru,2002,0.01532
trinidad_tobago,2002,0.62145
venezuela,2002,1.13548
other_south_central_america,2002,0.12724
total_south_central_america,2002,3.93183
denmark,2002,0.31525
germany,2002,0.64032
italy,2002,0.5051
netherlands,2002,2.2867
norway,2002,2.37504
poland,2002,0.14943
romania,2002,0.44376
ukraine,2002,0.63644
united_kingdom,2002,3.90551
other_europe,2002,0.3893
total_europe,2002,11.64686
azerbaijan,2002,0.16867
kazakhstan,2002,0.36008
russian_federation,2002,19.71143
turkmenistan,2002,1.73908
russia,2002,0
uzbekistan,2002,1.89847
other_cis,2002,0.01399
total_cis,2002,23.89172
bahrain,2002,0.35638
iran,2002,2.6801
iraq,2002,0.08071
israel,2002,0.00031
kuwait,2002,0.29788
oman,2002,0.59919
qatar,2002,1.09917
saudi_arabia,2002,1.93914
syria,2002,0.21919
united_arab_emirates,2002,1.52299
other_middle_east,2002,0.00718
total_middle_east,2002,8.80223
algeria,2002,3.2019
egypt,2002,0.94595
libya,2002,0.20178
nigeria,2002,0.61705
other_africa,2002,0.25087
total_africa,2002,5.21755
australia,2002,1.18804
bangladesh,2002,0.38416
brunei,2002,0.40221
china,2002,1.18505
india,2002,0.95596
indonesia,2002,2.72125
malaysia,2002,1.82117
myanmar,2002,0.29711
pakistan,2002,0.73978
thailand,2002,0.7648
vietnam,2002,0.08338
other_asia_pacific,2002,0.40424
total_asia_pacific,2002,10.94714
total_world,2002,90.56178
canada,2003,6.33769
mexico,2003,1.25425
united_states,2003,18.64281
total_north_america,2003,26.23476
argentina,2003,1.43681
bolivia,2003,0.24103
brazil,2003,0.37203
colombia,2003,0.207
peru,2003,0.01812
trinidad_tobago,2003,0.90667
venezuela,2003,1.00795
other_south_central_america,2003,0.11719
total_south_central_america,2003,4.30681
denmark,2003,0.29856
germany,2003,0.66656
italy,2003,0.4796
netherlands,2003,2.1858
norway,2003,2.64165
poland,2003,0.1512
romania,2003,0.43662
ukraine,2003,0.65869
united_kingdom,2003,3.88102
other_europe,2003,0.37351
total_europe,2003,11.77321
azerbaijan,2003,0.16814
kazakhstan,2003,0.42357
russian_federation,2003,20.54239
turkmenistan,2003,1.92307
russia,2003,0
uzbekistan,2003,1.91129
other_cis,2003,0.01429
total_cis,2003,24.98277
bahrain,2003,0.36279
iran,2003,2.81115
iraq,2003,0.05335
israel,2003,0.00028
kuwait,2003,0.342
oman,2003,0.66008
qatar,2003,1.16996
saudi_arabia,2003,2.05405
syria,2003,0.23242
united_arab_emirates,2003,1.57213
other_middle_east,2003,0.00812
total_middle_east,2003,9.26633
algeria,2003,3.37887
egypt,2003,1.04297
libya,2003,0.1881
nigeria,2003,0.77018
other_africa,2003,0.22213
total_africa,2003,5.60225
australia,2003,1.21483
bangladesh,2003,0.41322
brunei,2003,0.43363
china,2003,1.27046
india,2003,1.02337
indonesia,2003,2.84965
malaysia,2003,1.898
myanmar,2003,0.33955
pakistan,2003,0.91981
thailand,2003,0.79984
vietnam,2003,0.08244
other_asia_pacific,2003,0.39261
total_asia_pacific,2003,11.63741
total_world,2003,93.80353
canada,2004,6.36247
mexico,2004,1.33297
united_states,2004,18.11196
total_north_america,2004,25.8074
argentina,2004,1.57125
bolivia,2004,0.33912
brazil,2004,0.40917
colombia,2004,0.22085
peru,2004,0.0298
trinidad_tobago,2004,1.02883
venezuela,2004,1.13506
other_south_central_america,2004,0.12706
total_south_central_america,2004,4.86114
denmark,2004,0.35395
germany,2004,0.61681
italy,2004,0.44769
netherlands,2004,2.5782
norway,2004,2.87161
poland,2004,0.16436
romania,2004,0.43448
ukraine,2004,0.69719
united_kingdom,2004,3.63287
other_europe,2004,0.39056
total_europe,2004,12.18772
azerbaijan,2004,0.16382
kazakhstan,2004,0.59047
russian_federation,2004,20.97277
turkmenistan,2004,1.89535
russia,2004,0
uzbekistan,2004,1.93693
other_cis,2004,0.01405
total_cis,2004,25.57341
bahrain,2004,0.33372
iran,2004,3.27744
iraq,2004,0.0342
israel,2004,0.04075
kuwait,2004,0.37278
oman,2004,0.67167
qatar,2004,1.45947
saudi_arabia,2004,2.24626
syria,2004,0.21376
united_arab_emirates,2004,1.62478
other_middle_east,2004,0.00827
total_middle_east,2004,10.28311
algeria,2004,3.31398
egypt,2004,1.14345
libya,2004,0.27565
nigeria,2004,0.82419
other_africa,2004,0.33137
total_africa,2004,5.88864
australia,2004,1.29349
bangladesh,2004,0.44425
brunei,2004,0.42937
china,2004,1.5043
india,2004,1.01296
indonesia,2004,2.72501
malaysia,2004,2.16512
myanmar,2004,0.36077
pakistan,2004,1.10436
thailand,2004,0.83331
vietnam,2004,0.14452
other_asia_pacific,2004,0.38013
total_asia_pacific,2004,12.39759
total_world,2004,96.99901
canada,2005,6.44949
mexico,2005,1.59523
united_states,2005,17.61987
total_north_america,2005,25.66459
argentina,2005,1.59751
bolivia,2005,0.41838
brazil,2005,0.40469
colombia,2005,0.23207
peru,2005,0.05256
trinidad_tobago,2005,1.08037
venezuela,2005,1.09566
other_south_central_america,2005,0.1364
total_south_central_america,2005,5.01764
denmark,2005,0.39287
germany,2005,0.59554
italy,2005,0.41696
netherlands,2005,2.352
norway,2005,3.08415
poland,2005,0.16263
romania,2005,0.40617
ukraine,2005,0.70826
united_kingdom,2005,3.3242
other_europe,2005,0.3671
total_europe,2005,11.80989
azerbaijan,2005,0.20151
kazakhstan,2005,0.6834
russian_federation,2005,21.22107
turkmenistan,2005,2.04782
russia,2005,0
uzbekistan,2005,1.96639
other_cis,2005,0.01287
total_cis,2005,26.13305
bahrain,2005,0.36627
iran,2005,3.47805
iraq,2005,0.04959
israel,2005,0.05656
kuwait,2005,0.42066
oman,2005,0.75058
qatar,2005,1.70651
saudi_arabia,2005,2.43641
syria,2005,0.20697
united_arab_emirates,2005,1.67743
other_middle_east,2005,0.00681
total_middle_east,2005,11.15584
algeria,2005,3.05682
egypt,2005,1.47263
libya,2005,0.38646
nigeria,2005,0.82742
other_africa,2005,0.3788
total_africa,2005,6.12213
australia,2005,1.37647
bangladesh,2005,0.47748
brunei,2005,0.42154
china,2005,1.78949
india,2005,1.02644
indonesia,2005,2.74571
malaysia,2005,2.4372
myanmar,2005,0.43151
pakistan,2005,1.17397
thailand,2005,0.88264
vietnam,2005,0.22373
other_asia_pacific,2005,0.4067
total_asia_pacific,2005,13.39287
total_world,2005,99.29601
canada,2006,6.45831
mexico,2006,1.74428
united_states,2006,18.06207
total_north_america,2006,26.26465
argentina,2006,1.61396
bolivia,2006,0.44803
brazil,2006,0.41322
colombia,2006,0.24353
peru,2006,0.06151
trinidad_tobago,2006,1.28017
venezuela,2006,1.25802
other_south_central_america,2006,0.14659
total_south_central_america,2006,5.46503
denmark,2006,0.39035
germany,2006,0.58832
italy,2006,0.37924
netherlands,2006,2.3221
norway,2006,3.1761
poland,2006,0.16246
romania,2006,0.40019
ukraine,2006,0.71869
united_kingdom,2006,3.01494
other_europe,2006,0.38897
total_europe,2006,11.54136
azerbaijan,2006,0.23776
kazakhstan,2006,0.71465
russian_federation,2006,21.77212
turkmenistan,2006,2.03742
russia,2006,0
uzbekistan,2006,2.03742
other_cis,2006,0.01192
total_cis,2006,26.8113
bahrain,2006,0.38748
iran,2006,3.78998
iraq,2006,0.04959
israel,2006,0.07903
kuwait,2006,0.42442
oman,2006,0.87449
qatar,2006,1.88908
saudi_arabia,2006,2.51237
syria,2006,0.21206
united_arab_emirates,2006,1.71253
other_middle_east,2006,0.00706
total_middle_east,2006,11.93809
algeria,2006,2.92678
egypt,2006,1.89535
libya,2006,0.45127
nigeria,2006,0.96809
other_africa,2006,0.38769
total_africa,2006,6.62919
australia,2006,1.46456
bangladesh,2006,0.51708
brunei,2006,0.44122
china,2006,2.12449
india,2006,1.01473
indonesia,2006,2.7143
malaysia,2006,2.42877
myanmar,2006,0.44566
pakistan,2006,1.1995
thailand,2006,0.90613
vietnam,2006,0.24318
other_asia_pacific,2006,0.52321
total_asia_pacific,2006,14.02283
total_world,2006,102.67246
canada,2007,6.28845
mexico,2007,1.68691
united_states,2007,18.788
total_north_america,2007,26.76336
argentina,2007,1.5695
bolivia,2007,0.47989
brazil,2007,0.41608
colombia,2007,0.26128
peru,2007,0.09271
trinidad_tobago,2007,1.35732
venezuela,2007,1.3409
other_south_central_america,2007,0.14343
total_south_central_america,2007,5.6611
denmark,2007,0.34615
germany,2007,0.53891
italy,2007,0.33526
netherlands,2007,2.2321
norway,2007,3.21701
poland,2007,0.16315
romania,2007,0.38656
ukraine,2007,0.71903
united_kingdom,2007,2.71774
other_europe,2007,0.36004
total_europe,2007,11.01594
azerbaijan,2007,0.38079
kazakhstan,2007,0.81035
russian_federation,2007,21.65807
turkmenistan,2007,2.2176
russia,2007,0
uzbekistan,2007,2.12058
other_cis,2007,0.01082
total_cis,2007,27.19821
bahrain,2007,0.40315
iran,2007,4.24852
iraq,2007,0.16355
israel,2007,0.09423
kuwait,2007,0.38509
oman,2007,0.88583
qatar,2007,2.35483
saudi_arabia,2007,2.54516
syria,2007,0.20358
united_arab_emirates,2007,1.76518
other_middle_east,2007,0.00617
total_middle_east,2007,13.0553
algeria,2007,2.93926
egypt,2007,1.92966
libya,2007,0.52258
nigeria,2007,1.21083
other_africa,2007,0.44204
total_africa,2007,7.04436
australia,2007,1.53904
bangladesh,2007,0.55211
brunei,2007,0.43011
china,2007,2.51225
india,2007,1.04272
indonesia,2007,2.61285
malaysia,2007,2.43463
myanmar,2007,0.4782
pakistan,2007,1.21681
thailand,2007,0.96851
vietnam,2007,0.24596
other_asia_pacific,2007,0.62081
total_asia_pacific,2007,14.65402
total_world,2007,105.39229
canada,2008,5.9937
mexico,2008,1.7003
united_states,2008,19.65843
total_north_america,2008,27.35243
argentina,2008,1.54254
bolivia,2008,0.49651
brazil,2008,0.51754
colombia,2008,0.31388
peru,2008,0.12593
trinidad_tobago,2008,1.34638
venezuela,2008,1.20324
other_south_central_america,2008,0.13789
total_south_central_america,2008,5.68391
denmark,2008,0.37764
germany,2008,0.49086
italy,2008,0.31735
netherlands,2008,2.5527
norway,2008,3.49387
poland,2008,0.15449
romania,2008,0.3765
ukraine,2008,0.73061
united_kingdom,2008,2.61974
other_europe,2008,0.34003
total_europe,2008,11.45379
azerbaijan,2008,0.57429
kazakhstan,2008,0.90429
russian_federation,2008,22.01231
turkmenistan,2008,2.2176
russia,2008,0
uzbekistan,2008,2.19681
other_cis,2008,0.01095
total_cis,2008,27.91625
bahrain,2008,0.43263
iran,2008,4.44843
iraq,2008,0.23247
israel,2008,0.11741
kuwait,2008,0.43434
oman,2008,0.86891
qatar,2008,2.86831
saudi_arabia,2008,2.75105
syria,2008,0.20019
united_arab_emirates,2008,1.76342
other_middle_east,2008,0.00578
total_middle_east,2008,14.12295
algeria,2008,2.97363
egypt,2008,2.04331
libya,2008,0.54378
nigeria,2008,1.18005
other_africa,2008,0.56191
total_africa,2008,7.30268
australia,2008,1.50058
bangladesh,2008,0.58955
brunei,2008,0.4266
china,2008,2.91354
india,2008,1.05811
indonesia,2008,2.69388
malaysia,2008,2.49138
myanmar,2008,0.43859
pakistan,2008,1.24587
thailand,2008,1.07273
vietnam,2008,0.26052
other_asia_pacific,2008,0.65446
total_asia_pacific,2008,15.34581
total_world,2008,109.17781
canada,2009,5.58183
mexico,2009,1.89299
united_states,2009,20.07297
total_north_america,2009,27.54779
argentina,2009,1.45084
bolivia,2009,0.42774
brazil,2009,0.44197
colombia,2009,0.36403
peru,2009,0.12909
trinidad_tobago,2009,1.3881
venezuela,2009,1.14465
other_south_central_america,2009,0.13682
total_south_central_america,2009,5.48323
denmark,2009,0.31524
germany,2009,0.45886
italy,2009,0.27477
netherlands,2009,2.358
norway,2009,3.58304
poland,2009,0.15407
romania,2009,0.37423
ukraine,2009,0.73215
united_kingdom,2009,2.20341
other_europe,2009,0.33305
total_europe,2009,10.78682
azerbaijan,2009,0.57381
kazakhstan,2009,0.93649
russian_federation,2009,19.30283
turkmenistan,2009,1.19958
russia,2009,0
uzbekistan,2009,2.10326
other_cis,2009,0.01108
total_cis,2009,24.12706
bahrain,2009,0.43681
iran,2009,4.88648
iraq,2009,0.2467
israel,2009,0.09123
kuwait,2009,0.39292
oman,2009,0.8609
qatar,2009,3.32732
saudi_arabia,2009,2.68299
syria,2009,0.22088
united_arab_emirates,2009,1.71428
other_middle_east,2009,0.03438
total_middle_east,2009,14.89489
algeria,2009,2.75641
egypt,2009,2.17221
libya,2009,0.54378
nigeria,2009,0.83491
other_africa,2009,0.57941
total_africa,2009,6.88671
australia,2009,1.68111
bangladesh,2009,0.67488
brunei,2009,0.40063
china,2009,3.09383
india,2009,1.3014
indonesia,2009,2.94864
malaysia,2009,2.38196
myanmar,2009,0.40869
pakistan,2009,1.24926
thailand,2009,1.05803
vietnam,2009,0.27827
other_asia_pacific,2009,0.66561
total_asia_pacific,2009,16.14231
total_world,2009,105.86881
canada,2010,5.38528
mexico,2010,1.8424
united_states,2010,20.70567
total_north_america,2010,27.93335
argentina,2010,1.40389
bolivia,2010,0.49372
brazil,2010,0.54074
colombia,2010,0.39036
peru,2010,0.26334
trinidad_tobago,2010,1.45055
venezuela,2010,1.09626
other_south_central_america,2010,0.13637
total_south_central_america,2010,5.77523
denmark,2010,0.30729
germany,2010,0.40046
italy,2010,0.28824
netherlands,2010,2.7096
norway,2010,3.76429
poland,2010,0.15462
romania,2010,0.36084
ukraine,2010,0.69941
united_kingdom,2010,2.08443
other_europe,2010,0.33655
total_europe,2010,11.10574
azerbaijan,2010,0.58611
kazakhstan,2010,0.98089
russian_federation,2010,21.54192
turkmenistan,2010,1.4446
russia,2010,0
uzbekistan,2010,2.05717
other_cis,2010,0.01185
total_cis,2010,26.62255
bahrain,2010,0.44743
iran,2010,5.18077
iraq,2010,0.25687
israel,2010,0.1107
kuwait,2010,0.40127
oman,2010,0.92512
qatar,2010,4.43201
saudi_arabia,2010,2.99797
syria,2010,0.30333
united_arab_emirates,2010,1.8
other_middle_east,2010,0.23039
total_middle_east,2010,17.08586
algeria,2010,2.78628
egypt,2010,2.12474
libya,2010,0.57504
nigeria,2010,1.11264
other_africa,2010,0.65409
total_africa,2010,7.25278
australia,2010,1.89452
bangladesh,2010,0.69313
brunei,2010,0.43111
china,2010,3.4756
india,2010,1.70745
indonesia,2010,2.9947
malaysia,2010,2.34295
myanmar,2010,0.43948
pakistan,2010,1.27254
thailand,2010,1.21374
vietnam,2010,0.32663
other_asia_pacific,2010,0.64284
total_asia_pacific,2010,17.43471
total_world,2010,113.21022
canada,2011,5.43857
mexico,2011,1.87556
united_states,2011,22.22491
total_north_america,2011,29.53904
argentina,2011,1.35784
bolivia,2011,0.54122
brazil,2011,0.62017
colombia,2011,0.37965
peru,2011,0.4133
trinidad_tobago,2011,1.39267
venezuela,2011,1.08851
other_south_central_america,2011,0.11359
total_south_central_america,2011,5.90696
denmark,2011,0.24686
germany,2011,0.37676
italy,2011,0.28972
netherlands,2011,2.5019
norway,2011,3.61096
poland,2011,0.16118
romania,2011,0.36286
ukraine,2011,0.7036
united_kingdom,2011,1.65897
other_europe,2011,0.33299
total_europe,2011,10.2458
azerbaijan,2011,0.57517
kazakhstan,2011,1.03226
russian_federation,2011,22.2058
turkmenistan,2011,2.02721
russia,2011,0
uzbekistan,2011,2.03915
other_cis,2011,0.01228
total_cis,2011,27.89187
bahrain,2011,0.45447
iran,2011,5.43551
iraq,2011,0.22687
israel,2011,0.14555
kuwait,2011,0.46283
oman,2011,0.9766
qatar,2011,5.41281
saudi_arabia,2011,3.15529
syria,2011,0.26703
united_arab_emirates,2011,1.83601
other_middle_east,2011,0.34433
total_middle_east,2011,18.7173
algeria,2011,2.86556
egypt,2011,2.12916
libya,2011,0.26864
nigeria,2011,1.31133
other_africa,2011,0.64522
total_africa,2011,7.21991
australia,2011,1.96025
bangladesh,2011,0.70496
brunei,2011,0.44924
china,2011,3.82196
india,2011,1.5456
indonesia,2011,3.21962
malaysia,2011,2.41024
myanmar,2011,0.4518
pakistan,2011,1.27223
thailand,2011,1.21694
vietnam,2011,0.2946
other_asia_pacific,2011,0.63813
total_asia_pacific,2011,17.98557
total_world,2011,117.50644
canada,2012,5.41099
mexico,2012,1.83061
united_states,2012,23.36849
total_north_america,2012,30.61009
argentina,2012,1.32088
bolivia,2012,0.60694
brazil,2012,0.71398
colombia,2012,0.41492
peru,2012,0.43049
trinidad_tobago,2012,1.38717
venezuela,2012,1.14857
other_south_central_america,2012,0.10749
total_south_central_america,2012,6.13045
denmark,2012,0.21568
germany,2012,0.34061
italy,2012,0.29505
netherlands,2012,2.4625
norway,2012,4.08559
poland,2012,0.16357
romania,2012,0.36353
ukraine,2012,0.69814
united_kingdom,2012,1.41093
other_europe,2012,0.30135
total_europe,2012,10.33695
azerbaijan,2012,0.60613
kazakhstan,2012,1.0447
russian_federation,2012,21.66678
turkmenistan,2012,2.12261
russia,2012,0
uzbekistan,2012,2.03499
other_cis,2012,0.01189
total_cis,2012,27.4871
bahrain,2012,0.46987
iran,2012,5.64969
iraq,2012,0.22829
israel,2012,0.08517
kuwait,2012,0.53061
oman,2012,1.01959
qatar,2012,5.85167
saudi_arabia,2012,3.39709
syria,2012,0.21885
united_arab_emirates,2012,1.90593
other_middle_east,2012,0.27882
total_middle_east,2012,19.63557
algeria,2012,2.82398
egypt,2012,2.10953
libya,2012,0.41724
nigeria,2012,1.40977
other_africa,2012,0.67871
total_africa,2012,7.43923
australia,2012,2.09829
bangladesh,2012,0.76811
brunei,2012,0.44105
china,2012,4.01321
india,2012,1.34164
indonesia,2012,3.39268
malaysia,2012,2.49303
myanmar,2012,0.4504
pakistan,2012,1.3175
thailand,2012,1.38419
vietnam,2012,0.32499
other_asia_pacific,2012,0.63666
total_asia_pacific,2012,18.66174
total_world,2012,120.30114
canada,2013,5.46913
mexico,2013,1.88957
united_states,2013,23.60494
total_north_america,2013,30.96364
argentina,2013,1.24401
bolivia,2013,0.70471
brazil,2013,0.79019
colombia,2013,0.47605
peru,2013,0.44637
trinidad_tobago,2013,1.3949
venezuela,2013,1.10126
other_south_central_america,2013,0.09837
total_south_central_america,2013,6.25585
denmark,2013,0.17905
germany,2013,0.30975
italy,2013,0.26523
netherlands,2013,2.6066
norway,2013,3.87204
poland,2013,0.16007
romania,2013,0.36007
ukraine,2013,0.72571
united_kingdom,2013,1.33129
other_europe,2013,0.25765
total_europe,2013,10.06745
azerbaijan,2013,0.62908
kazakhstan,2013,1.09604
russian_federation,2013,22.12186
turkmenistan,2013,2.12261
russia,2013,0
uzbekistan,2013,2.01247
other_cis,2013,0.01223
total_cis,2013,27.9943
bahrain,2013,0.50248
iran,2013,5.67101
iraq,2013,0.25462
israel,2013,0.21828
kuwait,2013,0.55784
oman,2013,1.10829
qatar,2013,6.04401
saudi_arabia,2013,3.42103
syria,2013,0.17983
united_arab_emirates,2013,1.91646
other_middle_east,2013,0.37696
total_middle_east,2013,20.25081
algeria,2013,2.8562
egypt,2013,1.94273
libya,2013,0.43776
nigeria,2013,1.19158
other_africa,2013,0.73536
total_africa,2013,7.16363
australia,2013,2.18076
bangladesh,2013,0.7903
brunei,2013,0.42845
china,2013,4.38519
india,2013,1.11827
indonesia,2013,2.97822
malaysia,2013,2.61319
myanmar,2013,0.46299
pakistan,2013,1.28109
thailand,2013,1.40165
vietnam,2013,0.33875
other_asia_pacific,2013,0.65622
total_asia_pacific,2013,18.63508
total_world,2013,121.33076
canada,2014,5.7237
mexico,2014,1.84679
united_states,2014,25.37015
total_north_america,2014,32.94064
argentina,2014,1.24149
bolivia,2014,0.73534
brazil,2014,0.84052
colombia,2014,0.44398
peru,2014,0.47258
trinidad_tobago,2014,1.37042
venezuela,2014,1.14437
other_south_central_america,2014,0.09445
total_south_central_america,2014,6.34315
denmark,2014,0.17282
germany,2014,0.29098
italy,2014,0.24514
netherlands,2014,2.1739
norway,2014,3.83296
poland,2014,0.15601
romania,2014,0.36699
ukraine,2014,0.72789
united_kingdom,2014,1.34753
other_europe,2014,0.22795
total_europe,2014,9.54219
azerbaijan,2014,0.66183
kazakhstan,2014,1.17985
russian_federation,2014,21.28159
turkmenistan,2014,2.28615
russia,2014,0
uzbekistan,2014,2.02668
other_cis,2014,0.01193
total_cis,2014,27.44802
bahrain,2014,0.52907
iran,2014,6.31622
iraq,2014,0.27111
israel,2014,0.25728
kuwait,2014,0.51398
oman,2014,1.05657
qatar,2014,6.09931
saudi_arabia,2014,3.5014
syria,2014,0.16626
united_arab_emirates,2014,1.90399
other_middle_east,2014,0.3551
total_middle_east,2014,20.97028
algeria,2014,2.88621
egypt,2014,1.6906
libya,2014,0.42579
nigeria,2014,1.43937
other_africa,2014,0.74018
total_africa,2014,7.18214
australia,2014,2.34988
bangladesh,2014,0.8288
brunei,2014,0.45677
china,2014,4.72251
india,2014,1.05679
indonesia,2014,3.13758
malaysia,2014,2.59827
myanmar,2014,0.59555
pakistan,2014,1.25952
thailand,2014,1.40731
vietnam,2014,0.3547
other_asia_pacific,2014,0.83124
total_asia_pacific,2014,19.59893
total_world,2014,124.02536
canada,2015,5.7872
mexico,2015,1.72609
united_states,2015,26.65092
total_north_america,2015,34.16421
argentina,2015,1.27768
bolivia,2015,0.72337
brazil,2015,0.85696
colombia,2015,0.41797
peru,2015,0.45564
trinidad_tobago,2015,1.29441
venezuela,2015,1.29834
other_south_central_america,2015,0.10424
total_south_central_america,2015,6.42862
denmark,2015,0.17257
germany,2015,0.27088
italy,2015,0.23219
netherlands,2015,1.6516
norway,2015,4.13892
poland,2015,0.1542
romania,2015,0.36782
ukraine,2015,0.67801
united_kingdom,2015,1.4638
other_europe,2015,0.21876
total_europe,2015,9.34875
azerbaijan,2015,0.67623
kazakhstan,2015,0.97716
russian_federation,2015,21.03982
turkmenistan,2015,2.37133
russia,2015,0
uzbekistan,2015,1.93
other_cis,2015,0.01208
total_cis,2015,27.00662
bahrain,2015,0.52504
iran,2015,6.60772
iraq,2015,0.26284
israel,2015,0.28321
kuwait,2015,0.57829
oman,2015,1.1069
qatar,2015,6.33112
saudi_arabia,2015,3.57219
syria,2015,0.1459
united_arab_emirates,2015,2.10955
other_middle_east,2015,0.10706
total_middle_east,2015,21.62982
algeria,2015,2.9308
egypt,2015,1.53326
libya,2015,0.46456
nigeria,2015,1.71235
other_africa,2015,0.78198
total_africa,2015,7.42296
australia,2015,2.67472
bangladesh,2015,0.93075
brunei,2015,0.47849
china,2015,4.88408
india,2015,1.01314
indonesia,2015,3.11932
malaysia,2015,2.76646
myanmar,2015,0.6918
pakistan,2015,1.26171
thailand,2015,1.34918
vietnam,2015,0.37033
other_asia_pacific,2015,1.00607
total_asia_pacific,2015,20.54604
total_world,2015,126.54702
canada,2016,5.94131
mexico,2016,1.65346
united_states,2016,26.18482
total_north_america,2016,33.77959
argentina,2016,1.34216
bolivia,2016,0.68038
brazil,2016,0.86845
colombia,2016,0.43172
peru,2016,0.50466
trinidad_tobago,2016,1.12614
venezuela,2016,1.34059
other_south_central_america,2016,0.1126
total_south_central_america,2016,6.40671
denmark,2016,0.1692
germany,2016,0.24923
italy,2016,0.19835
netherlands,2016,1.5946
norway,2016,4.13069
poland,2016,0.14875
romania,2016,0.3259
ukraine,2016,0.68482
united_kingdom,2016,1.50258
other_europe,2016,0.31242
total_europe,2016,9.31655
azerbaijan,2016,0.65799
kazakhstan,2016,1.11345
russian_federation,2016,21.21391
turkmenistan,2016,2.27593
russia,2016,0
uzbekistan,2016,1.91246
other_cis,2016,0.0115
total_cis,2016,27.18525
bahrain,2016,0.51989
iran,2016,7.17631
iraq,2016,0.35624
israel,2016,0.31809
kuwait,2016,0.59135
oman,2016,1.13319
qatar,2016,6.29167
saudi_arabia,2016,3.79141
syria,2016,0.12724
united_arab_emirates,2016,2.14275
other_middle_east,2016,0.02165
total_middle_east,2016,22.46979
algeria,2016,3.29012
egypt,2016,1.44906
libya,2016,0.45772
nigeria,2016,1.53493
other_africa,2016,0.82027
total_africa,2016,7.55211
australia,2016,3.38687
bangladesh,2016,0.95223
brunei,2016,0.46594
china,2016,4.9659
india,2016,0.95696
indonesia,2016,3.07
malaysia,2016,2.76104
myanmar,2016,0.65808
pakistan,2016,1.24843
thailand,2016,1.34185
vietnam,2016,0.36859
other_asia_pacific,2016,1.04351
total_asia_pacific,2016,21.21942
total_world,2016,127.92941
canada,2017,6.16567
mexico,2017,1.50886
united_states,2017,26.89586
total_north_america,2017,34.57039
argentina,2017,1.3374
bolivia,2017,0.66937
brazil,2017,0.97853
colombia,2017,0.42309
peru,2017,0.46839
trinidad_tobago,2017,1.14743
venezuela,2017,1.38979
other_south_central_america,2017,0.11297
total_south_central_america,2017,6.52696
denmark,2017,0.1818
germany,2017,0.22954
italy,2017,0.18983
netherlands,2017,1.3654
norway,2017,4.40698
poland,2017,0.14544
romania,2017,0.36041
ukraine,2017,0.69845
united_kingdom,2017,1.50785
other_europe,2017,0.32345
total_europe,2017,9.40916
azerbaijan,2017,0.63931
kazakhstan,2017,1.30961
russian_federation,2017,22.88019
turkmenistan,2017,2.11239
russia,2017,0
uzbekistan,2017,1.92984
other_cis,2017,0.01081
total_cis,2017,28.88216
bahrain,2017,0.52079
iran,2017,7.6986
iraq,2017,0.36424
israel,2017,0.33622
kuwait,2017,0.58488
oman,2017,1.16364
qatar,2017,6.13929
saudi_arabia,2017,3.93301
syria,2017,0.12554
united_arab_emirates,2017,1.89841
other_middle_east,2017,0.00418
total_middle_east,2017,22.76881
algeria,2017,3.34716
egypt,2017,1.75721
libya,2017,0.51046
nigeria,2017,1.6994
other_africa,2017,0.97046
total_africa,2017,8.28469
australia,2017,3.97061
bangladesh,2017,0.95734
brunei,2017,0.46278
china,2017,5.37118
india,2017,0.99696
indonesia,2017,2.99486
malaysia,2017,2.86499
myanmar,2017,0.64076
pakistan,2017,1.24745
thailand,2017,1.29407
vietnam,2017,0.34274
other_asia_pacific,2017,1.05004
total_asia_pacific,2017,22.19379
total_world,2017,132.63595
canada,2018,6.36397
mexico,2018,1.43226
united_states,2018,30.2737
total_north_america,2018,38.06993
argentina,2018,1.41924
bolivia,2018,0.62393
brazil,2018,0.90584
colombia,2018,0.44555
peru,2018,0.46121
trinidad_tobago,2018,1.2226
venezuela,2018,1.13829
other_south_central_america,2018,0.11083
total_south_central_america,2018,6.32749
denmark,2018,0.15454
germany,2018,0.1995
italy,2018,0.18681
netherlands,2018,1.1694
norway,2018,4.31934
poland,2018,0.14333
romania,2018,0.35848
ukraine,2018,0.70867
united_kingdom,2018,1.4599
other_europe,2018,0.30408
total_europe,2018,9.00404
azerbaijan,2018,0.6753
kazakhstan,2018,1.41042
russian_federation,2018,24.08781
turkmenistan,2018,2.2146
russia,2018,0
uzbekistan,2018,2.09827
other_cis,2018,0.01117
total_cis,2018,30.49758
bahrain,2018,0.52731
iran,2018,7.92451
iraq,2018,0.38065
israel,2018,0.35777
kuwait,2018,0.60663
oman,2018,1.30798
qatar,2018,6.3073
saudi_arabia,2018,4.0356
syria,2018,0.12486
united_arab_emirates,2018,1.6716
other_middle_east,2018,0.00398
total_middle_east,2018,23.2482
algeria,2018,3.37838
egypt,2018,2.10812
libya,2018,0.50326
nigeria,2018,1.7377
other_africa,2018,1.00667
total_africa,2018,8.73414
australia,2018,4.58647
bangladesh,2018,0.95694
brunei,2018,0.45235
china,2018,5.81108
india,2018,0.98969
indonesia,2018,2.98725
malaysia,2018,2.74028
myanmar,2018,0.61098
pakistan,2018,1.2312
thailand,2018,1.25021
vietnam,2018,0.34775
other_asia_pacific,2018,0.96877
total_asia_pacific,2018,22.93298
total_world,2018,138.81436
canada,2019,6.10657
mexico,2019,1.38911
united_states,2019,33.412
total_north_america,2019,40.90767
argentina,2019,1.49815
bolivia,2019,0.54342
brazil,2019,0.92687
colombia,2019,0.45426
peru,2019,0.48585
trinidad_tobago,2019,1.24419
venezuela,2019,0.92074
other_south_central_america,2019,0.1171
total_south_central_america,2019,6.19058
denmark,2019,0.11529
germany,2019,0.19191
italy,2019,0.16636
netherlands,2019,0.9988
norway,2019,4.07671
poland,2019,0.14347
romania,2019,0.34641
ukraine,2019,0.69845
united_kingdom,2019,1.41447
other_europe,2019,0.26659
total_europe,2019,8.41847
azerbaijan,2019,0.86178
kazakhstan,2019,1.20586
russian_federation,2019,24.44497
turkmenistan,2019,2.27387
russia,2019,0
uzbekistan,2019,2.0685
other_cis,2019,0.0114
total_cis,2019,30.86637
bahrain,2019,0.58557
iran,2019,8.2193
iraq,2019,0.39481
israel,2019,0.35862
kuwait,2019,0.47716
oman,2019,1.32085
qatar,2019,6.37749
saudi_arabia,2019,4.0014
syria,2019,0.11977
united_arab_emirates,2019,1.93389
other_middle_east,2019,0.00445
total_middle_east,2019,23.79332
algeria,2019,3.13028
egypt,2019,2.3378
libya,2019,0.57771
nigeria,2019,1.77405
other_africa,2019,1.02083
total_africa,2019,8.84067
australia,2019,5.25969
bangladesh,2019,0.91024
brunei,2019,0.46728
china,2019,6.36269
india,2019,0.9686
indonesia,2019,2.72069
malaysia,2019,2.78931
myanmar,2019,0.66535
pakistan,2019,1.17696
thailand,2019,1.28782
vietnam,2019,0.35435
other_asia_pacific,2019,1.03152
total_asia_pacific,2019,23.9945
total_world,2019,143.01158
canada,2020,5.96207
mexico,2020,1.30016
united_states,2020,33.29327
total_north_america,2020,40.55549
argentina,2020,1.37853
bolivia,2020,0.52893
brazil,2020,0.87251
colombia,2020,0.44838
peru,2020,0.47544
trinidad_tobago,2020,1.06075
venezuela,2020,0.7762
other_south_central_america,2020,0.09752
total_south_central_america,2020,5.63827
denmark,2020,0.04967
germany,2020,0.16317
italy,2020,0.14084
netherlands,2020,0.7233
norway,2020,3.97193
poland,2020,0.14144
romania,2020,0.30947
ukraine,2020,0.68823
united_kingdom,2020,1.42457
other_europe,2020,0.22621
total_europe,2020,7.83881
azerbaijan,2020,0.93113
kazakhstan,2020,1.10211
russian_federation,2020,22.98408
turkmenistan,2020,2.37653
russia,2020,0
uzbekistan,2020,1.69564
other_cis,2020,0.01137
total_cis,2020,29.10087
bahrain,2020,0.58931
iran,2020,8.48792
iraq,2020,0.25219
israel,2020,0.5281
kuwait,2020,0.4406
oman,2020,1.32949
qatar,2020,6.29765
saudi_arabia,2020,4.0698
syria,2020,0.10518
united_arab_emirates,2020,1.93276
other_middle_east,2020,0.00629
total_middle_east,2020,24.03931
algeria,2020,2.93129
egypt,2020,2.10475
libya,2020,0.45719
nigeria,2020,1.77952
other_africa,2020,1.07598
total_africa,2020,8.34873
australia,2020,5.24579
bangladesh,2020,0.85431
brunei,2020,0.45507
china,2020,6.98433
india,2020,0.85538
indonesia,2020,2.3918
malaysia,2020,2.63134
myanmar,2020,0.63025
pakistan,2020,1.10118
thailand,2020,1.17726
vietnam,2020,0.31822
other_asia_pacific,2020,1.04437
total_asia_pacific,2020,23.6893
total_world,2020,139.21076
canada,2021,6.20457
mexico,2021,1.23616
united_states,2021,34.00041
total_north_america,2021,41.44115
argentina,2021,1.38991
bolivia,2021,0.54539
brazil,2021,0.87598
colombia,2021,0.45239
peru,2021,0.44763
trinidad_tobago,2021,0.89003
venezuela,2021,1.01013
other_south_central_america,2021,0.09357
total_south_central_america,2021,5.70501
denmark,2021,0.05278
germany,2021,0.16333
italy,2021,0.11463
netherlands,2021,0.6488
norway,2021,4.07721
poland,2021,0.13983
romania,2021,0.31088
ukraine,2021,0.6746
united_kingdom,2021,1.18031
other_europe,2021,0.19358
total_europe,2021,7.55595
azerbaijan,2021,1.1451
kazakhstan,2021,0.96104
russian_federation,2021,25.27621
turkmenistan,2021,2.85421
russia,2021,0
uzbekistan,2021,1.83308
other_cis,2021,0.01187
total_cis,2021,32.0815
bahrain,2021,0.59835
iran,2021,8.74256
iraq,2021,0.32785
israel,2021,0.65979
kuwait,2021,0.4353
oman,2021,1.44907
qatar,2021,6.37129
saudi_arabia,2021,4.12058
syria,2021,0.11197
united_arab_emirates,2021,1.91241
other_middle_east,2021,0.00755
total_middle_east,2021,24.73672
algeria,2021,3.63953
egypt,2021,2.44078
libya,2021,0.54939
nigeria,2021,1.88787
other_africa,2021,1.08259
total_africa,2021,9.60017
australia,2021,5.32534
bangladesh,2021,0.85
brunei,2021,0.41525
china,2021,7.53166
india,2021,1.0274
indonesia,2021,2.3957
malaysia,2021,2.84321
myanmar,2021,0.61825
pakistan,2021,1.17581
thailand,2021,1.13493
vietnam,2021,0.25916
other_asia_pacific,2021,0.97947
total_asia_pacific,2021,24.55618
total_world,2021,145.67668
canada,2022,6.65353
mexico,2022,1.29991
united_states,2022,35.66522
total_north_america,2022,43.61866
argentina,2022,1.49949
bolivia,2022,0.48955
brazil,2022,0.8281
colombia,2022,0.44756
peru,2022,0.53839
trinidad_tobago,2022,0.93528
venezuela,2022,1.046
other_south_central_america,2022,0.10176
total_south_central_america,2022,5.88612
denmark,2022,0.05301
germany,2022,0.15326
italy,2022,0.11369
netherlands,2022,0.5393
norway,2022,4.42594
poland,2022,0.13696
romania,2022,0.31502
ukraine,2022,0.63167
united_kingdom,2022,1.37226
other_europe,2022,0.18494
total_europe,2022,7.92604
azerbaijan,2022,1.22883
kazakhstan,2022,0.99362
russian_federation,2022,22.26126
turkmenistan,2022,2.81765
russia,2022,0
uzbekistan,2022,1.76072
other_cis,2022,0.01059
total_cis,2022,29.07268
bahrain,2022,0.56767
iran,2022,8.91741
iraq,2022,0.33441
israel,2022,0.75043
kuwait,2022,0.4748
oman,2022,1.516
qatar,2022,6.42522
saudi_arabia,2022,4.203
syria,2022,0.09161
united_arab_emirates,2022,1.95066
other_middle_east,2022,0.00636
total_middle_east,2022,25.23756
algeria,2022,3.51476
egypt,2022,2.32157
libya,2022,0.52415
nigeria,2022,1.6963
other_africa,2022,1.17484
total_africa,2022,9.23162
australia,2022,5.55261
bangladesh,2022,0.81045
brunei,2022,0.38135
china,2022,7.98629
india,2022,1.07287
indonesia,2022,2.35797
malaysia,2022,2.9881
myanmar,2022,0.60644
pakistan,2022,1.03062
thailand,2022,0.91237
vietnam,2022,0.2807
other_asia_pacific,2022,0.86039
total_asia_pacific,2022,24.84016
total_world,2022,145.81283
canada,2023,6.83374
mexico,2023,1.38718
united_states,2023,37.18836
total_north_america,2023,45.40929
argentina,2023,1.49736
bolivia,2023,0.42506
brazil,2023,0.84322
colombia,2023,0.4342
peru,2023,0.5553
trinidad_tobago,2023,0.89977
venezuela,2023,1.0686
other_south_central_america,2023,0.10521
total_south_central_america,2023,5.82873
denmark,2023,0.04864
germany,2023,0.13702
italy,2023,0.10247
netherlands,2023,0.3547
norway,2023,4.18029
poland,2023,0.1322
romania,2023,0.32038
ukraine,2023,0.63712
united_kingdom,2023,1.24163
other_europe,2023,0.18592
total_europe,2023,7.34038
azerbaijan,2023,1.28011
kazakhstan,2023,1.0633
russian_federation,2023,21.10976
turkmenistan,2023,2.74674
russia,2023,0
uzbekistan,2023,1.59146
other_cis,2023,0.01023
total_cis,2023,27.80161
bahrain,2023,0.56726
iran,2023,9.35055
iraq,2023,0.37493
israel,2023,0.71294
kuwait,2023,0.5317
oman,2023,1.5535
qatar,2023,6.51516
saudi_arabia,2023,4.22477
syria,2023,0.09358
united_arab_emirates,2023,1.98968
other_middle_east,2023,0.00714
total_middle_east,2023,25.92119
algeria,2023,3.65495
egypt,2023,2.05561
libya,2023,0.53397
nigeria,2023,1.59663
other_africa,2023,1.29014
total_africa,2023,9.1313
australia,2023,5.4256
bangladesh,2023,0.75972
brunei,2023,0.35935
china,2023,8.4333
india,2023,1.13708
indonesia,2023,2.45318
malaysia,2023,2.80823
myanmar,2023,0.54542
pakistan,2023,0.99873
thailand,2023,0.92419
vietnam,2023,0.25941
other_asia_pacific,2023,0.77515
total_asia_pacific,2023,24.87936
total_world,2023,146.31185
canada,2024,6.98972
mexico,2024,1.2875
united_states,2024,37.18816
total_north_america,2024,45.46539
argentina,2024,1.58808
bolivia,2024,0.42863
brazil,2024,0.82219
colombia,2024,0.39944
peru,2024,0.57458
trinidad_tobago,2024,0.87885
venezuela,2024,1.14232
other_south_central_america,2024,0.11049
total_south_central_america,2024,5.94458
denmark,2024,0.0663
germany,2024,0.13177
italy,2024,0.1008
netherlands,2024,0.2904
norway,2024,4.0752
poland,2024,0.12893
romania,2024,0.32341
ukraine,2024,0.65143
united_kingdom,2024,1.10587
other_europe,2024,0.23719
total_europe,2024,7.1113
azerbaijan,2024,1.35936
kazakhstan,2024,1.07026
russian_federation,2024,22.6751
turkmenistan,2024,2.64468
russia,2024,0
uzbekistan,2024,1.51948
other_cis,2024,0.01058
total_cis,2024,29.27945
bahrain,2024,0.59659
iran,2024,9.46496
iraq,2024,0.42928
israel,2024,0.7714
kuwait,2024,0.53706
oman,2024,1.63154
qatar,2024,6.46022
saudi_arabia,2024,4.37337
syria,2024,0.09803
united_arab_emirates,2024,2.21047
other_middle_east,2024,0.01111
total_middle_east,2024,26.58401
algeria,2024,3.40991
egypt,2024,1.71069
libya,2024,0.51333
nigeria,2024,1.68645
other_africa,2024,1.3039
total_africa,2024,8.62428
australia,2024,5.40505
bangladesh,2024,0.7101
brunei,2024,0.37316
china,2024,8.94203
india,2024,1.16473
indonesia,2024,2.56999
malaysia,2024,2.8932
myanmar,2024,0.53167
pakistan,2024,0.9392
thailand,2024,1.02757
vietnam,2024,0.21956
other_asia_pacific,2024,0.695
total_asia_pacific,2024,25.47125
total_world,2024,148.48026
